# Blender 4.3.2
# www.blender.org
mtllib xarm-s6.mtl
o Servo_5
v 28.528854 -12.762485 46.066696
v 28.362974 -12.762485 45.989349
v 28.213049 -12.762485 45.884369
v 28.083628 -12.762485 45.754944
v 27.901299 -12.762486 45.439140
v 27.853928 -12.762486 45.262352
v 27.837975 -12.762486 45.080017
v 27.853928 -12.762486 44.897690
v 28.213049 -12.762485 44.275673
v 28.705645 -12.762485 44.045975
v 28.528839 12.737515 46.066696
v 28.213034 12.737515 45.884369
v 28.083612 12.737515 45.754944
v 27.978634 12.737515 45.605019
v 27.853912 12.737514 45.262352
v 27.837959 12.737514 45.080017
v 27.853912 12.737514 44.897690
v 27.901283 12.737515 44.720901
v 27.978634 12.737515 44.555023
v 28.083612 12.737515 44.405090
v 28.362959 12.737515 44.170692
v 28.705629 12.737515 44.045975
v 28.705645 -12.762484 27.914068
v 28.528854 -12.762484 27.866697
v 28.362974 -12.762484 27.789343
v 28.213049 -12.762484 27.684362
v 28.083628 -12.762484 27.554945
v 27.978649 -12.762484 27.405020
v 27.901299 -12.762484 27.239141
v 27.853928 -12.762484 27.062346
v 27.837975 -12.762484 26.880018
v 27.901299 -12.762484 26.520895
v 27.978649 -12.762484 26.355017
v 28.083628 -12.762484 26.205091
v 28.213049 -12.762484 26.075674
v 28.528854 -12.762484 25.893339
v 28.887960 12.737517 27.930025
v 28.705629 12.737516 27.914072
v 28.528839 12.737516 27.866701
v 28.362959 12.737516 27.789347
v 27.978634 12.737516 27.405024
v 27.853912 12.737516 27.062349
v 27.978634 12.737516 26.355021
v 28.083612 12.737516 26.205095
v -11.494354 -12.762509 27.914068
v -11.671145 -12.762509 27.866697
v -11.837024 -12.762509 27.789343
v -12.116370 -12.762509 27.554945
v -12.221351 -12.762510 27.405020
v -12.298701 -12.762510 27.239141
v -12.298701 -12.762510 26.520895
v -12.221351 -12.762509 26.355017
v -12.116370 -12.762509 26.205091
v -11.986951 -12.762509 26.075674
v -11.837024 -12.762509 25.970694
v -11.494371 12.737491 27.914072
v -11.671163 12.737491 27.866701
v -11.837041 12.737491 27.789347
v -12.116387 12.737491 27.554949
v -12.298718 12.737490 26.520899
v -12.116387 12.737491 26.205095
v -11.837041 12.737491 25.970697
v -11.671163 12.737491 25.893343
v -11.494371 12.737491 25.845972
v -11.671145 -12.762511 46.066696
v -12.116370 -12.762511 45.754944
v -12.221351 -12.762511 45.605019
v -12.298701 -12.762511 45.439140
v -12.346072 -12.762511 45.262352
v -12.362024 -12.762511 45.080017
v -12.346072 -12.762511 44.897690
v -12.298701 -12.762511 44.720901
v -12.221351 -12.762511 44.555023
v -12.116370 -12.762511 44.405090
v -11.986951 -12.762511 44.275673
v -11.837024 -12.762511 44.170692
v -11.671145 -12.762510 44.093346
v -11.837041 12.737489 45.989349
v -11.986968 12.737489 45.884369
v -12.116387 12.737489 45.754944
v -1.659071 14.237496 30.859018
v -0.783537 14.237497 31.093622
v 0.037958 14.237498 31.476686
v 2.324360 14.237499 34.201515
v 1.941291 14.237498 38.580017
v 0.037958 14.237497 40.483353
v -2.562041 14.210701 30.880022
v -1.693801 14.037497 40.904060
v -0.062042 14.037498 40.310150
v 0.651897 14.037498 39.810242
v 1.268181 14.037498 39.193962
v 1.768086 14.037498 38.480019
v 2.136422 14.037498 37.690125
v 2.361997 14.037499 36.848259
v 2.437959 14.037499 35.980019
v 2.361997 14.037499 35.111778
v 2.136422 14.037499 34.269920
v 0.651897 14.037498 32.149796
v -0.062042 14.037498 31.649897
v -1.693801 14.037497 31.055986
v -2.562041 14.210700 41.080017
v -2.562041 14.137495 41.006813
v -1.676436 14.210701 41.002541
v -1.689148 14.137496 40.930450
v -0.817739 14.210701 40.772453
v -0.842776 14.137496 40.703659
v -0.012042 14.210702 40.396751
v -0.048644 14.137497 40.333351
v 0.716175 14.210702 39.886848
v 0.669120 14.137497 39.830772
v 1.344785 14.210703 39.258240
v 1.288707 14.137498 39.211182
v 1.854688 14.210703 38.530022
v 1.791291 14.137498 38.493416
v 2.230391 14.210704 37.724319
v 2.161601 14.137498 37.699287
v 2.460478 14.210704 36.865623
v 2.388385 14.137499 36.852913
v 2.537958 14.210704 35.980019
v 2.464753 14.137499 35.980019
v 2.460478 14.210704 35.094414
v 2.388385 14.137499 35.107124
v 2.230391 14.210704 34.235718
v 2.161601 14.137499 34.260757
v 1.854688 14.210704 33.430023
v 1.791291 14.137499 33.466621
v 1.344785 14.210703 32.701805
v 1.288707 14.137498 32.748856
v 0.716175 14.210703 32.073196
v 0.669120 14.137498 32.129272
v -0.012042 14.210702 31.563295
v -0.048644 14.137497 31.626688
v -0.817739 14.210702 31.187593
v -0.842776 14.137497 31.256380
v -1.676436 14.210701 30.957506
v -1.689148 14.137496 31.029596
v 4.458911 14.237501 29.254084
v 3.833131 14.237500 29.050394
v 3.551857 14.237500 28.877680
v 3.301120 14.237500 28.663027
v 4.787959 14.214665 29.165216
v 4.787959 14.052306 29.002855
v 3.330092 13.937500 28.235781
v 3.513526 13.937500 28.451174
v 4.230845 13.937501 28.891634
v 4.505918 13.937501 28.957788
v 3.104311 14.149632 28.034060
v 3.180098 14.214664 28.344400
v 3.258926 14.149632 28.287317
v 3.311597 14.052305 28.249178
v 3.382404 14.214664 28.581957
v 3.451314 14.149632 28.513224
v 3.497357 14.052305 28.467302
v 3.619434 14.214664 28.784876
v 3.676722 14.149632 28.706194
v 3.715001 14.052305 28.653620
v 3.885330 14.214664 28.948145
v 3.929583 14.149632 28.861460
v 3.959152 14.052305 28.803537
v 4.173525 14.214665 29.067736
v 4.203649 14.149633 28.975191
v 4.223777 14.052306 28.913355
v 4.476900 14.214665 29.140696
v 4.492150 14.149633 29.044573
v 4.502340 14.052306 28.980341
v 25.161058 14.149646 42.882256
v 25.161058 14.214678 42.784935
v 25.097235 14.115961 42.902687
v 25.097235 14.049690 42.940948
v 25.097235 13.975775 42.960754
v -2.562040 11.961495 37.480019
v -2.562040 11.961496 34.480019
v -2.822513 11.961495 34.502808
v -3.526222 11.961495 34.830956
v -3.711107 11.961495 35.015839
v -3.861079 11.961495 35.230019
v -4.039252 11.961494 35.719551
v -3.861079 11.961494 36.730019
v -3.711107 11.961495 36.944199
v -3.312040 11.961495 37.279060
v -3.075071 11.961495 37.389557
v -2.822513 11.961495 37.457230
v -2.822511 9.361495 34.502808
v -3.526220 9.361495 34.830956
v -3.711105 9.361495 35.015839
v -4.039250 9.361494 35.719551
v -4.062039 9.361494 35.980019
v -3.711105 9.361495 36.944199
v -3.126397 12.987495 32.779396
v -3.673606 12.987495 32.926018
v -5.376624 12.987494 34.355019
v -5.616043 12.987494 34.868454
v -5.812042 12.987494 35.980019
v -5.762667 12.987494 36.544380
v -5.616043 12.987494 37.091583
v -5.051686 12.987494 38.069077
v -3.126397 12.987495 39.180649
v -3.673606 11.961495 32.926018
v -4.651100 11.961494 33.490379
v -5.376623 11.961494 34.355019
v -5.616042 11.961493 34.868454
v -5.762666 11.961493 36.544380
v -5.616042 11.961493 37.091583
v -5.051685 11.961494 38.069077
v -3.126397 11.961495 39.180649
v -2.562041 14.037496 40.980019
v -3.430282 14.037496 31.055986
v -4.272142 14.037496 31.281557
v -7.486080 14.037493 35.111778
v -7.562042 14.037493 35.980019
v -7.260505 14.037493 37.690125
v -6.392264 14.037494 39.193962
v -5.775979 14.037494 39.810242
v -5.062042 14.037494 40.310150
v -3.430282 14.037495 40.904060
v -2.562040 12.987496 30.980021
v -4.272141 12.987495 31.281557
v -6.892168 12.987494 33.480019
v -7.562042 12.987493 35.980019
v -6.892168 12.987493 38.480019
v -6.392263 12.987494 39.193962
v -5.775979 12.987494 39.810242
v -5.062042 12.987494 40.310150
v -4.272141 12.987494 40.678482
v 25.036331 13.937513 42.942970
v 24.544353 12.737513 42.798378
v 24.795519 12.737514 42.853065
v 24.795517 13.937513 42.853065
v 24.544352 13.937512 42.798378
v 0.009128 -14.862503 39.044197
v 0.902079 -14.862502 37.980019
v 1.377208 -14.862502 36.674614
v 1.437977 -14.862502 35.980019
v 1.196748 -14.862502 34.611938
v 0.902079 -14.862502 33.980019
v 0.009128 -14.862503 32.915840
v -0.562023 -14.862503 32.515923
v -2.562022 -14.977310 39.957184
v -2.562022 -15.139668 39.794823
v -2.562022 -15.162504 32.280022
v -1.919524 -15.162504 32.336235
v -1.296548 -15.162503 32.503159
v -0.712022 -15.162503 32.775726
v 0.914840 -15.162502 34.714546
v 0.914840 -15.162502 37.245499
v 0.642271 -15.162503 37.830017
v 0.272342 -15.162503 38.358337
v -0.183708 -15.162503 38.814384
v -1.296548 -15.162504 39.456886
v -2.562022 -14.977309 32.002853
v -2.562022 -15.074636 32.067886
v -1.871395 -14.977309 32.063278
v -1.882688 -15.074636 32.127319
v -1.899589 -15.139668 32.223167
v -1.201752 -14.977308 32.242706
v -1.223995 -15.074635 32.303818
v -1.257282 -15.139667 32.395279
v -0.573441 -14.977308 32.535698
v -0.605957 -15.074635 32.592018
v -0.654620 -15.139667 32.676300
v -0.005551 -14.977308 32.933334
v -0.047353 -15.074635 32.983154
v -0.109913 -15.139667 33.057709
v 0.484662 -14.977307 33.423546
v 0.434844 -15.074634 33.465347
v 0.360288 -15.139666 33.527908
v 0.882302 -14.977307 33.991440
v 0.825983 -15.074634 34.023956
v 0.741696 -15.139666 34.072617
v 1.175289 -14.977307 34.619751
v 1.114179 -15.074634 34.641991
v 1.022722 -15.139666 34.675278
v 1.354719 -14.977307 35.289391
v 1.290675 -15.074634 35.300682
v 1.194827 -15.139666 35.317589
v 1.415141 -14.977307 35.980019
v 1.350110 -15.074634 35.980019
v 1.252782 -15.139666 35.980019
v 1.354719 -14.977307 36.670647
v 1.290675 -15.074634 36.659355
v 1.194827 -15.139666 36.642456
v 1.175289 -14.977307 37.340294
v 1.114179 -15.074634 37.318047
v 1.022722 -15.139666 37.284760
v 0.882302 -14.977307 37.968605
v 0.825983 -15.074634 37.936089
v 0.741696 -15.139666 37.887421
v 0.484662 -14.977308 38.536491
v 0.434844 -15.074635 38.494690
v 0.360288 -15.139667 38.432129
v -0.005551 -14.977308 39.026703
v -0.047353 -15.074635 38.976891
v -0.109913 -15.139667 38.902328
v -0.573441 -14.977309 39.424347
v -0.605957 -15.074636 39.368027
v -0.654620 -15.139668 39.283737
v -1.201752 -14.977309 39.717331
v -1.223995 -15.074636 39.656219
v -1.257282 -15.139668 39.564766
v -1.871395 -14.977309 39.896759
v -1.882688 -15.074636 39.832718
v -1.899589 -15.139668 39.736870
v -2.562020 -18.062504 34.680023
v -3.006647 -18.062504 34.758423
v -3.687853 -18.062506 35.330017
v -3.783621 -18.062506 35.535393
v -3.842271 -18.062506 35.754280
v -3.783621 -18.062506 36.424644
v -3.687853 -18.062506 36.630020
v -3.557878 -18.062506 36.815643
v -3.006647 -18.062504 37.201622
v -3.062020 -17.762506 36.846046
v -3.428046 -17.762506 36.480019
v -3.546828 -17.762506 36.153671
v -3.562020 -17.762506 35.980019
v -3.501713 -17.762506 35.638000
v -3.428046 -17.762506 35.480019
v -3.328065 -17.762506 35.337234
v -2.735669 -17.762505 34.995216
v -0.263887 -17.762505 37.908386
v 0.257057 -17.762503 37.006081
v 0.392403 -17.762503 36.500961
v 0.437979 -17.762503 35.980019
v -1.535960 -17.762505 33.160942
v -2.562020 -17.762505 32.980019
v -2.562020 -18.062504 38.680023
v -1.212021 -18.062504 33.641754
v -0.223752 -18.062502 34.630020
v -0.024850 -18.062502 35.056564
v 0.096960 -18.062502 35.511169
v -0.024850 -18.062502 36.903473
v -0.826494 -18.062504 38.048340
v -1.638566 -18.062504 38.517189
v -2.093170 -18.062504 38.639000
v -2.562020 -17.877308 33.002853
v -2.562020 -18.039667 33.165215
v -2.045041 -17.877308 33.048088
v -2.056334 -17.974636 33.112129
v -2.073235 -18.039667 33.207977
v -1.543770 -17.877308 33.182404
v -1.566013 -17.974636 33.243515
v -1.599301 -18.039667 33.334969
v -1.073439 -17.877308 33.401718
v -1.105954 -17.974636 33.458038
v -1.154618 -18.039667 33.542328
v -0.648337 -17.877308 33.699379
v -0.690138 -17.974636 33.749199
v -0.752699 -18.039667 33.823753
v -0.281381 -17.877306 34.066338
v -0.331198 -17.974634 34.108139
v -0.405755 -18.039665 34.170700
v 0.016279 -17.877306 34.491440
v -0.040040 -17.974634 34.523956
v -0.124328 -18.039665 34.572617
v 0.235598 -17.877306 34.961769
v 0.174488 -17.974634 34.984016
v 0.083031 -18.039665 35.017303
v 0.369914 -17.877306 35.463043
v 0.305870 -17.974634 35.474335
v 0.210021 -18.039665 35.491234
v 0.415143 -17.877306 35.980019
v 0.350112 -17.974634 35.980019
v 0.252785 -18.039665 35.980019
v 0.369914 -17.877306 36.497002
v 0.305870 -17.974634 36.485710
v 0.210021 -18.039665 36.468803
v 0.235598 -17.877306 36.998268
v 0.174488 -17.974634 36.976028
v 0.083031 -18.039665 36.942741
v 0.016279 -17.877306 37.468605
v -0.040040 -17.974634 37.436089
v -0.124328 -18.039667 37.387421
v -0.281381 -17.877308 37.893707
v -0.331198 -17.974636 37.851906
v -0.405755 -18.039667 37.789345
v -0.648337 -17.877308 38.260658
v -0.690138 -17.974636 38.210846
v -0.752699 -18.039667 38.136284
v -1.073439 -17.877308 38.558319
v -1.105954 -17.974636 38.501999
v -1.154618 -18.039667 38.417709
v -1.543770 -17.877308 38.777641
v -1.566013 -17.974636 38.716530
v -1.599301 -18.039667 38.625069
v -2.045041 -17.877308 38.911957
v -2.056334 -17.974636 38.847908
v -2.073235 -18.039667 38.752060
v -2.735669 -17.762505 36.964828
v -2.904041 -17.762505 36.919716
v -3.204808 -17.762506 36.746063
v -3.328065 -17.762506 36.622810
v -3.501713 -17.762506 36.322044
v -3.546828 -17.762506 35.806374
v -3.204808 -17.762505 35.213974
v -3.062020 -17.762505 35.113998
v -2.904041 -17.762505 35.040329
v -2.562023 -13.562505 36.980019
v -2.904044 -13.562505 36.919716
v -3.204811 -13.562505 36.746063
v -3.328068 -13.562505 36.622810
v -3.428049 -13.562505 36.480019
v -3.562023 -13.562505 35.980019
v -3.546831 -13.562505 35.806374
v -3.501716 -13.562505 35.638000
v -3.428049 -13.562505 35.480019
v -3.328068 -13.562505 35.337234
v -2.735672 -13.562505 34.995216
v -2.041076 -17.762505 38.934441
v -1.535960 -17.762505 38.799095
v -1.062021 -17.762505 38.578094
v -0.633658 -17.762505 38.278152
v 0.036056 -17.762503 37.480019
v 0.392403 -17.762503 35.459076
v 0.257057 -17.762503 34.953957
v 0.036056 -17.762503 34.480019
v -0.263887 -17.762503 34.051659
v -0.633658 -17.762505 33.681885
v -1.062021 -17.762505 33.381943
v -2.041076 -17.762505 33.025597
v -2.041078 -15.162504 33.025597
v -0.263889 -15.162503 34.051659
v 0.036054 -15.162503 34.480019
v 0.257055 -15.162503 34.953957
v 0.392401 -15.162503 35.459076
v 0.392401 -15.162503 36.500961
v -0.263889 -15.162503 37.908386
v -1.062023 -15.162504 38.578094
v -1.867430 -14.862504 39.919250
v -1.193942 -14.862504 39.738792
v -0.562023 -14.862504 39.444122
v 0.502155 -14.862503 38.551170
v 1.196748 -14.862502 37.348099
v 1.377208 -14.862502 35.285431
v 0.502155 -14.862502 33.408867
v -1.193942 -14.862503 32.221252
v -1.867430 -14.862504 32.040787
v -1.867431 -14.162504 32.040787
v -1.193943 -14.162503 32.221252
v 0.009127 -14.162503 32.915840
v 0.902078 -14.162502 33.980019
v 1.377207 -14.162502 36.674614
v 1.196747 -14.162502 37.348099
v 0.902078 -14.162502 37.980019
v -0.562024 -14.162504 39.444122
v -1.867431 -14.162504 39.919250
v -12.724073 12.737490 25.017992
v -12.724073 12.737489 46.942055
v 30.299992 12.737516 46.942055
v 28.705629 12.737515 46.114067
v 28.362959 12.737515 45.989349
v 27.901283 12.737514 45.439140
v 28.213034 12.737515 44.275673
v 28.528839 12.737515 44.093346
v 28.887960 12.737515 44.030022
v 29.070290 12.737515 44.045975
v 29.247082 12.737515 44.093346
v 29.412960 12.737516 44.170692
v 29.562887 12.737516 44.275673
v 29.692307 12.737516 44.405090
v 29.797287 12.737516 44.555023
v 29.937960 12.737516 45.080017
v 29.797287 12.737516 45.605019
v 29.562887 12.737516 45.884369
v 29.070290 12.737515 46.114067
v 28.213034 12.737516 27.684366
v 28.083612 12.737516 27.554949
v 27.901283 12.737516 27.239145
v 27.837959 12.737516 26.880022
v 27.853912 12.737516 26.697695
v 27.901283 12.737516 26.520899
v 28.213034 12.737516 26.075678
v 28.362959 12.737516 25.970697
v 28.528839 12.737516 25.893343
v 28.705629 12.737517 25.845972
v 29.070290 12.737517 25.845972
v 29.412960 12.737517 25.970697
v 29.692307 12.737517 26.205095
v 29.874638 12.737517 26.520899
v 29.937960 12.737517 26.880022
v 29.797287 12.737517 27.405024
v 29.562887 12.737517 27.684366
v 29.412960 12.737517 27.789347
v -11.986968 12.737491 27.684366
v -12.221368 12.737490 27.405024
v -12.298718 12.737490 27.239145
v -12.346089 12.737490 27.062349
v -12.362041 12.737490 26.880022
v -12.346089 12.737490 26.697695
v -12.221368 12.737491 26.355021
v -11.986968 12.737491 26.075678
v -11.312041 12.737491 25.830019
v -10.787041 12.737492 25.970697
v -10.507694 12.737492 26.205095
v -10.402715 12.737492 26.355021
v -10.277993 12.737492 26.697695
v -10.637115 12.737492 27.684366
v -10.952920 12.737491 27.866701
v -11.494371 12.737489 46.114067
v -11.671163 12.737489 46.066696
v -12.221368 12.737489 45.605019
v -12.298718 12.737489 45.439140
v -12.346089 12.737489 45.262352
v -12.362041 12.737489 45.080017
v -12.346089 12.737489 44.897690
v -12.298718 12.737489 44.720901
v -12.221368 12.737489 44.555023
v -12.116387 12.737489 44.405090
v -11.986968 12.737489 44.275673
v -11.837041 12.737489 44.170692
v -11.671163 12.737490 44.093346
v -11.494371 12.737490 44.045975
v -11.312041 12.737490 44.030022
v -10.402715 12.737490 44.555023
v -10.277993 12.737490 44.897690
v -10.277993 12.737490 45.262352
v -10.952920 12.737490 46.066696
v -11.129710 12.737490 46.114067
v 26.987328 12.737515 30.551821
v 26.414116 12.737515 30.199472
v 25.908072 12.737514 29.756037
v 24.788435 12.737514 27.853449
v 6.784832 12.737502 27.830019
v 6.393244 12.737502 27.994310
v 5.793954 12.737502 28.672663
v 5.527842 12.737501 28.820932
v 5.240539 12.737501 28.922197
v 4.635645 12.737501 28.973566
v 3.781965 12.737500 28.672663
v 3.072333 12.737500 27.874506
v -7.106861 12.737494 27.830019
v -7.212515 12.737494 27.853449
v -7.907594 12.737493 29.234049
v -8.332152 12.737493 29.756037
v -9.411409 12.737492 30.551821
v -10.162528 12.737492 30.892687
v -10.212041 12.737492 31.042040
v -10.035570 12.737491 41.156944
v -8.838197 12.737492 41.760567
v -8.332152 12.737492 42.204010
v -7.348342 12.737492 43.944725
v -7.212515 12.737493 44.106598
v -7.106861 12.737493 44.130020
v 22.326456 12.737512 44.130020
v 22.606670 12.737512 43.937164
v 22.741714 12.737512 43.658539
v 22.922510 12.737512 43.407181
v 23.398766 12.737513 43.014984
v 23.680130 12.737513 42.885750
v 23.979481 12.737513 42.806648
v 26.154547 12.737514 41.969185
v 27.611488 12.737515 41.156944
v 16.377935 -13.862493 44.080025
v 24.833746 -14.162485 28.312925
v 25.082245 -14.162485 28.881781
v 25.409666 -14.162485 29.407919
v 26.272066 -14.162484 30.292875
v 26.793194 -14.162484 30.635252
v 25.812218 -14.162486 42.075073
v 25.083532 -14.162486 43.075897
v 24.833742 -14.162486 43.647125
v 29.070305 -12.762485 44.045975
v 29.562902 -12.762484 44.275673
v 29.797302 -12.762484 44.555023
v 29.874653 -12.762484 44.720901
v 29.922024 -12.762484 44.897690
v 29.937975 -12.762484 45.080017
v 29.562902 -12.762484 45.884369
v 29.412975 -12.762485 45.989349
v 29.070305 -12.762485 46.114067
v 28.705645 -12.762485 46.114067
v 27.978649 -12.762485 45.605019
v 27.901299 -12.762485 44.720901
v 27.978649 -12.762485 44.555023
v 28.083628 -12.762485 44.405090
v 28.362974 -12.762485 44.170692
v 28.528854 -12.762485 44.093346
v 29.797302 -12.762483 26.355017
v 29.874653 -12.762483 26.520895
v 29.922024 -12.762483 26.697691
v 29.937975 -12.762483 26.880018
v 29.922024 -12.762483 27.062346
v 29.797302 -12.762483 27.405020
v 29.412975 -12.762483 27.789343
v 28.887976 -12.762483 27.930021
v 27.853928 -12.762484 26.697691
v 28.362974 -12.762484 25.970694
v 28.705645 -12.762483 25.845968
v -11.312024 -12.762509 25.830015
v -11.129693 -12.762509 25.845968
v -10.787024 -12.762508 25.970694
v -10.507677 -12.762508 26.205091
v -10.402698 -12.762508 26.355017
v -10.325347 -12.762508 26.520895
v -10.277976 -12.762508 26.697691
v -10.262025 -12.762508 26.880018
v -10.325347 -12.762508 27.239141
v -10.402698 -12.762508 27.405020
v -10.507677 -12.762508 27.554945
v -10.637097 -12.762508 27.684362
v -10.787024 -12.762509 27.789343
v -10.952903 -12.762509 27.866697
v -11.129693 -12.762509 27.914068
v -11.312024 -12.762509 27.930021
v -11.986951 -12.762509 27.684362
v -12.346072 -12.762510 27.062346
v -12.362024 -12.762510 26.880018
v -12.346072 -12.762510 26.697691
v -11.671145 -12.762509 25.893339
v -11.494354 -12.762509 25.845968
v -11.129693 -12.762510 44.045975
v -10.952903 -12.762510 44.093346
v -10.787024 -12.762510 44.170692
v -10.637097 -12.762510 44.275673
v -10.325347 -12.762510 44.720901
v -10.277976 -12.762510 44.897690
v -10.262025 -12.762510 45.080017
v -10.277976 -12.762510 45.262352
v -10.325347 -12.762510 45.439140
v -10.637097 -12.762510 45.884369
v -11.129693 -12.762510 46.114067
v -11.494354 -12.762511 46.114067
v -11.837024 -12.762511 45.989349
v -11.986951 -12.762511 45.884369
v -11.494354 -12.762510 44.045975
v 13.235420 -12.762494 43.780022
v 13.235420 -12.762493 28.180021
v 13.402727 -12.762494 43.971771
v 13.531743 -12.762494 44.022026
v 13.743044 -12.762494 44.066261
v 13.959910 -12.762494 44.080017
v 24.645817 -12.762487 44.080025
v 24.934134 -12.762486 43.988411
v 27.466129 -12.762486 41.341255
v 26.942268 -12.762486 41.585052
v 26.026257 -12.762486 42.285278
v 25.653339 -12.762486 42.726799
v 25.347832 -12.762486 43.217850
v 27.596790 -12.762485 41.267967
v 27.787979 -12.762484 31.085508
v 27.765923 -12.762484 30.937330
v 25.347925 -12.762486 28.742445
v 26.458838 -12.762485 30.058035
v 24.797754 -12.762486 27.902922
v 13.959910 -12.762493 27.880018
v 6.416043 -12.762499 44.080017
v -7.069867 -12.762507 44.080025
v 6.936144 -12.762497 27.971167
v 6.416042 -12.762498 27.880018
v -7.069867 -12.762506 27.880011
v -7.468428 -12.762506 28.077345
v -7.220870 -12.762506 27.902922
v -9.890178 -12.762508 30.618788
v -7.827439 -12.762507 28.844114
v -10.020839 -12.762508 30.692068
v -10.021709 -12.762509 41.267632
v -10.189971 -12.762509 41.022705
v -9.266010 -12.762509 41.642891
v -7.221803 -12.762507 44.057121
v -7.358194 -12.762508 43.988403
v -7.468738 -12.762508 43.881821
v -13.224072 12.237488 46.942055
v -13.224072 12.237490 25.017990
v -12.724057 -12.262511 47.442055
v 30.800007 -12.262482 25.017990
v -12.724057 -12.262510 24.517990
v -12.724072 12.237490 24.517990
v 24.645817 -12.762486 27.880011
v 24.934145 -12.762486 27.971640
v 25.044687 -12.762486 28.078222
v 25.116598 -12.762486 28.212965
v 24.645819 -13.862486 27.880011
v 25.653656 -12.762486 29.233641
v 26.026272 -12.762486 29.674772
v 26.942513 -12.762485 30.375082
v 26.941631 -13.862485 30.374525
v 26.457270 -13.862485 30.056837
v 25.349085 -13.862486 28.744482
v 27.466141 -12.762485 30.618788
v 27.597652 -12.762485 30.692404
v 27.699745 -12.762485 30.802023
v 27.765259 -13.862484 30.937574
v 27.699724 -13.862485 30.801992
v 27.787979 -12.762485 40.874542
v 27.765919 -12.762485 41.023628
v 27.699739 -12.762485 41.158020
v 26.458445 -12.762486 41.902328
v 25.654499 -13.862487 42.725204
v 25.116592 -12.762486 43.747101
v 25.044365 -12.762486 43.882713
v 24.796814 -12.762487 44.057121
v 25.116592 -13.862487 43.747101
v 24.796659 -13.862488 44.056381
v 24.934164 -13.862487 43.988388
v 25.043758 -13.862487 43.882500
v 12.987971 -7.762495 44.580017
v 12.987975 -12.762495 44.580017
v 6.987975 -12.762497 27.380018
v 12.987971 -7.762494 27.380020
v 12.987975 -12.762493 27.380018
v 6.987972 -7.762499 44.580017
v 6.987975 -12.762499 44.580017
v 6.987972 -7.762497 27.380020
v -7.069866 -13.862508 44.080025
v -7.358166 -13.862509 43.988419
v -7.540648 -12.762508 43.747078
v -7.827440 -12.762508 43.115921
v -8.218902 -12.762508 42.543762
v -8.703275 -12.762508 42.047783
v -8.703275 -13.862509 42.047783
v -8.218902 -13.862509 42.543762
v -7.827439 -13.862509 43.115921
v -9.890203 -12.762509 41.341248
v -10.123798 -12.762509 41.158005
v -10.212029 -12.762509 40.874535
v -10.021186 -13.862510 41.267311
v -10.212029 -13.862509 31.085501
v -10.212029 -12.762508 31.085501
v -10.189967 -12.762508 30.936407
v -10.123789 -12.762508 30.802015
v -10.020376 -13.862509 30.692602
v -10.189486 -13.862509 30.936789
v -9.265992 -12.762508 30.317137
v -8.703264 -12.762507 29.912245
v -8.218895 -12.762507 29.416273
v -7.540650 -12.762506 28.212965
v -7.540649 -13.862507 28.212965
v -7.827438 -13.862508 28.844114
v -9.265992 -13.862509 30.317137
v -7.358195 -12.762506 27.971640
v -7.220712 -13.862507 27.903654
v -7.358223 -13.862507 27.971655
v -7.467820 -13.862507 28.077551
v -7.069866 -14.162507 28.180014
v 3.998017 -14.162501 43.780022
v -7.069866 -14.162508 43.780022
v -7.986914 -14.162509 42.353546
v -9.112556 -14.162510 41.385109
v -9.783566 -14.162510 41.060837
v -9.912027 -14.162509 31.085501
v -9.783539 -14.162509 30.899191
v -3.256616 -14.162505 39.919250
v -3.930104 -14.162506 39.738792
v -4.562024 -14.162506 39.444122
v -6.501255 -14.162507 36.674614
v -6.501255 -14.162507 35.285431
v -6.320794 -14.162507 34.611938
v -5.133174 -14.162506 32.915840
v -3.930104 -14.162505 32.221252
v -3.256616 -14.162505 32.040787
v -0.562024 -14.162503 32.515923
v 0.502154 -14.162502 33.408867
v 1.196747 -14.162502 34.611938
v 1.377207 -14.162502 35.285431
v 1.437976 -14.162502 35.980019
v 0.502154 -14.162503 38.551170
v 0.009127 -14.162503 39.044197
v -1.193943 -14.162504 39.738792
v -2.562023 -14.162504 31.980017
v -3.930103 -14.862505 32.221252
v -4.562024 -14.862506 32.515923
v -5.133173 -14.862506 32.915840
v -5.626201 -14.862506 33.408867
v -6.026124 -14.862507 33.980019
v -6.320794 -14.862507 34.611938
v -6.501255 -14.862507 35.285431
v -6.562024 -14.862507 35.980019
v -6.320794 -14.862507 37.348099
v -6.026124 -14.862507 37.980019
v -5.133173 -14.862507 39.044197
v -3.930103 -14.862506 39.738792
v -2.562022 -14.862505 39.980019
v -2.562023 -14.162505 39.980019
v -5.133174 -14.162507 39.044197
v -5.626201 -14.162507 38.551170
v -6.026125 -14.162507 37.980019
v -6.320794 -14.162507 37.348099
v -6.562024 -14.162507 35.980019
v -6.026125 -14.162507 33.980019
v -5.626201 -14.162506 33.408867
v -4.562024 -14.162506 32.515923
v -0.183708 -15.162503 33.145653
v 0.272342 -15.162502 33.601707
v 0.642271 -15.162502 34.130020
v 1.081766 -15.162502 35.337524
v 1.137977 -15.162502 35.980019
v 1.081766 -15.162502 36.622520
v -0.712022 -15.162504 39.184311
v -1.919524 -15.162504 39.623810
v -2.562022 -15.162505 39.680023
v -3.204521 -15.162505 39.623810
v -3.827497 -15.162506 39.456886
v -4.412023 -15.162506 39.184311
v -4.940337 -15.162506 38.814384
v -5.766316 -15.162507 37.830017
v -6.038885 -15.162507 37.245499
v -6.262023 -15.162507 35.980019
v -6.205811 -15.162507 35.337524
v -6.038885 -15.162507 34.714546
v -5.396387 -15.162506 33.601707
v -2.562022 -15.162505 38.980019
v -3.082967 -15.162505 38.934441
v -5.160099 -15.162506 37.480019
v -5.516446 -15.162507 36.500961
v -5.562023 -15.162507 35.980019
v -5.381100 -15.162506 34.953957
v -4.490386 -15.162506 33.681885
v -2.562022 -15.162504 32.980019
v -1.535962 -15.162504 33.160942
v -1.062023 -15.162503 33.381943
v -0.633660 -15.162503 33.681885
v 0.437977 -15.162503 35.980019
v 0.257055 -15.162503 37.006081
v 0.036054 -15.162503 37.480019
v -0.633660 -15.162503 38.278152
v -1.535962 -15.162504 38.799095
v -2.041078 -15.162504 38.934441
v -3.588081 -17.762506 33.160942
v -4.062022 -17.762506 33.381943
v -4.490385 -17.762506 33.681885
v -4.860155 -17.762506 34.051659
v -5.160098 -17.762506 34.480019
v -5.562022 -17.762506 35.980019
v -5.516445 -17.762506 36.500961
v -4.860155 -17.762506 37.908386
v -4.490385 -17.762506 38.278152
v -4.062022 -17.762506 38.578094
v -3.588081 -17.762506 38.799095
v -2.562020 -17.762505 38.980019
v -3.588083 -15.162506 38.799095
v -4.062023 -15.162506 38.578094
v -4.490386 -15.162506 38.278152
v -4.860156 -15.162506 37.908386
v -5.381100 -15.162507 37.006081
v -5.516446 -15.162507 35.459076
v -5.160099 -15.162506 34.480019
v -4.860156 -15.162506 34.051659
v -4.062023 -15.162505 33.381943
v -3.588083 -15.162505 33.160942
v -3.082967 -15.162505 33.025597
v -2.093170 -18.062504 33.321037
v -1.638566 -18.062504 33.442848
v -0.826494 -18.062504 33.911697
v -0.493701 -18.062504 34.244492
v 0.137979 -18.062502 35.980019
v 0.096960 -18.062502 36.448868
v -0.223752 -18.062504 37.330017
v -0.493701 -18.062504 37.715546
v -1.212021 -18.062504 38.318291
v -3.030871 -18.062506 38.639000
v -3.912021 -18.062506 38.318291
v -4.297547 -18.062506 38.048340
v -4.900289 -18.062506 37.330017
v -5.099191 -18.062506 36.903473
v -5.221002 -18.062506 36.448868
v -4.630340 -18.062506 34.244492
v -4.297547 -18.062506 33.911697
v -3.912021 -18.062506 33.641754
v -3.030871 -18.062504 33.321037
v -2.787763 -18.062504 34.699768
v -3.212021 -18.062504 34.854187
v -3.397644 -18.062506 34.984161
v -3.557878 -18.062506 35.144394
v -3.862020 -18.062506 35.980019
v -3.842271 -18.062506 36.205765
v -3.397644 -18.062506 36.975876
v -3.212021 -18.062506 37.105850
v -2.787763 -18.062504 37.260269
v -2.336278 -18.062504 37.260269
v -1.912020 -18.062504 37.105850
v -1.726397 -18.062504 36.975876
v -1.262021 -18.062504 35.980019
v -1.281770 -18.062504 35.754280
v -1.726397 -18.062504 34.984161
v -2.562020 -17.762505 34.980019
v -2.062020 -17.762505 35.113998
v -1.919233 -17.762505 35.213974
v -1.795976 -17.762505 35.337234
v -1.622328 -17.762505 36.322044
v -1.695995 -17.762505 36.480019
v -1.795976 -17.762505 36.622810
v -2.562023 -13.562505 34.980019
v -2.220003 -13.562504 35.040329
v -2.062023 -13.562504 35.113998
v -1.795979 -13.562504 35.337234
v -1.695998 -13.562504 35.480019
v -1.622331 -13.562504 35.638000
v -1.562024 -13.562504 35.980019
v -1.919236 -13.562504 36.746063
v -2.062023 -13.562504 36.846046
v -2.388375 -13.562504 34.995216
v -1.919236 -13.562504 35.213974
v -1.577216 -13.562504 35.806374
v -1.577216 -13.562504 36.153671
v -1.622331 -13.562504 36.322044
v -1.695998 -13.562504 36.480019
v -1.795979 -13.562504 36.622810
v -2.220003 -13.562504 36.919716
v -2.388375 -13.562505 36.964828
v -2.735672 -13.562505 36.964828
v -3.062023 -13.562505 36.846046
v -3.501716 -13.562505 36.322044
v -3.546831 -13.562505 36.153671
v -3.204811 -13.562505 35.213974
v -3.062023 -13.562505 35.113998
v -2.904044 -13.562505 35.040329
v -2.562020 -17.877308 38.957184
v -2.562020 -17.974636 38.892151
v -2.562020 -18.039667 38.794823
v -3.082965 -17.762505 33.025597
v -5.381099 -17.762506 34.953957
v -5.516445 -17.762506 35.459076
v -5.381099 -17.762506 37.006081
v -5.160098 -17.762506 37.480019
v -3.082965 -17.762506 38.934441
v -2.562020 -17.974636 33.067886
v -2.562020 -18.062504 33.280022
v -3.485475 -18.062506 38.517189
v -4.630340 -18.062506 37.715546
v -5.262021 -18.062506 35.980019
v -5.221002 -18.062506 35.511169
v -5.099191 -18.062506 35.056564
v -4.900289 -18.062506 34.630020
v -3.485475 -18.062506 33.442848
v -3.079000 -17.877310 38.911957
v -3.067707 -17.974638 38.847908
v -3.050806 -18.039669 38.752060
v -3.580270 -17.877310 38.777641
v -3.558028 -17.974638 38.716530
v -3.524741 -18.039669 38.625069
v -4.050602 -17.877310 38.558319
v -4.018086 -17.974638 38.501999
v -3.969423 -18.039669 38.417709
v -4.475706 -17.877310 38.260658
v -4.433903 -17.974638 38.210846
v -4.371342 -18.039669 38.136284
v -4.842660 -17.877310 37.893707
v -4.792843 -17.974638 37.851906
v -4.718286 -18.039669 37.789345
v -5.140321 -17.877310 37.468605
v -5.084001 -17.974638 37.436089
v -4.999713 -18.039669 37.387421
v -5.359641 -17.877310 36.998268
v -5.298530 -17.974638 36.976028
v -5.207072 -18.039669 36.942741
v -5.493956 -17.877310 36.497002
v -5.429911 -17.974638 36.485710
v -5.334062 -18.039669 36.468803
v -5.539185 -17.877310 35.980019
v -5.474152 -17.974638 35.980019
v -5.376826 -18.039669 35.980019
v -5.493956 -17.877310 35.463043
v -5.429911 -17.974638 35.474335
v -5.334062 -18.039669 35.491234
v -5.359641 -17.877310 34.961769
v -5.298530 -17.974638 34.984016
v -5.207072 -18.039669 35.017303
v -5.140321 -17.877310 34.491440
v -5.084001 -17.974638 34.523956
v -4.999713 -18.039669 34.572617
v -4.842660 -17.877310 34.066338
v -4.792843 -17.974638 34.108139
v -4.718286 -18.039669 34.170700
v -4.475706 -17.877310 33.699379
v -4.433903 -17.974638 33.749199
v -4.371342 -18.039669 33.823753
v -4.050602 -17.877310 33.401718
v -4.018086 -17.974638 33.458038
v -3.969423 -18.039669 33.542328
v -3.580270 -17.877310 33.182404
v -3.558028 -17.974638 33.243515
v -3.524741 -18.039669 33.334969
v -3.079000 -17.877308 33.048088
v -3.067707 -17.974636 33.112129
v -3.050806 -18.039667 33.207977
v -2.562020 -18.062504 37.280022
v -2.117394 -18.062504 37.201622
v -1.566163 -18.062504 36.815643
v -1.436188 -18.062504 36.630020
v -1.340420 -18.062504 36.424644
v -1.281770 -18.062504 36.205765
v -1.340420 -18.062504 35.535393
v -1.436188 -18.062504 35.330017
v -1.566163 -18.062504 35.144394
v -1.912020 -18.062504 34.854187
v -2.117394 -18.062504 34.758423
v -2.336278 -18.062504 34.699768
v -2.388372 -17.762505 34.995216
v -2.220000 -17.762505 35.040329
v -1.695995 -17.762505 35.480019
v -1.622328 -17.762505 35.638000
v -1.577213 -17.762505 35.806374
v -1.562021 -17.762505 35.980019
v -1.577213 -17.762505 36.153671
v -1.919233 -17.762505 36.746063
v -2.062020 -17.762505 36.846046
v -2.220000 -17.762505 36.919716
v -2.388372 -17.762505 36.964828
v -2.562020 -17.762505 36.980019
v -2.562022 -15.074636 39.892151
v -2.562022 -14.862504 31.980017
v -3.256615 -14.862505 32.040787
v -6.501255 -14.862507 36.674614
v -5.626201 -14.862507 38.551170
v -4.562024 -14.862506 39.444122
v -3.256615 -14.862505 39.919250
v -2.562022 -15.139668 32.165215
v -5.396387 -15.162507 38.358337
v -6.205811 -15.162507 36.622520
v -5.766316 -15.162507 34.130020
v -4.940337 -15.162506 33.145653
v -4.412023 -15.162506 32.775726
v -3.827497 -15.162505 32.503159
v -3.204521 -15.162505 32.336235
v -3.252650 -14.977310 39.896759
v -3.241357 -15.074636 39.832718
v -3.224457 -15.139668 39.736870
v -3.922293 -14.977311 39.717331
v -3.900050 -15.074637 39.656219
v -3.866763 -15.139669 39.564766
v -4.550604 -14.977311 39.424347
v -4.518088 -15.074637 39.368027
v -4.469425 -15.139669 39.283737
v -5.118495 -14.977312 39.026703
v -5.076693 -15.074638 38.976891
v -5.014132 -15.139670 38.902328
v -5.608707 -14.977312 38.536491
v -5.558889 -15.074638 38.494690
v -5.484333 -15.139670 38.432129
v -6.006349 -14.977312 37.968605
v -5.950028 -15.074638 37.936089
v -5.865741 -15.139670 37.887421
v -6.299335 -14.977312 37.340294
v -6.238224 -15.074638 37.318047
v -6.146767 -15.139670 37.284760
v -6.478765 -14.977312 36.670647
v -6.414721 -15.074638 36.659355
v -6.318872 -15.139670 36.642456
v -6.539186 -14.977312 35.980019
v -6.474154 -15.074638 35.980019
v -6.376828 -15.139670 35.980019
v -6.478765 -14.977312 35.289391
v -6.414721 -15.074638 35.300682
v -6.318872 -15.139670 35.317589
v -6.299335 -14.977312 34.619751
v -6.238224 -15.074638 34.641991
v -6.146767 -15.139670 34.675278
v -6.006349 -14.977312 33.991440
v -5.950028 -15.074638 34.023956
v -5.865741 -15.139670 34.072617
v -5.608707 -14.977311 33.423546
v -5.558889 -15.074637 33.465347
v -5.484333 -15.139669 33.527908
v -5.118495 -14.977311 32.933334
v -5.076693 -15.074637 32.983154
v -5.014132 -15.139669 33.057709
v -4.550604 -14.977311 32.535698
v -4.518088 -15.074637 32.592018
v -4.469425 -15.139669 32.676300
v -3.922293 -14.977310 32.242706
v -3.900050 -15.074636 32.303818
v -3.866763 -15.139668 32.395279
v -3.252650 -14.977310 32.063278
v -3.241357 -15.074636 32.127319
v -3.224457 -15.139668 32.223167
v 4.122242 -14.135571 43.780022
v 6.931153 -12.857751 43.780022
v 6.931153 -12.857749 28.180021
v 4.122242 -14.135570 28.180021
v 4.040567 -14.159469 43.780022
v 4.082256 -14.150430 28.180021
v 16.253712 -14.135562 28.180021
v 4.045556 -13.966999 27.902853
v 4.085857 -14.055590 27.967886
v 6.698426 -12.762498 27.903746
v 3.998017 -13.862499 27.880018
v 4.112786 -14.114784 28.065214
v 4.040567 -14.159467 28.180021
v 3.998017 -14.074631 27.967886
v 3.998017 -14.139663 28.065214
v 4.074999 -14.152277 28.169882
v 4.069753 -14.152277 28.150305
v 4.059617 -14.152277 28.132750
v 4.045285 -14.152277 28.118422
v 4.027731 -14.152277 28.108282
v 4.104083 -14.122307 28.073950
v 4.073017 -14.122307 28.050116
v 4.036840 -14.122307 28.035131
v 4.079196 -14.074631 27.984037
v 4.025706 -14.074631 27.969702
v -7.069866 -13.862507 27.880011
v -7.069866 -13.977311 27.902853
v -7.069866 -14.074637 27.967886
v -7.069866 -14.139669 28.065214
v 3.998017 -13.977304 27.902853
v 3.998017 -14.162499 28.180021
v -7.257792 -14.162507 28.312925
v -7.519117 -13.977312 28.220572
v -7.279969 -14.112266 28.080214
v -7.306222 -14.074639 28.042517
v -7.216545 -13.972936 27.923651
v -7.221350 -13.919301 27.908773
v -7.452787 -13.972935 28.091589
v -7.465302 -13.919301 28.082212
v -9.882060 -13.977314 30.640127
v -8.218895 -13.862508 29.416273
v -8.703264 -13.862508 29.912245
v -7.457801 -14.074638 28.242247
v -7.366036 -14.139670 28.274672
v -9.112536 -14.162509 30.574919
v -8.507603 -14.162508 30.139654
v -7.986907 -14.162508 29.606482
v -7.566090 -14.162507 28.991415
v -7.666102 -14.139671 28.935041
v -7.750888 -14.074639 28.887251
v -7.807540 -13.977313 28.855322
v -8.075683 -14.139671 29.533689
v -8.150945 -14.074639 29.471983
v -8.201231 -13.977313 29.430746
v -8.582478 -14.139671 30.052626
v -8.645953 -14.074639 29.978849
v -8.688366 -13.977313 29.929548
v -9.171261 -14.139672 30.476271
v -9.221044 -14.074640 30.392637
v -9.254309 -13.977314 30.336760
v -9.890178 -13.862509 30.618788
v -9.858944 -14.074640 30.700911
v -9.824347 -14.139672 30.791883
v -10.189191 -13.977314 31.085501
v -10.026833 -14.139672 31.085501
v -10.123812 -13.862509 30.802053
v -10.012973 -14.112267 30.877035
v -10.050604 -14.074640 30.850683
v -10.009476 -13.972937 30.709936
v -10.019183 -13.919303 30.697676
v -10.170430 -13.972937 30.944532
v -10.185382 -13.919303 30.939947
v -10.124159 -14.074640 31.085501
v -9.912027 -14.162510 40.874535
v -10.189191 -13.977315 40.874535
v -10.212029 -13.862510 40.874535
v -10.124159 -14.074641 40.874535
v -10.026833 -14.139673 40.874535
v -9.882088 -13.977315 41.319901
v -10.189305 -13.862510 41.022461
v -10.123775 -13.862510 41.158043
v -10.014289 -14.112268 41.081100
v -10.052291 -14.074641 41.106911
v -10.169230 -13.972938 41.018448
v -10.184141 -13.919304 41.023163
v -10.007173 -13.972938 41.252258
v -10.016769 -13.919304 41.264603
v -9.890203 -13.862510 41.341248
v -9.858973 -14.074641 41.259117
v -9.824376 -14.139673 41.168144
v -7.257791 -14.162508 43.647118
v -7.566092 -14.162509 42.968620
v -8.507615 -14.162509 41.820374
v -7.519115 -13.977314 43.739471
v -7.457799 -14.074640 43.717804
v -7.366035 -14.139671 43.685371
v -9.266010 -13.862510 41.642891
v -9.171281 -14.139673 41.483757
v -9.221065 -14.074641 41.567390
v -9.254329 -13.977315 41.623268
v -8.582493 -14.139672 41.907394
v -8.645967 -14.074640 41.981178
v -8.688381 -13.977314 42.030472
v -8.075693 -14.139672 42.426338
v -8.150954 -14.074640 42.488045
v -8.201242 -13.977314 42.529282
v -7.666108 -14.139672 43.024986
v -7.750894 -14.074640 43.072777
v -7.807546 -13.977314 43.104706
v -7.540647 -13.862509 43.747078
v -7.069868 -13.977313 44.057190
v -7.069868 -14.139671 43.894829
v -7.468095 -13.862509 43.881424
v -7.221805 -13.862508 44.056473
v -7.281892 -14.112267 43.878471
v -7.308687 -14.074639 43.915779
v -7.450631 -13.972937 43.870834
v -7.463061 -13.919303 43.880318
v -7.213586 -13.972936 44.037621
v -7.218257 -13.919302 44.052544
v -7.069869 -14.074639 43.992157
v 3.998017 -13.977306 44.057182
v 3.998017 -14.074633 43.992157
v 3.998017 -14.139665 43.894829
v 3.998017 -13.862501 44.080025
v 4.082256 -14.150432 43.780022
v 4.045556 -13.967001 44.057182
v 4.112786 -14.114786 43.894829
v 4.027731 -14.152279 43.851753
v 4.045285 -14.152279 43.841621
v 4.036840 -14.122309 43.924911
v 4.059617 -14.152279 43.827286
v 4.073017 -14.122309 43.909927
v 4.025706 -14.074633 43.990341
v 4.069753 -14.152279 43.809738
v 4.104083 -14.122309 43.886086
v 4.079197 -14.074633 43.976006
v 4.074999 -14.152279 43.790154
v 6.698426 -12.762499 44.056297
v 6.936144 -12.762499 43.988869
v 4.085857 -14.055592 43.992157
v 16.290096 -14.055583 43.992157
v 16.253712 -14.135563 43.780022
v 16.377935 -14.162493 43.780022
v 16.377935 -14.074624 43.992157
v 16.306200 -14.152270 43.809738
v 16.316336 -14.152270 43.827293
v 16.330669 -14.152270 43.841621
v 16.348223 -14.152270 43.851761
v 16.271872 -14.122299 43.886086
v 16.302937 -14.122299 43.909927
v 16.339115 -14.122299 43.924911
v 16.296759 -14.074624 43.976006
v 16.350250 -14.074624 43.990341
v 24.645821 -14.162487 43.780022
v 24.645819 -13.862488 44.080025
v 24.645819 -13.977292 44.057190
v 24.645819 -14.074619 43.992157
v 24.645819 -14.139651 43.894829
v 24.941984 -14.139649 43.685387
v 24.855913 -14.112245 43.879837
v 24.882166 -14.074618 43.917534
v 24.792492 -13.972916 44.036385
v 24.797297 -13.919282 44.051270
v 25.028728 -13.972915 43.868469
v 25.041243 -13.919281 43.877846
v 25.095060 -13.977291 43.739494
v 25.033747 -14.074617 43.717819
v 27.359493 -14.162485 41.060844
v 26.796343 -14.162485 41.322929
v 26.277821 -14.162485 41.663002
v 25.413248 -14.162486 42.546867
v 27.458015 -13.977291 41.319908
v 27.434898 -14.074618 41.259125
v 27.400301 -14.139650 41.168152
v 25.348360 -13.862487 43.216972
v 26.024731 -13.862487 42.286850
v 26.456802 -13.862486 41.903763
v 26.940262 -13.862486 41.586258
v 25.049564 -14.141424 43.400894
v 25.270882 -14.074620 43.175400
v 27.118900 -14.141422 41.282196
v 26.898487 -14.074617 41.508842
v 25.084187 -14.076350 43.577934
v 25.122055 -14.026650 43.592880
v 25.239357 -14.026650 43.324570
v 25.254244 -14.141424 42.994698
v 25.400049 -13.972916 43.079178
v 25.418505 -14.074620 42.918205
v 25.415251 -14.141423 42.736305
v 25.584070 -14.074618 42.672638
v 25.554369 -13.972916 42.831398
v 25.593073 -14.141423 42.492210
v 25.724964 -13.972915 42.597084
v 25.765387 -14.074618 42.441734
v 25.787416 -14.141423 42.262375
v 25.962898 -14.074618 42.224396
v 25.911102 -13.972915 42.376823
v 25.997959 -14.141423 42.046860
v 26.113131 -13.972914 42.169868
v 26.176302 -14.074617 42.021141
v 26.225054 -14.141422 41.845795
v 26.404993 -14.074617 41.832787
v 26.330652 -13.972914 41.977112
v 26.466513 -14.141422 41.661163
v 26.562300 -13.972914 41.799812
v 26.646774 -14.074617 41.661293
v 26.719189 -14.141422 41.495445
v 26.805428 -13.972914 41.640213
v 27.045992 -14.026649 41.474258
v 27.296312 -14.076349 41.312820
v 27.312147 -14.026649 41.350327
v 27.466131 -13.862486 41.341255
v 27.765144 -13.977289 40.874542
v 27.700113 -14.074616 40.874542
v 27.602787 -14.139648 40.874542
v 27.596329 -13.862485 41.267433
v 27.699764 -13.862485 41.157990
v 27.765438 -13.862485 41.023254
v 27.588926 -14.112244 41.083008
v 27.626558 -14.074616 41.109352
v 27.585430 -13.972913 41.250107
v 27.595139 -13.919279 41.262367
v 27.746384 -13.972913 41.015503
v 27.761335 -13.919279 41.020088
v 27.787981 -13.862485 40.874542
v 27.487982 -14.162484 40.874535
v 27.765144 -13.977288 31.085508
v 27.787981 -13.862484 31.085508
v 27.700113 -14.074616 31.085508
v 27.602787 -14.139648 31.085508
v 27.487982 -14.162484 31.085508
v 27.400312 -14.139648 30.791891
v 27.597130 -13.862485 30.692717
v 27.681812 -14.074616 30.962767
v 27.515766 -14.141421 30.874372
v 27.717093 -13.972913 30.872747
v 27.618717 -14.028679 30.780645
v 27.592714 -13.919279 30.695425
v 27.466143 -13.862485 30.618788
v 27.458025 -13.977289 30.640135
v 27.434908 -14.074616 30.700918
v 27.359505 -14.162484 30.899199
v 25.810261 -14.162485 29.882963
v 25.095070 -13.977290 28.220572
v 26.027803 -13.862486 29.676336
v 25.655046 -13.862486 29.235312
v 27.117872 -14.141412 30.677305
v 26.897694 -14.074598 30.450674
v 26.716192 -14.141412 30.462713
v 26.804657 -13.972913 30.319319
v 26.643734 -14.074616 30.296751
v 26.461655 -14.141421 30.295538
v 26.560633 -13.972913 30.159155
v 26.402479 -14.074616 30.125563
v 25.049259 -14.141422 28.558523
v 25.270620 -14.074617 28.784246
v 27.295973 -14.076339 30.647047
v 27.311817 -14.026637 30.609549
v 27.046354 -14.026637 30.485899
v 26.222033 -14.141421 30.112036
v 26.330582 -13.972913 29.983137
v 26.175972 -14.074616 29.938803
v 25.997051 -14.141422 29.912374
v 25.963528 -14.074617 29.736288
v 26.114807 -13.972914 29.791822
v 25.786686 -14.141422 29.696798
v 25.912769 -13.972914 29.584990
v 25.765406 -14.074617 29.518095
v 25.591209 -14.141422 29.465109
v 25.582649 -14.074617 29.285131
v 25.725225 -13.972914 29.362951
v 25.412436 -14.141422 29.219397
v 25.553524 -13.972914 29.127234
v 25.416958 -14.074617 29.039343
v 25.252874 -14.141422 28.963011
v 25.399744 -13.972914 28.880400
v 25.239582 -14.026649 28.636045
v 25.084122 -14.076348 28.381971
v 25.121994 -14.026649 28.367033
v 25.116604 -13.862486 28.212965
v 25.033754 -14.074617 28.242239
v 24.941990 -14.139649 28.274664
v 24.645821 -14.162485 28.180014
v 24.645823 -14.074617 27.967878
v 25.044048 -13.862486 28.078611
v 24.934118 -13.862486 27.971617
v 24.797758 -13.862486 27.903563
v 24.857845 -14.112244 28.081572
v 24.884642 -14.074617 28.044256
v 25.026585 -13.972913 28.089209
v 25.039015 -13.919279 28.079718
v 24.789539 -13.972914 27.922415
v 24.794210 -13.919280 27.907492
v 24.645821 -13.977290 27.902853
v 24.645821 -14.139649 28.065207
v 16.377935 -14.162492 28.180021
v 16.377935 -13.862492 27.880018
v 16.377935 -14.074623 27.967886
v 16.290096 -14.055582 27.967886
v 16.367802 -14.152269 28.103033
v 16.348223 -14.152269 28.108282
v 16.330669 -14.152269 28.118414
v 16.339115 -14.122298 28.035131
v 16.316336 -14.152269 28.132750
v 16.302937 -14.122298 28.050116
v 16.350250 -14.074623 27.969702
v 16.306200 -14.152269 28.150305
v 16.271872 -14.122298 28.073950
v 16.296759 -14.074623 27.984030
v 16.248032 -14.122298 28.105017
v 13.700727 -12.762493 27.899870
v 13.508160 -12.762493 27.945478
v 13.355799 -12.762493 28.014418
v 27.703299 12.737515 41.105522
v 27.765814 12.737515 41.020874
v 27.787960 12.737515 40.917999
v 27.611488 12.737515 30.803102
v 27.703297 13.937515 30.854525
v 27.787960 12.737516 31.042040
v 27.765814 12.737516 30.939173
v 27.703299 12.737515 30.854525
v 25.483513 12.737514 29.234049
v 25.152454 12.737514 28.648287
v 24.924261 12.737514 28.015314
v 24.924259 13.937514 28.015314
v 25.152452 13.937514 28.648287
v 25.908070 13.937514 29.756037
v 26.414114 13.937515 30.199472
v 24.682777 13.937514 27.830019
v 24.682779 12.737514 27.830019
v 24.874290 12.737514 27.919321
v 6.660792 12.737502 27.830019
v 6.503581 12.737502 27.874506
v 6.232942 12.737502 28.253351
v 6.031252 12.737502 28.481646
v 4.940273 12.737501 28.973566
v 4.335380 12.737501 28.922197
v 4.048077 12.737500 28.820932
v 3.544666 12.737500 28.481646
v 3.342977 12.737500 28.253351
v 6.393243 13.937502 27.994310
v 4.787959 13.937501 28.980021
v 5.345072 13.937501 28.891634
v 3.182674 13.937500 27.994310
v 3.728443 13.937500 28.635164
v 3.969535 13.937500 28.783205
v 3.182675 12.737500 27.994310
v 3.072332 13.937500 27.874506
v 2.791087 12.737500 27.830019
v 2.915127 12.737500 27.830019
v 2.791086 13.937500 27.830019
v -7.298372 12.737494 27.919321
v -7.348342 12.737494 28.015314
v -7.576535 12.737494 28.648287
v -8.838197 12.737493 30.199472
v -10.035570 12.737492 30.803102
v -10.035571 13.937491 30.803102
v -9.411410 13.937491 30.551821
v -7.907595 13.937492 29.234049
v -7.576536 13.937493 28.648287
v -10.162529 13.937491 30.892687
v -10.212041 12.737491 40.917999
v -10.127380 13.937490 41.105522
v -10.189896 13.937490 41.020874
v -10.189895 12.737491 41.020874
v -10.127379 12.737491 41.105522
v -9.411409 12.737491 41.408226
v -7.907594 12.737492 42.725998
v -7.576535 12.737492 43.311760
v -10.035571 13.937490 41.156944
v -8.838198 13.937491 41.760567
v -9.411410 13.937490 41.408226
v -7.212516 13.937492 44.106598
v -7.298372 13.937492 44.040718
v -7.298372 12.737493 44.040718
v 22.236740 12.737512 44.130020
v 22.236738 13.937511 44.130020
v 22.497025 12.737512 44.076813
v 22.326454 13.937511 44.130020
v 22.497023 13.937511 44.076813
v 23.143709 12.737512 43.190529
v 24.287960 12.737513 42.780022
v 24.287958 13.937512 42.780022
v 23.680128 13.937512 42.885750
v 23.398764 13.937512 43.014984
v 23.143707 13.937511 43.190529
v 22.741713 13.937511 43.658539
v 25.036333 12.737514 42.942970
v 25.244900 12.737514 42.958130
v 25.414101 12.737514 42.831284
v 25.161060 13.937513 42.969948
v 25.414099 13.937513 42.831284
v 25.304358 13.937513 42.933266
v 25.424902 12.737514 42.814415
v 25.760086 12.737514 42.366211
v 26.600561 12.737514 41.631096
v 27.089399 12.737514 41.358574
v 27.089397 13.937514 41.358574
v 25.627060 14.237514 42.064766
v 26.175697 14.237514 41.564453
v 26.802223 14.237514 41.165985
v 26.830511 14.237515 30.808649
v 26.226549 14.237515 30.433886
v 25.692575 14.237514 29.964754
v 6.274797 14.237502 28.663027
v 5.742786 14.237502 29.050394
v 5.437924 14.237501 29.176905
v 5.117006 14.237501 29.254084
v 4.137992 14.237501 29.176905
v 3.087114 14.237500 28.411737
v 2.791086 14.237500 28.130022
v -7.314723 14.237494 28.796862
v -8.650634 14.237493 30.433886
v -9.254596 14.237492 30.808649
v -8.650634 14.237492 41.526154
v 22.326454 14.237512 43.830017
v 22.910721 14.237512 42.994705
v 23.187021 14.237512 42.791740
v 23.492662 14.237513 42.636436
v 24.158827 14.237513 42.483994
v 24.838665 14.237514 42.553513
v 25.161058 14.237514 42.670128
v -2.562041 14.237495 41.180023
v -6.545473 14.237493 39.322517
v -7.683042 14.237493 36.882988
v -7.762042 14.237493 35.980019
v -7.448443 14.237493 34.201515
v -7.065374 14.237494 33.380020
v -6.545473 14.237494 32.637527
v -3.465012 14.237495 30.859018
v -2.562041 14.237496 30.780024
v 0.780454 14.237498 31.996592
v 1.421390 14.237498 32.637527
v 1.941291 14.237499 33.380020
v 2.558959 14.237499 35.077049
v 2.637959 14.237499 35.980019
v 2.558959 14.237499 36.882988
v 2.324360 14.237499 37.758522
v 1.421390 14.237498 39.322517
v 0.780454 14.237497 39.963455
v -0.783537 14.237496 40.866425
v -1.659071 14.237496 41.101021
v -0.851941 14.037497 40.678482
v 1.768086 14.037499 33.480019
v 1.268181 14.037498 32.766083
v -0.851941 14.037498 31.281557
v -1.693800 12.987496 40.904060
v -0.851940 12.987496 40.678482
v 1.268182 12.987498 39.193962
v 1.768087 12.987498 38.480019
v 2.361998 12.987499 36.848259
v 1.768087 12.987499 33.480019
v 1.268182 12.987498 32.766083
v -1.693800 12.987496 31.055986
v -2.562040 12.987495 40.980019
v -0.062041 12.987497 40.310150
v 0.651898 12.987497 39.810242
v 2.136423 12.987498 37.690125
v 2.437960 12.987499 35.980019
v 2.361998 12.987499 35.111778
v 2.136423 12.987499 34.269920
v 0.651898 12.987498 32.149796
v -0.062041 12.987497 31.649897
v -0.851940 12.987497 31.281557
v -3.430281 12.987495 31.055986
v -5.062042 12.987494 31.649897
v -5.775979 12.987494 32.149796
v -6.392263 12.987494 32.766083
v -7.260505 12.987493 34.269920
v -7.486080 12.987493 35.111778
v -7.486080 12.987493 36.848259
v -7.260505 12.987493 37.690125
v -3.430281 12.987494 40.904060
v -2.562040 12.987495 39.230019
v -0.937041 12.987496 38.794601
v -0.072396 12.987497 38.069077
v 0.491960 12.987497 37.091583
v 0.252542 12.987497 34.355019
v -0.072396 12.987497 33.890961
v -1.997684 12.987496 32.779396
v -2.562040 12.987496 32.730019
v -4.187042 12.987495 33.165436
v -4.651101 12.987494 33.490379
v -5.051686 12.987494 33.890961
v -5.762667 12.987494 35.415665
v -5.376624 12.987494 37.605019
v -4.651101 12.987494 38.469666
v -4.187042 12.987494 38.794601
v -3.673606 12.987494 39.034019
v -1.997684 12.987496 39.180649
v -1.450475 12.987496 39.034019
v -0.472981 12.987497 38.469666
v 0.252542 12.987497 37.605019
v 0.638585 12.987498 36.544380
v 0.687959 12.987498 35.980019
v 0.638585 12.987498 35.415665
v 0.491960 12.987498 34.868454
v -0.472981 12.987497 33.490379
v -0.937041 12.987497 33.165436
v -1.450475 12.987496 32.926018
v 0.638585 11.961498 35.415665
v 0.491960 11.961498 34.868454
v 0.252542 11.961497 34.355019
v -0.072396 11.961497 33.890961
v -0.472981 11.961497 33.490379
v -1.997684 11.961496 32.779396
v -2.562040 11.961495 39.230019
v -1.997684 11.961496 39.180649
v -1.450475 11.961496 39.034019
v -0.937041 11.961496 38.794601
v -0.472981 11.961497 38.469666
v -0.072396 11.961497 38.069077
v 0.252542 11.961497 37.605019
v 0.491960 11.961497 37.091583
v 0.638585 11.961498 36.544380
v 0.687959 11.961498 35.980019
v -0.937041 11.961497 33.165436
v -1.450475 11.961496 32.926018
v -2.562040 11.961496 32.730019
v -3.126397 11.961495 32.779396
v -4.187041 11.961495 33.165436
v -5.051685 11.961494 33.890961
v -5.762666 11.961493 35.415665
v -5.812041 11.961493 35.980019
v -5.376623 11.961493 37.605019
v -4.651100 11.961494 38.469666
v -4.187041 11.961494 38.794601
v -3.673606 11.961494 39.034019
v -2.301568 11.961495 37.457230
v -2.049010 11.961496 37.389557
v -1.812041 11.961496 37.279060
v -1.597859 11.961496 37.129089
v -1.263002 11.961496 36.730019
v -1.062041 11.961496 35.980019
v -1.152502 11.961496 35.466988
v -1.597859 11.961496 34.830956
v -1.812041 11.961496 34.680984
v -3.075071 11.961495 34.570480
v -3.312040 11.961495 34.680984
v -3.971579 11.961494 35.466988
v -4.062041 11.961494 35.980019
v -4.039252 11.961494 36.240494
v -3.971579 11.961494 36.493050
v -3.526222 11.961495 37.129089
v -1.412974 11.961496 36.944199
v -1.152502 11.961496 36.493050
v -1.084829 11.961496 36.240494
v -1.084829 11.961496 35.719551
v -1.263002 11.961496 35.230019
v -1.412974 11.961496 35.015839
v -2.049010 11.961496 34.570480
v -2.301568 11.961496 34.502808
v -2.301566 9.361495 37.457230
v -1.084827 9.361496 35.719551
v -1.152500 9.361496 35.466988
v -1.412972 9.361496 35.015839
v -1.812039 9.361496 34.680984
v -2.562038 9.361496 34.480019
v -2.562038 9.361495 37.480019
v -2.049008 9.361496 37.389557
v -1.812039 9.361496 37.279060
v -1.597857 9.361496 37.129089
v -1.412972 9.361496 36.944199
v -1.263000 9.361496 36.730019
v -1.152500 9.361496 36.493050
v -1.084827 9.361496 36.240494
v -1.062039 9.361496 35.980019
v -1.263000 9.361496 35.230019
v -1.597857 9.361496 34.830956
v -2.049008 9.361496 34.570480
v -2.301566 9.361496 34.502808
v -3.075069 9.361495 34.570480
v -3.312038 9.361495 34.680984
v -3.861077 9.361495 35.230019
v -3.971577 9.361494 35.466988
v -4.039250 9.361494 36.240494
v -3.971577 9.361494 36.493050
v -3.861077 9.361494 36.730019
v -3.526220 9.361495 37.129089
v -3.312038 9.361495 37.279060
v -3.075069 9.361495 37.389557
v -2.822511 9.361495 37.457230
v -7.106862 13.937492 44.130020
v 22.236738 14.237512 43.830017
v 22.236738 14.214676 43.944824
v 22.236738 14.052317 44.107185
v 22.236738 14.149644 44.042152
v 22.326454 14.149644 44.042152
v -7.348343 13.937491 43.944725
v -7.095631 14.149696 44.042084
v -7.068674 14.237493 43.830017
v 22.326454 14.214676 43.944824
v 22.326454 14.052317 44.107185
v 22.433687 14.214676 43.871025
v 22.524595 14.149644 43.905785
v 22.415510 14.202182 43.939651
v 22.415510 14.164789 44.004417
v 22.415510 14.111907 44.057297
v 22.496538 14.151529 43.953583
v 22.415510 14.047141 44.094688
v 22.496538 14.112256 44.004768
v 22.496538 14.061074 44.044037
v 22.562231 14.084676 43.942940
v 22.496538 14.001472 44.068726
v 22.562231 14.050434 43.977188
v 22.562231 14.008498 44.001396
v -7.266195 14.149707 43.911545
v -9.912042 14.237491 40.881241
v -9.254596 14.237491 41.151390
v -8.116660 14.237492 41.995293
v -7.667263 14.237492 42.545982
v -7.314723 14.237493 43.163177
v -9.999807 14.149651 41.075996
v -7.576536 13.937491 43.311760
v -7.907595 13.937491 42.725998
v -8.332153 13.937491 42.204010
v -7.496599 14.149706 43.275078
v -7.834938 14.149706 42.676437
v -8.268831 14.149706 42.142967
v -8.776946 14.149706 41.696480
v -9.351125 14.149705 41.340195
v 22.585339 14.052317 43.929008
v 22.606668 13.937511 43.937164
v 23.979479 13.937512 42.806648
v 22.922508 13.937511 43.407181
v 25.113327 14.214678 42.774536
v 25.072863 14.149646 42.863052
v 25.045824 14.052319 42.922203
v 22.474625 14.237512 43.520859
v 22.671127 14.237512 43.239922
v 23.819502 14.237513 42.532936
v 24.501593 14.237513 42.490913
v 24.847738 14.214678 42.675385
v 24.820293 14.149646 42.768761
v 24.801956 14.052319 42.831154
v 24.570730 14.214677 42.615067
v 24.556868 14.149645 42.711403
v 24.547604 14.052318 42.775772
v 24.287958 14.214677 42.594826
v 24.287958 14.149645 42.692154
v 24.165886 14.214677 42.598579
v 24.287958 14.052318 42.757187
v 24.171871 14.149645 42.695724
v 23.947741 14.214677 42.624199
v 24.175869 14.052318 42.760635
v 23.964420 14.149645 42.720085
v 23.975567 14.052318 42.784149
v 23.617592 14.214677 42.711433
v 23.650457 14.149645 42.803047
v 23.672417 14.052318 42.864258
v 23.307278 14.214677 42.853966
v 23.355356 14.149645 42.938591
v 23.387482 14.052318 42.995132
v 23.025980 14.214676 43.047569
v 23.087851 14.149644 43.122696
v 23.129190 14.052317 43.172897
v 22.782024 14.214676 43.286514
v 22.855854 14.149644 43.349930
v 22.905186 14.052317 43.392303
v 22.582626 14.214676 43.563736
v 22.666233 14.149644 43.613556
v 22.722095 14.052317 43.646851
v -10.124119 14.149677 40.907196
v 25.339985 14.149646 42.784081
v 25.394838 14.052319 42.819016
v 25.161058 14.052319 42.947289
v 25.235548 14.205997 42.781334
v 25.235548 14.168066 42.847038
v 25.305374 14.165285 42.801628
v 25.235548 14.114423 42.900681
v 25.305374 14.123488 42.856102
v 25.235548 14.048723 42.938614
v 25.305374 14.069017 42.897896
v 25.235548 13.975445 42.958244
v 25.366159 14.070794 42.843819
v 25.305374 14.005585 42.924171
v 25.366159 14.021297 42.872398
v 25.366159 13.966090 42.887192
v -10.212042 13.937490 40.917999
v -10.212042 13.937491 31.042040
v -10.124119 14.149678 31.052851
v 25.257893 14.214678 42.731796
v 25.172670 14.237514 42.651993
v 25.269194 14.214678 42.714149
v 25.405701 14.052319 42.802048
v -9.912042 14.237492 31.078806
v -9.999807 14.149652 30.884043
v 25.351023 14.149646 42.766846
v 25.424900 13.937513 42.814415
v 27.611486 13.937515 41.156944
v 26.600559 13.937514 41.631096
v 26.154545 13.937514 41.969185
v 25.760084 13.937513 42.366211
v 27.052084 14.149647 41.279022
v 27.079700 14.052320 41.337898
v 26.552509 14.149647 41.557533
v 26.588072 14.052320 41.611977
v 26.245441 14.214679 41.655647
v 26.304567 14.149647 41.732956
v 26.344076 14.052320 41.784607
v 26.032621 14.214678 41.829788
v 26.096697 14.149647 41.903046
v 26.139511 14.052320 41.951996
v 25.711452 14.214678 42.142593
v 25.782997 14.149646 42.208580
v 25.830801 14.052319 42.252670
v -7.667263 14.237493 29.414064
v -8.116660 14.237493 29.964754
v -8.838198 13.937492 30.199472
v -8.332153 13.937492 29.756037
v -9.371819 14.149706 30.630350
v -8.786002 14.149707 30.270258
v -8.269305 14.149707 29.817560
v -7.842070 14.149707 29.294031
v -7.506915 14.149708 28.707270
v 27.487957 14.237515 40.881241
v 27.575735 14.149648 41.076027
v 27.765812 13.937515 41.020874
v 27.703297 13.937515 41.105522
v 27.700125 14.149613 40.907204
v -7.348343 13.937493 28.015314
v -7.298373 13.937493 27.919321
v -7.212516 13.937493 27.853449
v -7.106862 13.937493 27.830019
v -7.266195 14.149708 28.048494
v -7.068674 14.237494 28.130022
v -7.095631 14.149697 27.917963
v 27.787958 13.937515 40.917999
v 27.700125 14.149613 31.052835
v 2.791086 14.052305 27.852861
v 2.791086 14.214664 28.015215
v 27.487957 14.237515 31.078806
v 27.787958 13.937516 31.042040
v 27.765812 13.937516 30.939173
v 2.791086 14.149632 27.917887
v 2.915126 14.149632 27.917887
v 27.575735 14.149648 30.884020
v 27.611486 13.937515 30.803102
v 25.483511 13.937514 29.234049
v 26.987326 13.937515 30.551821
v 24.644590 14.237514 28.130022
v 25.243179 14.237514 29.414064
v 24.890640 14.237514 28.796862
v 25.072590 14.149647 28.684931
v 25.410921 14.149647 29.283564
v 25.844807 14.149647 29.817019
v 26.352911 14.149648 30.263498
v 26.927078 14.149648 30.619776
v 2.915126 13.937500 27.830019
v 2.915126 14.052305 27.852861
v 2.915126 14.214664 28.015215
v 2.915126 14.237500 28.130022
v 3.162308 14.052305 28.004641
v 3.017512 14.214664 28.078089
v 2.996689 13.975183 27.843790
v 2.996689 14.047980 27.863298
v 3.072107 14.003667 27.883081
v 2.996689 14.113249 27.900980
v 3.135699 13.964042 27.928423
v 3.072107 14.065325 27.908625
v 2.996689 14.166541 27.954271
v 3.135699 14.015315 27.942156
v 3.072107 14.118272 27.949251
v 2.996689 14.204224 28.019541
v 3.135699 14.061287 27.968699
v 3.072107 14.158899 28.002199
v 24.842192 14.149643 28.048464
v 24.788433 13.937514 27.853449
v 24.874289 13.937514 27.919329
v 4.787959 14.237501 29.280024
v 4.787959 14.149633 29.067888
v 6.660791 14.237502 28.130022
v 6.488802 14.237502 28.411737
v 6.024060 14.237502 28.877680
v 6.413609 14.052307 28.004641
v 6.471606 14.149634 28.034060
v 5.069999 13.937501 28.957788
v 5.606382 13.937502 28.783205
v 5.847474 13.937502 28.635164
v 6.062391 13.937502 28.451174
v 6.245825 13.937502 28.235781
v 5.099017 14.214665 29.140696
v 5.083767 14.149633 29.044573
v 5.073577 14.052306 28.980341
v 5.402391 14.214665 29.067736
v 5.372268 14.149633 28.975191
v 5.352140 14.052306 28.913355
v 5.690587 14.214666 28.948145
v 5.646334 14.149634 28.861460
v 5.616766 14.052307 28.803537
v 5.956483 14.214666 28.784876
v 5.899195 14.149634 28.706194
v 5.860916 14.052307 28.653620
v 6.193512 14.214666 28.581957
v 6.124603 14.149634 28.513224
v 6.078559 14.052307 28.467302
v 6.395819 14.214666 28.344400
v 6.316991 14.149634 28.287317
v 6.264320 14.052307 28.249178
v 24.671560 14.149619 27.917864
v 6.784831 13.937502 27.830019
v 6.784831 14.237502 28.130022
v 6.784831 14.214666 28.015215
v 6.784831 14.052307 27.852861
v 6.503580 13.937502 27.874506
v 6.660791 13.937502 27.830019
v 6.558405 14.214666 28.078089
v 6.660791 14.214666 28.015215
v 6.440218 14.015317 27.942156
v 6.503810 14.003669 27.883081
v 6.440218 14.061289 27.968699
v 6.579228 13.975184 27.843790
v 6.503810 14.065327 27.908625
v 6.579228 14.047982 27.863298
v 6.503810 14.118274 27.949251
v 6.579228 14.113251 27.900980
v 6.503810 14.158901 28.002199
v 6.579228 14.166543 27.954271
v 6.579228 14.204226 28.019541
v 6.784831 14.149634 27.917887
v 6.660791 14.052307 27.852861
v 6.660791 14.149634 27.917887
v -2.562041 14.137496 30.953226
v -2.562041 14.037497 30.980021
v -3.465012 14.237494 41.101021
v -4.340546 14.237494 40.866425
v -5.162042 14.237494 40.483353
v -5.904537 14.237494 39.963455
v -7.065374 14.237493 38.580017
v -7.448443 14.237493 37.758522
v -7.683042 14.237493 35.077049
v -5.904537 14.237494 31.996592
v -5.162042 14.237494 31.476686
v -4.340546 14.237495 31.093622
v -5.062042 14.037495 31.649897
v -5.775979 14.037495 32.149796
v -6.392264 14.037494 32.766083
v -6.892168 14.037494 33.480019
v -7.260505 14.037493 34.269920
v -7.486080 14.037493 36.848259
v -6.892168 14.037493 38.480019
v -4.272142 14.037495 40.678482
v -3.447647 14.210700 30.957506
v -3.434935 14.137495 31.029596
v -4.306344 14.210700 31.187593
v -4.281307 14.137495 31.256380
v -5.112041 14.210699 31.563295
v -5.075439 14.137494 31.626688
v -5.840259 14.210698 32.073196
v -5.793203 14.137493 32.129272
v -6.468868 14.210698 32.701805
v -6.412790 14.137493 32.748856
v -6.978771 14.210698 33.430023
v -6.915374 14.137493 33.466621
v -7.354474 14.210697 34.235718
v -7.285684 14.137492 34.260757
v -7.584561 14.210697 35.094414
v -7.512468 14.137492 35.107124
v -7.662042 14.210697 35.980019
v -7.588837 14.137492 35.980019
v -7.584561 14.210697 36.865623
v -7.512468 14.137492 36.852913
v -7.354474 14.210697 37.724319
v -7.285684 14.137492 37.699287
v -6.978771 14.210697 38.530022
v -6.915374 14.137492 38.493416
v -6.468868 14.210697 39.258240
v -6.412790 14.137493 39.211182
v -5.840259 14.210698 39.886848
v -5.793203 14.137493 39.830772
v -5.112041 14.210698 40.396751
v -5.075439 14.137493 40.333351
v -4.306344 14.210699 40.772453
v -4.281307 14.137494 40.703659
v -3.447647 14.210699 41.002541
v -3.434935 14.137494 40.930450
v -11.312024 -12.762510 44.030022
v -10.507677 -12.762510 44.405090
v -10.402698 -12.762510 44.555023
v -10.402698 -12.762510 45.605019
v -10.507677 -12.762510 45.754944
v -10.787024 -12.762510 45.989349
v -10.952903 -12.762510 46.066696
v -11.312024 -12.762510 46.130020
v -11.129710 12.737490 44.045975
v -10.952920 12.737490 44.093346
v -10.787041 12.737490 44.170692
v -10.637115 12.737490 44.275673
v -10.507694 12.737490 44.405090
v -10.325364 12.737490 44.720901
v -10.262042 12.737490 45.080017
v -10.325364 12.737490 45.439140
v -10.402715 12.737490 45.605019
v -10.507694 12.737490 45.754944
v -10.637115 12.737490 45.884369
v -10.787041 12.737490 45.989349
v -11.312041 12.737490 46.130020
v -10.952903 -12.762509 25.893339
v -10.637097 -12.762508 26.075674
v -10.277976 -12.762508 27.062346
v -11.129710 12.737491 25.845972
v -10.952920 12.737491 25.893343
v -10.637115 12.737492 26.075678
v -10.325364 12.737492 26.520899
v -10.262042 12.737492 26.880022
v -10.277993 12.737492 27.062349
v -10.325364 12.737492 27.239145
v -10.402715 12.737492 27.405024
v -10.507694 12.737492 27.554949
v -10.787041 12.737491 27.789347
v -11.129710 12.737491 27.914072
v -11.312041 12.737491 27.930025
v 28.887976 -12.762483 25.830015
v 29.070305 -12.762483 25.845968
v 29.247097 -12.762483 25.893339
v 29.412975 -12.762483 25.970694
v 29.562902 -12.762483 26.075674
v 29.692322 -12.762483 26.205091
v 29.874653 -12.762483 27.239141
v 29.692322 -12.762483 27.554945
v 29.562902 -12.762483 27.684362
v 29.247097 -12.762483 27.866697
v 29.070305 -12.762483 27.914068
v 28.887960 12.737517 25.830019
v 29.247082 12.737517 25.893343
v 29.562887 12.737517 26.075678
v 29.797287 12.737517 26.355021
v 29.922009 12.737517 26.697695
v 29.922009 12.737517 27.062349
v 29.874638 12.737517 27.239145
v 29.692307 12.737517 27.554949
v 29.247082 12.737517 27.866701
v 29.070290 12.737517 27.914072
v 28.887976 -12.762485 44.030022
v 29.247097 -12.762485 44.093346
v 29.412975 -12.762484 44.170692
v 29.692322 -12.762484 44.405090
v 29.922024 -12.762484 45.262352
v 29.874653 -12.762484 45.439140
v 29.797302 -12.762484 45.605019
v 29.692322 -12.762484 45.754944
v 29.247097 -12.762485 46.066696
v 28.887976 -12.762485 46.130020
v 29.874638 12.737516 44.720901
v 29.922009 12.737516 44.897690
v 29.922009 12.737516 45.262352
v 29.874638 12.737516 45.439140
v 29.692307 12.737516 45.754944
v 29.412960 12.737515 45.989349
v 29.247082 12.737515 46.066696
v 28.887960 12.737515 46.130020
v 30.299992 12.366928 24.535027
v 30.299992 12.487518 24.584976
v 30.299992 12.591071 24.664436
v 30.299992 12.670531 24.767992
v 30.299992 12.737518 25.017992
v -12.724073 12.591043 24.664436
v 30.299992 12.237518 24.517990
v 30.653545 12.237518 24.664436
v 30.733006 12.237518 24.767990
v 30.782955 12.237518 24.888580
v 30.299992 12.720481 24.888582
v 30.653545 12.591071 25.017990
v 30.784391 12.348779 24.963409
v 30.760101 12.348779 24.856987
v 30.712740 12.348779 24.758644
v 30.739182 12.454460 24.917747
v 30.644682 12.348779 24.673302
v 30.705864 12.454460 24.822533
v 30.688450 12.549263 24.974220
v 30.559340 12.348779 24.605240
v 30.652195 12.454460 24.737114
v 30.668972 12.549263 24.888878
v 30.460991 12.348779 24.557877
v 30.580864 12.454460 24.665787
v 30.630991 12.549263 24.810005
v 30.603922 12.628434 24.948616
v 30.354570 12.348779 24.533592
v 30.495451 12.454460 24.612114
v 30.576412 12.549263 24.741570
v 30.580864 12.628434 24.882729
v 30.515570 12.688003 24.993700
v 30.400234 12.454460 24.578796
v 30.507973 12.549263 24.686989
v 30.543724 12.628434 24.823616
v 30.504761 12.688003 24.946337
v 30.429104 12.549263 24.649010
v 30.494362 12.628434 24.774254
v 30.483683 12.688003 24.902567
v 30.408463 12.724982 24.993235
v 30.343761 12.549263 24.629532
v 30.435253 12.628434 24.737114
v 30.453394 12.688003 24.864588
v 30.400234 12.724982 24.969713
v 30.369362 12.628434 24.714058
v 30.415413 12.688003 24.834299
v 30.386980 12.724982 24.948618
v 30.371643 12.688003 24.813219
v 30.369362 12.724982 24.931002
v 30.324282 12.688003 24.802416
v 30.348267 12.724982 24.917749
v 30.324751 12.724982 24.909517
v -12.853483 12.720452 25.017992
v -13.157086 12.487490 25.017990
v -13.207036 12.366899 25.017990
v -12.724073 12.720452 24.888582
v -12.724073 12.670503 24.767992
v -12.724073 12.487490 24.584976
v -12.724072 12.366899 24.535027
v -12.974072 12.237490 24.584976
v -12.778651 12.348750 24.533592
v -12.885072 12.348750 24.557877
v -12.983419 12.348750 24.605240
v -12.824316 12.454432 24.578796
v -13.068762 12.348750 24.673302
v -12.919532 12.454432 24.612114
v -12.767842 12.549234 24.629532
v -13.136820 12.348750 24.758644
v -13.004946 12.454432 24.665787
v -12.853185 12.549234 24.649010
v -13.184182 12.348750 24.856987
v -13.076277 12.454432 24.737114
v -12.932054 12.549234 24.686989
v -12.793444 12.628406 24.714058
v -13.208471 12.348750 24.963409
v -13.129946 12.454432 24.822533
v -13.000493 12.549234 24.741570
v -12.859335 12.628406 24.737114
v -12.748363 12.687974 24.802416
v -13.163263 12.454432 24.917747
v -13.055072 12.549234 24.810005
v -12.918444 12.628406 24.774254
v -12.795725 12.687974 24.813219
v -13.093053 12.549234 24.888878
v -12.967806 12.628406 24.823616
v -12.839494 12.687974 24.834299
v -12.748832 12.724954 24.909517
v -13.112532 12.549234 24.974220
v -13.004946 12.628406 24.882729
v -12.877475 12.687974 24.864588
v -12.772347 12.724954 24.917749
v -13.028003 12.628406 24.948616
v -12.907763 12.687974 24.902567
v -12.793444 12.724954 24.931002
v -12.928842 12.687974 24.946337
v -12.811061 12.724954 24.948618
v -12.939651 12.687974 24.993700
v -12.824316 12.724954 24.969713
v -12.832544 12.724954 24.993235
v 30.799992 12.237518 25.017990
v 30.782955 12.366928 25.017990
v 30.733006 12.487518 25.017990
v 30.549992 12.670531 25.017992
v 30.429401 12.720481 25.017992
v 30.733006 12.487516 46.942055
v 30.549992 12.670529 46.942055
v 30.429401 12.237518 24.535027
v 30.549992 12.237518 24.584976
v 30.429417 -12.262482 24.535027
v 30.653561 -12.262482 24.664436
v -12.724056 -12.512510 24.584976
v -12.724056 -12.695523 24.767988
v -12.724056 -12.762510 25.017988
v -13.207036 12.237490 24.888580
v -13.157085 12.237490 24.767990
v -13.077626 12.237490 24.664436
v -12.853482 12.237490 24.535027
v -13.224057 -12.262510 25.017990
v -12.974057 -12.262510 24.584976
v -12.853467 -12.262510 24.535027
v -12.974073 12.670503 25.017992
v -13.077627 12.591043 25.017990
v -13.077627 12.591041 46.942055
v -13.157086 12.487488 46.942055
v -13.207036 12.366898 46.942055
v 30.299992 12.670529 47.192055
v 30.299992 12.237516 47.442055
v -12.724072 12.366899 47.425018
v -12.724073 12.670502 47.192055
v -12.724073 12.720451 47.071465
v 30.799992 12.237516 46.942055
v 30.782955 12.366926 46.942055
v 30.653545 12.591069 46.942055
v 30.429401 12.720479 46.942055
v 30.299992 12.720479 47.071465
v 30.299992 12.591069 47.295609
v 30.299992 12.487516 47.375069
v 30.299992 12.366926 47.425018
v 30.733006 12.237516 47.192055
v 30.549992 12.237516 47.375069
v 30.354570 12.348777 47.426453
v 30.460991 12.348777 47.402161
v 30.559340 12.348777 47.354797
v 30.400234 12.454458 47.381241
v 30.644682 12.348777 47.286743
v 30.495451 12.454458 47.347923
v 30.343761 12.549261 47.330513
v 30.712740 12.348777 47.201401
v 30.580864 12.454458 47.294258
v 30.429104 12.549261 47.311035
v 30.760101 12.348777 47.103050
v 30.652195 12.454458 47.222923
v 30.507973 12.549261 47.273048
v 30.369362 12.628432 47.245979
v 30.784391 12.348777 46.996635
v 30.705864 12.454458 47.137512
v 30.576412 12.549261 47.218475
v 30.435253 12.628432 47.222923
v 30.324282 12.688001 47.157631
v 30.739182 12.454458 47.042297
v 30.630991 12.549261 47.150032
v 30.494362 12.628432 47.185783
v 30.371643 12.688001 47.146820
v 30.668972 12.549261 47.071167
v 30.543724 12.628432 47.136421
v 30.415413 12.688001 47.125740
v 30.324751 12.724980 47.050522
v 30.688450 12.549261 46.985825
v 30.580864 12.628432 47.077316
v 30.453394 12.688001 47.095451
v 30.348267 12.724980 47.042297
v 30.603922 12.628432 47.011421
v 30.483683 12.688001 47.057472
v 30.369362 12.724980 47.029037
v 30.504761 12.688001 47.013702
v 30.386980 12.724980 47.011421
v 30.515570 12.688001 46.966339
v 30.400234 12.724980 46.990326
v 30.408463 12.724980 46.966812
v 30.300007 -12.745445 24.888578
v 30.300007 -12.695495 24.767988
v 30.300007 -12.616035 24.664436
v 30.300007 -12.512482 24.584976
v 30.300007 -12.391891 24.535027
v 30.300007 -12.262482 24.517990
v 30.550007 -12.262482 24.584976
v 30.733021 -12.262482 24.767990
v 30.782970 -12.262482 24.888580
v 30.429417 -12.745445 25.017988
v 30.653561 -12.616035 25.017990
v 30.782970 -12.391891 25.017990
v 30.410568 -12.749946 25.005529
v 30.405024 -12.749946 24.981237
v 30.394215 -12.749946 24.958792
v 30.511511 -12.712966 24.969709
v 30.378681 -12.749946 24.939314
v 30.495466 -12.712966 24.923857
v 30.609793 -12.653398 24.983084
v 30.359201 -12.749946 24.923780
v 30.469620 -12.712966 24.882727
v 30.594259 -12.653398 24.915022
v 30.336754 -12.749946 24.912970
v 30.435268 -12.712966 24.848372
v 30.563969 -12.653398 24.852125
v 30.681122 -12.574225 24.931000
v 30.312466 -12.749946 24.907423
v 30.394135 -12.712966 24.822531
v 30.520445 -12.653398 24.797552
v 30.652210 -12.574225 24.848373
v 30.747660 -12.479424 24.967552
v 30.348282 -12.712966 24.806486
v 30.465866 -12.653398 24.754026
v 30.605639 -12.574225 24.774254
v 30.725212 -12.479424 24.869202
v 30.402971 -12.653398 24.723738
v 30.543739 -12.574225 24.712357
v 30.681444 -12.479424 24.778313
v 30.775249 -12.373742 24.909515
v 30.334911 -12.653398 24.708204
v 30.469620 -12.574225 24.665787
v 30.618547 -12.479424 24.699448
v 30.739197 -12.373742 24.806488
v 30.386995 -12.574225 24.636871
v 30.539680 -12.479424 24.636551
v 30.681122 -12.373742 24.714058
v 30.448793 -12.479424 24.592781
v 30.603937 -12.373742 24.636871
v 30.350447 -12.479424 24.570335
v 30.511511 -12.373742 24.578796
v 30.408478 -12.373742 24.542747
v -13.207021 -12.262510 24.888580
v -13.157070 -12.262510 24.767990
v -13.077611 -12.262510 24.664436
v -12.724057 -12.391920 24.535027
v -12.724056 -12.616064 24.664436
v -12.724056 -12.745474 24.888578
v -12.853466 -12.745474 25.017988
v -12.736514 -12.749974 24.907423
v -12.760803 -12.749974 24.912970
v -12.783251 -12.749974 24.923780
v -12.772330 -12.712995 24.806486
v -12.802730 -12.749974 24.939314
v -12.818183 -12.712995 24.822531
v -12.758961 -12.653426 24.708204
v -12.818263 -12.749974 24.958792
v -12.859318 -12.712995 24.848372
v -12.827020 -12.653426 24.723738
v -12.829073 -12.749974 24.981237
v -12.893668 -12.712995 24.882727
v -12.889915 -12.653426 24.754026
v -12.811044 -12.574254 24.636871
v -12.834618 -12.749974 25.005529
v -12.919515 -12.712995 24.923857
v -12.944493 -12.653426 24.797552
v -12.893668 -12.574254 24.665787
v -12.774495 -12.479452 24.570335
v -12.935559 -12.712995 24.969709
v -12.988018 -12.653426 24.852125
v -12.967789 -12.574254 24.712357
v -12.872842 -12.479452 24.592781
v -13.018308 -12.653426 24.915022
v -13.029688 -12.574254 24.774254
v -12.963728 -12.479452 24.636551
v -12.832528 -12.373771 24.542747
v -13.033841 -12.653426 24.983084
v -13.076260 -12.574254 24.848373
v -13.042597 -12.479452 24.699448
v -12.935560 -12.373771 24.578796
v -13.105171 -12.574254 24.931000
v -13.105493 -12.479452 24.778313
v -13.027987 -12.373771 24.636871
v -13.149261 -12.479452 24.869202
v -13.105172 -12.373771 24.714058
v -13.171708 -12.479452 24.967552
v -13.163247 -12.373771 24.806488
v -13.199300 -12.373771 24.909515
v -12.724072 12.237489 47.442055
v -12.724073 12.487489 47.375069
v -12.724073 12.591042 47.295609
v -12.853483 12.720451 46.942055
v -12.974073 12.670501 46.942055
v -12.853482 12.237488 47.425018
v -13.157085 12.237488 47.192055
v -13.207036 12.237488 47.071465
v -13.208471 12.348748 46.996635
v -13.184182 12.348748 47.103050
v -13.136820 12.348748 47.201401
v -13.163263 12.454430 47.042297
v -13.068762 12.348748 47.286743
v -13.129946 12.454430 47.137512
v -13.112532 12.549232 46.985825
v -12.983419 12.348748 47.354797
v -13.076277 12.454430 47.222923
v -13.093053 12.549232 47.071167
v -12.885072 12.348748 47.402161
v -13.004946 12.454430 47.294258
v -13.055072 12.549232 47.150032
v -13.028003 12.628404 47.011421
v -12.778651 12.348749 47.426453
v -12.919532 12.454430 47.347923
v -13.000493 12.549232 47.218475
v -13.004946 12.628404 47.077316
v -12.939651 12.687972 46.966339
v -12.824316 12.454430 47.381241
v -12.932054 12.549232 47.273048
v -12.967806 12.628404 47.136421
v -12.928842 12.687972 47.013702
v -12.853185 12.549232 47.311035
v -12.918444 12.628404 47.185783
v -12.907763 12.687972 47.057472
v -12.832544 12.724953 46.966812
v -12.767842 12.549233 47.330513
v -12.859335 12.628404 47.222923
v -12.877475 12.687972 47.095451
v -12.824316 12.724953 46.990326
v -12.793444 12.628405 47.245979
v -12.839494 12.687972 47.125740
v -12.811061 12.724953 47.011421
v -12.795725 12.687973 47.146820
v -12.793444 12.724953 47.029037
v -12.748363 12.687973 47.157631
v -12.772347 12.724953 47.042297
v -12.748832 12.724953 47.050522
v 30.782955 12.237516 47.071465
v 30.653545 12.237516 47.295609
v 30.429401 12.237516 47.425018
v 30.782970 -12.262484 47.071465
v 30.550007 -12.262484 47.375069
v 30.429417 -12.262484 47.425018
v 30.300007 -12.762482 25.017988
v 30.550007 -12.695495 25.017988
v 30.733021 -12.512482 25.017990
v 30.300007 -12.762484 46.942055
v 30.782970 -12.391893 46.942055
v -13.207021 -12.391920 25.017990
v -13.157069 -12.512510 25.017990
v -13.077610 -12.616064 25.017990
v -12.974056 -12.695523 25.017988
v -13.207021 -12.391922 46.942055
v -13.157069 -12.512512 46.942055
v -12.974056 -12.695525 46.942055
v -12.974072 12.237488 47.375069
v -13.077626 12.237488 47.295609
v -13.224057 -12.262512 46.942055
v -12.853467 -12.262512 47.425018
v -12.974057 -12.262512 47.375069
v 30.429417 -12.745447 46.942055
v 30.550007 -12.695497 46.942055
v 30.653561 -12.616037 46.942055
v 30.733021 -12.512484 46.942055
v 30.800007 -12.262484 46.942055
v 30.733021 -12.262484 47.192055
v 30.653561 -12.262484 47.295609
v 30.300007 -12.745447 47.071465
v 30.300007 -12.616037 47.295609
v 30.300007 -12.512484 47.375069
v 30.312466 -12.749948 47.052612
v 30.336754 -12.749948 47.047073
v 30.359201 -12.749948 47.036263
v 30.348282 -12.712968 47.153557
v 30.378681 -12.749948 47.020729
v 30.394135 -12.712968 47.137512
v 30.334911 -12.653399 47.251839
v 30.394215 -12.749948 47.001244
v 30.435268 -12.712968 47.111664
v 30.402971 -12.653399 47.236305
v 30.405024 -12.749948 46.978798
v 30.469620 -12.712968 47.077316
v 30.465866 -12.653399 47.206017
v 30.386995 -12.574227 47.323166
v 30.410568 -12.749948 46.954514
v 30.495466 -12.712968 47.036179
v 30.520445 -12.653399 47.162491
v 30.469620 -12.574227 47.294258
v 30.350447 -12.479425 47.389702
v 30.511511 -12.712968 46.990326
v 30.563969 -12.653399 47.107910
v 30.543739 -12.574227 47.247681
v 30.448793 -12.479425 47.367256
v 30.594259 -12.653399 47.045013
v 30.605639 -12.574227 47.185783
v 30.539680 -12.479425 47.323486
v 30.408478 -12.373744 47.417297
v 30.609793 -12.653399 46.976959
v 30.652210 -12.574227 47.111664
v 30.618547 -12.479425 47.260597
v 30.511511 -12.373744 47.381241
v 30.681122 -12.574227 47.029037
v 30.681444 -12.479425 47.181725
v 30.603937 -12.373744 47.323166
v 30.725212 -12.479425 47.090836
v 30.681122 -12.373744 47.245979
v 30.747660 -12.479425 46.992493
v 30.739197 -12.373744 47.153557
v 30.775249 -12.373744 47.050522
v -13.077611 -12.262512 47.295609
v -13.157070 -12.262512 47.192055
v -13.207021 -12.262512 47.071465
v -13.077610 -12.616066 46.942055
v -12.853466 -12.745475 46.942055
v -12.724056 -12.762511 46.942055
v -12.724056 -12.512511 47.375069
v -12.724056 -12.745475 47.071465
v -12.834618 -12.749975 46.954514
v -12.829073 -12.749975 46.978798
v -12.818263 -12.749975 47.001244
v -12.935559 -12.712996 46.990326
v -12.802730 -12.749975 47.020729
v -12.919515 -12.712996 47.036179
v -13.033841 -12.653428 46.976959
v -12.783251 -12.749975 47.036263
v -12.893668 -12.712996 47.077316
v -13.018308 -12.653428 47.045013
v -12.760803 -12.749975 47.047073
v -12.859318 -12.712996 47.111664
v -12.988018 -12.653428 47.107910
v -13.105171 -12.574256 47.029037
v -12.736514 -12.749975 47.052612
v -12.818183 -12.712996 47.137512
v -12.944493 -12.653428 47.162491
v -13.076260 -12.574256 47.111664
v -13.171708 -12.479454 46.992493
v -12.772330 -12.712996 47.153557
v -12.889915 -12.653428 47.206017
v -13.029688 -12.574256 47.185783
v -13.149261 -12.479454 47.090836
v -12.827020 -12.653428 47.236305
v -12.967789 -12.574256 47.247681
v -13.105493 -12.479454 47.181725
v -13.199300 -12.373773 47.050522
v -12.758961 -12.653427 47.251839
v -12.893668 -12.574256 47.294258
v -13.042597 -12.479454 47.260597
v -13.163247 -12.373773 47.153557
v -12.811044 -12.574256 47.323166
v -12.963728 -12.479454 47.323486
v -13.105172 -12.373773 47.245979
v -12.872842 -12.479454 47.367256
v -13.027987 -12.373773 47.323166
v -12.774495 -12.479453 47.389702
v -12.935560 -12.373773 47.381241
v -12.832528 -12.373773 47.417297
v 30.300007 -12.695497 47.192055
v 30.300007 -12.391893 47.425018
v 30.300007 -12.262484 47.442055
v -12.724057 -12.391921 47.425018
v -12.724056 -12.616065 47.295609
v -12.724056 -12.695524 47.192055
vn 0.1737 -0.0000 -0.9848
vn -0.0000 -0.0000 -1.0000
vn 0.3420 -0.0000 -0.9397
vn 0.5000 -0.0000 -0.8660
vn 0.6428 -0.0000 -0.7660
vn 0.7661 -0.0000 -0.6428
vn 0.8660 -0.0000 -0.5000
vn 0.9397 -0.0000 -0.3420
vn 0.9848 -0.0000 -0.1737
vn 1.0000 -0.0000 -0.0000
vn 0.9848 -0.0000 0.1737
vn 0.9397 -0.0000 0.3420
vn 0.8660 -0.0000 0.5000
vn 0.7660 -0.0000 0.6428
vn 0.6428 -0.0000 0.7660
vn 0.6428 -0.0000 0.7661
vn 0.5000 -0.0000 0.8660
vn 0.3420 -0.0000 0.9397
vn 0.1737 -0.0000 0.9848
vn -0.0000 -0.0000 1.0000
vn 0.6428 -0.0000 -0.7661
vn 0.7660 -0.0000 -0.6428
vn 0.9848 -0.0000 -0.1736
vn 0.9848 -0.0000 0.1736
vn 0.1736 -0.0000 -0.9848
vn 0.1736 -0.0000 0.9848
vn -0.0449 0.9659 -0.2549
vn -0.0000 0.9924 -0.1234
vn -0.0214 0.9924 -0.1215
vn -0.0000 0.9659 -0.2588
vn -0.1497 0.5063 -0.8493
vn -0.1721 0.1315 -0.9763
vn -0.0000 0.1315 -0.9913
vn -0.0000 0.5063 -0.8624
vn -0.0000 0.7071 -0.7071
vn -0.1228 0.7071 -0.6964
vn -0.0885 0.9659 -0.2432
vn -0.0422 0.9924 -0.1159
vn -0.2949 0.5063 -0.8103
vn -0.2418 0.7071 -0.6644
vn -0.3390 0.1315 -0.9315
vn -0.1294 0.9659 -0.2241
vn -0.0617 0.9924 -0.1069
vn -0.4312 0.5063 -0.7468
vn -0.3535 0.7071 -0.6124
vn -0.4957 0.1315 -0.8585
vn -0.1664 0.9659 -0.1983
vn -0.0793 0.9924 -0.0945
vn -0.4545 0.7071 -0.5417
vn -0.5543 0.5063 -0.6606
vn -0.6372 0.1315 -0.7594
vn -0.1983 0.9659 -0.1664
vn -0.0945 0.9924 -0.0793
vn -0.6606 0.5063 -0.5543
vn -0.5417 0.7071 -0.4545
vn -0.7594 0.1315 -0.6372
vn -0.2241 0.9659 -0.1294
vn -0.1069 0.9924 -0.0617
vn -0.7468 0.5063 -0.4312
vn -0.8585 0.1315 -0.4957
vn -0.6124 0.7071 -0.3535
vn -0.2432 0.9659 -0.0885
vn -0.1159 0.9924 -0.0422
vn -0.6645 0.7071 -0.2418
vn -0.8103 0.5063 -0.2949
vn -0.9315 0.1315 -0.3391
vn -0.2549 0.9659 -0.0449
vn -0.1215 0.9924 -0.0214
vn -0.8492 0.5063 -0.1497
vn -0.9763 0.1315 -0.1721
vn -0.6964 0.7071 -0.1228
vn -0.2588 0.9659 -0.0000
vn -0.1234 0.9924 -0.0000
vn -0.7071 0.7071 -0.0000
vn -0.8624 0.5063 -0.0000
vn -0.9913 0.1315 -0.0000
vn -0.2549 0.9659 0.0449
vn -0.1215 0.9924 0.0214
vn -0.8492 0.5063 0.1497
vn -0.9763 0.1315 0.1721
vn -0.6964 0.7071 0.1228
vn -0.2432 0.9659 0.0885
vn -0.1159 0.9924 0.0422
vn -0.8103 0.5063 0.2949
vn -0.9315 0.1315 0.3391
vn -0.6645 0.7071 0.2418
vn -0.2241 0.9659 0.1294
vn -0.1069 0.9924 0.0617
vn -0.7468 0.5063 0.4312
vn -0.8585 0.1315 0.4957
vn -0.6124 0.7071 0.3536
vn -0.1983 0.9659 0.1664
vn -0.0945 0.9924 0.0793
vn -0.6606 0.5063 0.5543
vn -0.7594 0.1315 0.6372
vn -0.5417 0.7071 0.4545
vn -0.1664 0.9659 0.1983
vn -0.0793 0.9924 0.0945
vn -0.4545 0.7071 0.5417
vn -0.5543 0.5063 0.6606
vn -0.6372 0.1315 0.7594
vn -0.4957 0.1315 0.8585
vn -0.1294 0.9659 0.2241
vn -0.0617 0.9924 0.1069
vn -0.4312 0.5063 0.7468
vn -0.3536 0.7071 0.6124
vn -0.3390 0.1315 0.9315
vn -0.0885 0.9659 0.2432
vn -0.0422 0.9924 0.1159
vn -0.2418 0.7071 0.6645
vn -0.2949 0.5063 0.8103
vn -0.0449 0.9659 0.2549
vn -0.0214 0.9924 0.1215
vn -0.0000 0.9924 0.1234
vn -0.0000 0.9659 0.2588
vn -0.1228 0.7071 0.6964
vn -0.1497 0.5063 0.8492
vn -0.0000 0.7071 0.7071
vn -0.0000 0.5063 0.8624
vn -0.0000 0.1315 0.9913
vn -0.1721 0.1315 0.9763
vn 0.8061 0.0982 -0.5835
vn 0.8206 0.0645 -0.5679
vn 0.7949 0.3813 -0.4720
vn -0.0000 0.9273 -0.3743
vn 0.0146 0.9957 -0.0920
vn -0.0000 0.9957 -0.0931
vn -0.0000 0.0966 -0.9953
vn 0.1560 0.0966 -0.9830
vn -0.0000 0.3862 -0.9224
vn 0.3031 0.9273 -0.2195
vn 0.0616 0.9922 -0.1086
vn 0.0754 0.9957 -0.0546
vn 0.2939 0.9293 -0.2236
vn 0.5687 0.7120 -0.4118
vn 0.6058 0.7015 -0.3755
vn 0.7471 0.3862 -0.5410
vn 0.2650 0.9273 -0.2643
vn 0.0660 0.9957 -0.0658
vn 0.4971 0.7120 -0.4959
vn 0.6531 0.3862 -0.6514
vn 0.7048 0.0977 -0.7027
vn 0.2203 0.9273 -0.3026
vn 0.0548 0.9957 -0.0753
vn 0.4133 0.7120 -0.5676
vn 0.5430 0.3862 -0.7457
vn 0.5860 0.0973 -0.8045
vn 0.1702 0.9273 -0.3334
vn 0.0424 0.9957 -0.0830
vn 0.3193 0.7120 -0.6254
vn 0.4194 0.3862 -0.8216
vn 0.4526 0.0970 -0.8864
vn 0.1158 0.9273 -0.3559
vn 0.0288 0.9957 -0.0886
vn 0.2173 0.7120 -0.6677
vn 0.2855 0.3862 -0.8771
vn 0.3081 0.0968 -0.9464
vn 0.0586 0.9273 -0.3697
vn 0.1100 0.7120 -0.6935
vn -0.0000 0.7120 -0.7022
vn 0.1445 0.3862 -0.9110
vn 0.0104 0.9223 0.3864
vn 0.0398 0.9925 0.1160
vn -0.1099 0.9193 0.3778
vn -0.0046 0.7161 0.6980
vn -0.2244 0.7230 0.6534
vn -0.2155 0.5857 0.7814
vn 0.0100 0.3823 0.9240
vn -0.3308 0.3773 0.8650
vn -0.2052 0.3684 0.9067
vn -0.2116 0.1052 0.9717
vn 0.0142 0.0434 0.9990
vn -0.3099 0.0709 0.9481
vn 0.1721 0.1315 0.9763
vn 0.3390 0.1315 0.9315
vn 0.4957 0.1315 0.8585
vn 0.6372 0.1315 0.7594
vn 0.7594 0.1315 0.6372
vn 0.8585 0.1315 0.4957
vn 0.9315 0.1315 0.3390
vn 0.9763 0.1315 0.1721
vn 0.9913 0.1315 -0.0000
vn 0.9763 0.1315 -0.1721
vn 0.9315 0.1315 -0.3391
vn 0.8585 0.1315 -0.4957
vn 0.7594 0.1315 -0.6372
vn 0.6372 0.1315 -0.7594
vn 0.4957 0.1315 -0.8585
vn 0.3391 0.1315 -0.9315
vn 0.1721 0.1315 -0.9763
vn 0.0073 -0.0000 1.0000
vn -0.1418 0.0985 0.9850
vn 0.0006 0.1052 0.9944
vn -0.1424 -0.0000 0.9898
vn -0.2806 0.0985 0.9548
vn -0.2820 -0.0000 0.9594
vn -0.2179 -0.0070 0.9759
vn 0.1607 -0.3789 -0.9114
vn -0.0000 -0.0975 -0.9952
vn 0.1728 -0.0975 -0.9801
vn -0.0000 -0.3789 -0.9254
vn 0.1237 -0.7017 -0.7016
vn -0.0000 -0.7017 -0.7124
vn 0.0680 -0.9200 -0.3859
vn 0.0180 -0.9946 -0.1018
vn -0.0000 -0.9946 -0.1034
vn -0.0000 -0.9200 -0.3919
vn 0.3165 -0.3789 -0.8696
vn 0.3404 -0.0975 -0.9352
vn 0.2437 -0.7017 -0.6695
vn 0.1340 -0.9200 -0.3682
vn 0.0354 -0.9946 -0.0972
vn 0.4627 -0.3789 -0.8015
vn 0.4976 -0.0975 -0.8619
vn 0.3562 -0.7017 -0.6170
vn 0.1959 -0.9200 -0.3394
vn 0.0517 -0.9946 -0.0895
vn 0.5949 -0.3789 -0.7089
vn 0.6397 -0.0975 -0.7624
vn 0.4580 -0.7017 -0.5458
vn 0.2519 -0.9200 -0.3002
vn 0.0665 -0.9946 -0.0792
vn 0.0792 -0.9946 -0.0665
vn 0.7089 -0.3789 -0.5949
vn 0.7624 -0.0975 -0.6397
vn 0.5458 -0.7017 -0.4579
vn 0.3002 -0.9200 -0.2519
vn 0.8014 -0.3789 -0.4627
vn 0.8619 -0.0975 -0.4976
vn 0.6170 -0.7017 -0.3562
vn 0.3394 -0.9200 -0.1959
vn 0.0895 -0.9946 -0.0517
vn 0.8696 -0.3789 -0.3165
vn 0.9352 -0.0975 -0.3404
vn 0.6695 -0.7017 -0.2437
vn 0.3682 -0.9200 -0.1340
vn 0.0972 -0.9946 -0.0354
vn 0.1018 -0.9946 -0.0180
vn 0.9114 -0.3789 -0.1607
vn 0.9801 -0.0975 -0.1728
vn 0.7016 -0.7017 -0.1237
vn 0.3859 -0.9200 -0.0680
vn 0.9254 -0.3789 -0.0000
vn 0.9952 -0.0975 -0.0000
vn 0.7125 -0.7017 -0.0000
vn 0.3919 -0.9200 -0.0000
vn 0.1034 -0.9946 -0.0000
vn 0.9114 -0.3789 0.1607
vn 0.9801 -0.0975 0.1728
vn 0.7016 -0.7017 0.1237
vn 0.3859 -0.9200 0.0680
vn 0.1018 -0.9946 0.0180
vn 0.8696 -0.3789 0.3165
vn 0.9352 -0.0975 0.3404
vn 0.6695 -0.7017 0.2437
vn 0.3682 -0.9200 0.1340
vn 0.0972 -0.9946 0.0354
vn 0.0895 -0.9946 0.0517
vn 0.8014 -0.3789 0.4627
vn 0.8619 -0.0975 0.4976
vn 0.6170 -0.7017 0.3562
vn 0.3394 -0.9200 0.1959
vn 0.7089 -0.3789 0.5949
vn 0.7624 -0.0975 0.6397
vn 0.5458 -0.7017 0.4580
vn 0.3002 -0.9200 0.2519
vn 0.0792 -0.9946 0.0665
vn 0.5949 -0.3789 0.7089
vn 0.6397 -0.0975 0.7624
vn 0.4579 -0.7017 0.5458
vn 0.2519 -0.9200 0.3002
vn 0.0665 -0.9946 0.0792
vn 0.4627 -0.3789 0.8014
vn 0.4976 -0.0975 0.8619
vn 0.3562 -0.7017 0.6170
vn 0.1959 -0.9200 0.3394
vn 0.0517 -0.9946 0.0896
vn 0.3165 -0.3789 0.8696
vn 0.3404 -0.0975 0.9352
vn 0.2437 -0.7017 0.6695
vn 0.1340 -0.9200 0.3682
vn 0.0354 -0.9946 0.0972
vn 0.1607 -0.3789 0.9114
vn 0.1728 -0.0975 0.9801
vn -0.0000 -0.0975 0.9952
vn -0.0000 -0.3789 0.9254
vn 0.1237 -0.7017 0.7016
vn -0.0000 -0.7017 0.7124
vn 0.0680 -0.9200 0.3859
vn -0.0000 -0.9200 0.3919
vn -0.0000 -0.9946 0.1034
vn 0.0180 -0.9946 0.1018
vn -0.0000 -0.7071 -0.7071
vn 0.1228 -0.7071 -0.6964
vn 0.2418 -0.7071 -0.6645
vn 0.3536 -0.7071 -0.6124
vn 0.4545 -0.7071 -0.5417
vn 0.5417 -0.7071 -0.4545
vn 0.6124 -0.7071 -0.3536
vn 0.6645 -0.7071 -0.2418
vn 0.6964 -0.7071 -0.1228
vn 0.7071 -0.7071 -0.0000
vn 0.6964 -0.7071 0.1228
vn 0.6645 -0.7071 0.2418
vn 0.6124 -0.7071 0.3535
vn 0.6124 -0.7071 0.3536
vn 0.5417 -0.7071 0.4545
vn 0.4545 -0.7071 0.5417
vn 0.3535 -0.7071 0.6124
vn 0.2418 -0.7071 0.6645
vn 0.2419 -0.7071 0.6645
vn 0.1228 -0.7071 0.6964
vn -0.0000 -0.7071 0.7071
vn 0.0517 -0.9946 -0.0896
vn 0.5458 -0.7017 -0.4580
vn 0.0896 -0.9946 -0.0517
vn 0.8015 -0.3789 -0.4627
vn 0.7124 -0.7017 -0.0000
vn 0.3918 -0.9200 -0.0000
vn 0.8015 -0.3789 0.4627
vn 0.0896 -0.9946 0.0517
vn -0.0000 1.0000 -0.0000
vn -0.0485 0.9976 0.0485
vn -0.0485 0.9976 -0.0485
vn 0.0485 0.9976 0.0485
vn 0.0485 0.9976 -0.0485
vn -0.0444 -0.2112 0.9764
vn 0.0693 -0.0915 0.9934
vn 0.0752 -0.0000 0.9972
vn -0.0542 -0.1192 0.9914
vn -0.0747 -0.0000 0.9972
vn -0.0678 -0.0909 0.9936
vn 0.0232 -0.1068 0.9940
vn 0.0713 -0.1563 0.9851
vn 0.1383 -0.9871 0.0809
vn 0.0918 -0.9920 0.0869
vn 0.0487 -0.9919 0.1172
vn -0.0417 -0.9913 0.1248
vn 0.1226 -0.9884 0.0896
vn 0.1084 -0.9884 0.1062
vn 0.1173 -0.9919 0.0482
vn 0.0887 -0.9920 0.0900
vn 0.0839 -0.9871 0.1365
vn -0.0829 -0.9910 -0.1053
vn 0.1088 -0.9884 -0.1058
vn 0.0926 -0.9884 -0.1203
vn 0.0921 -0.9884 0.1210
vn 0.1232 -0.9884 -0.0892
vn 0.0842 -0.9871 -0.1363
vn 0.1384 -0.9871 -0.0806
vn 0.1077 -0.9938 -0.0262
vn 0.0585 -0.9945 -0.0863
vn 0.0487 -0.9919 -0.1172
vn 0.0918 -0.9920 -0.0869
vn -0.0000 -1.0000 -0.0000
vn -0.0481 -0.9977 0.0481
vn -0.0481 -0.9977 -0.0481
vn -0.1639 -0.9851 0.0511
vn 0.0481 -0.9977 0.0481
vn -0.1688 -0.9715 -0.1667
vn -0.1700 -0.9843 -0.0470
vn 0.0481 -0.9977 -0.0481
vn -0.9968 0.0555 -0.0571
vn -0.9963 -0.0605 -0.0606
vn -0.9963 -0.0605 0.0605
vn -0.9968 0.0555 0.0571
vn 0.0571 0.0555 0.9968
vn -0.0571 0.0555 0.9968
vn -0.0606 -0.0605 0.9963
vn 0.0606 -0.0605 0.9963
vn 0.9968 0.0555 0.0571
vn 0.9963 -0.0605 0.0605
vn 0.9963 -0.0605 -0.0605
vn 0.9968 0.0555 -0.0571
vn -0.0571 0.0555 -0.9968
vn 0.0606 -0.0605 -0.9963
vn -0.0606 -0.0605 -0.9963
vn 0.0571 0.0555 -0.9968
vn 0.0748 -0.0000 -0.9972
vn 0.0678 -0.0909 -0.9936
vn -0.0444 -0.2112 -0.9764
vn -0.0652 -0.1433 -0.9875
vn 0.3035 -0.0003 -0.9528
vn 0.3051 -0.0424 -0.9514
vn 0.5786 -0.0005 -0.8156
vn 0.7982 -0.0412 -0.6010
vn 0.5721 -0.1414 -0.8079
vn 0.7978 -0.0004 -0.6029
vn 0.9045 -0.1108 -0.4118
vn 0.9000 -0.0000 -0.4359
vn 0.8850 -0.0000 -0.4656
vn 0.8674 -0.1741 -0.4661
vn 0.8086 -0.0000 -0.5884
vn 0.7965 -0.1679 -0.5808
vn 0.7154 -0.0001 -0.6987
vn 0.7049 -0.1677 -0.6892
vn 0.6072 -0.0001 -0.7945
vn 0.4858 -0.1744 -0.8565
vn 0.5987 -0.1678 -0.7832
vn 0.4864 -0.0000 -0.8738
vn 0.4303 -0.1100 -0.8960
vn 0.4557 -0.0002 -0.8902
vn 0.6179 -0.0427 -0.7851
vn 0.6174 -0.0003 -0.7866
vn 0.8165 -0.1036 -0.5680
vn 0.8241 -0.0003 -0.5664
vn 0.9521 -0.1089 -0.2856
vn 0.9549 -0.0006 -0.2968
vn 0.9973 -0.0003 -0.0740
vn 0.9924 -0.0973 -0.0754
vn 0.9973 -0.0002 0.0735
vn 0.9937 -0.0908 0.0662
vn 0.9535 -0.0427 0.2985
vn 0.9547 -0.0003 0.2975
vn 0.8149 -0.1392 0.5626
vn 0.8223 -0.0003 0.5690
vn 0.6149 -0.0414 0.7875
vn 0.6168 -0.0006 0.7871
vn 0.4561 -0.0003 0.8899
vn 0.4318 -0.1106 0.8952
vn 0.4864 -0.0000 0.8737
vn 0.4865 -0.1742 0.8561
vn 0.6074 -0.0000 0.7944
vn 0.5995 -0.1679 0.7826
vn 0.7154 -0.0001 0.6987
vn 0.7057 -0.1677 0.6884
vn 0.8087 -0.0001 0.5883
vn 0.8677 -0.1743 0.4655
vn 0.7971 -0.1678 0.5801
vn 0.8850 -0.0000 0.4655
vn 0.9052 -0.1102 0.4104
vn 0.9002 -0.0000 0.4356
vn 0.7973 -0.0003 0.6036
vn 0.7954 -0.0423 0.6046
vn 0.5763 -0.0005 0.8173
vn 0.3007 -0.0412 0.9528
vn 0.5711 -0.1413 0.8086
vn 0.3026 -0.0004 0.9531
vn -1.0000 -0.0000 -0.0000
vn -0.3035 -0.0003 0.9528
vn -0.3051 -0.0424 0.9514
vn -0.5786 -0.0005 0.8156
vn -0.7982 -0.0412 0.6010
vn -0.5721 -0.1414 0.8079
vn -0.7978 -0.0004 0.6029
vn -0.8954 -0.0915 0.4357
vn -0.8968 -0.0000 0.4425
vn -0.8711 -0.0000 0.4910
vn -0.8669 -0.0986 0.4886
vn -0.7733 -0.0000 0.6341
vn -0.7695 -0.0986 0.6310
vn -0.6522 -0.0000 0.7581
vn -0.6490 -0.0985 0.7544
vn -0.5115 -0.0000 0.8593
vn -0.5090 -0.0986 0.8551
vn -0.4621 -0.0002 0.8868
vn -0.4540 -0.0907 0.8864
vn -0.6179 -0.0427 0.7851
vn -0.6175 -0.0003 0.7866
vn -0.8155 -0.1391 0.5617
vn -0.8241 -0.0003 0.5664
vn -0.9547 -0.0414 0.2948
vn -0.9549 -0.0006 0.2968
vn -0.9973 -0.0003 0.0740
vn -0.9935 -0.0913 0.0679
vn -0.9973 -0.0002 -0.0735
vn -0.9937 -0.0908 -0.0662
vn -0.9535 -0.0427 -0.2985
vn -0.9547 -0.0003 -0.2975
vn -0.8149 -0.1391 -0.5626
vn -0.8224 -0.0003 -0.5690
vn -0.6149 -0.0414 -0.7875
vn -0.6168 -0.0006 -0.7871
vn -0.4625 -0.0003 -0.8866
vn -0.4555 -0.0912 -0.8856
vn -0.5115 -0.0000 -0.8593
vn -0.5090 -0.0985 -0.8551
vn -0.6522 -0.0000 -0.7581
vn -0.6490 -0.0985 -0.7544
vn -0.7733 -0.0000 -0.6341
vn -0.7695 -0.0985 -0.6310
vn -0.8711 -0.0000 -0.4910
vn -0.8669 -0.0985 -0.4886
vn -0.8970 -0.0000 -0.4421
vn -0.8962 -0.0908 -0.4343
vn -0.7973 -0.0003 -0.6036
vn -0.7954 -0.0424 -0.6046
vn -0.5763 -0.0005 -0.8173
vn -0.3007 -0.0413 -0.9528
vn -0.5712 -0.1414 -0.8086
vn -0.3027 -0.0004 -0.9531
vn -0.0693 -0.0916 -0.9934
vn -0.0752 -0.0000 -0.9972
vn 0.0232 -0.1068 -0.9940
vn 0.0713 -0.1564 -0.9851
vn -0.0807 -0.9957 0.0455
vn -0.0487 -0.9919 0.1172
vn -0.0903 -0.9920 0.0879
vn -0.0474 -0.9957 0.0796
vn -0.0896 -0.9920 0.0885
vn -0.1173 -0.9919 0.0482
vn -0.0716 -0.9957 0.0587
vn -0.0604 -0.9957 0.0702
vn -0.1173 -0.9919 -0.0482
vn 0.0253 -0.9962 0.0833
vn -0.0474 -0.9957 -0.0796
vn -0.0896 -0.9920 -0.0885
vn -0.0604 -0.9957 -0.0702
vn -0.0717 -0.9957 -0.0587
vn -0.0807 -0.9957 -0.0455
vn -0.0487 -0.9919 -0.1172
vn -0.0903 -0.9920 -0.0879
vn 0.0253 -0.9962 -0.0833
vn -0.1728 -0.0975 -0.9801
vn -0.1737 -0.0000 -0.9848
vn -0.3404 -0.0975 -0.9352
vn -0.3420 -0.0000 -0.9397
vn -0.4976 -0.0975 -0.8619
vn -0.5000 -0.0000 -0.8660
vn -0.6397 -0.0975 -0.7624
vn -0.6428 -0.0000 -0.7660
vn -0.7624 -0.0975 -0.6397
vn -0.7660 -0.0000 -0.6428
vn -0.8619 -0.0975 -0.4976
vn -0.8660 -0.0000 -0.5000
vn -0.9352 -0.0975 -0.3404
vn -0.9397 -0.0000 -0.3420
vn -0.9801 -0.0975 -0.1728
vn -0.9848 -0.0000 -0.1736
vn -0.9952 -0.0975 -0.0000
vn -0.9801 -0.0975 0.1728
vn -0.9848 -0.0000 0.1736
vn -0.9397 -0.0000 0.3420
vn -0.9352 -0.0975 0.3404
vn -0.8619 -0.0975 0.4976
vn -0.8660 -0.0000 0.5000
vn -0.7624 -0.0975 0.6397
vn -0.7660 -0.0000 0.6428
vn -0.6428 -0.0000 0.7660
vn -0.6397 -0.0975 0.7624
vn -0.5000 -0.0000 0.8660
vn -0.4976 -0.0975 0.8619
vn -0.3404 -0.0975 0.9352
vn -0.3420 -0.0000 0.9397
vn -0.1736 -0.0000 0.9848
vn -0.1728 -0.0975 0.9801
vn -0.0665 -0.9946 0.0792
vn -0.0792 -0.9946 0.0665
vn -0.0517 -0.9946 0.0896
vn -0.0895 -0.9946 0.0517
vn -0.0354 -0.9946 0.0972
vn -0.0972 -0.9946 0.0354
vn -0.0180 -0.9946 0.1018
vn -0.1018 -0.9946 0.0180
vn -0.1034 -0.9946 -0.0000
vn -0.1018 -0.9946 -0.0180
vn -0.0972 -0.9946 -0.0354
vn -0.0895 -0.9946 -0.0517
vn -0.0792 -0.9946 -0.0665
vn -0.0665 -0.9946 -0.0792
vn -0.0517 -0.9946 -0.0896
vn -0.0354 -0.9946 -0.0972
vn -0.0180 -0.9946 -0.1018
vn -0.1736 -0.0000 -0.9848
vn -0.0896 -0.9946 0.0517
vn -0.0896 -0.9946 -0.0517
vn -0.1737 -0.0000 0.9848
vn -0.1607 -0.3789 0.9114
vn -0.1237 -0.7017 0.7016
vn -0.0680 -0.9200 0.3859
vn -0.3165 -0.3789 0.8696
vn -0.2437 -0.7017 0.6695
vn -0.1340 -0.9200 0.3682
vn -0.4627 -0.3789 0.8014
vn -0.3562 -0.7017 0.6170
vn -0.1959 -0.9200 0.3394
vn -0.5949 -0.3789 0.7089
vn -0.4580 -0.7017 0.5458
vn -0.2519 -0.9200 0.3002
vn -0.7089 -0.3789 0.5949
vn -0.5458 -0.7017 0.4580
vn -0.3002 -0.9200 0.2519
vn -0.8015 -0.3789 0.4627
vn -0.6170 -0.7017 0.3562
vn -0.3394 -0.9200 0.1959
vn -0.8696 -0.3789 0.3165
vn -0.6695 -0.7017 0.2437
vn -0.3682 -0.9200 0.1340
vn -0.9114 -0.3789 0.1607
vn -0.7016 -0.7017 0.1237
vn -0.3859 -0.9200 0.0680
vn -0.9254 -0.3789 -0.0000
vn -0.7124 -0.7017 -0.0000
vn -0.3919 -0.9200 -0.0000
vn -0.9114 -0.3789 -0.1607
vn -0.7016 -0.7017 -0.1237
vn -0.3859 -0.9200 -0.0680
vn -0.8696 -0.3789 -0.3165
vn -0.6695 -0.7017 -0.2437
vn -0.3682 -0.9200 -0.1340
vn -0.8014 -0.3789 -0.4627
vn -0.6170 -0.7017 -0.3562
vn -0.3394 -0.9200 -0.1959
vn -0.7089 -0.3789 -0.5949
vn -0.5458 -0.7017 -0.4579
vn -0.3002 -0.9200 -0.2519
vn -0.5949 -0.3789 -0.7089
vn -0.4580 -0.7017 -0.5458
vn -0.2519 -0.9200 -0.3002
vn -0.4627 -0.3789 -0.8015
vn -0.3562 -0.7017 -0.6170
vn -0.1959 -0.9200 -0.3394
vn -0.3165 -0.3789 -0.8696
vn -0.2437 -0.7017 -0.6695
vn -0.1340 -0.9200 -0.3682
vn -0.1607 -0.3789 -0.9114
vn -0.1237 -0.7017 -0.7016
vn -0.0680 -0.9200 -0.3859
vn -0.1228 -0.7071 0.6964
vn -0.2418 -0.7071 0.6645
vn -0.3535 -0.7071 0.6124
vn -0.4545 -0.7071 0.5417
vn -0.5417 -0.7071 0.4545
vn -0.6124 -0.7071 0.3536
vn -0.6645 -0.7071 0.2418
vn -0.6964 -0.7071 0.1228
vn -0.7071 -0.7071 -0.0000
vn -0.6964 -0.7071 -0.1228
vn -0.6645 -0.7071 -0.2418
vn -0.6124 -0.7071 -0.3536
vn -0.5417 -0.7071 -0.4545
vn -0.4545 -0.7071 -0.5417
vn -0.3536 -0.7071 -0.6124
vn -0.2418 -0.7071 -0.6645
vn -0.2419 -0.7071 -0.6645
vn -0.1228 -0.7071 -0.6964
vn -0.4579 -0.7017 -0.5458
vn 0.4091 -0.8904 0.1996
vn 0.3903 -0.9166 -0.0869
vn 0.4091 -0.8904 -0.1996
vn 0.3903 -0.9166 0.0869
vn 0.9986 -0.0523 -0.0000
vn 0.1224 -0.9902 -0.0665
vn 0.1224 -0.9902 0.0665
vn 0.2944 -0.9554 -0.0236
vn 0.2944 -0.9554 0.0236
vn -0.3408 -0.9333 0.1132
vn -0.3381 -0.9351 -0.1067
vn 0.1232 -0.3760 -0.9184
vn 0.2147 -0.4712 -0.8555
vn 0.2639 -0.6301 -0.7303
vn 0.3597 -0.7779 -0.5153
vn 0.3919 -0.8325 -0.3917
vn 0.0430 -0.3918 -0.9190
vn 0.2676 -0.9625 -0.0443
vn 0.2634 -0.9566 -0.1246
vn 0.2199 -0.9619 -0.1625
vn 0.1623 -0.9638 -0.2115
vn 0.0407 -0.9694 -0.2419
vn 0.0158 -0.9227 -0.3852
vn 0.3825 -0.8796 -0.2829
vn 0.2514 -0.8613 -0.4416
vn 0.0995 -0.8582 -0.5036
vn 0.0168 -0.6994 -0.7145
vn 0.3392 -0.7158 -0.6104
vn 0.1035 -0.6836 -0.7225
vn -0.0638 -0.3848 -0.9208
vn -0.0849 -0.7051 -0.7040
vn -0.0727 -0.9211 -0.3826
vn -0.2870 -0.8673 -0.4066
vn -0.3263 -0.9216 -0.2102
vn -0.6201 -0.7062 -0.3417
vn -0.4396 -0.6460 -0.6240
vn -0.3139 -0.4335 -0.8447
vn -0.3147 -0.1926 -0.9295
vn -0.6938 -0.4349 -0.5741
vn -0.8308 -0.3857 -0.4012
vn -0.7753 -0.1933 -0.6013
vn -0.4218 -0.3856 -0.8206
vn -0.3253 -0.9277 -0.1834
vn -0.6112 -0.7125 -0.3445
vn -0.8034 -0.3865 -0.4529
vn -0.2888 -0.9277 -0.2368
vn -0.5426 -0.7125 -0.4449
vn -0.7132 -0.3865 -0.5848
vn -0.2435 -0.9277 -0.2831
vn -0.4576 -0.7125 -0.5319
vn -0.6015 -0.3865 -0.6991
vn -0.1910 -0.9277 -0.3209
vn -0.2161 -0.9221 -0.3209
vn -0.3589 -0.7125 -0.6029
vn -0.3550 -0.7056 -0.6133
vn -0.4718 -0.3865 -0.7925
vn -0.4095 -0.8673 -0.2829
vn -0.3823 -0.9212 -0.0722
vn -0.7037 -0.7055 -0.0837
vn -0.6266 -0.6474 -0.4338
vn -0.5900 -0.4322 -0.6820
vn -0.6201 -0.1932 -0.7604
vn -0.8479 -0.4335 -0.3053
vn -0.9208 -0.3853 -0.0600
vn -0.9329 -0.1938 -0.3035
vn -0.9208 -0.3850 0.0624
vn -0.7043 -0.7050 0.0834
vn -0.3820 -0.9214 0.0717
vn -0.4100 -0.8673 0.2822
vn -0.2167 -0.9219 0.3210
vn -0.3551 -0.7061 0.6127
vn -0.6282 -0.6474 0.4315
vn -0.8472 -0.4322 0.3090
vn -0.9311 -0.1931 0.3094
vn -0.5867 -0.4334 0.6840
vn -0.4195 -0.3859 0.8216
vn -0.6153 -0.1938 0.7641
vn -0.3262 -0.9218 0.2095
vn -0.1910 -0.9277 0.3209
vn -0.3589 -0.7125 0.6029
vn -0.4717 -0.3865 0.7925
vn -0.2435 -0.9277 0.2831
vn -0.4576 -0.7125 0.5319
vn -0.6015 -0.3865 0.6991
vn -0.2888 -0.9277 0.2368
vn -0.5426 -0.7125 0.4449
vn -0.7132 -0.3865 0.5848
vn -0.3253 -0.9277 0.1834
vn -0.6207 -0.7057 0.3416
vn -0.6112 -0.7125 0.3445
vn -0.8299 -0.3854 0.4035
vn -0.8034 -0.3865 0.4529
vn -0.2878 -0.8673 0.4062
vn -0.0732 -0.9209 0.3828
vn -0.0852 -0.7056 0.7034
vn -0.4419 -0.6460 0.6224
vn -0.6918 -0.4335 0.5774
vn -0.7715 -0.1926 0.6064
vn -0.3102 -0.4348 0.8454
vn -0.0613 -0.3851 0.9209
vn -0.3086 -0.1933 0.9313
vn 0.0430 -0.3918 0.9190
vn 0.0168 -0.6994 0.7146
vn 0.0158 -0.9227 0.3852
vn 0.1232 -0.3760 0.9184
vn 0.2639 -0.6301 0.7303
vn 0.0407 -0.9694 0.2419
vn 0.1623 -0.9638 0.2115
vn 0.0995 -0.8582 0.5036
vn 0.2199 -0.9619 0.1625
vn 0.2513 -0.8613 0.4415
vn 0.1035 -0.6836 0.7225
vn 0.2635 -0.9566 0.1247
vn 0.3824 -0.8797 0.2827
vn 0.3918 -0.8325 0.3917
vn 0.3393 -0.7158 0.6104
vn 0.2675 -0.9625 0.0443
vn 0.3597 -0.7779 0.5153
vn 0.2147 -0.4713 0.8555
vn -0.3748 -0.8237 0.4255
vn -0.2517 -0.5971 0.7616
vn -0.2698 -0.5931 0.7585
vn -0.1704 -0.3821 0.9083
vn 0.0152 -0.6361 0.7715
vn -0.2594 -0.9653 0.0307
vn -0.2199 -0.9619 0.1625
vn -0.1623 -0.9638 0.2115
vn -0.1321 -0.9608 0.2437
vn -0.9857 0.0012 0.1687
vn -0.3297 -0.8828 0.3345
vn -0.2688 -0.8547 0.4441
vn 0.4421 -0.8268 0.3478
vn 0.6326 -0.6858 0.3598
vn -0.1729 -0.8487 0.4999
vn -0.3718 -0.7112 0.5966
vn -0.0881 -0.5862 0.8053
vn -0.0389 -0.8044 0.5928
vn 0.0638 -0.3848 0.9208
vn 0.0849 -0.7051 0.7040
vn 0.0727 -0.9211 0.3825
vn 0.2870 -0.8673 0.4067
vn 0.3338 -0.9207 0.2023
vn 0.6250 -0.7091 0.3264
vn 0.4396 -0.6460 0.6240
vn 0.3139 -0.4335 0.8447
vn 0.3147 -0.1926 0.9295
vn 0.6938 -0.4348 0.5741
vn 0.8622 -0.3649 0.3514
vn 0.7753 -0.1933 0.6013
vn 0.3894 -0.9075 0.1578
vn 0.6314 -0.7129 0.3051
vn 0.1668 -0.9075 0.3855
vn 0.2084 -0.9212 0.3286
vn 0.3196 -0.7129 0.6242
vn 0.6734 -0.7180 0.1762
vn 0.8059 -0.5126 0.2963
vn 0.7650 -0.5400 0.3509
vn 0.3572 -0.9011 0.2457
vn 0.7479 -0.4551 0.4833
vn 0.5991 -0.7084 0.3732
vn 0.3779 -0.9011 0.2126
vn 0.5702 -0.7090 0.4150
vn 0.7640 -0.4547 0.4578
vn 0.3175 -0.9013 0.2948
vn 0.6704 -0.4545 0.5866
vn 0.5390 -0.7083 0.4558
vn 0.3434 -0.9012 0.2643
vn 0.5045 -0.7089 0.4928
vn 0.6907 -0.4540 0.5629
vn 0.2719 -0.9012 0.3374
vn 0.5793 -0.4548 0.6765
vn 0.4679 -0.7083 0.5285
vn 0.3016 -0.9011 0.3116
vn 0.4285 -0.7089 0.5602
vn 0.6022 -0.4544 0.6564
vn 0.2210 -0.9012 0.3729
vn 0.4763 -0.4553 0.7522
vn 0.3874 -0.7084 0.5899
vn 0.2540 -0.9012 0.3512
vn 0.5017 -0.4547 0.7359
vn 0.3690 -0.5400 0.7565
vn 0.1917 -0.7179 0.6692
vn 0.3397 -0.7085 0.6186
vn 0.3152 -0.5127 0.7986
vn 0.3727 -0.3648 0.8532
vn 0.4095 -0.8673 0.2829
vn 0.3823 -0.9212 0.0722
vn 0.7038 -0.7055 0.0837
vn 0.6266 -0.6474 0.4338
vn 0.5900 -0.4322 0.6820
vn 0.6201 -0.1931 0.7604
vn 0.8479 -0.4335 0.3053
vn 0.9209 -0.3853 0.0600
vn 0.9329 -0.1938 0.3035
vn 0.9216 -0.3787 -0.0855
vn 0.7106 -0.7017 -0.0528
vn 0.3851 -0.9212 -0.0555
vn 0.6710 -0.7046 -0.2308
vn 0.3152 -0.9082 -0.2755
vn 0.1907 -0.9171 -0.3501
vn 0.3420 -0.7065 -0.6196
vn 0.8355 -0.3717 -0.4046
vn 0.5969 -0.5722 -0.5624
vn 0.3839 -0.3700 -0.8460
vn 0.6007 -0.2462 -0.7606
vn 0.1672 -0.9074 -0.3856
vn 0.3202 -0.7128 -0.6240
vn 0.2542 -0.9011 -0.3513
vn 0.5007 -0.4553 -0.7362
vn 0.3873 -0.7084 -0.5901
vn 0.2216 -0.9011 -0.3727
vn 0.4758 -0.4545 -0.7530
vn 0.4286 -0.7090 -0.5601
vn 0.3894 -0.9075 -0.1576
vn 0.3337 -0.9209 -0.2017
vn 0.6317 -0.7129 -0.3047
vn 0.1923 -0.7180 -0.6690
vn 0.3154 -0.5126 -0.7986
vn 0.3690 -0.5400 -0.7565
vn 0.3024 -0.9013 -0.3102
vn 0.6022 -0.4545 -0.6563
vn 0.4684 -0.7083 -0.5280
vn 0.2725 -0.9012 -0.3369
vn 0.5047 -0.7089 -0.4926
vn 0.5791 -0.4539 -0.6772
vn 0.3438 -0.9013 -0.2637
vn 0.6900 -0.4548 -0.5631
vn 0.5395 -0.7083 -0.4552
vn 0.3187 -0.9011 -0.2941
vn 0.5702 -0.7089 -0.4150
vn 0.6705 -0.4543 -0.5866
vn 0.3781 -0.9012 -0.2120
vn 0.7633 -0.4553 -0.4584
vn 0.5989 -0.7084 -0.3733
vn 0.3571 -0.9012 -0.2456
vn 0.7476 -0.4546 -0.4841
vn 0.7651 -0.5399 -0.3509
vn 0.6736 -0.7179 -0.1758
vn 0.6257 -0.7086 -0.3263
vn 0.8059 -0.5127 -0.2962
vn 0.8614 -0.3646 -0.3536
vn 0.2878 -0.8673 -0.4061
vn 0.0732 -0.9209 -0.3828
vn 0.0852 -0.7056 -0.7034
vn 0.4419 -0.6460 -0.6224
vn 0.6918 -0.4335 -0.5774
vn 0.7715 -0.1926 -0.6064
vn 0.3101 -0.4348 -0.8454
vn 0.0613 -0.3851 -0.9209
vn 0.3086 -0.1933 -0.9313
vn -0.0309 -0.5988 -0.8003
vn -0.2623 -0.5996 -0.7561
vn 0.8922 -0.4173 -0.1728
vn -0.1020 -0.9638 -0.2463
vn -0.0273 -0.9591 -0.2817
vn -0.1623 -0.9638 -0.2115
vn -0.0204 -0.8695 -0.4934
vn 0.0318 -0.8239 -0.5658
vn -0.2115 -0.9638 -0.1623
vn -0.2687 -0.8547 -0.4441
vn -0.0881 -0.5865 -0.8051
vn -0.2472 -0.9687 -0.0214
vn -0.4529 -0.7940 -0.4055
vn -0.3777 -0.7100 -0.5943
vn -0.6188 0.7642 0.1820
vn -0.3318 -0.9226 -0.1969
vn -0.6323 -0.5993 -0.4909
vn -0.1883 -0.4191 -0.8882
vn -0.2914 -0.6393 -0.7116
vn 0.9114 -0.0000 0.4115
vn 0.9944 -0.0000 0.1058
vn 0.9755 0.1938 0.1040
vn 0.8800 0.2292 0.4160
vn 0.6614 -0.0000 0.7501
vn 0.6565 0.2290 0.7187
vn 0.4255 -0.0000 0.9049
vn 0.4259 0.1881 0.8850
vn 0.9944 -0.0000 -0.1058
vn 0.9755 0.1938 -0.1040
vn 0.6613 -0.0000 -0.7501
vn 0.4319 -0.0000 -0.9019
vn 0.4235 0.1947 -0.8847
vn 0.6565 0.2290 -0.7187
vn 0.9114 -0.0000 -0.4115
vn 0.8800 0.2292 -0.4160
vn 0.4397 0.1974 -0.8762
vn 0.4502 -0.0000 -0.8929
vn 0.5814 0.1977 -0.7892
vn 0.5935 -0.0000 -0.8049
vn 0.7060 0.1973 -0.6802
vn 0.7200 -0.0000 -0.6940
vn 0.8099 0.1971 -0.5525
vn 0.8261 -0.0000 -0.5635
vn 0.9089 -0.0000 -0.4171
vn 0.8909 0.1973 -0.4091
vn 0.9159 -0.0000 -0.4013
vn 0.8985 0.1947 -0.3935
vn 0.1089 -0.0000 -0.9941
vn 0.1074 0.1937 -0.9752
vn 0.4273 0.2313 -0.8740
vn 0.4226 -0.0000 -0.9063
vn 0.7337 0.2311 -0.6390
vn -0.1018 0.0684 -0.9925
vn -0.1374 -0.0000 -0.9905
vn -0.0000 0.0980 -0.9952
vn -0.5355 0.0177 -0.8444
vn -0.7356 -0.0000 -0.6774
vn -0.8120 0.0704 -0.5794
vn -0.2723 -0.0000 -0.9622
vn -0.7968 0.0006 -0.6042
vn -0.8061 0.0982 -0.5835
vn -0.8030 0.0018 -0.5960
vn -0.7048 0.0977 -0.7027
vn -0.6909 0.0027 -0.7229
vn -0.5859 0.0973 -0.8045
vn -0.5591 0.0035 -0.8291
vn -0.4526 0.0970 -0.8864
vn -0.4112 0.0040 -0.9115
vn -0.3081 0.0968 -0.9464
vn -0.2515 0.0044 -0.9678
vn -0.1560 0.0966 -0.9830
vn -0.0846 0.0046 -0.9964
vn 0.0846 0.0046 -0.9964
vn 0.2515 0.0044 -0.9678
vn 0.4112 0.0040 -0.9115
vn 0.5591 0.0035 -0.8291
vn 0.6909 0.0027 -0.7229
vn 0.8030 0.0018 -0.5960
vn 0.7968 0.0006 -0.6042
vn 0.7356 -0.0000 -0.6775
vn 0.5206 0.0068 -0.8538
vn 0.1374 -0.0000 -0.9905
vn 0.1018 0.0684 -0.9925
vn 0.2723 -0.0000 -0.9622
vn -0.1089 -0.0000 -0.9941
vn -0.1076 0.1936 -0.9752
vn -0.9159 -0.0000 -0.4013
vn -0.8985 0.1948 -0.3935
vn -0.7337 0.2312 -0.6390
vn -0.4226 -0.0000 -0.9063
vn -0.4272 0.2314 -0.8740
vn -0.9089 -0.0000 -0.4171
vn -0.8918 0.1975 -0.4071
vn -0.8261 -0.0000 -0.5635
vn -0.8101 0.1978 -0.5519
vn -0.7200 -0.0000 -0.6940
vn -0.7056 0.1974 -0.6805
vn -0.5935 -0.0000 -0.8049
vn -0.5818 0.1972 -0.7891
vn -0.4502 -0.0000 -0.8929
vn -0.4415 0.1974 -0.8753
vn -0.4782 -0.0000 -0.8782
vn -0.4683 0.1930 -0.8622
vn -0.7850 0.2117 -0.5822
vn -0.9492 -0.0000 -0.3147
vn -0.9688 0.1926 -0.1558
vn -0.5765 -0.0000 -0.8171
vn -0.9872 -0.0000 -0.1594
vn -0.9944 -0.0000 0.1058
vn -0.9755 0.1939 0.1040
vn -0.6613 -0.0000 0.7501
vn -0.4319 -0.0000 0.9019
vn -0.4235 0.1947 0.8847
vn -0.6564 0.2289 0.7188
vn -0.9114 -0.0000 0.4115
vn -0.8801 0.2290 0.4159
vn -0.4502 -0.0000 0.8929
vn -0.4397 0.1975 0.8762
vn -0.5935 -0.0000 0.8049
vn -0.5814 0.1978 0.7892
vn -0.7200 -0.0000 0.6940
vn -0.7060 0.1974 0.6802
vn -0.8261 -0.0000 0.5635
vn -0.8099 0.1972 0.5524
vn -0.9089 -0.0000 0.4171
vn -0.8985 0.1948 0.3935
vn -0.8909 0.1974 0.4091
vn -0.9159 -0.0000 0.4013
vn -0.4226 -0.0000 0.9063
vn -0.1089 -0.0000 0.9941
vn -0.1072 0.1939 0.9752
vn -0.4272 0.2314 0.8740
vn -0.7337 0.2312 0.6390
vn 0.1334 0.0799 0.9878
vn 0.1506 -0.0000 0.9886
vn -0.0000 0.0980 0.9952
vn 0.2978 -0.0000 0.9546
vn 0.5560 0.0304 0.8306
vn 0.8481 -0.0000 0.5299
vn 0.8623 0.0671 0.5020
vn 0.7865 -0.0000 0.6175
vn 0.8590 -0.0000 0.5119
vn 0.8548 0.0985 0.5094
vn 0.7586 -0.0000 0.6516
vn 0.7549 0.0985 0.6484
vn 0.6357 -0.0000 0.7719
vn 0.6326 0.0986 0.7682
vn 0.4940 -0.0000 0.8695
vn 0.4916 0.0985 0.8652
vn 0.3377 -0.0000 0.9413
vn 0.3360 0.0985 0.9367
vn 0.1714 -0.0000 0.9852
vn 0.1755 0.1029 0.9791
vn 0.2820 -0.0140 0.9593
vn 0.4775 0.0104 0.8786
vn 0.7355 -0.0061 0.6775
vn 0.7898 0.0660 0.6099
vn 0.8220 -0.0000 0.5695
vn 0.8180 0.0982 0.5667
vn 0.7402 0.1803 0.6478
vn 0.7570 -0.0000 0.6535
vn 0.6572 0.1064 0.7462
vn 0.6584 -0.0000 0.7527
vn 0.5387 0.1033 0.8362
vn 0.5469 -0.0000 0.8372
vn 0.4226 0.0984 0.9010
vn 0.4246 -0.0000 0.9054
vn 0.0945 0.9924 0.0793
vn -0.1332 0.9827 -0.1285
vn -0.1106 0.9827 -0.1485
vn -0.0849 0.9827 -0.1646
vn 0.0793 0.9924 0.0945
vn -0.1526 0.9827 -0.1048
vn 0.1069 0.9924 0.0617
vn -0.1988 0.9709 -0.1337
vn 0.0617 0.9924 0.1068
vn -0.1678 0.9827 -0.0782
vn 0.1159 0.9924 0.0422
vn 0.0422 0.9924 0.1159
vn -0.1380 0.9707 -0.1965
vn 0.0214 0.9924 0.1215
vn 0.1215 0.9924 0.0214
vn 0.1234 0.9924 -0.0000
vn -0.0000 0.9952 -0.0980
vn -0.1989 0.9709 0.1334
vn 0.1159 0.9924 -0.0422
vn 0.1215 0.9924 -0.0214
vn 0.1069 0.9924 -0.0617
vn -0.0843 0.9827 0.1648
vn 0.0945 0.9924 -0.0793
vn -0.1102 0.9827 0.1487
vn -0.1332 0.9827 0.1285
vn 0.0793 0.9924 -0.0945
vn -0.1524 0.9827 0.1051
vn -0.0616 0.9922 -0.1086
vn -0.0755 0.9956 -0.0546
vn -0.0660 0.9957 -0.0658
vn 0.0617 0.9924 -0.1069
vn -0.1676 0.9827 0.0788
vn -0.0288 0.9957 -0.0886
vn -0.0146 0.9957 -0.0920
vn 0.0422 0.9924 -0.1159
vn -0.1378 0.9707 0.1967
vn -0.0548 0.9957 -0.0753
vn -0.0424 0.9957 -0.0830
vn 0.0214 0.9924 -0.1215
vn 0.1677 0.9827 -0.0789
vn 0.1380 0.9707 -0.1967
vn 0.1525 0.9827 -0.1052
vn 0.0615 0.9957 0.0694
vn 0.0720 0.9957 0.0587
vn 0.0493 0.9957 0.0783
vn 0.1333 0.9827 -0.1285
vn -0.0000 0.9952 0.0980
vn 0.0806 0.9957 0.0465
vn 0.0358 0.9957 0.0850
vn 0.1103 0.9827 -0.1487
vn 0.0685 0.9918 0.1076
vn 0.0213 0.9958 0.0895
vn 0.0697 0.9956 0.0626
vn 0.0062 0.9955 0.0947
vn -0.0091 0.9956 0.0929
vn -0.0243 0.9956 0.0903
vn 0.0850 0.9932 0.0794
vn 0.0780 0.9954 0.0548
vn 0.0864 0.9826 0.1645
vn 0.0843 0.9827 -0.1649
vn 0.1983 0.9708 0.1348
vn 0.1990 0.9709 -0.1334
vn -0.9848 -0.0000 0.1737
vn -0.0000 0.3827 0.9239
vn -0.1999 0.6961 0.6896
vn -0.0000 0.9239 0.3827
vn 0.0671 0.3754 0.9244
vn 0.0579 0.7059 0.7059
vn 0.0671 0.9244 0.3754
vn -0.7480 0.4437 0.4936
vn -0.3195 0.9220 0.2187
vn 0.2850 0.8917 0.3517
vn 0.3145 0.9275 0.2022
vn 0.2831 0.7643 0.5794
vn 0.2831 0.5794 0.7643
vn 0.5519 0.7278 0.4070
vn 0.6280 0.7152 0.3069
vn 0.2880 0.3113 0.9056
vn 0.5631 0.5843 0.5844
vn 0.5631 0.4132 0.7157
vn 0.7816 0.5317 0.3262
vn 0.8493 0.3627 0.3836
vn 0.5503 0.1927 0.8124
vn 0.7759 0.3750 0.5073
vn 0.7944 0.1642 0.5847
vn -0.5171 0.4401 0.7341
vn -0.3477 0.9241 0.1584
vn -0.8394 0.3829 0.3858
vn -0.3159 0.9241 0.2149
vn -0.7632 0.3829 0.5206
vn -0.2753 0.9240 0.2653
vn -0.6655 0.3829 0.6407
vn -0.2278 0.9240 0.3072
vn -0.5518 0.3826 0.7410
vn -0.1739 0.9241 0.3403
vn -0.2284 0.9219 0.3129
vn -0.4222 0.3821 0.8220
vn -0.1071 0.9268 0.3599
vn -0.1981 0.7116 0.6741
vn -0.2601 0.3859 0.8851
vn -0.0549 0.9265 0.3722
vn -0.1001 0.7116 0.6955
vn -0.1314 0.3859 0.9132
vn -0.0072 0.9250 0.3800
vn -0.0143 0.7102 0.7038
vn 0.0278 0.9258 0.3771
vn -0.0189 0.3849 0.9228
vn 0.0520 0.7098 0.7025
vn 0.0682 0.9263 0.3706
vn 0.0692 0.3978 0.9149
vn 0.1311 0.7115 0.6904
vn 0.1722 0.3858 0.9064
vn 0.1254 0.9274 0.3524
vn 0.2369 0.7125 0.6605
vn 0.3114 0.3865 0.8681
vn 0.1837 0.9275 0.3254
vn 0.3466 0.7125 0.6101
vn 0.4556 0.3865 0.8019
vn 0.2367 0.9276 0.2889
vn 0.4460 0.7125 0.5417
vn 0.5863 0.3865 0.7119
vn 0.2827 0.9277 0.2437
vn 0.5323 0.7125 0.4572
vn 0.6996 0.3865 0.6009
vn 0.3204 0.9278 0.1913
vn 0.6028 0.7125 0.3592
vn 0.7923 0.3865 0.4721
vn -0.8639 0.4433 0.2390
vn -0.3688 0.9230 0.1097
vn 0.2291 0.9033 0.3628
vn 0.2839 0.9301 0.2332
vn 0.2319 0.7759 0.5867
vn 0.4678 0.7766 0.4221
vn 0.5901 0.6988 0.4044
vn 0.2319 0.5867 0.7759
vn 0.4843 0.6199 0.6174
vn 0.2399 0.3715 0.8969
vn 0.4778 0.4392 0.7608
vn 0.2331 0.0681 0.9701
vn 0.6715 0.4780 0.5663
vn 0.7726 0.3748 0.5125
vn 0.4781 0.2254 0.8489
vn 0.6936 0.2680 0.6687
vn 0.6897 -0.0087 0.7240
vn -0.8661 0.4408 -0.2358
vn -0.3688 0.9230 -0.1097
vn 0.7680 0.3958 0.5034
vn 0.5935 0.6999 0.3974
vn 0.3092 0.9257 0.2178
vn -0.5140 0.4386 -0.7371
vn -0.2279 0.9220 -0.3131
vn 0.1599 0.9210 0.3552
vn 0.2256 0.9221 0.3143
vn 0.3944 0.3859 0.8340
vn 0.5233 0.4506 0.7232
vn 0.3535 0.5556 0.7526
vn 0.3460 0.7714 0.5340
vn 0.4919 0.3850 0.7809
vn 0.2545 0.9324 0.2566
vn 0.4270 0.7093 0.5609
vn 0.5517 0.4116 0.7254
vn 0.2597 0.9212 0.2897
vn 0.4692 0.7098 0.5254
vn 0.6149 0.3846 0.6885
vn 0.2799 0.9269 0.2499
vn 0.5217 0.6846 0.5090
vn 0.5580 0.4360 0.7061
vn -0.7481 0.4430 -0.4940
vn -0.1711 0.9241 -0.3416
vn -0.4164 0.3828 -0.8247
vn -0.2264 0.9241 -0.3078
vn -0.5482 0.3829 -0.7436
vn -0.2752 0.9240 -0.2654
vn -0.6645 0.3828 -0.6418
vn -0.3153 0.9240 -0.2165
vn -0.7606 0.3826 -0.5246
vn -0.3464 0.9241 -0.1614
vn -0.3193 0.9220 -0.2192
vn -0.8368 0.3821 -0.3921
vn 0.8640 0.4431 0.2392
vn 0.3690 0.9230 0.1097
vn -0.2006 0.6960 -0.6894
vn 0.8640 0.4431 -0.2392
vn 0.3690 0.9230 -0.1097
vn -0.0000 0.3827 -0.9239
vn -0.0000 0.9239 -0.3827
vn 0.5172 0.4399 -0.7342
vn 0.2285 0.9219 -0.3129
vn 0.0526 0.3822 -0.9226
vn 0.0508 0.7062 -0.7062
vn 0.0604 0.9250 -0.3751
vn 0.7480 0.4436 -0.4936
vn 0.3479 0.9241 -0.1584
vn 0.3196 0.9219 -0.2189
vn 0.8394 0.3827 -0.3859
vn 0.7632 0.3827 -0.5206
vn 0.3161 0.9241 -0.2150
vn 0.6656 0.3827 -0.6407
vn 0.2754 0.9240 -0.2654
vn 0.5518 0.3825 -0.7411
vn 0.2280 0.9239 -0.3074
vn 0.1740 0.9240 -0.3405
vn 0.4223 0.3819 -0.8221
vn 0.2586 0.0478 -0.9648
vn 0.2632 0.3692 -0.8913
vn 0.5197 0.2212 -0.8252
vn 0.2569 0.5834 -0.7705
vn 0.7385 -0.0518 -0.6723
vn 0.5197 0.4272 -0.7399
vn 0.2569 0.7705 -0.5834
vn 0.7430 0.2523 -0.6199
vn 0.5293 0.6038 -0.5961
vn 0.2561 0.8978 -0.3582
vn 0.7191 0.4466 -0.5324
vn 0.5130 0.7477 -0.4216
vn 0.2001 0.6959 -0.6896
vn -0.2939 0.9293 -0.2236
vn -0.0586 0.9273 -0.3697
vn -0.1100 0.7120 -0.6935
vn -0.1445 0.3862 -0.9110
vn -0.1158 0.9273 -0.3559
vn -0.2173 0.7120 -0.6677
vn -0.2855 0.3862 -0.8771
vn -0.1702 0.9273 -0.3334
vn -0.3193 0.7120 -0.6254
vn -0.4194 0.3862 -0.8216
vn -0.2203 0.9273 -0.3026
vn -0.4133 0.7120 -0.5676
vn -0.5430 0.3862 -0.7457
vn -0.2650 0.9273 -0.2643
vn -0.4971 0.7120 -0.4959
vn -0.6531 0.3862 -0.6514
vn -0.3031 0.9273 -0.2195
vn -0.6058 0.7015 -0.3755
vn -0.5687 0.7120 -0.4118
vn -0.7949 0.3813 -0.4720
vn -0.7471 0.3862 -0.5410
vn -0.7438 0.1983 -0.6383
vn -0.5323 0.2109 -0.8199
vn -0.7191 0.4466 -0.5324
vn -0.2586 0.0478 -0.9648
vn -0.0526 0.3822 -0.9226
vn -0.5198 0.4272 -0.7399
vn -0.2632 0.3692 -0.8913
vn -0.5293 0.6038 -0.5961
vn -0.2569 0.5834 -0.7705
vn -0.0508 0.7062 -0.7062
vn -0.5130 0.7477 -0.4216
vn -0.2569 0.7705 -0.5834
vn -0.0604 0.9250 -0.3751
vn -0.2561 0.8978 -0.3582
vn 0.0449 0.9659 0.2549
vn 0.1497 0.5063 0.8492
vn 0.1228 0.7071 0.6964
vn 0.0885 0.9659 0.2432
vn 0.2949 0.5063 0.8104
vn 0.2418 0.7071 0.6645
vn 0.1294 0.9659 0.2241
vn 0.4312 0.5063 0.7468
vn 0.3536 0.7071 0.6124
vn 0.1664 0.9659 0.1983
vn 0.5543 0.5063 0.6606
vn 0.4545 0.7071 0.5417
vn 0.1983 0.9659 0.1664
vn 0.6606 0.5063 0.5543
vn 0.5417 0.7071 0.4545
vn 0.2241 0.9659 0.1294
vn 0.6124 0.7071 0.3536
vn 0.7468 0.5063 0.4312
vn 0.2432 0.9659 0.0885
vn 0.6645 0.7071 0.2418
vn 0.8103 0.5063 0.2949
vn 0.2549 0.9659 0.0449
vn 0.6964 0.7071 0.1228
vn 0.8492 0.5063 0.1497
vn 0.2588 0.9659 -0.0000
vn 0.8623 0.5063 -0.0000
vn 0.7071 0.7071 -0.0000
vn 0.2549 0.9659 -0.0449
vn 0.6964 0.7071 -0.1228
vn 0.8492 0.5063 -0.1497
vn 0.2432 0.9659 -0.0885
vn 0.8103 0.5063 -0.2949
vn 0.6645 0.7071 -0.2418
vn 0.2241 0.9659 -0.1294
vn 0.7468 0.5063 -0.4312
vn 0.6124 0.7071 -0.3536
vn 0.1983 0.9659 -0.1664
vn 0.6606 0.5063 -0.5543
vn 0.5417 0.7071 -0.4545
vn 0.1664 0.9659 -0.1983
vn 0.5543 0.5063 -0.6606
vn 0.4545 0.7071 -0.5417
vn 0.1294 0.9659 -0.2241
vn 0.4312 0.5063 -0.7468
vn 0.3535 0.7071 -0.6124
vn 0.0885 0.9659 -0.2432
vn 0.2418 0.7071 -0.6645
vn 0.2949 0.5063 -0.8103
vn 0.0449 0.9659 -0.2549
vn 0.1228 0.7071 -0.6964
vn 0.1497 0.5063 -0.8492
vn -0.7661 -0.0000 0.6428
vn -0.9848 -0.0000 -0.1737
vn -0.7661 -0.0000 -0.6428
vn -0.6428 -0.0000 -0.7661
vn -0.6428 -0.0000 0.7661
vn 0.0190 0.9630 -0.2687
vn -0.0190 0.9630 -0.2687
vn -0.0233 0.8605 -0.5089
vn 0.0232 0.8605 -0.5089
vn -0.0262 0.7104 -0.7033
vn 0.0262 0.7104 -0.7033
vn -0.0358 0.4923 -0.8697
vn 0.0358 0.4923 -0.8697
vn 0.0287 0.2670 -0.9633
vn -0.0287 0.2670 -0.9633
vn 0.9687 0.2148 -0.1248
vn 0.9648 0.0475 -0.2587
vn 0.9633 0.2670 -0.0287
vn 0.9204 0.2176 -0.3247
vn 0.8646 0.0495 -0.5001
vn 0.8250 0.2162 -0.5221
vn 0.7062 0.0512 -0.7062
vn 0.8815 0.4290 -0.1974
vn 0.8697 0.4923 -0.0358
vn 0.6905 0.2156 -0.6905
vn 0.8127 0.4316 -0.3914
vn 0.7806 0.6189 -0.0878
vn 0.7033 0.7104 -0.0262
vn 0.5221 0.2162 -0.8250
vn 0.5001 0.0495 -0.8646
vn 0.7053 0.4316 -0.5624
vn 0.7400 0.6208 -0.2589
vn 0.3247 0.2176 -0.9205
vn 0.2587 0.0475 -0.9648
vn 0.5624 0.4316 -0.7053
vn 0.6638 0.6208 -0.4171
vn 0.6112 0.7803 -0.1326
vn 0.5089 0.8605 -0.0232
vn 0.1248 0.2148 -0.9687
vn 0.3914 0.4316 -0.8127
vn 0.5543 0.6208 -0.5543
vn 0.5646 0.7793 -0.2719
vn 0.4196 0.9075 -0.0193
vn 0.2687 0.9630 -0.0190
vn 0.1974 0.4290 -0.8815
vn 0.4171 0.6208 -0.6638
vn 0.4900 0.7793 -0.3907
vn 0.4137 0.8988 -0.1448
vn 0.2589 0.6208 -0.7400
vn 0.3907 0.7793 -0.4900
vn 0.3711 0.8988 -0.2332
vn 0.2084 0.9776 -0.0306
vn 0.0878 0.6189 -0.7806
vn 0.2719 0.7793 -0.5646
vn 0.3099 0.8988 -0.3099
vn 0.2059 0.9735 -0.0992
vn 0.1326 0.7803 -0.6112
vn 0.2332 0.8988 -0.3711
vn 0.1787 0.9735 -0.1425
vn 0.1448 0.8988 -0.4137
vn 0.1425 0.9735 -0.1787
vn 0.0193 0.9075 -0.4197
vn 0.0992 0.9735 -0.2059
vn 0.0307 0.9776 -0.2084
vn -0.1248 0.2148 -0.9687
vn -0.2587 0.0475 -0.9648
vn -0.3247 0.2176 -0.9205
vn -0.5001 0.0495 -0.8646
vn -0.5221 0.2162 -0.8250
vn -0.7062 0.0512 -0.7062
vn -0.1974 0.4290 -0.8815
vn -0.6905 0.2156 -0.6905
vn -0.3914 0.4316 -0.8127
vn -0.0878 0.6189 -0.7806
vn -0.8250 0.2162 -0.5221
vn -0.8646 0.0495 -0.5001
vn -0.5624 0.4316 -0.7053
vn -0.2589 0.6208 -0.7400
vn -0.9204 0.2176 -0.3247
vn -0.9648 0.0475 -0.2587
vn -0.7053 0.4316 -0.5624
vn -0.4171 0.6208 -0.6638
vn -0.1326 0.7803 -0.6112
vn -0.9687 0.2148 -0.1248
vn -0.9633 0.2670 -0.0287
vn -0.8127 0.4316 -0.3914
vn -0.5543 0.6208 -0.5544
vn -0.2719 0.7793 -0.5646
vn -0.0193 0.9075 -0.4196
vn -0.8815 0.4290 -0.1974
vn -0.8697 0.4923 -0.0358
vn -0.6638 0.6208 -0.4171
vn -0.3907 0.7793 -0.4900
vn -0.1448 0.8988 -0.4137
vn -0.7400 0.6208 -0.2589
vn -0.4900 0.7793 -0.3907
vn -0.2332 0.8988 -0.3711
vn -0.0307 0.9776 -0.2084
vn -0.7806 0.6189 -0.0878
vn -0.7033 0.7104 -0.0262
vn -0.5646 0.7793 -0.2719
vn -0.3099 0.8988 -0.3099
vn -0.0992 0.9735 -0.2059
vn -0.6112 0.7803 -0.1326
vn -0.5089 0.8605 -0.0233
vn -0.3711 0.8988 -0.2332
vn -0.1425 0.9735 -0.1787
vn -0.4137 0.8988 -0.1448
vn -0.1787 0.9735 -0.1425
vn -0.4196 0.9075 -0.0193
vn -0.2687 0.9630 -0.0190
vn -0.2059 0.9735 -0.0992
vn -0.2084 0.9776 -0.0307
vn 0.2687 0.9630 0.0190
vn 0.5089 0.8605 0.0232
vn 0.7033 0.7104 0.0262
vn 0.8697 0.4923 0.0358
vn 0.9633 0.2670 0.0287
vn 0.2577 -0.0495 -0.9649
vn 0.4993 -0.0475 -0.8651
vn 0.7063 -0.0469 -0.7063
vn 0.8651 -0.0475 -0.4993
vn 0.9649 -0.0495 -0.2577
vn 0.0221 -0.9618 -0.2730
vn -0.0221 -0.9618 -0.2730
vn 0.0237 -0.8650 -0.5013
vn -0.0237 -0.8650 -0.5013
vn -0.0286 -0.7004 -0.7132
vn 0.0286 -0.7004 -0.7132
vn 0.0274 -0.5073 -0.8613
vn -0.0274 -0.5073 -0.8613
vn 0.0429 -0.2506 -0.9671
vn -0.0429 -0.2506 -0.9671
vn -0.9649 -0.0495 -0.2577
vn -0.8651 -0.0475 -0.4993
vn -0.7063 -0.0469 -0.7063
vn -0.4993 -0.0475 -0.8651
vn -0.2577 -0.0495 -0.9649
vn -0.2687 0.9630 0.0190
vn -0.5089 0.8605 0.0233
vn -0.7033 0.7104 0.0262
vn -0.8697 0.4923 0.0358
vn -0.9633 0.2670 0.0287
vn -0.0190 0.9630 0.2687
vn 0.0190 0.9630 0.2687
vn -0.0233 0.8605 0.5089
vn 0.0233 0.8605 0.5089
vn -0.0262 0.7104 0.7033
vn 0.0262 0.7104 0.7033
vn -0.0358 0.4923 0.8697
vn 0.0358 0.4923 0.8697
vn -0.0287 0.2670 0.9633
vn 0.0287 0.2670 0.9633
vn 0.1248 0.2148 0.9687
vn 0.2587 0.0475 0.9648
vn 0.3247 0.2176 0.9204
vn 0.5001 0.0496 0.8646
vn 0.5221 0.2162 0.8250
vn 0.7062 0.0512 0.7062
vn 0.1974 0.4290 0.8815
vn 0.6905 0.2156 0.6905
vn 0.3914 0.4316 0.8127
vn 0.0878 0.6189 0.7806
vn 0.8250 0.2162 0.5221
vn 0.8646 0.0495 0.5001
vn 0.5624 0.4316 0.7053
vn 0.2589 0.6208 0.7400
vn 0.9204 0.2176 0.3247
vn 0.9648 0.0475 0.2587
vn 0.7053 0.4316 0.5624
vn 0.4171 0.6208 0.6638
vn 0.1326 0.7803 0.6112
vn 0.9687 0.2148 0.1248
vn 0.8127 0.4316 0.3914
vn 0.5543 0.6208 0.5543
vn 0.2719 0.7793 0.5646
vn 0.0193 0.9075 0.4197
vn 0.8815 0.4290 0.1974
vn 0.6638 0.6208 0.4171
vn 0.3907 0.7793 0.4900
vn 0.1448 0.8988 0.4137
vn 0.7400 0.6208 0.2589
vn 0.4900 0.7793 0.3907
vn 0.2332 0.8988 0.3711
vn 0.0307 0.9776 0.2083
vn 0.7806 0.6189 0.0878
vn 0.5646 0.7793 0.2719
vn 0.3099 0.8988 0.3099
vn 0.0992 0.9735 0.2059
vn 0.6112 0.7803 0.1326
vn 0.3712 0.8988 0.2332
vn 0.1425 0.9735 0.1787
vn 0.4138 0.8988 0.1448
vn 0.1787 0.9735 0.1425
vn 0.4197 0.9075 0.0192
vn 0.2059 0.9735 0.0992
vn 0.2083 0.9776 0.0307
vn 0.1963 -0.9803 0.0223
vn 0.2730 -0.9618 -0.0222
vn 0.2157 -0.9735 -0.0755
vn 0.1935 -0.9735 -0.1216
vn 0.4227 -0.9022 -0.0853
vn 0.5013 -0.8650 -0.0237
vn 0.1616 -0.9735 -0.1616
vn 0.3949 -0.8988 -0.1902
vn 0.6184 -0.7838 -0.0565
vn 0.7132 -0.7004 -0.0286
vn 0.1216 -0.9735 -0.1935
vn 0.3427 -0.8988 -0.2733
vn 0.5915 -0.7793 -0.2070
vn 0.0755 -0.9735 -0.2157
vn 0.2733 -0.8988 -0.3427
vn 0.5306 -0.7793 -0.3334
vn 0.7662 -0.6197 -0.1703
vn 0.8613 -0.5073 -0.0274
vn -0.0223 -0.9803 -0.1963
vn 0.1902 -0.8988 -0.3949
vn 0.4431 -0.7793 -0.4432
vn 0.7063 -0.6208 -0.3401
vn 0.8981 -0.4256 -0.1112
vn 0.9671 -0.2506 -0.0429
vn 0.0853 -0.9022 -0.4227
vn 0.3334 -0.7793 -0.5307
vn 0.6129 -0.6208 -0.4888
vn 0.8515 -0.4316 -0.2979
vn 0.2070 -0.7793 -0.5915
vn 0.4888 -0.6208 -0.6129
vn 0.7638 -0.4316 -0.4799
vn 0.9531 -0.2147 -0.2133
vn 0.0565 -0.7838 -0.6184
vn 0.3402 -0.6208 -0.7063
vn 0.6379 -0.4316 -0.6379
vn 0.8805 -0.2176 -0.4213
vn 0.1703 -0.6197 -0.7662
vn 0.4799 -0.4316 -0.7638
vn 0.7636 -0.2181 -0.6077
vn 0.2979 -0.4316 -0.8515
vn 0.6078 -0.2181 -0.7636
vn 0.1112 -0.4256 -0.8981
vn 0.4212 -0.2176 -0.8805
vn 0.2132 -0.2147 -0.9531
vn 0.0223 -0.9803 -0.1963
vn -0.0755 -0.9735 -0.2157
vn -0.1216 -0.9735 -0.1935
vn -0.0853 -0.9022 -0.4227
vn -0.1616 -0.9735 -0.1616
vn -0.1902 -0.8988 -0.3949
vn -0.0565 -0.7838 -0.6184
vn -0.1935 -0.9735 -0.1216
vn -0.2733 -0.8988 -0.3427
vn -0.2070 -0.7793 -0.5915
vn -0.2157 -0.9735 -0.0755
vn -0.3427 -0.8988 -0.2733
vn -0.3334 -0.7793 -0.5307
vn -0.1703 -0.6197 -0.7662
vn -0.1963 -0.9803 0.0223
vn -0.2730 -0.9618 -0.0222
vn -0.3949 -0.8988 -0.1902
vn -0.4431 -0.7793 -0.4432
vn -0.3402 -0.6208 -0.7063
vn -0.1112 -0.4256 -0.8981
vn -0.4227 -0.9022 -0.0853
vn -0.5013 -0.8650 -0.0237
vn -0.5306 -0.7793 -0.3334
vn -0.4888 -0.6208 -0.6129
vn -0.2979 -0.4316 -0.8514
vn -0.5915 -0.7793 -0.2070
vn -0.6129 -0.6208 -0.4888
vn -0.4799 -0.4316 -0.7638
vn -0.2132 -0.2147 -0.9531
vn -0.6184 -0.7838 -0.0565
vn -0.7132 -0.7004 -0.0286
vn -0.7063 -0.6208 -0.3401
vn -0.6379 -0.4316 -0.6379
vn -0.4212 -0.2176 -0.8805
vn -0.7662 -0.6197 -0.1703
vn -0.8613 -0.5073 -0.0274
vn -0.7638 -0.4316 -0.4799
vn -0.6078 -0.2181 -0.7636
vn -0.8514 -0.4316 -0.2979
vn -0.7636 -0.2181 -0.6077
vn -0.8981 -0.4256 -0.1112
vn -0.9671 -0.2506 -0.0429
vn -0.8805 -0.2176 -0.4213
vn -0.9531 -0.2147 -0.2133
vn -0.9687 0.2148 0.1248
vn -0.9648 0.0475 0.2587
vn -0.9204 0.2176 0.3247
vn -0.8646 0.0495 0.5001
vn -0.8250 0.2162 0.5221
vn -0.7062 0.0512 0.7062
vn -0.8815 0.4290 0.1974
vn -0.6905 0.2156 0.6905
vn -0.8127 0.4316 0.3914
vn -0.7806 0.6189 0.0878
vn -0.5221 0.2162 0.8250
vn -0.5001 0.0496 0.8646
vn -0.7053 0.4316 0.5624
vn -0.7400 0.6208 0.2589
vn -0.3247 0.2176 0.9204
vn -0.2587 0.0475 0.9648
vn -0.5624 0.4316 0.7053
vn -0.6638 0.6208 0.4171
vn -0.6112 0.7803 0.1326
vn -0.1248 0.2148 0.9687
vn -0.3914 0.4316 0.8127
vn -0.5543 0.6208 0.5544
vn -0.5646 0.7793 0.2719
vn -0.4197 0.9075 0.0192
vn -0.1974 0.4290 0.8815
vn -0.4171 0.6208 0.6638
vn -0.4900 0.7793 0.3907
vn -0.4138 0.8988 0.1448
vn -0.2589 0.6208 0.7400
vn -0.3907 0.7793 0.4900
vn -0.3712 0.8988 0.2332
vn -0.2083 0.9776 0.0307
vn -0.0878 0.6189 0.7806
vn -0.2719 0.7793 0.5646
vn -0.3099 0.8988 0.3100
vn -0.2059 0.9735 0.0992
vn -0.1326 0.7803 0.6112
vn -0.2332 0.8988 0.3711
vn -0.1787 0.9735 0.1425
vn -0.1448 0.8988 0.4137
vn -0.1425 0.9735 0.1787
vn -0.0193 0.9075 0.4196
vn -0.0992 0.9735 0.2059
vn -0.0307 0.9776 0.2084
vn 0.9649 -0.0495 0.2577
vn 0.8651 -0.0475 0.4993
vn 0.7063 -0.0469 0.7063
vn 0.4993 -0.0475 0.8651
vn 0.2577 -0.0495 0.9649
vn 0.2730 -0.9618 0.0222
vn 0.5013 -0.8650 0.0237
vn 0.7132 -0.7004 0.0286
vn 0.8613 -0.5073 0.0274
vn 0.9671 -0.2506 0.0429
vn -0.2730 -0.9618 0.0222
vn -0.5013 -0.8650 0.0237
vn -0.7132 -0.7004 0.0286
vn -0.8613 -0.5073 0.0274
vn -0.9671 -0.2506 0.0429
vn -0.2577 -0.0495 0.9649
vn -0.4993 -0.0475 0.8651
vn -0.7063 -0.0469 0.7063
vn -0.8651 -0.0475 0.4993
vn -0.9649 -0.0495 0.2577
vn -0.0223 -0.9803 0.1963
vn 0.0222 -0.9618 0.2730
vn 0.0755 -0.9735 0.2157
vn 0.1216 -0.9735 0.1935
vn 0.0853 -0.9022 0.4227
vn 0.0237 -0.8650 0.5013
vn 0.1616 -0.9735 0.1616
vn 0.1902 -0.8988 0.3949
vn 0.0565 -0.7838 0.6184
vn 0.0286 -0.7004 0.7132
vn 0.1935 -0.9735 0.1216
vn 0.2733 -0.8988 0.3427
vn 0.2070 -0.7793 0.5915
vn 0.2157 -0.9735 0.0755
vn 0.3427 -0.8988 0.2733
vn 0.3334 -0.7792 0.5307
vn 0.1703 -0.6197 0.7662
vn 0.0274 -0.5073 0.8613
vn 0.1963 -0.9803 -0.0223
vn 0.3949 -0.8988 0.1902
vn 0.4432 -0.7792 0.4432
vn 0.3402 -0.6208 0.7063
vn 0.1113 -0.4256 0.8981
vn 0.0429 -0.2506 0.9671
vn 0.4227 -0.9022 0.0853
vn 0.5307 -0.7792 0.3334
vn 0.4888 -0.6208 0.6129
vn 0.2979 -0.4316 0.8515
vn 0.5915 -0.7793 0.2070
vn 0.6129 -0.6208 0.4888
vn 0.4799 -0.4316 0.7638
vn 0.2133 -0.2147 0.9531
vn 0.6184 -0.7838 0.0565
vn 0.7063 -0.6208 0.3401
vn 0.6379 -0.4316 0.6379
vn 0.4213 -0.2176 0.8804
vn 0.7662 -0.6197 0.1703
vn 0.7638 -0.4316 0.4799
vn 0.6078 -0.2181 0.7636
vn 0.8515 -0.4316 0.2979
vn 0.7636 -0.2181 0.6077
vn 0.8981 -0.4256 0.1112
vn 0.8805 -0.2176 0.4213
vn 0.9531 -0.2147 0.2133
vn -0.1963 -0.9803 -0.0223
vn -0.2157 -0.9735 0.0755
vn -0.1935 -0.9735 0.1216
vn -0.4227 -0.9022 0.0853
vn -0.1616 -0.9735 0.1616
vn -0.3949 -0.8988 0.1902
vn -0.6184 -0.7838 0.0565
vn -0.1216 -0.9735 0.1935
vn -0.3427 -0.8988 0.2733
vn -0.5915 -0.7792 0.2070
vn -0.0755 -0.9735 0.2157
vn -0.2733 -0.8988 0.3427
vn -0.5307 -0.7792 0.3334
vn -0.7662 -0.6197 0.1703
vn 0.0223 -0.9803 0.1963
vn -0.0222 -0.9618 0.2730
vn -0.1902 -0.8988 0.3949
vn -0.4432 -0.7793 0.4431
vn -0.7063 -0.6208 0.3402
vn -0.8980 -0.4256 0.1112
vn -0.0853 -0.9022 0.4227
vn -0.0237 -0.8650 0.5013
vn -0.3334 -0.7793 0.5306
vn -0.6129 -0.6208 0.4888
vn -0.8514 -0.4316 0.2979
vn -0.2070 -0.7793 0.5915
vn -0.4888 -0.6208 0.6129
vn -0.7638 -0.4316 0.4799
vn -0.9531 -0.2147 0.2133
vn -0.0565 -0.7838 0.6184
vn -0.0286 -0.7004 0.7132
vn -0.3402 -0.6208 0.7063
vn -0.6378 -0.4316 0.6379
vn -0.8804 -0.2176 0.4213
vn -0.1703 -0.6197 0.7662
vn -0.0274 -0.5073 0.8613
vn -0.4799 -0.4316 0.7638
vn -0.7636 -0.2181 0.6078
vn -0.2979 -0.4316 0.8514
vn -0.6078 -0.2181 0.7636
vn -0.1113 -0.4256 0.8981
vn -0.0429 -0.2506 0.9671
vn -0.4213 -0.2176 0.8804
vn -0.2133 -0.2147 0.9531
vt 3.316126 29.823999
vt 3.141593 4.324000
vt 3.141593 29.823999
vt 3.316126 4.324000
vt 3.490659 29.823999
vt 3.490659 4.324000
vt 3.665191 29.823999
vt 3.665191 4.324000
vt 3.839724 4.324000
vt 3.839724 29.823999
vt 4.014257 29.823999
vt 4.014257 4.324000
vt 4.188790 29.823999
vt 4.188790 4.324000
vt 4.363323 4.324000
vt 4.363323 29.823999
vt 4.537856 29.823999
vt 4.537856 4.324000
vt 4.712389 29.823999
vt 4.712389 4.324000
vt 4.886922 29.823999
vt 4.886922 4.324000
vt 5.061455 29.823999
vt 5.061455 4.324000
vt 5.235988 29.823999
vt 5.235988 4.324000
vt 5.410521 29.823999
vt 5.410521 4.324000
vt 5.585053 29.823999
vt 5.585053 4.324000
vt 5.759586 29.823999
vt 5.759586 4.324000
vt 5.934119 29.823999
vt 5.934119 4.324000
vt 6.108653 29.823999
vt 6.108653 4.324000
vt 6.283185 29.823999
vt 6.283185 4.324000
vt 0.174533 2.094395
vt 0.000000 1.570796
vt 0.174533 1.570796
vt 0.000000 2.094395
vt 0.174533 2.617994
vt 0.174533 3.141593
vt 0.000000 3.141593
vt 0.000000 2.617994
vt 0.349066 2.094395
vt 0.349066 1.570796
vt 0.349066 2.617994
vt 0.349066 3.141593
vt 0.523599 2.094395
vt 0.523599 1.570796
vt 0.523599 2.617994
vt 0.523599 3.141593
vt 0.698132 2.094395
vt 0.698132 1.570796
vt 0.698132 2.617994
vt 0.698132 3.141593
vt 0.872665 2.094395
vt 0.872665 1.570796
vt 0.872665 2.617994
vt 0.872665 3.141593
vt 1.047198 2.094395
vt 1.047198 1.570796
vt 1.047198 2.617994
vt 1.047198 3.141593
vt 1.221730 2.094395
vt 1.221730 1.570796
vt 1.221730 2.617994
vt 1.221730 3.141593
vt 1.396263 2.094395
vt 1.396263 1.570796
vt 1.396263 2.617994
vt 1.396263 3.141593
vt 1.570796 2.094395
vt 1.570796 1.570796
vt 1.570796 2.617994
vt 1.570796 3.141593
vt 1.745329 2.094395
vt 1.745329 1.570796
vt 1.745329 2.617994
vt 1.745329 3.141593
vt 1.919862 2.094395
vt 1.919862 1.570796
vt 1.919862 2.617994
vt 1.919862 3.141593
vt 2.094395 2.094395
vt 2.094395 1.570796
vt 2.094395 2.617994
vt 2.094395 3.141593
vt 2.268928 2.094395
vt 2.268928 1.570796
vt 2.268928 2.617994
vt 2.268928 3.141593
vt 2.443461 2.094395
vt 2.443461 1.570796
vt 2.443461 2.617994
vt 2.443461 3.141593
vt 2.617994 3.141593
vt 2.617994 2.094395
vt 2.617994 1.570796
vt 2.617994 2.617994
vt 2.792527 3.141593
vt 2.792527 2.094395
vt 2.792527 1.570796
vt 2.792527 2.617994
vt 2.967060 2.094395
vt 2.967060 1.570796
vt 3.141593 1.570796
vt 3.141593 2.094395
vt 2.967060 2.617994
vt 3.141593 2.617994
vt 3.141593 3.141593
vt 2.967060 3.141593
vt 5.339160 3.141593
vt 5.181822 3.141593
vt 5.181822 2.748893
vt 6.283185 1.963495
vt 6.125848 1.570796
vt 6.283185 1.570796
vt 6.283185 3.141593
vt 6.125848 3.141593
vt 6.283185 2.748893
vt 5.339160 1.963495
vt 5.181822 1.570796
vt 5.339160 1.570796
vt 5.181822 1.963495
vt 5.339160 2.356194
vt 5.181822 2.356194
vt 5.339160 2.748893
vt 5.496498 1.963495
vt 5.496498 1.570796
vt 5.496498 2.356194
vt 5.496498 2.748893
vt 5.496498 3.141593
vt 5.653835 1.963495
vt 5.653835 1.570796
vt 5.653835 2.356194
vt 5.653835 2.748893
vt 5.653835 3.141593
vt 5.811172 1.963495
vt 5.811172 1.570796
vt 5.811172 2.356194
vt 5.811172 2.748893
vt 5.811172 3.141593
vt 5.968510 1.963495
vt 5.968510 1.570796
vt 5.968510 2.356194
vt 5.968510 2.748893
vt 5.968510 3.141593
vt 6.125848 1.963495
vt 6.125848 2.356194
vt 6.283185 2.356194
vt 6.125848 2.748893
vt 5.105088 0.000000
vt 4.712389 0.000000
vt 5.072663 -0.159784
vt 5.497787 0.000000
vt 5.450414 -0.298396
vt 5.628687 -0.214387
vt 5.890486 0.000000
vt 5.855814 -0.394247
vt 5.890486 -0.214387
vt 6.152286 -0.214387
vt 6.283185 0.000005
vt 6.283185 -0.428778
vt 3.316126 2.600000
vt 3.141593 0.000000
vt 3.141593 2.600000
vt 3.316126 0.000000
vt 3.490659 2.600000
vt 3.490659 0.000000
vt 3.665191 0.000000
vt 3.665191 2.600000
vt 3.839724 2.600000
vt 3.839724 0.000000
vt 4.014257 2.600000
vt 4.014257 0.000000
vt 4.188790 2.600000
vt 4.188790 0.000000
vt 4.363323 2.600000
vt 4.363323 0.000000
vt 4.537856 2.600000
vt 4.537856 0.000000
vt 4.712389 2.600000
vt 4.886922 0.000000
vt 4.886922 2.600000
vt 5.061455 2.600000
vt 5.061455 0.000000
vt 5.235988 0.000000
vt 5.235988 2.600000
vt 5.410521 2.600000
vt 5.410521 0.000000
vt 5.585053 2.600000
vt 5.585053 0.000000
vt 5.759586 0.000000
vt 5.759586 2.600000
vt 5.934119 2.600000
vt 5.934119 0.000000
vt 6.108653 0.000000
vt 6.108653 2.600000
vt 6.283185 2.600000
vt 6.283185 0.000000
vt 3.316126 1.026000
vt 3.141593 1.026000
vt 3.490659 1.026000
vt 3.665191 1.026000
vt 3.839724 1.026000
vt 4.014257 1.026000
vt 4.188790 1.026000
vt 4.363323 1.026000
vt 4.537856 1.026000
vt 4.712389 1.026000
vt 4.886922 1.026000
vt 5.061455 1.026000
vt 5.235988 1.026000
vt 5.410521 1.026000
vt 5.585053 1.026000
vt 5.759586 1.026000
vt 5.934119 1.026000
vt 6.108653 1.026000
vt 6.283185 1.026000
vt 3.316126 1.050000
vt 3.141593 1.050000
vt 3.490659 1.050000
vt 3.665191 1.050000
vt 3.839724 1.050000
vt 4.014257 1.050000
vt 4.188790 1.050000
vt 4.363323 1.050000
vt 4.537856 1.050000
vt 4.712389 1.050000
vt 4.886922 1.050000
vt 5.061455 1.050000
vt 5.235988 1.050000
vt 5.410521 1.050000
vt 5.585053 1.050000
vt 5.759586 1.050000
vt 5.934119 1.050000
vt 6.108653 1.050000
vt 6.283185 1.050000
vt 0.000000 1.500000
vt 0.142927 0.300000
vt 0.000000 0.300000
vt 0.142927 1.500000
vt 0.285854 0.300000
vt 0.285854 1.500000
vt 0.428781 1.500000
vt 0.428781 0.300000
vt 0.174533 0.392699
vt 0.000000 0.000000
vt 0.174533 0.000000
vt 0.000000 0.392699
vt 0.174533 0.785398
vt 0.000000 0.785398
vt 0.174533 1.178097
vt 0.000000 1.178097
vt 0.349066 0.392699
vt 0.349066 0.000000
vt 0.349066 0.785398
vt 0.349066 1.178097
vt 0.523599 0.392699
vt 0.523599 0.000000
vt 0.523599 0.785398
vt 0.523599 1.178097
vt 0.698132 0.392699
vt 0.698132 0.000000
vt 0.698132 0.785398
vt 0.698132 1.178097
vt 0.872665 0.392699
vt 0.872665 0.000000
vt 0.872665 0.785398
vt 0.872665 1.178097
vt 1.047198 0.392699
vt 1.047198 0.000000
vt 1.047198 0.785398
vt 1.047198 1.178097
vt 1.221730 0.392699
vt 1.221730 0.000000
vt 1.221730 0.785398
vt 1.221730 1.178097
vt 1.396263 0.392699
vt 1.396263 0.000000
vt 1.396263 0.785398
vt 1.396263 1.178097
vt 1.570796 0.392699
vt 1.570796 0.000000
vt 1.570796 0.785398
vt 1.570796 1.178097
vt 1.745329 0.392699
vt 1.745329 0.000000
vt 1.745329 0.785398
vt 1.745329 1.178097
vt 1.919862 0.392699
vt 1.919862 0.000000
vt 1.919862 0.785398
vt 1.919862 1.178097
vt 2.094395 0.392699
vt 2.094395 0.000000
vt 2.094395 0.785398
vt 2.094395 1.178097
vt 2.268928 0.392699
vt 2.268928 0.000000
vt 2.268928 0.785398
vt 2.268928 1.178097
vt 2.443461 0.392699
vt 2.443461 0.000000
vt 2.443461 0.785398
vt 2.443461 1.178097
vt 2.617994 0.392699
vt 2.617994 0.000000
vt 2.617994 0.785398
vt 2.617994 1.178097
vt 2.792527 0.392699
vt 2.792527 0.000000
vt 2.792527 0.785398
vt 2.792527 1.178097
vt 2.967060 0.392699
vt 2.967060 0.000000
vt 3.141593 0.392699
vt 2.967060 0.785398
vt 3.141593 0.785398
vt 2.967060 1.178097
vt 3.141593 1.178097
vt 3.141593 0.424264
vt 3.316126 0.424264
vt 3.490659 0.424264
vt 3.665191 0.424264
vt 3.839724 0.424264
vt 4.014257 0.424264
vt 4.188790 0.424264
vt 4.363323 0.424264
vt 4.537856 0.424264
vt 4.712389 0.424264
vt 4.886922 0.424264
vt 5.061455 0.424264
vt 5.235988 0.424264
vt 5.410521 0.424264
vt 5.585053 0.424264
vt 5.759586 0.424264
vt 5.934119 0.424264
vt 6.108653 0.424264
vt 6.283185 0.424264
vt 3.141593 4.200000
vt 3.316126 4.200000
vt 3.490659 4.200000
vt 3.665191 4.200000
vt 3.839724 4.200000
vt 4.014257 4.200000
vt 4.188790 4.200000
vt 4.363323 4.200000
vt 4.537856 4.200000
vt 4.712389 4.200000
vt 4.886922 4.200000
vt 5.061455 4.200000
vt 5.235988 4.200000
vt 5.410521 4.200000
vt 5.585053 4.200000
vt 5.759586 4.200000
vt 5.934119 4.200000
vt 6.108653 4.200000
vt 6.283185 4.200000
vt 0.000000 2.900000
vt 0.174533 0.300000
vt 0.174533 2.900000
vt 0.349066 0.300000
vt 0.349066 2.900000
vt 0.523599 0.300000
vt 0.523599 2.900000
vt 0.698132 0.300000
vt 0.698132 2.900000
vt 0.872665 0.300000
vt 0.872665 2.900000
vt 1.047198 0.300000
vt 1.047198 2.900000
vt 1.221730 0.300000
vt 1.221730 2.900000
vt 1.396263 0.300000
vt 1.396263 2.900000
vt 1.570796 0.300000
vt 1.570796 2.900000
vt 1.745329 2.900000
vt 1.745329 0.300000
vt 1.919862 0.300000
vt 1.919862 2.900000
vt 2.094395 0.300000
vt 2.094395 2.900000
vt 2.268928 0.300000
vt 2.268928 2.900000
vt 2.443461 0.300000
vt 2.443461 2.900000
vt 2.617994 2.900000
vt 2.617994 0.300000
vt 2.792527 0.300000
vt 2.792527 2.900000
vt 2.967060 2.900000
vt 2.967060 0.300000
vt 3.141593 2.900000
vt 3.141593 0.300000
vt 0.000000 1.000000
vt 0.174533 1.000000
vt 0.349066 1.000000
vt 0.523599 1.000000
vt 0.698132 1.000000
vt 0.872665 1.000000
vt 1.047198 1.000000
vt 1.221730 1.000000
vt 1.396263 1.000000
vt 1.570796 1.000000
vt 1.745329 1.000000
vt 1.919862 1.000000
vt 2.094395 1.000000
vt 2.268928 1.000000
vt 2.443461 1.000000
vt 2.617994 1.000000
vt 2.792527 1.000000
vt 2.967060 1.000000
vt 3.141593 1.000000
vt -9.904346 -20.774927
vt -9.774927 -20.904346
vt -10.962032 -21.512033
vt -10.009327 -20.625000
vt -9.625000 -21.009327
vt -9.459121 -21.086678
vt -10.086678 -20.459122
vt -9.282331 -21.134048
vt -10.134048 -20.282331
vt -9.100000 -21.150000
vt -10.150000 -20.100000
vt -8.917669 -21.134048
vt -10.134048 -19.917669
vt -10.086678 -19.740879
vt -8.060698 -16.086330
vt -8.917669 -19.065952
vt -9.100000 -19.049999
vt -9.282331 -19.065952
vt -8.126577 -16.000475
vt -9.459121 -19.113323
vt -9.625000 -19.190674
vt -7.964706 -16.136301
vt -8.740879 -19.113323
vt -8.150000 -15.894820
vt -9.774927 -19.295652
vt -9.904346 -19.425074
vt -10.009327 -19.575001
vt -5.125500 -18.915339
vt -8.065952 -20.282331
vt -8.050000 -20.100000
vt -8.065952 -19.917669
vt -5.040853 -18.977854
vt -8.190673 -20.625000
vt -8.113323 -20.459122
vt -5.176923 -18.823530
vt -8.113323 -19.740879
vt -4.937981 -19.000000
vt -8.425073 -20.904346
vt -8.295653 -20.774927
vt -7.331738 -16.364494
vt -8.575000 -19.190674
vt -5.428204 -18.199368
vt -8.190673 -19.575001
vt -6.745975 -16.695553
vt -8.425073 -19.295652
vt -5.780549 -17.626156
vt -8.295653 -19.425074
vt -6.223989 -17.120111
vt 4.937981 -19.000000
vt 8.425073 -20.904346
vt 8.295653 -20.774927
vt 8.575000 -21.009327
vt -8.575000 -21.009327
vt 8.190673 -20.625000
vt 8.740879 -21.086678
vt -8.740879 -21.086678
vt 8.113323 -20.459122
vt 5.087337 -18.950487
vt 8.917669 -21.134048
vt 8.065952 -20.282331
vt 8.050000 -20.100000
vt 8.065952 -19.917669
vt 5.176923 -18.823530
vt 8.113323 -19.740879
vt 5.428204 -18.199368
vt 8.190673 -19.575001
vt 5.780549 -17.626156
vt 8.295653 -19.425074
vt 6.223989 -17.120111
vt 8.425073 -19.295652
vt 10.962032 -21.512033
vt 9.100000 -21.150000
vt 9.282331 -21.134048
vt 9.459121 -21.086678
vt 9.625000 -21.009327
vt 9.774927 -20.904346
vt 9.904346 -20.774927
vt 10.009327 -20.625000
vt 10.086678 -20.459122
vt 10.134048 -20.282331
vt 10.150000 -20.100000
vt 6.745975 -16.695553
vt 8.575000 -19.190674
vt 10.134048 -19.917669
vt 10.086678 -19.740879
vt 7.331738 -16.364494
vt 8.740879 -19.113323
vt 7.964706 -16.136301
vt 8.917669 -19.065952
vt 8.060698 -16.086330
vt 9.282331 -19.065952
vt 9.100000 -19.049999
vt 8.126577 -16.000475
vt 9.625000 -19.190674
vt 9.459121 -19.113323
vt 8.150000 -15.894820
vt 10.009327 -19.575001
vt 9.904346 -19.425074
vt 9.774927 -19.295652
vt 8.150000 -5.996872
vt 7.057826 -4.452579
vt 7.307360 -5.005994
vt 7.159094 -4.739883
vt 7.498377 -5.243293
vt 7.726675 -5.444982
vt 7.057826 -3.547420
vt 7.006456 -4.152314
vt 7.006456 -3.847686
vt 7.159094 -3.260117
vt 7.985714 -5.605285
vt 7.498377 -2.756707
vt 7.307360 -2.994005
vt -8.150000 13.448781
vt 7.985714 -2.394715
vt 7.726675 -2.555018
vt 8.105515 -2.284378
vt 8.105520 -5.715626
vt 8.150000 -2.127168
vt 8.150000 -5.872832
vt -7.034966 14.610806
vt -7.210507 14.355750
vt -7.427162 14.134551
vt -6.905732 14.892171
vt -6.800000 15.500000
vt -6.826630 15.191522
vt -6.873042 16.007559
vt -6.818354 15.756393
vt -6.962948 16.248373
vt -7.957143 13.818710
vt -8.096790 13.709064
vt -7.678519 13.953755
vt -9.774927 19.295652
vt -8.150000 13.538495
vt -9.904346 19.425074
vt -10.009327 19.575001
vt -9.625000 19.190674
vt -9.459121 19.113323
vt -10.086678 19.740879
vt -9.282331 19.065952
vt -6.978108 16.456940
vt -9.100000 19.049999
vt -8.917669 19.065952
vt -8.740879 19.113323
vt -6.851262 16.626141
vt -10.962032 21.512032
vt -10.150000 20.100000
vt -10.134048 19.917669
vt -10.086678 20.459122
vt -10.134048 20.282331
vt -8.575000 19.190674
vt -6.834395 16.636942
vt -10.009327 20.625000
vt -8.425073 19.295652
vt -6.386194 16.972126
vt -9.904346 20.774927
vt -9.774927 20.904346
vt -5.989164 17.366587
vt -8.295653 19.425074
vt -9.625000 21.009327
vt -9.459121 21.086678
vt -9.282331 21.134048
vt -9.100000 21.150000
vt -5.651076 17.812601
vt -8.190673 19.575001
vt -8.917669 21.134048
vt -5.378551 18.301439
vt -8.113323 19.740879
vt -5.176923 18.823530
vt -8.065952 19.917669
vt -5.125500 18.915339
vt -8.050000 20.100000
vt -8.065952 20.282331
vt -5.040853 18.977854
vt -8.113323 20.459122
vt -8.190673 20.625000
vt -4.937981 19.000000
vt -8.295653 20.774927
vt -8.425073 20.904346
vt 8.295653 19.425074
vt 6.223989 17.120111
vt 5.780549 17.626156
vt 8.425073 19.295652
vt 6.745975 16.695553
vt 8.190673 19.575001
vt 5.428204 18.199368
vt 8.575000 19.190674
vt 7.331738 16.364494
vt 8.740879 19.113323
vt 7.964706 16.136301
vt 8.113323 19.740879
vt 5.176923 18.823530
vt 8.065952 19.917669
vt 5.125500 18.915339
vt 8.917669 19.065952
vt 8.060698 16.086330
vt 8.050000 20.100000
vt 9.100000 19.049999
vt 9.282331 19.065952
vt 8.126577 16.000475
vt 8.065952 20.282331
vt 5.040853 18.977854
vt 8.113323 20.459122
vt 9.459121 19.113323
vt 9.625000 19.190674
vt 8.150000 15.894820
vt 8.190673 20.625000
vt 4.937981 19.000000
vt 9.774927 19.295652
vt 8.295653 20.774927
vt 9.904346 19.425074
vt 8.425073 20.904346
vt 10.009327 19.575001
vt 8.150000 -2.003127
vt 8.575000 21.009327
vt -8.575000 21.009327
vt -8.740879 21.086678
vt 8.740879 21.086678
vt 10.086678 19.740879
vt 10.962032 21.512032
vt 10.134048 19.917669
vt 10.150000 20.100000
vt 10.134048 20.282331
vt 10.086678 20.459122
vt 10.009327 20.625000
vt 9.904346 20.774927
vt 9.774927 20.904346
vt 9.625000 21.009327
vt 9.459121 21.086678
vt 9.282331 21.134048
vt 9.100000 21.150000
vt 8.917669 21.134048
vt -2.452539 0.300000
vt -10.720423 0.300000
vt -10.720423 1.400000
vt -0.034514 1.400000
vt 13.520413 1.400000
vt 13.520413 0.300000
vt 2.452530 0.300000
vt 0.034504 1.400000
vt 0.912512 0.149396
vt 0.341285 -0.100392
vt 0.208386 -0.288316
vt 0.208389 -8.556199
vt 1.441543 0.479113
vt 1.913337 0.878083
vt 3.113873 2.553846
vt 2.927564 2.425357
vt 2.665481 1.862207
vt 15.808392 -8.556199
vt 14.105447 0.876126
vt 13.695530 1.337931
vt 2.325408 1.343685
vt 14.580488 0.475532
vt 13.353160 1.859059
vt 15.106626 0.148109
vt 12.902904 2.553846
vt 13.089211 2.425370
vt 15.808394 -0.288316
vt 15.675486 -0.100389
vt -7.901799 -16.256714
vt -8.008383 -16.146170
vt -5.287611 -18.809685
vt -7.767056 -16.328623
vt -5.177987 -18.911774
vt -8.077098 -16.009779
vt -5.361224 -18.678179
vt -5.042684 -18.977947
vt -8.100004 -15.857842
vt -4.894514 -19.000004
vt -7.135899 -16.615416
vt -5.662872 -18.053986
vt -6.563740 -17.006878
vt -6.067765 -17.491251
vt 4.894520 -19.000004
vt 5.043609 -18.977943
vt 5.178001 -18.911764
vt 5.287949 -18.808815
vt 5.361234 -18.678154
vt 5.662883 -18.053968
vt 6.067775 -17.491240
vt 6.563746 -17.006872
vt -8.600000 -1.800000
vt -8.100000 -2.371933
vt -8.076274 -2.089550
vt -8.008849 -1.851832
vt 7.135901 -16.615414
vt 7.767053 -16.328625
vt 7.902677 -16.256403
vt 8.008381 -16.146172
vt 8.077097 -16.008846
vt 8.100004 -15.857842
vt -7.800000 4.447444
vt -7.991750 4.614751
vt -8.600000 4.200000
vt -8.042004 4.743766
vt -8.086245 4.955068
vt -8.100000 5.171934
vt 8.600000 -1.800000
vt 8.008849 -1.851832
vt 8.076274 -2.089550
vt 8.100000 -2.371933
vt -8.100004 15.857842
vt -8.077100 16.008839
vt -8.008390 16.146158
vt -7.902696 16.256390
vt -7.767082 16.328617
vt -7.237829 16.559856
vt -6.746780 16.865364
vt -6.305260 17.238283
vt -5.922305 17.670469
vt -5.605031 18.154295
vt 8.600000 4.200000
vt 8.034537 4.720183
vt 7.965601 4.567823
vt 7.800000 4.447444
vt 8.080146 4.912751
vt 8.100000 5.171934
vt -5.361234 18.678154
vt -5.287949 18.808815
vt -5.178001 18.911766
vt -5.043609 18.977943
vt -4.894520 19.000004
vt 4.894511 19.000004
vt 8.100004 15.857842
vt 6.305246 17.238297
vt 6.746376 16.865681
vt 5.921982 17.670862
vt 7.237574 16.559950
vt 5.604936 18.154539
vt 7.767056 16.328623
vt 5.361231 18.678167
vt 7.901799 16.256714
vt 5.287618 18.809677
vt 8.008383 16.146170
vt 5.177993 18.911772
vt 5.042686 18.977947
vt 8.077098 16.009779
vt -22.424065 -0.500000
vt -22.424065 -25.000000
vt -0.500000 -25.000000
vt -0.500000 -0.500000
vt 43.524063 -0.500000
vt 0.500000 -0.500000
vt 0.500000 -25.000000
vt 43.524063 -25.000000
vt 22.424065 -25.000000
vt 22.424065 -0.500000
vt -43.524063 -25.000000
vt -43.524063 -0.500000
vt 0.000000 1.400000
vt -8.267884 0.300000
vt -10.685908 1.400000
vt 0.250000 1.000000
vt 0.250328 0.000000
vt 0.500000 1.000000
vt 0.749880 0.000000
vt 0.499947 0.000000
vt 0.750000 1.000000
vt 1.000000 -0.000000
vt 1.000000 1.000000
vt 0.166667 1.000000
vt 0.167341 -0.000000
vt 0.333333 1.000000
vt 0.333958 -0.000000
vt 0.500628 -0.000000
vt 0.666667 1.000000
vt 0.833031 -0.000000
vt 0.666096 0.000000
vt 0.833333 1.000000
vt 0.249633 0.000000
vt 0.499934 0.000000
vt 0.750055 0.000000
vt -9.789031 0.300000
vt -9.789031 1.400000
vt 0.249635 -0.000000
vt 0.499935 -0.000000
vt 0.750057 -0.000000
vt 0.333961 -0.000000
vt 0.833039 -0.000000
vt 0.666097 0.000000
vt 0.250326 0.000000
vt 0.749878 -0.000000
vt 0.499944 0.000000
vt 17.200001 0.000000
vt 0.000000 -5.000000
vt 17.200001 -5.000000
vt 6.000000 0.000000
vt 6.000000 -5.000000
vt -17.200001 -5.000000
vt -17.200001 0.000000
vt -6.000000 -5.000000
vt -6.000000 0.000000
vt 2.084062 1.400000
vt 1.910530 0.300000
vt 1.910530 1.400000
vt 2.084062 0.300000
vt 2.257595 1.400000
vt 2.257595 0.300000
vt 2.431127 1.400000
vt 2.431127 0.300000
vt 2.604660 1.400000
vt 2.604660 0.300000
vt 2.778192 1.400000
vt 2.778192 0.300000
vt 0.499933 0.000000
vt 0.750054 0.000000
vt 9.789034 1.400000
vt 9.789034 0.300000
vt 0.536938 1.400000
vt 0.363408 0.300000
vt 0.363408 1.400000
vt 0.536938 0.300000
vt 0.710469 1.400000
vt 0.710469 0.300000
vt 0.884000 1.400000
vt 0.884000 0.300000
vt 1.057531 1.400000
vt 1.057531 0.300000
vt 1.231062 1.400000
vt 1.231062 0.300000
vt -2.452530 0.300000
vt -13.520413 0.300000
vt -13.520413 1.400000
vt -0.034504 1.400000
vt 1.019784 -0.207899
vt 0.208378 0.288327
vt 0.341288 0.100402
vt 2.603293 -1.754364
vt 2.927566 -2.425373
vt 3.113868 -2.553835
vt 4.944205 2.225019
vt 1.634857 -0.628721
vt 2.168032 -1.149423
vt 5.437232 1.731992
vt 6.008382 1.332068
vt 4.544281 2.796170
vt 6.640302 1.037399
vt 4.249612 3.428089
vt 7.313790 0.856938
vt 4.069151 4.101577
vt 8.008383 0.796170
vt 4.008382 4.796169
vt 4.069151 5.490762
vt 12.902900 -2.553835
vt 8.702975 0.856938
vt 9.376463 1.037399
vt 10.008383 1.332068
vt 0.208381 11.356210
vt 4.249612 6.164250
vt 4.544281 6.796169
vt 13.413483 -1.754344
vt 13.089209 -2.425346
vt 10.579533 1.731992
vt 4.944205 7.367320
vt 13.848743 -1.149410
vt 11.072560 2.225019
vt 5.437232 7.860347
vt 14.381916 -0.628714
vt 11.472484 2.796170
vt 6.008382 8.260271
vt 14.996984 -0.207897
vt 11.767153 3.428089
vt 6.640302 8.554940
vt 7.313790 8.735400
vt 15.808387 0.288327
vt 15.675475 0.100402
vt 11.947614 4.101577
vt 12.008383 4.796169
vt 11.947614 5.490762
vt 15.808382 11.356210
vt 11.767153 6.164250
vt 11.472484 6.796169
vt 11.072560 7.367320
vt 10.579533 7.860347
vt 10.008383 8.260271
vt 9.376463 8.554940
vt 8.702975 8.735400
vt 8.008383 8.796169
vt 3.316126 0.300000
vt 3.316126 1.000000
vt 3.490659 0.300000
vt 3.490659 1.000000
vt 3.665191 0.300000
vt 3.665191 1.000000
vt 3.839724 0.300000
vt 3.839724 1.000000
vt 4.014257 0.300000
vt 4.014257 1.000000
vt 4.188790 0.300000
vt 4.188790 1.000000
vt 4.363323 0.300000
vt 4.363323 1.000000
vt 4.537856 0.300000
vt 4.537856 1.000000
vt 4.712389 0.300000
vt 4.712389 1.000000
vt 4.886922 0.300000
vt 4.886922 1.000000
vt 5.061455 1.000000
vt 5.061455 0.300000
vt 5.235988 0.300000
vt 5.235988 1.000000
vt 5.410521 0.300000
vt 5.410521 1.000000
vt 5.585053 1.000000
vt 5.585053 0.300000
vt 5.759586 1.000000
vt 5.759586 0.300000
vt 5.934119 0.300000
vt 5.934119 1.000000
vt 6.108653 1.000000
vt 6.108653 0.300000
vt 6.283185 1.000000
vt 6.283185 0.300000
vt -1.928363 -2.298133
vt -2.834364 -2.378314
vt -2.378314 -2.834364
vt -2.298133 -1.928363
vt -3.204294 -1.850000
vt -1.500000 -2.598076
vt -1.850000 -3.204294
vt -2.598076 -1.500000
vt -3.476863 -1.265475
vt -1.026060 -2.819078
vt -1.265475 -3.476863
vt -2.819078 -1.026060
vt -3.643789 -0.642498
vt -0.520945 -2.954423
vt -0.642498 -3.643789
vt -2.954423 -0.520945
vt -3.700000 0.000000
vt -0.000000 -3.000000
vt -0.000000 -3.700000
vt -3.000000 0.000000
vt -3.643789 0.642498
vt 0.520945 -2.954423
vt 0.642498 -3.643789
vt -2.954423 0.520945
vt -3.476863 1.265475
vt 1.026060 -2.819078
vt 1.265475 -3.476863
vt -2.819078 1.026060
vt -3.204294 1.850000
vt 1.500000 -2.598076
vt 1.850000 -3.204294
vt -2.598076 1.500000
vt -2.834364 2.378314
vt 1.928363 -2.298133
vt 2.378314 -2.834364
vt -2.298133 1.928363
vt 2.834364 -2.378314
vt 2.298133 -1.928363
vt -2.378314 2.834364
vt -1.928363 2.298133
vt -1.500000 2.598076
vt 3.204294 -1.850000
vt 2.598076 -1.500000
vt -1.850000 3.204294
vt -1.026060 2.819078
vt 3.476863 -1.265475
vt 2.819078 -1.026060
vt -1.265475 3.476863
vt -0.520945 2.954423
vt 3.643789 -0.642498
vt 2.954423 -0.520945
vt -0.642498 3.643789
vt -0.000000 3.000000
vt 0.000000 3.700000
vt 0.520945 2.954423
vt 3.700000 0.000000
vt 3.000000 0.000000
vt 0.642498 3.643789
vt 1.026060 2.819078
vt 3.643789 0.642498
vt 2.954423 0.520945
vt 1.265475 3.476863
vt 1.500000 2.598076
vt 3.476863 1.265475
vt 2.819078 1.026060
vt 3.204294 1.850000
vt 2.598076 1.500000
vt 1.850000 3.204294
vt 1.928363 2.298133
vt 2.834364 2.378314
vt 2.298133 1.928363
vt 2.378314 2.834364
vt 3.316126 2.900000
vt 3.490659 2.900000
vt 3.665191 2.900000
vt 3.839724 2.900000
vt 4.014257 2.900000
vt 4.188790 2.900000
vt 4.363323 2.900000
vt 4.537856 2.900000
vt 4.712389 2.900000
vt 4.886922 2.900000
vt 5.061455 2.900000
vt 5.235988 2.900000
vt 5.410521 2.900000
vt 5.585053 2.900000
vt 5.759586 2.900000
vt 5.934119 2.900000
vt 6.108653 2.900000
vt 6.283185 2.900000
vt -0.835624 -0.995858
vt -1.735527 -2.068320
vt -1.350000 -2.338269
vt -0.995858 -0.835624
vt -2.068320 -1.735527
vt -0.650000 -1.125833
vt -0.923454 -2.537170
vt -1.125833 -0.650000
vt -2.338269 -1.350000
vt -0.444626 -1.221600
vt -0.468850 -2.658981
vt -1.221600 -0.444626
vt -2.537170 -0.923454
vt -0.225743 -1.280250
vt -0.000000 -2.700000
vt -1.280250 -0.225743
vt -2.658981 -0.468850
vt 0.000000 -1.300000
vt 0.468850 -2.658981
vt -1.300000 -0.000000
vt -2.700000 0.000000
vt 0.225743 -1.280250
vt 0.923454 -2.537170
vt -1.280250 0.225743
vt -2.658981 0.468850
vt 0.444626 -1.221600
vt 1.350000 -2.338269
vt -1.221600 0.444626
vt -2.537170 0.923454
vt 0.650000 -1.125833
vt -1.125833 0.650000
vt -2.338269 1.350000
vt 1.735527 -2.068320
vt 0.835624 -0.995858
vt -0.995858 0.835624
vt -2.068320 1.735527
vt 0.995858 -0.835624
vt -0.835624 0.995858
vt 2.068320 -1.735527
vt -1.735527 2.068320
vt 1.125833 -0.650000
vt 2.338269 -1.350000
vt 1.221600 -0.444626
vt -1.350000 2.338269
vt -0.650000 1.125833
vt 2.537170 -0.923454
vt 1.280250 -0.225743
vt -0.923454 2.537170
vt -0.444626 1.221600
vt 2.658981 -0.468850
vt 1.300000 -0.000000
vt -0.468850 2.658981
vt -0.225743 1.280250
vt 2.700000 0.000000
vt 1.280250 0.225743
vt 0.000000 2.700000
vt 0.000000 1.300000
vt 2.658981 0.468850
vt 1.221600 0.444626
vt 0.468850 2.658981
vt 0.225743 1.280250
vt 2.537170 0.923454
vt 1.125833 0.650000
vt 0.923454 2.537170
vt 0.444626 1.221600
vt 2.338269 1.350000
vt 0.995858 0.835624
vt 1.350000 2.338269
vt 0.650000 1.125833
vt 2.068320 1.735527
vt 0.835624 0.995858
vt 1.735527 2.068320
vt 0.174533 4.200000
vt 0.000000 4.200000
vt 0.349066 4.200000
vt 0.523599 4.200000
vt 0.698132 4.200000
vt 0.872665 4.200000
vt 1.047198 4.200000
vt 1.221730 4.200000
vt 1.396263 4.200000
vt 1.570796 4.200000
vt 1.745329 4.200000
vt 1.919862 4.200000
vt 2.094395 4.200000
vt 2.268928 4.200000
vt 2.443461 4.200000
vt 2.617994 4.200000
vt 2.792527 4.200000
vt 2.967060 4.200000
vt -0.939693 -0.342020
vt -0.866025 -0.500000
vt -0.766044 -0.642788
vt -0.642788 0.766044
vt -0.766044 0.642788
vt -0.866025 0.500000
vt -0.939693 0.342020
vt 0.866025 -0.500000
vt 0.642788 -0.766044
vt 0.766044 -0.642788
vt 0.939693 -0.342020
vt -0.000000 -1.000000
vt 0.173648 -0.984808
vt 0.342020 -0.939693
vt 0.500000 -0.866025
vt -0.342020 0.939693
vt -0.500000 0.866025
vt -0.173648 0.984808
vt 0.984808 -0.173648
vt 0.342020 0.939693
vt 0.173648 0.984808
vt 0.939693 0.342020
vt 0.984808 0.173648
vt 0.642788 0.766044
vt 0.866025 0.500000
vt 0.766044 0.642788
vt 0.500000 0.866025
vt -0.984808 0.173648
vt -1.000000 0.000000
vt -0.984808 -0.173648
vt -0.642788 -0.766044
vt -0.500000 -0.866025
vt -0.342020 -0.939693
vt -0.173648 -0.984808
vt 6.283185 0.392699
vt 6.108653 1.570796
vt 6.283185 1.178097
vt 3.316126 0.392699
vt 3.316126 0.785398
vt 3.316126 1.178097
vt 3.316126 1.570796
vt 3.490659 0.392699
vt 3.490659 0.785398
vt 3.490659 1.178097
vt 3.490659 1.570796
vt 3.665191 0.392699
vt 3.665191 0.785398
vt 3.665191 1.178097
vt 3.665191 1.570796
vt 3.839724 0.392699
vt 3.839724 0.785398
vt 3.839724 1.178097
vt 3.839724 1.570796
vt 4.014257 0.392699
vt 4.014257 0.785398
vt 4.014257 1.178097
vt 4.014257 1.570796
vt 4.188790 0.392699
vt 4.188790 0.785398
vt 4.188790 1.178097
vt 4.188790 1.570796
vt 4.363323 0.392699
vt 4.363323 0.785398
vt 4.363323 1.178097
vt 4.363323 1.570796
vt 4.537856 0.392699
vt 4.537856 0.785398
vt 4.537856 1.178097
vt 4.537856 1.570796
vt 4.712389 0.392699
vt 4.712389 0.785398
vt 4.712389 1.178097
vt 4.712389 1.570796
vt 4.886922 0.392699
vt 4.886922 0.785398
vt 4.886922 1.178097
vt 4.886922 1.570796
vt 5.061455 0.392699
vt 5.061455 0.785398
vt 5.061455 1.178097
vt 5.061455 1.570796
vt 5.235988 0.392699
vt 5.235988 0.785398
vt 5.235988 1.178097
vt 5.235988 1.570796
vt 5.410521 1.570796
vt 5.410521 0.392699
vt 5.410521 0.785398
vt 5.410521 1.178097
vt 5.585053 0.392699
vt 5.585053 0.785398
vt 5.585053 1.178097
vt 5.585053 1.570796
vt 5.759586 0.392699
vt 5.759586 0.785398
vt 5.759586 1.178097
vt 5.759586 1.570796
vt 5.934119 1.570796
vt 5.934119 0.392699
vt 5.934119 0.785398
vt 5.934119 1.178097
vt 6.108653 0.392699
vt 6.108653 0.785398
vt 6.283185 0.785398
vt 6.108653 1.178097
vt 0.000000 0.424264
vt 0.174533 0.424264
vt 0.349066 0.424264
vt 0.523599 0.424264
vt 0.698132 0.424264
vt 0.872665 0.424264
vt 1.047198 0.424264
vt 1.221730 0.424264
vt 1.396263 0.424264
vt 1.570796 0.424264
vt 1.745329 0.424264
vt 1.919862 0.424264
vt 2.094395 0.424264
vt 2.268928 0.424264
vt 2.443461 0.424264
vt 2.617994 0.424264
vt 2.792527 0.424264
vt 2.967060 0.424264
vt 0.000000 19.262032
vt 3.085904 3.662032
vt 0.000000 3.662032
vt 3.085904 19.262033
vt -0.000000 19.470881
vt 0.095383 19.262032
vt -0.000000 3.453183
vt 0.095383 3.662032
vt 4.712389 19.262033
vt 4.712389 3.662032
vt 4.854701 3.662032
vt 4.854701 19.262033
vt 4.997012 3.662032
vt 4.997012 19.262033
vt 5.139324 3.662032
vt 5.139324 19.262033
vt 0.000000 19.262033
vt 3.315931 3.662033
vt 0.000000 3.662031
vt 3.315931 19.262032
vt 5.105088 2.108165
vt 4.712389 2.108165
vt 4.712389 -0.548309
vt 5.112768 -0.805345
vt 5.497787 2.108165
vt 5.513146 -1.021725
vt 5.890486 2.108165
vt 6.283185 -0.977739
vt 6.283185 2.108165
vt 1.570796 -0.392699
vt 1.400931 -0.355793
vt 1.178209 -0.699240
vt 0.130900 -1.308997
vt 0.000000 -1.286173
vt 0.000000 -1.428485
vt 0.000000 -1.143861
vt 0.392699 -1.308997
vt 0.000000 -1.570796
vt 0.654498 -1.308997
vt 0.916298 -1.308997
vt 1.178097 -1.308997
vt 1.570796 -1.570796
vt 1.570796 -1.178097
vt 0.785398 -1.047198
vt 0.785555 -0.999040
vt 1.047198 -1.047198
vt 1.308997 -1.047198
vt 1.570796 -0.785398
vt 1.178097 -0.785398
vt 1.439897 -0.785398
vt 3.534288 -0.288327
vt 3.141593 -0.288327
vt 3.141593 -11.356210
vt 3.534292 -11.356210
vt 3.926984 -0.288327
vt 3.926991 -11.356210
vt 4.319679 -0.288327
vt 4.319690 -11.356210
vt 4.712389 -0.288327
vt 4.712389 -11.356210
vt 0.000122 0.379945
vt 0.000000 0.499998
vt 0.000000 0.259890
vt 0.000245 0.000000
vt 0.000245 0.259892
vt 0.000245 0.500000
vt 0.000122 0.499999
vt 0.000062 0.749999
vt 0.000000 0.740107
vt 0.000062 0.870054
vt 0.000061 1.000000
vt 0.000123 1.000000
vt 0.000184 0.750000
vt 0.000245 0.740108
vt 0.000184 0.870054
vt 0.000245 1.000000
vt 0.000183 1.000000
vt 2.084059 1.570796
vt 1.910529 1.963495
vt 1.910528 1.570796
vt 2.778185 3.141593
vt 2.604654 3.141593
vt 2.778185 2.748894
vt 2.084059 1.963495
vt 1.910529 2.356194
vt 2.084059 2.356194
vt 1.910530 2.748893
vt 2.084059 2.748893
vt 2.084062 3.141593
vt 1.910531 3.141593
vt 2.257591 1.963495
vt 2.257591 1.570796
vt 2.257591 2.356194
vt 2.257591 2.748893
vt 2.257592 3.141593
vt 2.431122 1.963495
vt 2.431122 1.570796
vt 2.431122 2.356194
vt 2.431122 2.748893
vt 2.431123 3.141593
vt 2.604654 1.963495
vt 2.778185 1.570796
vt 2.778185 1.963496
vt 2.604654 1.570796
vt 2.604654 2.356194
vt 2.778185 2.356194
vt 2.604654 2.748893
vt 0.000120 0.379946
vt -0.000000 0.500000
vt -0.000000 0.259892
vt 0.000240 0.000000
vt 0.000240 0.259892
vt 0.000240 0.500000
vt 0.000120 0.500000
vt 0.000060 0.750000
vt -0.000000 0.740108
vt 0.000060 0.870054
vt 0.000060 1.000000
vt 0.000121 1.000000
vt 0.000180 0.750000
vt 0.000240 0.740108
vt 0.000180 0.870054
vt 0.000240 1.000000
vt 0.000180 1.000000
vt 3.141593 -3.113869
vt 3.141593 -12.902903
vt 3.534292 -12.902902
vt 3.534292 -3.113868
vt 3.926991 -12.902901
vt 3.926991 -3.113868
vt 4.319690 -12.902901
vt 4.319690 -3.113868
vt 4.712389 -12.902900
vt 4.712389 -3.113868
vt 0.536933 3.141593
vt 0.363401 3.141593
vt 0.363401 2.748893
vt 1.231065 1.963495
vt 1.057532 1.570796
vt 1.231065 1.570796
vt 0.536933 1.963495
vt 0.363401 1.963495
vt 0.363401 1.570796
vt 0.536934 1.570796
vt 0.536933 2.356194
vt 0.363401 2.356194
vt 0.536933 2.748893
vt 0.710466 1.963495
vt 0.710467 1.570796
vt 0.710466 2.356194
vt 0.710466 2.748893
vt 0.710466 3.141593
vt 0.883998 1.963495
vt 0.883999 1.570796
vt 0.883998 2.356194
vt 0.883998 2.748893
vt 0.883998 3.141593
vt 1.057530 1.963495
vt 1.231064 2.356194
vt 1.057530 2.356194
vt 1.231063 2.748893
vt 1.057530 2.748893
vt 1.231063 3.141593
vt 1.057530 3.141593
vt 0.000122 0.379946
vt 0.000244 0.000000
vt 0.000122 0.500000
vt 0.000062 0.750000
vt 3.534292 11.356211
vt 3.141593 0.288327
vt 3.534292 0.288327
vt 3.141593 11.356211
vt 3.926991 11.356211
vt 3.926991 0.288327
vt 4.319690 11.356211
vt 4.319690 0.288327
vt 4.712389 11.356211
vt 4.712389 0.288327
vt 1.740662 -0.355793
vt 1.963384 -0.699240
vt 1.963495 -1.308997
vt 2.225295 -1.308997
vt 1.832596 -1.047198
vt 2.487094 -1.308997
vt 2.094395 -1.047198
vt 1.701696 -0.785398
vt 2.748893 -1.308997
vt 3.141592 -1.570796
vt 3.141592 -1.428485
vt 2.356194 -1.047198
vt 3.141592 -1.143861
vt 2.356037 -0.999040
vt 1.963495 -0.785398
vt 3.010693 -1.308997
vt 3.141592 -1.286173
vt 0.392699 3.085910
vt 0.000000 3.085910
vt 0.000000 0.000006
vt 0.770039 -0.043980
vt 0.785398 3.085910
vt 1.170418 0.172400
vt 1.178097 3.085910
vt 1.570796 0.429436
vt 1.570796 3.085910
vt 0.693416 3.163635
vt -0.000000 3.315924
vt 0.000000 -0.000007
vt 0.785398 -0.000007
vt 0.938511 3.046200
vt 1.266800 2.853865
vt 1.570796 -0.000007
vt 1.570796 2.656465
vt 1.570797 -0.785398
vt 0.392704 -1.308996
vt 0.000000 -1.143862
vt 0.000000 -1.570795
vt 0.654506 -1.308996
vt 0.916309 -1.308996
vt 1.178111 -1.308996
vt 1.570815 -1.570795
vt 0.785407 -1.047197
vt 1.047210 -1.047197
vt 1.309012 -1.047197
vt 1.178111 -0.785397
vt 1.439914 -0.785397
vt 3.534292 -0.288316
vt 3.141593 -8.556200
vt 3.926991 -8.556199
vt 3.141593 -0.288316
vt 3.926991 -0.288316
vt 4.319690 -0.288316
vt 4.712389 -8.556199
vt 4.712389 -0.288316
vt 0.000122 0.379947
vt 0.000244 0.000006
vt 0.000244 0.259895
vt 0.000244 0.500002
vt 0.000122 0.500001
vt 0.000184 0.750001
vt 0.000244 0.740110
vt 0.000184 0.870055
vt 0.000244 1.000000
vt 0.000312 0.249995
vt 0.000000 0.259891
vt 0.000623 -0.000009
vt 0.000622 0.499996
vt 0.003426 0.249999
vt 0.003115 -0.000000
vt 0.003738 -0.000005
vt 0.003738 0.259888
vt 0.003114 0.500000
vt 0.000156 0.495052
vt 0.000000 0.499999
vt 0.000156 0.624998
vt 0.000622 1.000000
vt 0.000467 0.624998
vt 0.000778 0.249994
vt 0.000777 0.749998
vt 0.001244 1.000000
vt 0.000933 0.499996
vt 0.001090 0.249998
vt 0.001246 0.000000
vt 0.001245 0.500000
vt 0.001089 0.749998
vt 0.001401 0.250000
vt 0.001400 0.750000
vt 0.001866 1.000000
vt 0.001556 0.500000
vt 0.001712 0.250000
vt 0.001869 -0.000000
vt 0.001867 0.500000
vt 0.001711 0.750000
vt 0.002024 0.250000
vt 0.002022 0.750000
vt 0.002178 0.500000
vt 0.002488 1.000000
vt 0.002335 0.250000
vt 0.002492 -0.000000
vt 0.002490 0.500000
vt 0.002333 0.750000
vt 0.002647 0.250000
vt 0.002645 0.750000
vt 0.002802 0.500000
vt 0.003112 1.000000
vt 0.002959 0.250000
vt 0.002957 0.750000
vt 0.003269 0.624999
vt 0.003738 1.000000
vt 0.003582 0.495053
vt 0.003738 0.499998
vt 0.003582 0.624999
vt 0.003738 0.740107
vt -0.000000 0.500001
vt -0.000000 0.740109
vt 0.000060 0.870055
vt 3.141593 12.902901
vt 3.141593 3.113870
vt 3.534292 3.113871
vt 3.534292 12.902902
vt 3.926991 3.113871
vt 3.926991 12.902903
vt 4.319690 3.113872
vt 4.319690 12.902904
vt 4.712389 3.113873
vt 4.712389 12.902904
vt 0.000060 0.500000
vt 0.000150 0.249996
vt 0.000240 -0.000008
vt 0.000090 0.750000
vt 0.000150 0.620054
vt 0.000312 0.250051
vt 0.000000 0.259887
vt 0.000000 -0.000001
vt 0.000624 0.000105
vt 0.000623 0.500053
vt 0.000779 0.250053
vt 0.000778 0.750000
vt 0.000935 0.500000
vt 0.001091 0.250000
vt 0.001248 -0.000000
vt 0.001089 0.750000
vt 0.001246 0.500000
vt 0.003427 0.250000
vt 0.003738 0.000000
vt 0.003738 0.259892
vt 0.000156 0.495079
vt 0.000000 0.499997
vt 0.000156 0.625026
vt 0.000467 0.625026
vt 0.001402 0.250000
vt 0.001557 0.500000
vt 0.001713 0.250000
vt 0.001870 -0.000000
vt 0.001868 0.500000
vt 0.002025 0.250000
vt 0.002179 0.500000
vt 0.002336 0.250000
vt 0.002493 0.000000
vt 0.002648 0.250000
vt 0.002803 0.500000
vt 0.002958 0.750000
vt 0.003270 0.625000
vt 0.003582 0.495054
vt 0.003738 0.500000
vt 0.003582 0.625000
vt 0.003738 0.740108
vt 0.000000 0.500003
vt 0.000000 0.259896
vt 0.000122 0.500002
vt 0.000062 0.750002
vt 0.000000 0.740110
vt 0.000062 0.870055
vt 3.141593 8.556193
vt 3.141593 0.288309
vt 3.534292 0.288309
vt 3.926991 8.556192
vt 3.926991 0.288309
vt 4.319690 0.288309
vt 4.712389 8.556192
vt 4.712389 0.288309
vt 1.570795 -0.785398
vt 1.963383 -0.699240
vt 1.701678 -1.308996
vt 1.570777 -1.570795
vt 1.963481 -1.308996
vt 2.225283 -1.308996
vt 1.832580 -1.047197
vt 2.487086 -1.308996
vt 3.141592 -1.570795
vt 2.094382 -1.047197
vt 1.701678 -0.785397
vt 2.748888 -1.308996
vt 3.141592 -1.143862
vt 2.356185 -1.047197
vt 1.963481 -0.785397
vt 2.617987 -1.047197
vt 5.078240 10.542367
vt 4.712389 10.306448
vt 4.712389 7.649976
vt 5.497787 7.649976
vt 5.385653 10.717649
vt 5.698419 10.856334
vt 6.283185 7.649976
vt 6.283185 10.965908
vt 1.994884 1.500000
vt 1.570796 1.500000
vt 1.994884 0.300000
vt 2.418972 1.500000
vt 2.418972 0.300000
vt 2.843060 1.500000
vt 2.843060 0.300000
vt 0.000000 -0.300000
vt 0.000000 -1.500000
vt -9.875961 -1.500000
vt -9.875961 -0.300000
vt 0.722620 1.500000
vt 0.298532 1.500000
vt 0.298532 0.300000
vt 0.722620 0.300000
vt 1.146708 1.500000
vt 1.146708 0.300000
vt 3.440125 1.500000
vt 3.608535 0.300000
vt 3.440125 0.300000
vt 3.608535 1.500000
vt 3.776945 0.300000
vt 3.776945 1.500000
vt 3.945355 0.300000
vt 3.945355 1.500000
vt 4.113765 0.300000
vt 4.113765 1.500000
vt 4.282175 1.500000
vt 4.282175 0.300000
vt 4.450585 1.500000
vt 4.450585 0.300000
vt 0.436331 0.300000
vt 0.436331 1.500000
vt 0.872662 0.300000
vt 0.872662 1.500000
vt 1.308992 0.300000
vt 1.308992 1.500000
vt -0.124040 -0.300000
vt -0.124040 -1.500000
vt 17.897947 -1.500000
vt 17.897947 -0.300000
vt 0.458592 -0.000000
vt 0.458592 1.000000
vt 2.040230 1.500000
vt 2.197567 0.300000
vt 2.040230 0.300000
vt 2.209670 1.500000
vt 2.354905 0.300000
vt 2.379111 1.500000
vt 2.512242 0.300000
vt 2.548551 1.500000
vt 2.669580 0.300000
vt 2.717992 1.500000
vt 2.826917 0.300000
vt 2.887432 1.500000
vt 2.984255 0.300000
vt 3.056872 1.500000
vt 3.226313 1.500000
vt 3.298930 0.300000
vt 3.395753 1.500000
vt 3.456268 0.300000
vt 3.565194 1.500000
vt 3.613605 0.300000
vt 3.734634 1.500000
vt 3.770943 0.300000
vt 3.904075 1.500000
vt 3.928281 0.300000
vt 4.073515 1.500000
vt 4.085618 0.300000
vt 4.242956 1.500000
vt 4.242956 0.300000
vt 0.541424 1.000000
vt 0.541424 0.000000
vt -9.897948 -1.500000
vt -9.897948 -0.300000
vt 0.124040 -1.500000
vt 0.124040 -0.300000
vt 5.410524 1.500000
vt 4.974193 1.500000
vt 4.974193 0.300000
vt 5.410524 0.300000
vt 5.846855 1.500000
vt 5.846855 0.300000
vt 6.283185 1.500000
vt 2.001010 1.500000
vt 1.832600 0.300000
vt 1.832600 1.500000
vt 2.001010 0.300000
vt 2.169420 1.500000
vt 2.169420 0.300000
vt 2.337830 1.500000
vt 2.337830 0.300000
vt 2.506240 1.500000
vt 2.506240 0.300000
vt 2.674650 1.500000
vt 2.674650 0.300000
vt 0.496839 -0.000000
vt 0.496839 1.000000
vt 3.864213 1.500000
vt 3.864213 0.300000
vt 4.288301 1.500000
vt 4.288301 0.300000
vt 4.712389 1.500000
vt 0.466942 1.500000
vt 0.466942 0.300000
vt 0.635352 1.500000
vt 0.635352 0.300000
vt 0.803762 1.500000
vt 0.803762 0.300000
vt 0.972172 1.500000
vt 0.972172 0.300000
vt 1.140582 1.500000
vt 1.140582 0.300000
vt 3.577924 1.500000
vt 3.141593 1.500000
vt 3.577924 0.300000
vt 4.014254 1.500000
vt 4.014254 0.300000
vt -0.089715 -0.300000
vt -0.089715 -1.500000
vt 29.343601 -1.500000
vt 29.343601 -0.300000
vt 0.453568 1.000000
vt 0.453568 -0.000000
vt 5.249823 1.500000
vt 5.077596 0.300000
vt 5.077596 1.500000
vt 5.249823 0.300000
vt 5.422050 1.500000
vt 5.422050 0.300000
vt 5.594277 1.500000
vt 5.594277 0.300000
vt 5.766504 1.500000
vt 5.766504 0.300000
vt 5.938731 1.500000
vt 5.938731 0.300000
vt 6.110958 1.500000
vt 6.110958 0.300000
vt 0.346840 -0.000000
vt 0.555836 1.000000
vt 0.700887 0.000000
vt -0.020029 -1.500000
vt -0.020029 -0.300000
vt 5.284492 1.500000
vt 5.424524 0.300000
vt 5.284492 0.300000
vt 5.424524 1.500000
vt 5.564557 0.300000
vt 5.564557 1.500000
vt 5.704588 0.300000
vt 5.704588 1.500000
vt 5.844621 0.300000
vt 5.844621 1.500000
vt 5.984653 0.300000
vt 5.984653 1.500000
vt -8.280477 -34.083431
vt -10.953252 -35.654617
vt -10.484115 -36.188591
vt -10.109351 -36.792553
vt -8.921412 -33.442497
vt -11.503942 -35.205223
vt -7.537981 -34.603333
vt -9.839200 -37.450001
vt -9.441313 -32.700001
vt -12.121140 -34.852680
vt -6.716486 -34.986401
vt -9.824383 -31.878504
vt -12.787981 -34.606632
vt -10.058981 -31.002970
vt -5.840951 -35.221001
vt -4.937981 -35.299999
vt -10.137980 -30.100000
vt -12.787981 -24.746872
vt -10.058981 -29.197029
vt -9.824383 -28.321495
vt -0.036761 -37.450001
vt -3.159476 -34.986401
vt -4.035010 -35.221001
vt -12.506263 -24.450844
vt -12.787981 -24.622831
vt -9.441313 -27.500000
vt -2.337981 -34.603333
vt 0.233390 -36.792553
vt -12.254972 -24.236837
vt -1.595485 -34.083431
vt -8.921412 -26.757504
vt -12.040319 -23.986101
vt 0.608153 -36.188591
vt -11.867605 -23.704828
vt 1.077290 -35.654617
vt -8.280477 -26.116570
vt -11.741097 -23.399965
vt -0.954550 -33.442497
vt 1.627980 -35.205223
vt -12.787981 -20.753128
vt -12.787981 -20.877169
vt -12.506263 -21.049156
vt -12.254972 -21.263163
vt -7.537981 -25.596668
vt -11.637980 -22.750000
vt -11.663920 -23.079048
vt -0.434649 -32.700001
vt 2.245178 -34.852680
vt -6.716486 -25.213598
vt -11.741097 -22.100035
vt -11.663920 -22.420952
vt -0.051579 -31.878504
vt 2.912019 -34.606632
vt -5.840951 -24.979000
vt -12.040319 -21.513899
vt -11.867605 -21.795172
vt 0.183020 -31.002970
vt -4.937981 -24.900000
vt 0.262019 -30.100000
vt 0.183020 -29.197029
vt -0.051579 -28.321495
vt -12.121140 -2.647318
vt -12.787981 -2.893368
vt -11.503942 -2.294779
vt 2.076706 -4.627238
vt 2.321923 -4.866831
vt 1.873742 -4.350937
vt -10.953251 -1.845382
vt 2.912019 -5.301219
vt 2.602857 -5.063333
vt -4.035010 -24.979000
vt -3.159476 -25.213598
vt -2.337981 -25.596668
vt -1.595485 -26.116570
vt -0.954550 -26.757504
vt -0.434649 -27.500000
vt 1.718439 -4.045295
vt -10.484115 -1.311408
vt 2.912019 -5.211504
vt 1.614936 -3.718456
vt 1.146761 -1.910897
vt 1.565993 -3.379132
vt 1.572914 -3.036366
vt 1.635514 -2.699294
vt 0.646452 -1.362260
vt 1.733993 -2.365287
vt 1.752125 -2.376899
vt 0.247985 -0.735734
vt -10.109351 -0.707446
vt -0.036761 -0.050000
vt -9.839200 -0.050000
vt 0.174533 1.050000
vt 0.000000 1.050000
vt 0.349066 1.050000
vt 0.523599 1.050000
vt 0.698132 1.050000
vt 0.872665 1.050000
vt 1.047198 1.050000
vt 1.221730 1.050000
vt 1.396263 1.050000
vt 1.570796 1.050000
vt 1.745329 1.050000
vt 1.919862 1.050000
vt 2.094395 1.050000
vt 2.268928 1.050000
vt 2.443461 1.050000
vt 2.617994 1.050000
vt 2.792527 1.050000
vt 2.967060 1.050000
vt -2.089060 -2.489645
vt -3.830222 -3.213938
vt -3.213938 -3.830222
vt -2.489645 -2.089060
vt -4.330127 -2.500000
vt -1.625000 -2.814583
vt -2.500000 -4.330127
vt -2.814583 -1.625000
vt -4.698463 -1.710101
vt -1.111565 -3.054001
vt -1.710101 -4.698463
vt -3.054001 -1.111565
vt -0.564357 -3.200625
vt -0.868241 -4.924039
vt -3.200625 -0.564357
vt -4.924039 -0.868241
vt -0.000000 -3.250000
vt -3.250000 0.000000
vt -5.000000 0.000000
vt 0.564357 -3.200625
vt 0.868241 -4.924039
vt -3.200625 0.564357
vt -4.924039 0.868241
vt 1.111565 -3.054001
vt 1.710101 -4.698463
vt -3.054001 1.111565
vt -4.698463 1.710101
vt 1.625000 -2.814583
vt 2.500000 -4.330127
vt -2.814583 1.625000
vt -4.330127 2.500000
vt 2.089060 -2.489645
vt 3.213938 -3.830222
vt -2.489645 2.089060
vt -3.830222 3.213938
vt 2.489645 -2.089060
vt -2.089060 2.489645
vt 3.830222 -3.213938
vt -3.213938 3.830222
vt 2.814583 -1.625000
vt 4.330127 -2.500000
vt -2.500000 4.330127
vt -1.625000 2.814583
vt 3.054001 -1.111565
vt -1.111565 3.054001
vt 4.698463 -1.710101
vt 3.200625 -0.564357
vt -1.710101 4.698463
vt 4.924039 -0.868241
vt -0.868241 4.924039
vt -0.564357 3.200625
vt 5.000000 0.000000
vt 3.250000 0.000000
vt 0.000000 5.000000
vt -0.000000 3.250000
vt 4.924039 0.868241
vt 3.200625 0.564357
vt 0.868241 4.924039
vt 0.564357 3.200625
vt 1.710101 4.698463
vt 1.111565 3.054001
vt 4.698463 1.710101
vt 3.054001 1.111565
vt 4.330127 2.500000
vt 2.814583 1.625000
vt 2.489645 2.089060
vt 2.500000 4.330127
vt 1.625000 2.814583
vt 3.830222 3.213938
vt 3.213938 3.830222
vt 2.089060 2.489645
vt 0.174533 1.026000
vt 0.000000 1.026000
vt 0.349066 1.026000
vt 0.523599 1.026000
vt 0.698132 1.026000
vt 0.872665 1.026000
vt 1.047198 1.026000
vt 1.221730 1.026000
vt 1.396263 1.026000
vt 1.570796 1.026000
vt 1.745329 1.026000
vt 1.919862 1.026000
vt 2.094395 1.026000
vt 2.268928 1.026000
vt 2.443461 1.026000
vt 2.617994 1.026000
vt 2.792527 1.026000
vt 2.967060 1.026000
vt -0.964181 -1.149067
vt -1.149067 -0.964181
vt -0.750000 -1.299038
vt -1.299038 -0.750000
vt -0.513030 -1.409539
vt -1.409539 -0.513030
vt -0.260472 -1.477212
vt -1.477212 -0.260472
vt -1.500000 -0.000000
vt 0.260472 -1.477212
vt -1.477212 0.260472
vt 0.513030 -1.409539
vt -1.409539 0.513030
vt 0.750000 -1.299038
vt -1.299038 0.750000
vt 0.964181 -1.149067
vt -1.149067 0.964181
vt 1.149067 -0.964181
vt -0.964181 1.149067
vt 1.299038 -0.750000
vt 1.409539 -0.513030
vt -0.750000 1.299038
vt -0.513030 1.409539
vt -0.260472 1.477212
vt 1.477212 -0.260472
vt 1.500000 -0.000000
vt 1.477212 0.260472
vt 0.260472 1.477212
vt 1.409539 0.513030
vt 1.299038 0.750000
vt 0.513030 1.409539
vt 0.750000 1.299038
vt 1.149067 0.964181
vt 0.964181 1.149067
vt 0.174533 2.600000
vt 0.000000 2.600000
vt 0.349066 2.600000
vt 0.523599 2.600000
vt 0.698132 2.600000
vt 0.872665 2.600000
vt 1.047198 2.600000
vt 1.221730 2.600000
vt 1.396263 2.600000
vt 1.570796 2.600000
vt 1.745329 2.600000
vt 1.919862 2.600000
vt 2.094395 2.600000
vt 2.268928 2.600000
vt 2.443461 2.600000
vt 2.617994 2.600000
vt 2.792527 2.600000
vt 2.967060 2.600000
vt 1.500000 0.000000
vt 0.000000 34.644821
vt 0.000000 5.301219
vt 0.392699 5.301219
vt 0.785738 34.633591
vt 0.785398 5.301219
vt 1.178097 5.301219
vt 1.570796 34.606632
vt 1.570796 5.301219
vt -0.000000 5.211504
vt 0.392699 5.211504
vt 0.785398 5.211504
vt 1.178097 5.211504
vt 1.570796 5.211504
vt 0.000041 0.000002
vt -0.000000 0.338685
vt -0.000000 0.661314
vt 0.000041 0.999997
vt -0.000000 0.999999
vt 0.000088 -0.000009
vt 5.105088 0.301397
vt 4.859257 0.365531
vt 5.366888 0.301397
vt 5.628687 0.301397
vt 5.235988 0.602795
vt 5.055413 0.721448
vt 5.890486 0.301397
vt 6.283185 0.604763
vt 5.497787 0.602795
vt 5.759586 0.602795
vt 5.366888 0.904192
vt 5.423934 1.041079
vt 6.021386 0.602795
vt 5.628687 0.904192
vt 5.890486 0.904192
vt 6.283185 1.205589
vt 2.001010 3.141593
vt 1.832600 3.141593
vt 1.835239 2.355805
vt 2.843060 3.141593
vt 2.674650 3.141593
vt 2.840523 2.356059
vt 2.001010 2.355805
vt 1.841534 1.570796
vt 2.007022 1.570796
vt 2.169420 2.355805
vt 2.172509 1.570796
vt 2.169420 3.141593
vt 2.337830 2.355805
vt 2.337997 1.570796
vt 2.337830 3.141593
vt 2.503485 2.355805
vt 2.503485 1.570796
vt 2.506240 3.141593
vt 2.668973 2.355805
vt 2.668973 1.570796
vt 2.834461 1.570796
vt 2.855738 3.141593
vt 2.712811 3.141593
vt 2.712811 2.748893
vt 4.347182 1.963495
vt 4.183745 1.570796
vt 4.347182 1.570796
vt 4.347182 3.141593
vt 4.174955 3.141593
vt 4.347182 2.748893
vt 2.855738 1.963495
vt 2.712812 1.963495
vt 2.712812 1.570796
vt 2.876249 1.570796
vt 2.855738 2.356194
vt 2.712812 2.356194
vt 2.855738 2.748893
vt 2.998666 1.963495
vt 3.039686 1.570796
vt 2.998666 2.356194
vt 2.998666 2.748893
vt 2.998666 3.141593
vt 3.141593 1.963495
vt 3.203123 1.570796
vt 3.141593 2.356194
vt 3.203123 1.963495
vt 3.141593 2.748893
vt 3.203123 2.356194
vt 3.313820 1.963495
vt 3.366560 1.570796
vt 3.203123 2.748893
vt 3.313820 3.141593
vt 3.313820 2.356194
vt 3.313820 2.748893
vt 3.486047 1.963495
vt 3.529997 1.570796
vt 3.486047 2.356194
vt 3.486047 2.748893
vt 3.486047 3.141593
vt 3.658274 1.963495
vt 3.693434 1.570796
vt 3.658274 2.356194
vt 3.658274 2.748893
vt 3.658274 3.141593
vt 3.830501 1.963495
vt 3.856871 1.570796
vt 3.830501 2.356194
vt 3.830501 2.748893
vt 3.830501 3.141593
vt 4.002728 3.141593
vt 4.002728 1.963495
vt 4.020308 1.570796
vt 4.002728 2.356194
vt 4.002728 2.748893
vt 4.174955 1.963495
vt 4.174955 2.356194
vt 4.347182 2.356194
vt 4.174955 2.748893
vt -0.000000 0.338386
vt -0.000000 0.661614
vt 0.000041 0.999998
vt 0.000088 -0.000180
vt 5.105088 0.250925
vt 4.931331 0.328666
vt 5.366888 0.250925
vt 5.235988 0.501851
vt 5.205340 0.639034
vt 5.628687 0.250925
vt 5.497787 0.501851
vt 5.890486 0.250925
vt 5.759586 0.501851
vt 6.152286 0.250925
vt 6.283185 0.498669
vt 5.628687 0.752776
vt 5.626329 0.893485
vt 6.021386 0.501851
vt 5.890486 0.752776
vt 6.283185 1.003701
vt 6.152286 0.752776
vt 0.785659 9.865153
vt 0.785659 0.010808
vt 0.000000 9.875961
vt 1.570796 9.839200
vt 1.570796 0.036761
vt 0.392700 2.756650
vt 0.000000 2.756593
vt 0.000000 2.736563
vt 0.392700 2.736506
vt 0.785399 2.756813
vt 0.785400 2.736343
vt 1.178098 2.757056
vt 1.178098 2.736100
vt 1.570796 2.735812
vt 1.570796 2.757344
vt -0.000000 0.503143
vt 0.000088 1.000180
vt 4.140286 1.963493
vt 3.967396 1.570796
vt 4.140286 1.570796
vt 4.140286 2.748893
vt 4.000254 3.141593
vt 4.140286 2.356193
vt 4.140286 3.141593
vt 3.580157 2.356193
vt 3.442662 2.356193
vt 3.448724 1.570796
vt 3.621615 1.570796
vt 3.580157 2.748893
vt 3.580157 3.141593
vt 3.440125 3.141593
vt 3.720189 2.356193
vt 3.794505 1.570796
vt 3.720189 2.748893
vt 3.720189 3.141593
vt 3.794505 1.963493
vt 3.794505 2.356193
vt 3.794505 2.748893
vt 3.860222 3.141593
vt 3.860222 1.963493
vt 3.860222 2.356193
vt 3.860222 2.748893
vt 3.967396 1.963493
vt 3.967396 2.356193
vt 3.967396 2.748893
vt 0.466942 3.141593
vt 0.298532 3.141593
vt 0.301070 2.356059
vt 1.308992 3.141593
vt 1.140582 3.141593
vt 1.306354 2.355805
vt 0.466942 2.355805
vt 0.307131 1.570796
vt 0.472619 1.570796
vt 0.635352 2.355805
vt 0.638107 1.570796
vt 0.635352 3.141593
vt 0.803595 2.355805
vt 0.803595 1.570796
vt 0.803762 3.141593
vt 0.969083 2.355805
vt 0.969083 1.570796
vt 0.972172 3.141593
vt 1.134571 2.355805
vt 1.134571 1.570796
vt 1.300059 1.570796
vt 0.000088 -0.000017
vt 0.000041 0.000003
vt 0.000000 0.661315
vt 0.000088 1.000009
vt 0.785238 -0.010797
vt 0.000000 -9.875961
vt 0.785238 -9.865165
vt 1.570796 -9.839200
vt 1.570796 -0.036761
vt 0.392699 -24.746872
vt 0.000000 -34.644821
vt 0.785738 -34.633591
vt 0.000000 -24.746872
vt 0.785398 -24.746872
vt 1.178097 -24.746872
vt 1.570796 -34.606632
vt 1.570796 -24.746872
vt 0.000088 1.000017
vt 0.392699 -24.622831
vt 0.000000 -24.622831
vt 0.785398 -24.622831
vt 1.178097 -24.622831
vt 1.570796 -24.622831
vt 5.142603 3.141593
vt 4.974193 3.141593
vt 4.976829 2.356210
vt 5.984653 3.141593
vt 5.816243 3.141593
vt 5.982116 2.356193
vt 5.142603 2.356193
vt 4.983126 1.570796
vt 5.148614 1.570796
vt 5.311013 2.356193
vt 5.311013 3.141593
vt 5.314102 1.570796
vt 5.479423 2.356193
vt 5.479423 3.141593
vt 5.479590 1.570796
vt 5.645078 2.356193
vt 5.647833 3.141593
vt 5.645078 1.570796
vt 5.810566 2.356193
vt 5.976054 1.570796
vt 5.810566 1.570796
vt 3.272492 0.275341
vt 3.141593 0.551549
vt 3.534292 -0.000000
vt 3.534292 0.275341
vt 3.403392 0.550682
vt 3.796091 0.275341
vt 3.926991 -0.000000
vt 3.272492 0.826022
vt 3.141593 1.101363
vt 3.665191 0.550682
vt 4.057890 0.275341
vt 4.319690 -0.000000
vt 3.534292 0.826022
vt 3.882975 0.968327
vt 3.926991 0.550682
vt 4.319690 0.275341
vt 4.527155 0.348285
vt 3.796091 0.826022
vt 4.287557 0.682346
vt 4.188790 0.550682
vt 1.101363 1.963495
vt 0.944025 1.570796
vt 1.101363 1.570796
vt 0.157338 1.963495
vt 0.000000 1.963495
vt 0.157338 1.570796
vt 0.157338 2.356194
vt 0.000000 2.356194
vt 0.157338 2.748893
vt 0.000000 2.748893
vt 0.157338 3.141593
vt 0.314675 1.963495
vt 0.314675 1.570796
vt 0.314675 2.356194
vt 0.314675 2.748893
vt 0.314675 3.141593
vt 0.472013 1.963495
vt 0.472013 1.570796
vt 0.472013 2.356194
vt 0.472013 2.748893
vt 0.472013 3.141593
vt 0.629350 1.963495
vt 0.629350 1.570796
vt 0.629350 2.356194
vt 0.629350 2.748893
vt 0.629350 3.141593
vt 0.786688 1.963495
vt 0.786688 1.570796
vt 0.786688 2.356194
vt 0.786688 2.748893
vt 0.786688 3.141593
vt 0.944025 1.963495
vt 1.101363 2.356194
vt 0.944025 2.356194
vt 1.101363 2.748893
vt 0.944025 2.748893
vt 1.101363 3.141593
vt 0.944025 3.141593
vt 0.000000 -2.855180
vt 0.000000 -20.753128
vt 0.392699 -20.753128
vt 0.785273 -2.866398
vt 0.785398 -20.753128
vt 1.178097 -20.753128
vt 1.570796 -2.893368
vt 1.570796 -20.753128
vt 3.534292 -0.826022
vt 3.141593 -0.551570
vt 3.141593 -1.101363
vt 3.882975 -0.968327
vt 3.403392 -0.550682
vt 3.796091 -0.826022
vt 4.287557 -0.682346
vt 3.272492 -0.275341
vt 3.665191 -0.550682
vt 3.534292 -0.275341
vt 3.926991 -0.550682
vt 3.796091 -0.275341
vt 4.188790 -0.550682
vt 4.527155 -0.348285
vt 4.057890 -0.275341
vt 4.319690 -0.275341
vt 0.000000 -20.877169
vt 0.392699 -20.877169
vt 0.785398 -20.877169
vt 1.178097 -20.877169
vt 1.570796 -20.877169
vt 6.283185 2.094395
vt 3.316126 2.094395
vt 3.316126 2.617994
vt 3.316126 3.141593
vt 3.490659 2.094395
vt 3.490659 2.617994
vt 3.490659 3.141593
vt 3.665191 2.094395
vt 3.665191 2.617994
vt 3.665191 3.141593
vt 3.839724 2.094395
vt 3.839724 2.617994
vt 3.839724 3.141593
vt 4.014257 2.094395
vt 4.014257 2.617994
vt 4.014257 3.141593
vt 4.188790 2.094395
vt 4.188790 2.617994
vt 4.188790 3.141593
vt 4.363323 3.141593
vt 4.363323 2.094395
vt 4.363323 2.617994
vt 4.537856 2.094395
vt 4.537856 2.617994
vt 4.537856 3.141593
vt 4.712389 2.094395
vt 4.712389 2.617994
vt 4.712389 3.141593
vt 4.886922 2.094395
vt 4.886922 2.617994
vt 4.886922 3.141593
vt 5.061455 2.094395
vt 5.061455 2.617994
vt 5.061455 3.141593
vt 5.235988 2.094395
vt 5.235988 2.617994
vt 5.235988 3.141593
vt 5.410521 2.094395
vt 5.410521 2.617994
vt 5.410521 3.141593
vt 5.585053 2.094395
vt 5.585053 2.617994
vt 5.585053 3.141593
vt 5.759586 2.094395
vt 5.759586 2.617994
vt 5.759586 3.141593
vt 5.934119 2.094395
vt 5.934119 2.617994
vt 5.934119 3.141593
vt 6.108653 2.094395
vt 6.108653 2.617994
vt 6.283185 2.617994
vt 6.108653 3.141593
vt 0.000000 29.823999
vt 0.174533 4.324000
vt 0.000000 4.324000
vt 0.174533 29.823999
vt 0.349066 4.324000
vt 0.349066 29.823999
vt 0.523599 4.324000
vt 0.523599 29.823999
vt 0.698132 4.324000
vt 0.698132 29.823999
vt 0.872665 29.823999
vt 0.872665 4.324000
vt 1.047198 4.324000
vt 1.047198 29.823999
vt 1.221730 4.324000
vt 1.221730 29.823999
vt 1.396263 4.324000
vt 1.396263 29.823999
vt 1.570796 29.823999
vt 1.570796 4.324000
vt 1.745329 29.823999
vt 1.745329 4.324000
vt 1.919862 4.324000
vt 1.919862 29.823999
vt 2.094395 4.324000
vt 2.094395 29.823999
vt 2.268928 4.324000
vt 2.268928 29.823999
vt 2.443461 29.823999
vt 2.443461 4.324000
vt 2.617994 29.823999
vt 2.617994 4.324000
vt 2.792527 29.823999
vt 2.792527 4.324000
vt 2.967060 29.823999
vt 2.967060 4.324000
vt 1.570796 -0.500000
vt 1.570796 -43.524063
vt 1.832596 -43.524063
vt 1.832596 -0.500000
vt 2.094395 -0.500000
vt 2.094395 -43.524063
vt 2.356194 -0.500000
vt 2.356194 -43.524063
vt 2.617994 -0.500000
vt 2.617994 -43.524063
vt 2.879793 -43.524063
vt 2.879793 -0.500000
vt 3.141593 -0.500000
vt 3.141593 -43.524063
vt 0.112200 0.224399
vt 0.261799 0.000000
vt 0.000000 0.261799
vt 0.336599 0.224399
vt 0.560999 0.224399
vt 0.785398 0.000000
vt 0.224399 0.448799
vt 0.000000 0.523599
vt 0.785398 0.224399
vt 0.448799 0.448799
vt 0.112200 0.673198
vt 1.009798 0.224399
vt 0.673198 0.448799
vt 0.336599 0.673198
vt 1.234197 0.224399
vt 1.308997 0.000000
vt 0.897598 0.448799
vt 0.560999 0.673198
vt 0.224399 0.897598
vt 0.000000 1.047198
vt 1.458597 0.224399
vt 1.570796 0.261799
vt 1.121997 0.448799
vt 0.785398 0.673198
vt 0.448799 0.897598
vt 0.112200 1.121997
vt 0.000000 1.308997
vt 1.346397 0.448799
vt 1.570796 0.523599
vt 1.009798 0.673198
vt 0.673198 0.897598
vt 0.336599 1.121997
vt 1.234197 0.673198
vt 0.897598 0.897598
vt 0.560999 1.121997
vt 0.224399 1.346397
vt 1.458597 0.673198
vt 1.121997 0.897598
vt 0.785398 1.121997
vt 0.448799 1.346397
vt 1.346397 0.897598
vt 1.570796 1.047198
vt 1.009798 1.121997
vt 0.673198 1.346397
vt 1.234197 1.121997
vt 0.897598 1.346397
vt 1.458597 1.121997
vt 1.570796 1.308997
vt 1.121997 1.346397
vt 1.346397 1.346397
vt 1.682996 0.224399
vt 1.832596 0.000000
vt 1.907395 0.224399
vt 2.131795 0.224399
vt 2.356194 0.000000
vt 1.795196 0.448799
vt 2.356194 0.224399
vt 2.019595 0.448799
vt 1.682996 0.673198
vt 2.580594 0.224399
vt 2.243995 0.448799
vt 1.907395 0.673198
vt 2.804993 0.224399
vt 2.879793 0.000000
vt 2.468394 0.448799
vt 2.131795 0.673198
vt 1.795196 0.897598
vt 3.029393 0.224399
vt 3.141593 0.261799
vt 2.692794 0.448799
vt 2.356194 0.673198
vt 2.019595 0.897598
vt 1.682996 1.121997
vt 2.917193 0.448799
vt 3.141593 0.523599
vt 2.580594 0.673198
vt 2.243995 0.897598
vt 1.907395 1.121997
vt 2.804993 0.673198
vt 2.468394 0.897598
vt 2.131795 1.121997
vt 1.795196 1.346397
vt 3.029393 0.673198
vt 2.692794 0.897598
vt 2.356194 1.121997
vt 2.019595 1.346397
vt 2.917193 0.897598
vt 3.141593 1.047198
vt 2.580594 1.121997
vt 2.243995 1.346397
vt 2.804993 1.121997
vt 2.468394 1.346397
vt 3.029393 1.121997
vt 3.141593 1.308997
vt 2.692794 1.346397
vt 2.917193 1.346397
vt 1.832596 22.424065
vt 1.570796 22.424065
vt 1.570796 0.500000
vt 1.832596 0.500000
vt 2.094395 22.424065
vt 2.094395 0.500000
vt 2.356194 22.424065
vt 2.356194 0.500000
vt 2.617994 22.424065
vt 2.617994 0.500000
vt 2.879793 22.424065
vt 2.879793 0.500000
vt 3.141593 22.424065
vt 3.141593 0.500000
vt 0.261799 25.000000
vt 0.261799 0.500000
vt 0.000000 25.000000
vt 0.523599 25.000000
vt 0.523599 0.500000
vt 0.785398 25.000000
vt 0.785398 0.500000
vt 1.047198 25.000000
vt 1.047198 0.500000
vt 1.308997 25.000000
vt 1.308997 0.500000
vt 1.570796 25.000000
vt 4.974188 21.512032
vt 4.712389 -21.512033
vt 4.974188 -21.512033
vt 4.712389 21.512032
vt 5.235988 21.512032
vt 5.235988 -21.512033
vt 5.497787 -21.512033
vt 5.497787 21.512032
vt 5.759586 21.512032
vt 5.759586 -21.512033
vt 6.021386 21.512032
vt 6.021386 -21.512033
vt 6.283185 21.512032
vt 6.283185 -21.512033
vt 4.974188 25.000000
vt 4.712389 0.500000
vt 4.974188 0.500000
vt 5.235988 0.500000
vt 4.712389 25.000000
vt 5.235988 25.000000
vt 5.497787 25.000000
vt 5.497787 0.500000
vt 5.759586 25.000000
vt 5.759586 0.500000
vt 6.021386 25.000000
vt 6.021386 0.500000
vt 6.283185 25.000000
vt 6.283185 0.500000
vt 1.570796 -22.424065
vt 1.832596 -22.424065
vt 2.094395 -22.424065
vt 2.356194 -22.424065
vt 2.617994 -22.424065
vt 2.879793 -22.424065
vt 3.141593 -22.424065
vt 1.570796 43.524063
vt 1.832596 43.524063
vt 2.094395 43.524063
vt 2.356194 43.524063
vt 2.617994 43.524063
vt 2.879793 43.524063
vt 3.141593 43.524063
vt 4.824589 0.224399
vt 4.712389 0.261799
vt 4.974188 -0.000000
vt 5.048988 0.224399
vt 5.273387 0.224399
vt 4.936789 0.448799
vt 4.712389 0.523599
vt 5.497787 0.224399
vt 5.161188 0.448799
vt 4.824589 0.673198
vt 5.722187 0.224399
vt 5.385587 0.448799
vt 5.048988 0.673198
vt 5.946586 0.224399
vt 6.021386 0.000000
vt 5.609987 0.448799
vt 5.273387 0.673198
vt 4.936789 0.897598
vt 4.712389 1.047198
vt 6.170986 0.224399
vt 6.283185 0.261799
vt 5.834386 0.448799
vt 5.497787 0.673198
vt 5.161188 0.897598
vt 4.824589 1.121997
vt 4.712389 1.308997
vt 6.058786 0.448799
vt 6.283185 0.523599
vt 5.722187 0.673198
vt 5.385587 0.897598
vt 5.048988 1.121997
vt 5.946586 0.673198
vt 5.609987 0.897598
vt 5.273387 1.121997
vt 4.936789 1.346397
vt 6.170986 0.673198
vt 5.834386 0.897598
vt 5.497787 1.121997
vt 5.161188 1.346397
vt 6.058786 0.897598
vt 6.283185 1.047198
vt 5.722187 1.121997
vt 5.385587 1.346397
vt 5.946586 1.121997
vt 5.609987 1.346397
vt 6.170986 1.121997
vt 6.283185 1.308997
vt 5.834386 1.346397
vt 6.058786 1.346397
vt 0.112200 -1.346397
vt 0.000000 -1.308997
vt 0.336599 -1.346397
vt 0.560999 -1.346397
vt 0.224399 -1.121997
vt 0.000000 -1.047198
vt 0.785398 -1.346397
vt 0.448799 -1.121997
vt 0.112200 -0.897598
vt 0.000000 -0.785398
vt 1.009798 -1.346397
vt 0.673198 -1.121997
vt 0.336599 -0.897598
vt 1.234197 -1.346397
vt 0.897598 -1.121997
vt 0.560999 -0.897598
vt 0.224399 -0.673198
vt 0.000000 -0.523599
vt 1.458597 -1.346397
vt 1.570796 -1.308997
vt 1.121997 -1.121997
vt 0.785398 -0.897598
vt 0.448799 -0.673198
vt 0.112200 -0.448799
vt 0.000000 -0.261799
vt 1.346397 -1.121997
vt 1.570796 -1.047198
vt 1.009798 -0.897598
vt 0.673198 -0.673198
vt 0.336599 -0.448799
vt 1.234197 -0.897598
vt 0.897598 -0.673198
vt 0.560999 -0.448799
vt 0.224399 -0.224399
vt 1.458597 -0.897598
vt 1.121997 -0.673198
vt 0.785398 -0.448799
vt 0.448799 -0.224399
vt 1.346397 -0.673198
vt 1.570796 -0.523599
vt 1.009798 -0.448799
vt 0.673198 -0.224399
vt 1.234197 -0.448799
vt 0.897598 -0.224399
vt 1.458597 -0.448799
vt 1.570796 -0.261799
vt 1.121997 -0.224399
vt 1.346397 -0.224399
vt 1.682996 -1.346397
vt 1.907395 -1.346397
vt 2.131795 -1.346397
vt 1.795196 -1.121997
vt 2.356194 -1.346397
vt 2.019595 -1.121997
vt 1.682996 -0.897598
vt 2.580594 -1.346397
vt 3.141593 -1.570796
vt 2.243995 -1.121997
vt 1.907395 -0.897598
vt 2.804993 -1.346397
vt 2.468394 -1.121997
vt 2.131795 -0.897598
vt 1.795196 -0.673198
vt 3.029393 -1.346397
vt 3.141593 -1.308997
vt 2.692794 -1.121997
vt 2.356194 -0.897598
vt 2.019595 -0.673198
vt 1.682996 -0.448799
vt 2.917193 -1.121997
vt 3.141593 -1.047198
vt 2.580594 -0.897598
vt 2.243995 -0.673198
vt 1.907395 -0.448799
vt 2.804993 -0.897598
vt 2.468394 -0.673198
vt 2.131795 -0.448799
vt 1.795196 -0.224399
vt 3.029393 -0.897598
vt 3.141593 -0.785398
vt 2.692794 -0.673198
vt 2.356194 -0.448799
vt 2.019595 -0.224399
vt 2.917193 -0.673198
vt 3.141593 -0.523599
vt 2.580594 -0.448799
vt 2.243995 -0.224399
vt 2.804993 -0.448799
vt 2.468394 -0.224399
vt 3.029393 -0.448799
vt 3.141593 -0.261799
vt 2.692794 -0.224399
vt 2.917193 -0.224399
vt 3.253792 0.224399
vt 3.403392 0.000000
vt 3.478192 0.224399
vt 3.702591 0.224399
vt 3.365992 0.448799
vt 3.926991 0.224399
vt 3.590392 0.448799
vt 3.253792 0.673198
vt 4.151390 0.224399
vt 3.814791 0.448799
vt 3.478192 0.673198
vt 4.375790 0.224399
vt 4.450590 0.000000
vt 4.039191 0.448799
vt 3.702591 0.673198
vt 3.365992 0.897598
vt 4.600189 0.224399
vt 4.263590 0.448799
vt 3.926991 0.673198
vt 3.590392 0.897598
vt 3.253792 1.121997
vt 4.487989 0.448799
vt 4.151390 0.673198
vt 3.814791 0.897598
vt 3.478192 1.121997
vt 4.375790 0.673198
vt 4.039191 0.897598
vt 3.702591 1.121997
vt 3.365992 1.346397
vt 4.600189 0.673198
vt 4.263590 0.897598
vt 3.926991 1.121997
vt 3.590392 1.346397
vt 4.487989 0.897598
vt 4.151390 1.121997
vt 3.814791 1.346397
vt 4.375790 1.121997
vt 4.039191 1.346397
vt 4.600189 1.121997
vt 4.263590 1.346397
vt 4.487989 1.346397
vt 1.832596 25.000000
vt 2.094395 25.000000
vt 2.356194 25.000000
vt 2.617994 25.000000
vt 2.879793 25.000000
vt 3.141593 25.000000
vt 4.974188 10.962032
vt 4.712389 -10.962032
vt 4.974188 -10.962032
vt 4.712389 10.962032
vt 5.235988 10.962032
vt 5.235988 -10.962032
vt 5.497787 10.962032
vt 5.497787 -10.962032
vt 5.759586 10.962032
vt 5.759586 -10.962032
vt 6.021386 10.962032
vt 6.021386 -10.962032
vt 6.283185 10.962032
vt 6.283185 -10.962032
vt 3.403392 25.000000
vt 3.403392 0.500000
vt 3.665191 0.500000
vt 3.665191 25.000000
vt 3.926991 0.500000
vt 3.926991 25.000000
vt 4.188790 0.500000
vt 4.188790 25.000000
vt 4.450590 0.500000
vt 4.450590 25.000000
vt 4.824589 -1.346397
vt 4.712389 -1.308997
vt 4.712389 -1.570796
vt 5.048988 -1.346397
vt 5.273387 -1.346397
vt 4.936789 -1.121997
vt 4.712389 -1.047198
vt 5.497787 -1.346397
vt 5.161188 -1.121997
vt 4.824589 -0.897598
vt 4.712389 -0.785398
vt 5.722187 -1.346397
vt 6.283185 -1.570796
vt 5.385587 -1.121997
vt 5.048988 -0.897598
vt 5.946586 -1.346397
vt 5.609987 -1.121997
vt 5.273387 -0.897598
vt 4.936789 -0.673198
vt 4.712389 -0.523599
vt 6.170986 -1.346397
vt 6.283185 -1.308997
vt 5.834386 -1.121997
vt 5.497787 -0.897598
vt 5.161188 -0.673198
vt 4.824589 -0.448799
vt 4.712389 -0.261799
vt 6.058786 -1.121997
vt 6.283185 -1.047198
vt 5.722187 -0.897598
vt 5.385587 -0.673198
vt 5.048988 -0.448799
vt 5.946586 -0.897598
vt 5.609987 -0.673198
vt 5.273387 -0.448799
vt 4.936789 -0.224399
vt 6.170986 -0.897598
vt 6.283185 -0.785398
vt 5.834386 -0.673198
vt 5.497787 -0.448799
vt 5.161188 -0.224399
vt 6.058786 -0.673198
vt 6.283185 -0.523599
vt 5.722187 -0.448799
vt 5.385587 -0.224399
vt 5.946586 -0.448799
vt 5.609987 -0.224399
vt 6.170986 -0.448799
vt 6.283185 -0.261799
vt 5.834386 -0.224399
vt 6.058786 -0.224399
vt 3.253792 -1.346397
vt 3.478192 -1.346397
vt 3.702591 -1.346397
vt 3.365992 -1.121997
vt 3.926991 -1.346397
vt 3.590392 -1.121997
vt 3.253792 -0.897598
vt 4.151390 -1.346397
vt 3.814791 -1.121997
vt 3.478192 -0.897598
vt 4.375790 -1.346397
vt 4.039191 -1.121997
vt 3.702591 -0.897598
vt 3.365992 -0.673198
vt 4.600189 -1.346397
vt 4.263590 -1.121997
vt 3.926991 -0.897598
vt 3.590392 -0.673198
vt 3.253792 -0.448799
vt 4.487989 -1.121997
vt 4.151390 -0.897598
vt 3.814791 -0.673198
vt 3.478192 -0.448799
vt 4.375790 -0.897598
vt 4.039191 -0.673198
vt 3.702591 -0.448799
vt 3.365992 -0.224399
vt 4.600189 -0.897598
vt 4.263590 -0.673198
vt 3.926991 -0.448799
vt 3.590392 -0.224399
vt 4.487989 -0.673198
vt 4.151390 -0.448799
vt 3.814791 -0.224399
vt 4.375790 -0.448799
vt 4.039191 -0.224399
vt 4.600189 -0.448799
vt 4.263590 -0.224399
vt 4.487989 -0.224399
vt 4.974188 21.512033
vt 4.712389 -21.512032
vt 4.974188 -21.512032
vt 5.235988 -21.512032
vt 4.712389 21.512033
vt 5.235988 21.512033
vt 5.497787 -21.512032
vt 5.497787 21.512033
vt 5.759586 21.512033
vt 5.759586 -21.512032
vt 6.021386 21.512033
vt 6.021386 -21.512032
vt 6.283185 -21.512032
vt 6.283185 21.512033
s 1
usemtl mat_3.001
f 570/1/1 2016/2/2 2008/3/2
f 570/1/1 449/4/1 2016/2/2
f 1/5/3 11/6/3 449/4/1
f 1/5/3 449/4/1 570/1/1
f 2/7/4 450/8/4 11/6/3
f 2/7/4 12/9/5 450/8/4
f 2/7/4 11/6/3 1/5/3
f 3/10/5 12/9/5 2/7/4
f 4/11/6 13/12/6 12/9/5
f 4/11/6 12/9/5 3/10/5
f 571/13/7 14/14/7 13/12/6
f 571/13/7 451/15/8 14/14/7
f 571/13/7 13/12/6 4/11/6
f 5/16/8 451/15/8 571/13/7
f 6/17/9 15/18/9 451/15/8
f 6/17/9 451/15/8 5/16/8
f 7/19/10 16/20/10 15/18/9
f 7/19/10 15/18/9 6/17/9
f 8/21/11 17/22/11 16/20/10
f 8/21/11 16/20/10 7/19/10
f 572/23/12 18/24/12 17/22/11
f 572/23/12 17/22/11 8/21/11
f 573/25/13 19/26/13 18/24/12
f 573/25/13 18/24/12 572/23/12
f 574/27/14 20/28/14 19/26/13
f 574/27/14 19/26/13 573/25/13
f 9/29/15 452/30/16 20/28/14
f 9/29/15 20/28/14 574/27/14
f 575/31/17 452/30/16 9/29/15
f 575/31/17 21/32/17 452/30/16
f 576/33/18 21/32/17 575/31/17
f 576/33/18 453/34/18 21/32/17
f 10/35/19 453/34/18 576/33/18
f 10/35/19 22/36/19 453/34/18
f 1999/37/20 22/36/19 10/35/19
f 1999/37/20 454/38/20 22/36/19
f 23/1/1 37/2/2 584/3/2
f 23/1/1 38/4/1 37/2/2
f 24/5/3 39/6/3 38/4/1
f 24/5/3 38/4/1 23/1/1
f 25/7/4 40/8/4 39/6/3
f 25/7/4 465/9/5 40/8/4
f 25/7/4 39/6/3 24/5/3
f 26/10/21 465/9/5 25/7/4
f 27/11/22 466/12/22 465/9/5
f 27/11/22 465/9/5 26/10/21
f 28/13/7 41/14/7 466/12/22
f 28/13/7 467/15/8 41/14/7
f 28/13/7 466/12/22 27/11/22
f 29/16/8 467/15/8 28/13/7
f 30/17/23 42/18/23 467/15/8
f 30/17/23 467/15/8 29/16/8
f 31/19/10 468/20/10 42/18/23
f 31/19/10 42/18/23 30/17/23
f 585/21/24 469/22/24 468/20/10
f 585/21/24 468/20/10 31/19/10
f 32/23/12 470/24/12 469/22/24
f 32/23/12 469/22/24 585/21/24
f 33/25/13 43/26/13 470/24/12
f 33/25/13 470/24/12 32/23/12
f 34/27/14 44/28/14 43/26/13
f 34/27/14 43/26/13 33/25/13
f 35/29/15 471/30/16 44/28/14
f 35/29/15 44/28/14 34/27/14
f 586/31/17 471/30/16 35/29/15
f 586/31/17 472/32/17 471/30/16
f 36/33/18 472/32/17 586/31/17
f 36/33/18 473/34/18 472/32/17
f 587/35/19 473/34/18 36/33/18
f 587/35/19 474/36/19 473/34/18
f 1978/37/20 474/36/19 587/35/19
f 1978/37/20 1989/38/20 474/36/19
f 45/1/1 1977/2/2 603/3/2
f 45/1/1 56/4/25 1977/2/2
f 46/5/3 57/6/3 56/4/25
f 46/5/3 56/4/25 45/1/1
f 47/7/4 58/8/4 57/6/3
f 47/7/4 483/9/5 58/8/4
f 47/7/4 57/6/3 46/5/3
f 604/10/5 483/9/5 47/7/4
f 48/11/22 59/12/22 483/9/5
f 48/11/22 483/9/5 604/10/5
f 49/13/7 484/14/7 59/12/22
f 49/13/7 485/15/8 484/14/7
f 49/13/7 59/12/22 48/11/22
f 50/16/8 485/15/8 49/13/7
f 605/17/23 486/18/23 485/15/8
f 605/17/23 485/15/8 50/16/8
f 606/19/10 487/20/10 486/18/23
f 606/19/10 486/18/23 605/17/23
f 607/21/24 488/22/24 487/20/10
f 607/21/24 487/20/10 606/19/10
f 51/23/12 60/24/12 488/22/24
f 51/23/12 488/22/24 607/21/24
f 52/25/13 489/26/13 60/24/12
f 52/25/13 60/24/12 51/23/12
f 53/27/14 61/28/14 489/26/13
f 53/27/14 489/26/13 52/25/13
f 54/29/15 490/30/15 61/28/14
f 54/29/15 61/28/14 53/27/14
f 55/31/17 490/30/15 54/29/15
f 55/31/17 62/32/17 490/30/15
f 608/33/18 62/32/17 55/31/17
f 608/33/18 63/34/18 62/32/17
f 609/35/26 63/34/18 608/33/18
f 609/35/26 64/36/19 63/34/18
f 588/37/20 64/36/19 609/35/26
f 588/37/20 491/38/20 64/36/19
f 621/1/1 1962/2/2 1949/3/2
f 621/1/1 498/4/25 1962/2/2
f 65/5/3 499/6/3 498/4/25
f 65/5/3 498/4/25 621/1/1
f 622/7/4 78/8/4 499/6/3
f 622/7/4 79/9/5 78/8/4
f 622/7/4 499/6/3 65/5/3
f 623/10/5 79/9/5 622/7/4
f 66/11/6 80/12/6 79/9/5
f 66/11/6 79/9/5 623/10/5
f 67/13/7 500/14/7 80/12/6
f 67/13/7 501/15/8 500/14/7
f 67/13/7 80/12/6 66/11/6
f 68/16/8 501/15/8 67/13/7
f 69/17/9 502/18/9 501/15/8
f 69/17/9 501/15/8 68/16/8
f 70/19/10 503/20/10 502/18/9
f 70/19/10 502/18/9 69/17/9
f 71/21/11 504/22/11 503/20/10
f 71/21/11 503/20/10 70/19/10
f 72/23/12 505/24/12 504/22/11
f 72/23/12 504/22/11 71/21/11
f 73/25/13 506/26/13 505/24/12
f 73/25/13 505/24/12 72/23/12
f 74/27/14 507/28/14 506/26/13
f 74/27/14 506/26/13 73/25/13
f 75/29/15 508/30/15 507/28/14
f 75/29/15 507/28/14 74/27/14
f 76/31/17 508/30/15 75/29/15
f 76/31/17 509/32/17 508/30/15
f 77/33/18 509/32/17 76/31/17
f 77/33/18 510/34/18 509/32/17
f 624/35/26 510/34/18 77/33/18
f 624/35/26 511/36/19 510/34/18
f 1942/37/20 511/36/19 624/35/26
f 1942/37/20 512/38/20 511/36/19
f 103/39/27 1488/40/28 1507/41/29
f 103/39/27 101/42/30 1488/40/28
f 104/43/31 88/44/32 206/45/33
f 104/43/31 102/46/34 101/42/35
f 104/43/31 206/45/33 102/46/34
f 104/43/31 101/42/35 103/39/36
f 105/47/37 1507/41/29 1506/48/38
f 105/47/37 103/39/27 1507/41/29
f 106/49/39 103/39/36 105/47/40
f 106/49/39 1508/50/41 88/44/32
f 106/49/39 88/44/32 104/43/31
f 106/49/39 104/43/31 103/39/36
f 107/51/42 1506/48/38 86/52/43
f 107/51/42 105/47/37 1506/48/38
f 108/53/44 105/47/40 107/51/45
f 108/53/44 89/54/46 1508/50/41
f 108/53/44 106/49/39 105/47/40
f 108/53/44 1508/50/41 106/49/39
f 109/55/47 86/52/43 1505/56/48
f 109/55/49 108/53/44 107/51/45
f 109/55/47 107/51/42 86/52/43
f 110/57/50 89/54/46 108/53/44
f 110/57/50 90/58/51 89/54/46
f 110/57/50 108/53/44 109/55/49
f 111/59/52 1505/56/48 1504/60/53
f 111/59/52 109/55/47 1505/56/48
f 112/61/54 109/55/49 111/59/55
f 112/61/54 91/62/56 90/58/51
f 112/61/54 110/57/50 109/55/49
f 112/61/54 90/58/51 110/57/50
f 113/63/57 1504/60/53 85/64/58
f 113/63/57 111/59/52 1504/60/53
f 114/65/59 91/62/56 112/61/54
f 114/65/59 92/66/60 91/62/56
f 114/65/59 112/61/54 111/59/55
f 114/65/59 111/59/55 113/63/61
f 115/67/62 85/64/58 1503/68/63
f 115/67/62 113/63/57 85/64/58
f 115/67/64 114/65/59 113/63/61
f 116/69/65 93/70/66 92/66/60
f 116/69/65 92/66/60 114/65/59
f 116/69/65 114/65/59 115/67/64
f 117/71/67 1503/68/63 1502/72/68
f 117/71/67 115/67/62 1503/68/63
f 118/73/69 94/74/70 93/70/66
f 118/73/69 115/67/64 117/71/71
f 118/73/69 93/70/66 116/69/65
f 118/73/69 116/69/65 115/67/64
f 119/75/72 1502/72/68 1501/76/73
f 119/75/74 118/73/69 117/71/71
f 119/75/72 117/71/67 1502/72/68
f 120/77/75 95/78/76 94/74/70
f 120/77/75 94/74/70 118/73/69
f 120/77/75 118/73/69 119/75/74
f 121/79/77 1501/76/73 1500/80/78
f 121/79/77 119/75/72 1501/76/73
f 122/81/79 96/82/80 95/78/76
f 122/81/79 120/77/75 119/75/74
f 122/81/79 119/75/74 121/79/81
f 122/81/79 95/78/76 120/77/75
f 123/83/82 1500/80/78 84/84/83
f 123/83/82 121/79/77 1500/80/78
f 124/85/84 97/86/85 96/82/80
f 124/85/84 96/82/80 122/81/79
f 124/85/84 122/81/79 121/79/81
f 124/85/84 121/79/81 123/83/86
f 125/87/87 84/84/83 1499/88/88
f 125/87/87 123/83/82 84/84/83
f 126/89/89 1509/90/90 97/86/85
f 126/89/89 97/86/85 124/85/84
f 126/89/89 124/85/84 123/83/86
f 126/89/89 123/83/86 125/87/91
f 127/91/92 1499/88/88 1498/92/93
f 127/91/92 125/87/87 1499/88/88
f 128/93/94 1509/90/90 126/89/89
f 128/93/94 1510/94/95 1509/90/90
f 128/93/94 126/89/89 125/87/91
f 128/93/94 125/87/91 127/91/96
f 129/95/97 1498/92/93 1497/96/98
f 129/95/97 127/91/92 1498/92/93
f 129/95/99 128/93/94 127/91/96
f 130/97/100 98/98/101 1510/94/95
f 130/97/100 99/99/102 98/98/101
f 130/97/100 1510/94/95 128/93/94
f 130/97/100 128/93/94 129/95/99
f 131/100/103 1497/96/98 83/101/104
f 131/100/103 129/95/97 1497/96/98
f 132/102/105 99/99/102 130/97/100
f 132/102/105 129/95/99 131/100/106
f 132/102/105 1511/103/107 99/99/102
f 132/102/105 130/97/100 129/95/99
f 133/104/108 83/101/104 82/105/109
f 133/104/108 131/100/103 83/101/104
f 133/104/110 132/102/105 131/100/106
f 134/106/111 1511/103/107 132/102/105
f 134/106/111 132/102/105 133/104/110
f 135/107/112 81/108/113 1496/109/114
f 135/107/112 82/105/109 81/108/113
f 135/107/112 1496/109/114 87/110/115
f 135/107/112 133/104/108 82/105/109
f 135/107/116 134/106/111 133/104/110
f 136/111/117 87/110/118 1888/112/119
f 136/111/117 1888/112/119 1889/113/120
f 136/111/117 135/107/116 87/110/118
f 136/111/117 100/114/121 1511/103/107
f 136/111/117 1889/113/120 100/114/121
f 136/111/117 1511/103/107 134/106/111
f 136/111/117 134/106/111 135/107/116
f 143/115/122 1409/116/123 1818/117/124
f 141/118/125 137/119/126 1835/120/127
f 1407/121/128 146/122/129 142/123/130
f 148/124/131 1817/125/132 1475/126/133
f 148/124/131 1819/127/134 1817/125/132
f 149/128/135 147/129/136 1819/127/134
f 149/128/135 1819/127/134 148/124/131
f 150/130/137 1818/117/124 147/129/136
f 150/130/137 143/115/122 1818/117/124
f 150/130/137 147/129/136 149/128/135
f 151/131/138 1475/126/133 140/132/139
f 151/131/138 148/124/131 1475/126/133
f 152/133/140 149/128/135 148/124/131
f 152/133/140 148/124/131 151/131/138
f 153/134/141 144/135/142 143/115/122
f 153/134/141 150/130/137 149/128/135
f 153/134/141 143/115/122 150/130/137
f 153/134/141 149/128/135 152/133/140
f 154/136/143 140/132/139 139/137/144
f 154/136/143 151/131/138 140/132/139
f 155/138/145 151/131/138 154/136/143
f 155/138/145 152/133/140 151/131/138
f 156/139/146 1410/140/147 144/135/142
f 156/139/146 144/135/142 153/134/141
f 156/139/146 152/133/140 155/138/145
f 156/139/146 153/134/141 152/133/140
f 157/141/148 139/137/144 138/142/149
f 157/141/148 154/136/143 139/137/144
f 158/143/150 155/138/145 154/136/143
f 158/143/150 154/136/143 157/141/148
f 159/144/151 1411/145/152 1410/140/147
f 159/144/151 1410/140/147 156/139/146
f 159/144/151 155/138/145 158/143/150
f 159/144/151 156/139/146 155/138/145
f 160/146/153 138/142/149 1474/147/154
f 160/146/153 157/141/148 138/142/149
f 161/148/155 158/143/150 157/141/148
f 161/148/155 157/141/148 160/146/153
f 162/149/156 145/150/157 1411/145/152
f 162/149/156 1411/145/152 159/144/151
f 162/149/156 159/144/151 158/143/150
f 162/149/156 158/143/150 161/148/155
f 163/151/158 1474/147/154 137/119/126
f 163/151/158 137/119/126 141/118/125
f 163/151/158 160/146/153 1474/147/154
f 164/152/159 141/118/125 1836/153/160
f 164/152/159 1836/153/160 142/123/130
f 164/152/159 163/151/158 141/118/125
f 164/152/159 161/148/155 160/146/153
f 164/152/159 160/146/153 163/151/158
f 165/154/161 146/122/129 145/150/157
f 165/154/161 145/150/157 162/149/156
f 165/154/161 142/123/130 146/122/129
f 165/154/161 162/149/156 161/148/155
f 165/154/161 164/152/159 142/123/130
f 165/154/161 161/148/155 164/152/159
f 167/155/162 1487/156/163 1691/157/164
f 166/158/165 1691/157/164 1692/159/166
f 166/158/165 167/155/162 1691/157/164
f 168/160/167 1731/161/168 166/158/165
f 168/160/167 1692/159/166 1693/162/169
f 168/160/167 166/158/165 1692/159/166
f 169/163/170 168/160/167 1693/162/169
f 169/163/170 1731/161/168 168/160/167
f 170/164/171 1456/165/172 1731/161/168
f 170/164/171 1693/162/169 225/166/173
f 170/164/171 225/166/173 1456/165/172
f 170/164/171 169/163/170 1693/162/169
f 170/164/171 1731/161/168 169/163/170
f 173/167/26 1623/168/20 172/169/20
f 173/167/26 183/170/26 1623/168/20
f 1603/171/18 1637/172/18 183/170/26
f 1603/171/18 1638/173/17 1637/172/18
f 1603/171/18 183/170/26 173/167/26
f 1604/174/17 1638/173/17 1603/171/18
f 174/175/15 184/176/15 1638/173/17
f 174/175/15 1638/173/17 1604/174/17
f 175/177/14 185/178/14 184/176/15
f 175/177/14 184/176/15 174/175/15
f 176/179/13 1639/180/13 185/178/14
f 176/179/13 185/178/14 175/177/14
f 1605/181/12 1640/182/12 1639/180/13
f 1605/181/12 1639/180/13 176/179/13
f 177/183/24 186/184/24 1640/182/12
f 177/183/24 1640/182/12 1605/181/12
f 1606/185/10 187/156/10 186/184/24
f 1606/185/10 1641/186/9 187/156/10
f 1606/185/10 186/184/24 177/183/24
f 1607/187/9 1641/186/9 1606/185/10
f 1608/188/8 1642/189/8 1641/186/9
f 1608/188/8 1643/190/7 1642/189/8
f 1608/188/8 1641/186/9 1607/187/9
f 178/191/7 1643/190/7 1608/188/8
f 179/192/22 188/193/22 1643/190/7
f 179/192/22 1643/190/7 178/191/7
f 1609/194/5 1644/195/5 188/193/22
f 1609/194/5 1645/196/4 1644/195/5
f 1609/194/5 188/193/22 179/192/22
f 180/197/4 1645/196/4 1609/194/5
f 181/198/3 1645/196/4 180/197/4
f 181/198/3 1646/199/3 1645/196/4
f 181/198/3 1647/200/25 1646/199/3
f 182/201/25 1647/200/25 181/198/3
f 171/202/2 1647/200/25 182/201/25
f 171/202/2 1624/203/2 1647/200/25
f 189/204/26 1584/168/20 1546/205/20
f 189/204/26 1585/170/26 1584/168/20
f 190/206/18 198/172/18 1585/170/26
f 190/206/18 1585/170/26 189/204/26
f 1547/207/17 1586/173/17 198/172/18
f 1547/207/17 198/172/18 190/206/18
f 1548/208/15 199/176/15 1586/173/17
f 1548/208/15 1586/173/17 1547/207/17
f 1549/209/14 1587/178/14 199/176/15
f 1549/209/14 199/176/15 1548/208/15
f 191/210/13 200/180/13 1587/178/14
f 191/210/13 1587/178/14 1549/209/14
f 192/211/12 201/182/12 200/180/13
f 192/211/12 200/180/13 191/210/13
f 1550/212/24 1588/184/24 201/182/12
f 1550/212/24 201/182/12 192/211/12
f 193/213/10 1589/156/10 1588/184/24
f 193/213/10 202/186/23 1589/156/10
f 193/213/10 1588/184/24 1550/212/24
f 194/214/23 203/189/8 202/186/23
f 194/214/23 202/186/23 193/213/10
f 195/215/8 203/189/8 194/214/23
f 1551/216/7 1590/190/7 203/189/8
f 1551/216/7 203/189/8 195/215/8
f 196/217/22 204/193/22 1590/190/7
f 196/217/22 1591/195/5 204/193/22
f 196/217/22 1590/190/7 1551/216/7
f 1552/218/5 1592/196/4 1591/195/5
f 1552/218/5 1591/195/5 196/217/22
f 1553/219/4 1592/196/4 1552/218/5
f 1554/220/3 1592/196/4 1553/219/4
f 1554/220/3 1593/199/3 1592/196/4
f 197/221/25 1593/199/3 1554/220/3
f 197/221/25 205/200/25 1593/199/3
f 1539/222/2 205/200/25 197/221/25
f 1539/222/2 1572/203/2 205/200/25
f 207/223/174 216/168/20 1889/224/120
f 207/223/174 1530/170/19 216/168/20
f 208/225/175 217/172/18 1530/170/19
f 208/225/175 1530/170/19 207/223/174
f 1900/226/176 1531/173/17 217/172/18
f 1900/226/176 1532/176/15 1531/173/17
f 1900/226/176 217/172/18 208/225/175
f 1901/227/177 1532/176/15 1900/226/176
f 1902/228/178 1533/178/14 1532/176/15
f 1902/228/178 1532/176/15 1901/227/177
f 1903/229/179 218/180/13 1533/178/14
f 1903/229/179 1533/178/14 1902/228/178
f 1904/230/180 1534/182/12 218/180/13
f 1904/230/180 1535/184/24 1534/182/12
f 1904/230/180 218/180/13 1903/229/179
f 209/231/181 1535/184/24 1904/230/180
f 210/232/182 219/156/10 1535/184/24
f 210/232/182 1535/184/24 209/231/181
f 1905/233/183 1536/186/23 219/156/10
f 1905/233/183 219/156/10 210/232/182
f 211/234/184 1537/189/8 1536/186/23
f 211/234/184 1536/186/23 1905/233/183
f 1906/235/185 220/190/7 1537/189/8
f 1906/235/185 1537/189/8 211/234/184
f 212/236/186 221/193/22 220/190/7
f 212/236/186 220/190/7 1906/235/185
f 213/237/187 222/195/5 221/193/22
f 213/237/187 221/193/22 212/236/186
f 214/238/188 222/195/5 213/237/187
f 214/238/188 223/196/4 222/195/5
f 214/238/188 224/199/3 223/196/4
f 1907/239/189 224/199/3 214/238/188
f 215/240/190 224/199/3 1907/239/189
f 215/240/190 1538/200/25 224/199/3
f 206/241/33 1538/200/25 215/240/190
f 206/241/33 1520/203/2 1538/200/25
f 1447/242/191 229/243/192 1448/244/193
f 226/245/194 228/246/195 229/243/192
f 226/245/194 229/243/192 1447/242/191
f 227/247/196 228/246/195 226/245/194
f 1453/248/197 225/249/173 228/246/195
f 1453/248/197 228/246/195 227/247/196
f 252/250/198 1000/251/199 436/252/200
f 252/250/198 250/253/201 1000/251/199
f 253/254/202 250/253/201 252/250/198
f 253/254/202 251/255/203 250/253/201
f 254/256/204 241/41/205 240/40/206
f 254/256/204 1006/257/207 251/255/203
f 254/256/204 240/40/206 1006/257/207
f 254/256/204 251/255/203 253/254/202
f 255/258/208 436/252/200 435/259/209
f 255/258/208 252/250/198 436/252/200
f 256/260/210 252/250/198 255/258/208
f 256/260/210 253/254/202 252/250/198
f 257/261/211 253/254/202 256/260/210
f 257/261/211 242/48/212 241/41/205
f 257/261/211 241/41/205 254/256/204
f 257/261/211 254/256/204 253/254/202
f 258/262/213 435/259/209 237/263/214
f 258/262/213 255/258/208 435/259/209
f 259/264/215 256/260/210 255/258/208
f 259/264/215 255/258/208 258/262/213
f 260/265/216 243/52/217 242/48/212
f 260/265/216 257/261/211 256/260/210
f 260/265/216 242/48/212 257/261/211
f 260/265/216 256/260/210 259/264/215
f 261/266/218 237/263/214 236/267/219
f 261/266/218 258/262/213 237/263/214
f 262/268/220 259/264/215 258/262/213
f 262/268/220 258/262/213 261/266/218
f 263/269/221 243/52/217 260/265/216
f 263/269/221 259/264/215 262/268/220
f 263/269/221 781/56/222 243/52/217
f 263/269/221 782/60/223 781/56/222
f 263/269/221 260/265/216 259/264/215
f 264/270/224 236/267/219 434/271/225
f 264/270/224 261/266/218 236/267/219
f 265/272/226 262/268/220 261/266/218
f 265/272/226 261/266/218 264/270/224
f 266/273/227 263/269/221 262/268/220
f 266/273/227 262/268/220 265/272/226
f 266/273/227 782/60/223 263/269/221
f 267/274/228 434/271/225 235/275/229
f 267/274/228 264/270/224 434/271/225
f 267/274/228 265/272/226 264/270/224
f 268/276/230 266/273/227 265/272/226
f 268/276/230 265/272/226 267/274/228
f 269/277/231 782/60/223 266/273/227
f 269/277/231 783/64/232 782/60/223
f 269/277/231 266/273/227 268/276/230
f 270/278/233 235/275/229 234/279/234
f 270/278/233 267/274/228 235/275/229
f 271/280/235 267/274/228 270/278/233
f 271/280/235 268/276/230 267/274/228
f 272/281/236 244/68/237 783/64/232
f 272/281/236 784/72/238 244/68/237
f 272/281/236 783/64/232 269/277/231
f 272/281/236 269/277/231 268/276/230
f 272/281/236 268/276/230 271/280/235
f 273/282/239 234/279/234 433/283/240
f 273/282/239 270/278/233 234/279/234
f 274/284/241 271/280/235 270/278/233
f 274/284/241 270/278/233 273/282/239
f 275/285/242 784/72/238 272/281/236
f 275/285/242 272/281/236 271/280/235
f 275/285/242 271/280/235 274/284/241
f 276/286/243 433/283/240 233/287/244
f 276/286/243 273/282/239 433/283/240
f 277/288/245 274/284/241 273/282/239
f 277/288/245 275/285/242 274/284/241
f 277/288/245 273/282/239 276/286/243
f 278/289/246 785/76/247 784/72/238
f 278/289/246 784/72/238 275/285/242
f 278/289/246 275/285/242 277/288/245
f 279/290/248 233/287/244 232/291/249
f 279/290/248 276/286/243 233/287/244
f 280/292/250 277/288/245 276/286/243
f 280/292/250 276/286/243 279/290/248
f 281/293/251 786/80/252 785/76/247
f 281/293/251 785/76/247 278/289/246
f 281/293/251 278/289/246 277/288/245
f 281/293/251 277/288/245 280/292/250
f 282/294/253 232/291/249 432/295/254
f 282/294/253 279/290/248 232/291/249
f 283/296/255 280/292/250 279/290/248
f 283/296/255 279/290/248 282/294/253
f 284/297/256 245/84/257 786/80/252
f 284/297/256 246/88/258 245/84/257
f 284/297/256 786/80/252 281/293/251
f 284/297/256 281/293/251 280/292/250
f 284/297/256 280/292/250 283/296/255
f 285/298/259 432/295/254 231/299/260
f 285/298/259 282/294/253 432/295/254
f 285/298/259 283/296/255 282/294/253
f 286/300/261 284/297/256 283/296/255
f 286/300/261 283/296/255 285/298/259
f 287/301/262 246/88/258 284/297/256
f 287/301/262 284/297/256 286/300/261
f 288/302/263 231/299/260 431/303/264
f 288/302/263 285/298/259 231/299/260
f 289/304/265 286/300/261 285/298/259
f 289/304/265 285/298/259 288/302/263
f 290/305/266 287/301/262 286/300/261
f 290/305/266 286/300/261 289/304/265
f 290/305/266 247/92/267 246/88/258
f 290/305/266 246/88/258 287/301/262
f 291/306/268 431/303/264 230/307/269
f 291/306/268 288/302/263 431/303/264
f 291/306/268 289/304/265 288/302/263
f 292/308/270 289/304/265 291/306/268
f 293/309/271 289/304/265 292/308/270
f 293/309/271 248/96/272 247/92/267
f 293/309/271 290/305/266 289/304/265
f 293/309/271 247/92/267 290/305/266
f 294/310/273 230/307/269 430/311/274
f 294/310/273 291/306/268 230/307/269
f 295/312/275 291/306/268 294/310/273
f 295/312/275 292/308/270 291/306/268
f 296/313/276 293/309/271 292/308/270
f 296/313/276 248/96/272 293/309/271
f 296/313/276 292/308/270 295/312/275
f 296/313/276 787/101/277 248/96/272
f 297/314/278 430/311/274 429/315/279
f 297/314/278 294/310/273 430/311/274
f 297/314/278 295/312/275 294/310/273
f 298/316/280 295/312/275 297/314/278
f 299/317/281 296/313/276 295/312/275
f 299/317/281 787/101/277 296/313/276
f 299/317/281 295/312/275 298/316/280
f 299/317/281 249/105/282 787/101/277
f 300/318/283 428/319/284 771/168/285
f 300/318/283 429/315/279 428/319/284
f 300/318/283 771/168/285 238/320/286
f 300/318/283 297/314/278 429/315/279
f 301/321/287 238/320/286 999/322/288
f 301/321/287 298/316/280 297/314/278
f 301/321/287 297/314/278 300/318/283
f 301/321/287 300/318/283 238/320/286
f 302/323/289 999/322/288 239/324/290
f 302/323/289 239/324/290 789/109/291
f 302/323/289 299/317/281 298/316/280
f 302/323/289 298/316/280 301/321/287
f 302/323/289 249/105/282 299/317/281
f 302/323/289 301/321/287 999/322/288
f 302/323/289 788/108/292 249/105/282
f 302/323/289 789/109/291 788/108/292
f 975/325/293 388/170/294 998/168/293
f 867/326/294 389/172/295 388/170/294
f 867/326/294 388/170/294 975/325/293
f 311/327/295 312/173/296 389/172/295
f 311/327/295 389/172/295 867/326/294
f 866/328/296 390/176/297 312/173/296
f 866/328/296 312/173/296 311/327/295
f 865/329/297 391/178/298 390/176/297
f 865/329/297 390/176/297 866/328/296
f 310/330/298 313/180/299 391/178/298
f 310/330/298 391/178/298 865/329/297
f 309/331/299 313/180/299 310/330/298
f 308/332/300 392/182/300 313/180/299
f 308/332/300 314/184/301 392/182/300
f 308/332/300 313/180/299 309/331/299
f 864/333/301 314/184/301 308/332/300
f 863/334/302 315/156/302 314/184/301
f 863/334/302 393/186/303 315/156/302
f 863/334/302 314/184/301 864/333/301
f 307/335/303 316/189/304 393/186/303
f 307/335/303 393/186/303 863/334/302
f 306/336/304 317/190/305 316/189/304
f 306/336/304 316/189/304 307/335/303
f 305/337/306 318/193/307 317/190/305
f 305/337/306 317/190/305 306/336/304
f 862/338/307 318/193/307 305/337/306
f 861/339/308 394/195/308 318/193/307
f 861/339/308 395/196/309 394/195/308
f 861/339/308 318/193/307 862/338/307
f 860/340/309 395/196/309 861/339/308
f 304/341/310 396/199/311 395/196/309
f 304/341/310 395/196/309 860/340/309
f 859/342/312 396/199/311 304/341/310
f 859/342/312 319/200/312 396/199/311
f 859/342/312 874/203/313 319/200/312
f 303/343/313 874/203/313 859/342/312
f 337/250/198 325/251/199 419/252/200
f 337/250/198 335/253/201 325/251/199
f 338/254/202 335/253/201 337/250/198
f 338/254/202 915/255/203 335/253/201
f 339/256/204 840/41/205 916/40/206
f 339/256/204 336/257/207 915/255/203
f 339/256/204 916/40/206 336/257/207
f 339/256/204 915/255/203 338/254/202
f 340/258/208 419/252/200 324/259/209
f 340/258/208 337/250/198 419/252/200
f 341/260/210 337/250/198 340/258/208
f 341/260/210 338/254/202 337/250/198
f 342/261/211 338/254/202 341/260/210
f 342/261/211 841/48/212 840/41/205
f 342/261/211 840/41/205 339/256/204
f 342/261/211 339/256/204 338/254/202
f 343/262/213 324/259/209 418/263/214
f 343/262/213 340/258/208 324/259/209
f 344/264/215 341/260/210 340/258/208
f 344/264/215 340/258/208 343/262/213
f 345/265/216 327/52/314 841/48/212
f 345/265/216 342/261/211 341/260/210
f 345/265/216 841/48/212 342/261/211
f 345/265/216 341/260/210 344/264/215
f 346/266/218 418/263/214 417/267/219
f 346/266/218 343/262/213 418/263/214
f 347/268/220 344/264/215 343/262/213
f 347/268/220 343/262/213 346/266/218
f 348/269/221 327/52/314 345/265/216
f 348/269/221 344/264/215 347/268/220
f 348/269/221 842/56/222 327/52/314
f 348/269/221 843/60/223 842/56/222
f 348/269/221 345/265/216 344/264/215
f 349/270/224 347/268/220 346/266/218
f 349/270/224 417/267/219 416/271/225
f 349/270/224 346/266/218 417/267/219
f 350/272/315 347/268/220 349/270/224
f 351/273/227 328/64/316 843/60/223
f 351/273/227 348/269/221 347/268/220
f 351/273/227 347/268/220 350/272/315
f 351/273/227 843/60/223 348/269/221
f 352/274/317 416/271/225 415/275/229
f 352/274/317 349/270/224 416/271/225
f 352/274/317 350/272/315 349/270/224
f 353/276/230 350/272/315 352/274/317
f 354/277/231 328/64/316 351/273/227
f 354/277/231 350/272/315 353/276/230
f 354/277/231 351/273/227 350/272/315
f 355/278/233 415/275/229 414/279/234
f 355/278/233 352/274/317 415/275/229
f 356/280/235 352/274/317 355/278/233
f 356/280/235 353/276/230 352/274/317
f 357/281/236 329/68/237 328/64/316
f 357/281/236 354/277/231 353/276/230
f 357/281/236 353/276/230 356/280/235
f 357/281/236 328/64/316 354/277/231
f 358/282/239 414/279/234 413/283/240
f 358/282/239 356/280/235 355/278/233
f 358/282/239 355/278/233 414/279/234
f 359/284/241 356/280/235 358/282/239
f 360/285/242 330/72/238 329/68/237
f 360/285/242 844/76/247 330/72/238
f 360/285/242 357/281/236 356/280/235
f 360/285/242 356/280/235 359/284/241
f 360/285/242 329/68/237 357/281/236
f 361/286/243 413/283/240 323/287/244
f 361/286/243 358/282/239 413/283/240
f 362/288/318 359/284/241 358/282/239
f 362/288/318 360/285/242 359/284/241
f 362/288/318 358/282/239 361/286/243
f 363/289/319 360/285/242 362/288/318
f 363/289/319 844/76/247 360/285/242
f 364/290/248 323/287/244 322/291/249
f 364/290/248 361/286/243 323/287/244
f 365/292/250 362/288/318 361/286/243
f 365/292/250 361/286/243 364/290/248
f 366/293/251 845/80/252 844/76/247
f 366/293/251 844/76/247 363/289/319
f 366/293/251 363/289/319 362/288/318
f 366/293/251 362/288/318 365/292/250
f 367/294/253 322/291/249 321/295/254
f 367/294/253 364/290/248 322/291/249
f 368/296/255 366/293/251 365/292/250
f 368/296/255 364/290/248 367/294/253
f 368/296/255 365/292/250 364/290/248
f 369/297/256 331/84/257 845/80/252
f 369/297/256 366/293/251 368/296/255
f 369/297/256 845/80/252 366/293/251
f 370/298/320 321/295/254 412/299/260
f 370/298/320 367/294/253 321/295/254
f 371/300/261 368/296/255 367/294/253
f 371/300/261 367/294/253 370/298/320
f 372/301/262 331/84/257 369/297/256
f 372/301/262 846/88/321 331/84/257
f 372/301/262 369/297/256 368/296/255
f 372/301/262 368/296/255 371/300/261
f 373/302/263 412/299/260 320/303/264
f 373/302/263 370/298/320 412/299/260
f 374/304/265 371/300/261 370/298/320
f 374/304/265 372/301/262 371/300/261
f 374/304/265 370/298/320 373/302/263
f 375/305/266 847/92/267 846/88/321
f 375/305/266 846/88/321 372/301/262
f 375/305/266 372/301/262 374/304/265
f 376/306/268 320/303/264 411/307/269
f 376/306/268 373/302/263 320/303/264
f 377/308/270 375/305/266 374/304/265
f 377/308/270 373/302/263 376/306/268
f 377/308/270 374/304/265 373/302/263
f 378/309/271 375/305/266 377/308/270
f 378/309/271 847/92/267 375/305/266
f 378/309/271 332/96/272 847/92/267
f 379/310/273 411/307/269 410/311/274
f 379/310/273 376/306/268 411/307/269
f 380/312/275 376/306/268 379/310/273
f 380/312/275 377/308/270 376/306/268
f 380/312/275 378/309/271 377/308/270
f 381/313/276 332/96/272 378/309/271
f 381/313/276 378/309/271 380/312/275
f 381/313/276 848/101/277 332/96/272
f 382/314/278 410/311/274 409/315/279
f 382/314/278 379/310/273 410/311/274
f 383/316/280 380/312/275 379/310/273
f 383/316/280 379/310/273 382/314/278
f 384/317/281 381/313/276 380/312/275
f 384/317/281 848/101/277 381/313/276
f 384/317/281 380/312/275 383/316/280
f 384/317/281 333/105/282 848/101/277
f 385/318/283 408/319/284 828/168/285
f 385/318/283 409/315/279 408/319/284
f 385/318/283 382/314/278 409/315/279
f 385/318/283 828/168/285 906/320/286
f 386/321/287 906/320/286 907/322/288
f 386/321/287 383/316/280 382/314/278
f 386/321/287 382/314/278 385/318/283
f 386/321/287 385/318/283 906/320/286
f 387/323/289 907/322/288 908/324/290
f 387/323/289 908/324/290 326/109/291
f 387/323/289 383/316/280 386/321/287
f 387/323/289 384/317/281 383/316/280
f 387/323/289 333/105/282 384/317/281
f 387/323/289 386/321/287 907/322/288
f 387/323/289 334/108/292 333/105/282
f 387/323/289 326/109/291 334/108/292
f 998/344/2 899/170/25 397/168/2
f 388/345/25 398/172/3 899/170/25
f 388/345/25 899/170/25 998/344/2
f 389/346/3 398/172/3 388/345/25
f 312/347/4 900/173/4 398/172/3
f 312/347/4 398/172/3 389/346/3
f 390/348/5 399/176/5 900/173/4
f 390/348/5 900/173/4 312/347/4
f 391/349/22 400/178/22 399/176/5
f 391/349/22 399/176/5 390/348/5
f 313/350/7 401/180/7 400/178/22
f 313/350/7 400/178/22 391/349/22
f 392/351/8 901/182/8 401/180/7
f 392/351/8 902/184/23 901/182/8
f 392/351/8 401/180/7 313/350/7
f 314/352/23 902/184/23 392/351/8
f 315/353/10 402/156/10 902/184/23
f 315/353/10 403/186/24 402/156/10
f 315/353/10 902/184/23 314/352/23
f 393/354/24 403/186/24 315/353/10
f 316/355/12 404/189/12 403/186/24
f 316/355/12 403/186/24 393/354/24
f 317/356/13 405/190/13 404/189/12
f 317/356/13 404/189/12 316/355/12
f 318/357/14 406/193/14 405/190/13
f 318/357/14 405/190/13 317/356/13
f 394/358/15 903/195/15 406/193/14
f 394/358/15 904/196/17 903/195/15
f 394/358/15 406/193/14 318/357/14
f 395/359/17 904/196/17 394/358/15
f 395/359/17 905/199/18 904/196/17
f 396/360/18 905/199/18 395/359/17
f 319/361/19 905/199/18 396/360/18
f 319/361/19 407/200/19 905/199/18
f 874/362/20 407/200/19 319/361/19
f 874/362/20 881/203/20 407/200/19
f 800/363/20 828/244/285 408/364/284
f 816/365/26 408/364/284 409/366/279
f 816/365/26 800/363/20 408/364/284
f 815/367/18 409/366/279 410/368/274
f 815/367/18 816/365/26 409/366/279
f 427/369/17 410/368/274 411/370/269
f 427/369/17 815/367/18 410/368/274
f 814/371/15 411/370/269 320/372/264
f 814/371/15 427/369/17 411/370/269
f 426/373/14 320/372/264 412/374/260
f 426/373/14 814/371/15 320/372/264
f 813/375/13 412/374/260 321/376/254
f 813/375/13 426/373/14 412/374/260
f 812/377/12 321/376/254 322/378/249
f 812/377/12 813/375/13 321/376/254
f 425/379/24 322/378/249 323/380/244
f 425/379/24 812/377/12 322/378/249
f 811/381/10 425/379/24 323/380/244
f 424/382/23 323/380/244 413/383/240
f 424/382/23 413/383/240 414/384/234
f 424/382/23 811/381/10 323/380/244
f 423/385/8 414/384/234 415/386/229
f 423/385/8 424/382/23 414/384/234
f 422/387/7 415/386/229 416/388/225
f 422/387/7 423/385/8 415/386/229
f 421/389/22 416/388/225 417/390/219
f 421/389/22 422/387/7 416/388/225
f 810/391/5 421/389/22 417/390/219
f 809/392/4 810/391/5 417/390/219
f 809/392/4 417/390/219 418/393/214
f 809/392/4 418/393/214 324/394/209
f 808/395/3 809/392/4 324/394/209
f 420/396/25 808/395/3 324/394/209
f 420/396/25 324/394/209 419/397/200
f 807/398/2 420/396/25 419/397/200
f 807/398/2 419/397/200 325/399/199
f 772/400/20 771/244/285 428/364/284
f 445/401/26 428/364/284 429/366/279
f 445/401/26 772/400/20 428/364/284
f 757/402/18 429/366/279 430/368/274
f 757/402/18 445/401/26 429/366/279
f 444/403/17 430/368/274 230/370/269
f 444/403/17 757/402/18 430/368/274
f 756/404/15 230/370/269 431/372/264
f 756/404/15 444/403/17 230/370/269
f 755/405/14 431/372/264 231/374/260
f 755/405/14 756/404/15 431/372/264
f 443/406/13 231/374/260 432/376/254
f 443/406/13 755/405/14 231/374/260
f 442/407/12 443/406/13 432/376/254
f 441/408/24 432/376/254 232/378/249
f 441/408/24 232/378/249 233/380/244
f 441/408/24 442/407/12 432/376/254
f 754/409/10 233/380/244 433/383/240
f 754/409/10 441/408/24 233/380/244
f 753/410/23 433/383/240 234/384/234
f 753/410/23 754/409/10 433/383/240
f 752/411/8 753/410/23 234/384/234
f 440/412/7 234/384/234 235/386/229
f 440/412/7 235/386/229 434/388/225
f 440/412/7 752/411/8 234/384/234
f 751/413/22 434/388/225 236/390/219
f 751/413/22 440/412/7 434/388/225
f 439/414/5 751/413/22 236/390/219
f 750/415/4 439/414/5 236/390/219
f 750/415/4 236/390/219 237/393/214
f 438/416/3 750/415/4 237/393/214
f 438/416/3 237/393/214 435/394/209
f 438/416/3 435/394/209 436/397/200
f 437/417/1 438/416/3 436/397/200
f 758/418/2 437/417/1 436/397/200
f 758/418/2 436/397/200 1000/399/199
f 79/419/322 80/420/322 447/421/323
f 78/422/322 79/419/322 447/421/323
f 500/423/322 447/421/323 80/420/322
f 501/424/322 447/421/323 500/423/322
f 499/425/322 78/422/322 447/421/323
f 502/426/322 447/421/323 501/424/322
f 498/427/322 499/425/322 447/421/323
f 503/428/322 447/421/323 502/426/322
f 1962/429/322 498/427/322 447/421/323
f 504/430/322 447/421/323 503/428/322
f 517/431/322 1962/429/322 447/421/323
f 516/432/322 517/431/322 447/421/323
f 1440/433/322 514/434/322 1956/435/322
f 1440/433/322 1956/435/322 515/436/322
f 541/437/322 515/436/322 1957/438/322
f 541/437/322 1957/438/322 1958/439/322
f 541/437/322 1440/433/322 515/436/322
f 540/440/322 1955/441/322 514/434/322
f 540/440/322 514/434/322 1440/433/322
f 542/442/322 1958/439/322 1959/443/322
f 542/442/322 1959/443/322 1960/444/322
f 542/442/322 1960/444/322 1961/445/322
f 542/442/322 541/437/322 1958/439/322
f 1431/446/322 511/447/322 512/448/322
f 1431/446/322 512/448/322 1950/449/322
f 1430/450/322 509/451/322 510/452/322
f 1430/450/322 510/452/322 511/447/322
f 1430/450/322 511/447/322 1431/446/322
f 537/453/322 1950/449/322 1951/454/322
f 537/453/322 1431/446/322 1950/449/322
f 1427/455/322 507/456/322 508/457/322
f 1427/455/322 508/457/322 509/451/322
f 1427/455/322 509/451/322 1430/450/322
f 1434/458/322 1955/441/322 540/440/322
f 1434/458/322 513/459/322 1955/441/322
f 1432/460/322 537/453/322 1951/454/322
f 1432/460/322 1951/454/322 1952/461/322
f 1433/462/322 513/459/322 1434/458/322
f 1433/462/322 1954/463/322 513/459/322
f 538/464/322 1432/460/322 1952/461/322
f 538/464/322 1952/461/322 1953/465/322
f 539/466/322 1954/463/322 1433/462/322
f 539/466/322 538/464/322 1953/465/322
f 539/466/322 1953/465/322 1954/463/322
f 536/467/322 507/456/322 1427/455/322
f 59/468/322 507/456/322 536/467/322
f 483/469/322 59/468/322 536/467/322
f 484/470/322 506/471/322 507/456/322
f 484/470/322 507/456/322 59/468/322
f 58/472/322 483/469/322 536/467/322
f 485/473/322 505/474/322 506/471/322
f 485/473/322 506/471/322 484/470/322
f 57/475/322 58/472/322 536/467/322
f 57/475/322 536/467/322 535/476/322
f 486/477/322 504/430/322 505/474/322
f 486/477/322 505/474/322 485/473/322
f 56/478/322 57/475/322 535/476/322
f 1977/479/322 56/478/322 535/476/322
f 1976/480/322 1977/479/322 535/476/322
f 1976/480/322 535/476/322 1421/481/322
f 497/482/322 1976/480/322 1421/481/322
f 497/482/322 1421/481/322 534/483/322
f 1975/484/322 497/482/322 534/483/322
f 1975/484/322 534/483/322 1420/485/322
f 496/486/322 1975/484/322 1420/485/322
f 533/487/322 496/486/322 1420/485/322
f 1974/488/322 496/486/322 533/487/322
f 446/489/324 504/430/322 486/477/322
f 446/489/324 447/421/323 504/430/322
f 446/489/324 486/477/322 487/490/322
f 446/489/324 487/490/322 488/491/322
f 446/489/324 488/491/322 60/492/322
f 446/489/324 60/492/322 489/493/322
f 446/489/324 489/493/322 61/494/322
f 446/489/324 61/494/322 490/495/322
f 446/489/324 490/495/322 62/496/322
f 63/497/322 446/489/324 62/496/322
f 64/498/322 446/489/324 63/497/322
f 491/499/322 446/489/324 64/498/322
f 532/500/322 1973/501/322 1974/488/322
f 532/500/322 1974/488/322 533/487/322
f 1966/502/322 446/489/324 491/499/322
f 1967/503/322 446/489/324 1966/502/322
f 1419/504/322 1972/505/322 1973/501/322
f 1419/504/322 1973/501/322 532/500/322
f 1418/506/322 1971/507/322 1972/505/322
f 1418/506/322 1972/505/322 1419/504/322
f 1417/508/322 1971/507/322 1418/506/322
f 1417/508/322 495/509/322 1970/510/322
f 1417/508/322 1970/510/322 1971/507/322
f 531/511/322 494/512/322 1969/513/322
f 531/511/322 1969/513/322 495/509/322
f 531/511/322 495/509/322 1417/508/322
f 530/514/322 494/512/322 531/511/322
f 530/514/322 492/515/322 1968/516/322
f 530/514/322 1968/516/322 493/517/322
f 530/514/322 493/517/322 494/512/322
f 1414/518/322 492/515/322 530/514/322
f 1414/518/322 446/489/324 1967/503/322
f 1414/518/322 1967/503/322 492/515/322
f 1402/519/322 528/520/322 1403/521/322
f 1402/519/322 1404/522/322 528/520/322
f 1402/519/322 1405/523/322 1404/522/322
f 526/524/322 1405/523/322 1402/519/322
f 526/524/322 527/525/322 1401/526/322
f 526/524/322 1402/519/322 527/525/322
f 525/527/322 1405/523/322 526/524/322
f 525/527/322 1412/528/322 1405/523/322
f 1400/529/322 525/527/322 524/530/322
f 1441/531/322 542/442/322 1961/445/322
f 1441/531/322 1961/445/322 516/432/322
f 1441/531/322 516/432/322 447/421/323
f 523/532/322 525/527/322 1400/529/322
f 523/532/322 1412/528/322 525/527/322
f 523/532/322 1400/529/322 1399/533/322
f 1398/534/322 1412/528/322 523/532/322
f 1398/534/322 529/535/322 1412/528/322
f 1397/536/322 529/535/322 1398/534/322
f 1397/536/322 1415/537/322 529/535/322
f 547/538/322 1446/539/322 546/540/322
f 548/541/322 547/538/322 546/540/322
f 1447/542/322 549/543/322 548/541/322
f 227/544/322 226/545/322 1447/542/322
f 227/544/322 1447/542/322 548/541/322
f 1453/546/322 544/547/322 1443/548/322
f 1453/546/322 545/549/322 544/547/322
f 1453/546/322 546/540/322 545/549/322
f 1453/546/322 548/541/322 546/540/322
f 1453/546/322 227/544/322 548/541/322
f 13/550/322 1443/548/322 543/551/322
f 13/550/322 543/551/322 12/552/322
f 450/553/322 543/551/322 1441/531/322
f 450/553/322 12/552/322 543/551/322
f 14/554/322 1443/548/322 13/550/322
f 451/555/322 1443/548/322 14/554/322
f 11/556/322 450/553/322 1441/531/322
f 15/557/322 1454/558/322 1453/546/322
f 15/557/322 1453/546/322 1443/548/322
f 15/557/322 1443/548/322 451/555/322
f 16/559/322 1454/558/322 15/557/322
f 17/560/322 1454/558/322 16/559/322
f 18/561/322 1455/562/322 1454/558/322
f 18/561/322 1454/558/322 17/560/322
f 448/563/325 11/556/322 1441/531/322
f 448/563/325 2016/564/322 449/565/322
f 448/563/325 449/565/322 11/556/322
f 448/563/325 2015/566/322 464/567/322
f 448/563/325 464/567/322 2016/564/322
f 19/568/322 1459/569/322 1455/562/322
f 19/568/322 1455/562/322 18/561/322
f 2014/570/322 2015/566/322 448/563/325
f 20/571/322 1460/572/322 1459/569/322
f 20/571/322 1459/569/322 19/568/322
f 463/573/322 2014/570/322 448/563/325
f 2013/574/322 463/573/322 448/563/325
f 550/575/322 20/571/322 452/576/322
f 550/575/322 1460/572/322 20/571/322
f 462/577/322 2013/574/322 448/563/325
f 2012/578/322 462/577/322 448/563/325
f 2011/579/322 2012/578/322 448/563/325
f 461/580/322 2011/579/322 448/563/325
f 1461/581/322 452/576/322 21/582/322
f 1461/581/322 550/575/322 452/576/322
f 2010/583/322 461/580/322 448/563/325
f 1462/584/322 21/582/322 453/585/322
f 1462/584/322 1461/581/322 21/582/322
f 551/586/322 453/585/322 22/587/322
f 551/586/322 1462/584/322 453/585/322
f 1379/588/322 22/587/322 454/589/322
f 1379/588/322 454/589/322 455/590/322
f 1379/588/322 551/586/322 22/587/322
f 1380/591/322 455/590/322 456/592/322
f 1380/591/322 456/592/322 457/593/322
f 1380/591/322 1379/588/322 455/590/322
f 1381/594/322 457/593/322 458/595/322
f 1381/594/322 458/595/322 459/596/322
f 1381/594/322 1380/591/322 457/593/322
f 465/597/322 520/598/322 519/599/322
f 466/600/322 520/598/322 465/597/322
f 466/600/322 1387/601/322 520/598/322
f 40/602/322 465/597/322 519/599/322
f 40/602/322 519/599/322 518/603/322
f 41/604/322 1387/601/322 466/600/322
f 41/604/322 1388/605/322 1387/601/322
f 467/606/322 1388/605/322 41/604/322
f 467/606/322 1389/607/322 1388/605/322
f 39/608/322 40/602/322 518/603/322
f 39/608/322 518/603/322 1382/609/322
f 38/610/322 39/608/322 1382/609/322
f 38/610/322 1382/609/322 1386/611/322
f 42/612/322 1389/607/322 467/606/322
f 42/612/322 1396/613/322 1389/607/322
f 37/614/322 38/610/322 1386/611/322
f 468/615/322 1396/613/322 42/612/322
f 469/616/322 1396/613/322 468/615/322
f 469/616/322 521/617/322 1396/613/322
f 1998/618/322 1386/611/322 1385/619/322
f 1998/618/322 37/614/322 1386/611/322
f 1997/620/322 1998/618/322 1385/619/322
f 470/621/322 521/617/322 469/616/322
f 43/622/322 521/617/322 470/621/322
f 43/622/322 1395/623/322 521/617/322
f 482/624/322 1997/620/322 1385/619/322
f 482/624/322 1385/619/322 1384/625/322
f 44/626/322 1395/623/322 43/622/322
f 481/627/322 482/624/322 1384/625/322
f 471/628/322 1395/623/322 44/626/322
f 1996/629/322 1381/594/322 459/596/322
f 1996/629/322 1384/625/322 1381/594/322
f 1996/629/322 481/627/322 1384/625/322
f 472/630/322 1395/623/322 471/628/322
f 472/630/322 522/631/322 1395/623/322
f 480/632/322 459/596/322 460/633/322
f 480/632/322 460/633/322 2009/634/322
f 480/632/322 1996/629/322 459/596/322
f 1995/635/322 480/632/322 2009/634/322
f 473/636/322 522/631/322 472/630/322
f 2021/637/326 473/636/322 474/638/322
f 2021/637/326 474/638/322 1989/639/322
f 2021/637/326 1989/639/322 475/640/322
f 2021/637/326 475/640/322 1990/641/322
f 2021/637/326 1990/641/322 476/642/322
f 2021/637/326 476/642/322 1991/643/322
f 2021/637/326 1991/643/322 477/644/322
f 2021/637/326 477/644/322 1992/645/322
f 2021/637/326 1992/645/322 478/646/322
f 2021/637/326 478/646/322 1993/647/322
f 2021/637/326 522/631/322 473/636/322
f 2021/637/326 1993/647/322 479/648/322
f 2021/637/326 479/648/322 1994/649/322
f 446/489/324 1397/536/322 2021/637/326
f 1397/536/322 522/631/322 2021/637/326
f 446/489/324 1415/537/322 1397/536/322
f 446/489/324 1414/518/322 1415/537/322
f 2021/637/326 1994/649/322 448/563/325
f 1994/649/322 1995/635/322 448/563/325
f 1995/635/322 2010/583/322 448/563/325
f 1995/635/322 2009/634/322 2010/583/322
f 448/563/325 1441/531/322 447/421/323
f 552/650/327 1220/651/328 631/652/329
f 630/653/330 552/650/327 631/652/329
f 646/654/331 703/655/332 1189/656/333
f 646/654/331 1189/656/333 645/657/334
f 559/658/335 560/659/336 1219/660/337
f 559/658/335 1219/660/337 1208/661/338
f 1236/662/339 559/658/335 1208/661/338
f 558/663/340 1236/662/339 1208/661/338
f 1291/664/341 1233/665/342 1234/666/343
f 1361/667/344 558/663/340 1208/661/338
f 1308/668/345 558/663/340 1361/667/344
f 556/669/346 1235/670/347 558/663/340
f 556/669/346 558/663/340 1308/668/345
f 555/671/348 1308/668/345 1361/667/344
f 557/672/349 1234/666/343 1235/670/347
f 557/672/349 1235/670/347 556/669/346
f 554/673/350 555/671/348 1361/667/344
f 1296/674/351 1291/664/341 1234/666/343
f 1296/674/351 1234/666/343 557/672/349
f 1307/675/352 1296/674/351 557/672/349
f 1348/676/353 554/673/350 1361/667/344
f 553/677/354 554/673/350 1348/676/353
f 66/420/355 623/419/355 2416/421/356
f 622/422/355 2416/421/356 623/419/355
f 67/423/355 66/420/355 2416/421/356
f 68/424/355 67/423/355 2416/421/356
f 65/425/355 2416/421/356 622/422/355
f 69/426/355 68/424/355 2416/421/356
f 621/427/355 2416/421/356 65/425/355
f 70/428/355 69/426/355 2416/421/356
f 1949/429/355 2416/421/356 621/427/355
f 71/430/355 70/428/355 2416/421/356
f 620/431/355 2416/421/356 1949/429/355
f 1948/432/355 2416/421/356 620/431/355
f 660/678/355 616/435/355 615/434/355
f 659/679/355 617/436/355 616/435/355
f 659/679/355 618/438/355 617/436/355
f 659/679/355 616/435/355 660/678/355
f 655/680/355 610/449/355 1942/448/355
f 705/681/355 615/434/355 614/441/355
f 705/681/355 660/678/355 615/434/355
f 713/682/355 655/680/355 1942/448/355
f 713/682/355 1942/448/355 624/447/355
f 658/683/355 618/438/355 659/679/355
f 658/683/355 1945/439/355 618/438/355
f 712/684/355 610/449/355 655/680/355
f 712/684/355 611/454/355 610/449/355
f 712/684/355 612/461/355 611/454/355
f 656/685/355 713/682/355 624/447/355
f 656/685/355 77/452/355 76/451/355
f 656/685/355 624/447/355 77/452/355
f 646/686/355 1946/443/355 1945/439/355
f 646/686/355 619/444/355 1946/443/355
f 646/686/355 1947/445/355 619/444/355
f 646/686/355 1945/439/355 658/683/355
f 714/687/355 75/457/355 74/456/355
f 714/687/355 76/451/355 75/457/355
f 714/687/355 656/685/355 76/451/355
f 706/688/355 614/441/355 1944/459/355
f 706/688/355 705/681/355 614/441/355
f 657/689/355 613/465/355 612/461/355
f 657/689/355 612/461/355 712/684/355
f 707/690/355 1944/459/355 1943/463/355
f 707/690/355 706/688/355 1944/459/355
f 708/691/355 707/690/355 1943/463/355
f 708/691/355 1943/463/355 613/465/355
f 708/691/355 613/465/355 657/689/355
f 48/468/355 717/692/355 714/687/355
f 48/468/355 604/469/355 717/692/355
f 48/468/355 714/687/355 74/456/355
f 49/470/355 74/456/355 73/471/355
f 49/470/355 48/468/355 74/456/355
f 47/472/355 718/693/355 717/692/355
f 47/472/355 717/692/355 604/469/355
f 50/473/355 73/471/355 72/474/355
f 50/473/355 49/470/355 73/471/355
f 46/475/355 718/693/355 47/472/355
f 605/477/355 50/473/355 72/474/355
f 605/477/355 72/474/355 71/430/355
f 45/478/355 719/694/355 718/693/355
f 45/478/355 718/693/355 46/475/355
f 603/479/355 654/695/355 719/694/355
f 603/479/355 719/694/355 45/478/355
f 602/480/355 652/696/355 654/695/355
f 602/480/355 654/695/355 603/479/355
f 601/482/355 652/696/355 602/480/355
f 600/484/355 652/696/355 601/482/355
f 600/484/355 722/697/355 652/696/355
f 599/486/355 722/697/355 600/484/355
f 599/486/355 723/698/355 722/697/355
f 598/488/355 723/698/355 599/486/355
f 2128/489/357 606/490/355 605/477/355
f 2128/489/357 607/491/355 606/490/355
f 2128/489/357 51/492/355 607/491/355
f 2128/489/357 52/493/355 51/492/355
f 2128/489/357 53/494/355 52/493/355
f 2128/489/357 54/495/355 53/494/355
f 2128/489/357 55/496/355 54/495/355
f 2128/489/357 71/430/355 2416/421/356
f 2128/489/357 605/477/355 71/430/355
f 724/699/355 723/698/355 598/488/355
f 724/699/355 598/488/355 597/501/355
f 701/700/355 1947/445/355 646/686/355
f 701/700/355 1948/432/355 1947/445/355
f 701/700/355 2416/421/356 1948/432/355
f 701/700/355 646/686/355 645/701/355
f 608/497/355 55/496/355 2128/489/357
f 1203/702/355 701/700/355 645/701/355
f 609/498/355 608/497/355 2128/489/357
f 588/499/355 609/498/355 2128/489/357
f 1204/703/355 701/700/355 1203/702/355
f 589/502/355 588/499/355 2128/489/357
f 1963/503/355 589/502/355 2128/489/357
f 653/704/355 597/501/355 596/505/355
f 653/704/355 724/699/355 597/501/355
f 725/705/355 653/704/355 596/505/355
f 725/705/355 596/505/355 1965/507/355
f 650/706/355 725/705/355 1965/507/355
f 650/706/355 1965/507/355 595/510/355
f 729/707/355 650/706/355 595/510/355
f 729/707/355 594/509/355 593/513/355
f 729/707/355 595/510/355 594/509/355
f 651/708/355 729/707/355 593/513/355
f 651/708/355 593/513/355 592/512/355
f 649/709/355 651/708/355 592/512/355
f 649/709/355 1964/516/355 590/515/355
f 649/709/355 591/517/355 1964/516/355
f 649/709/355 592/512/355 591/517/355
f 625/710/358 627/711/355 696/712/355
f 628/713/355 696/712/355 627/711/355
f 629/714/355 696/712/355 628/713/355
f 630/715/355 696/712/355 629/714/355
f 697/716/355 649/709/355 590/515/355
f 697/716/355 1963/503/355 2128/489/357
f 697/716/355 590/515/355 1963/503/355
f 697/716/355 647/717/355 1074/718/355
f 697/716/355 1074/718/355 648/719/355
f 697/716/355 648/719/355 649/709/355
f 631/720/355 696/712/355 630/715/355
f 4/550/355 3/552/355 631/720/355
f 2/553/355 696/712/355 631/720/355
f 2/553/355 631/720/355 3/552/355
f 571/554/355 631/720/355 690/721/355
f 571/554/355 4/550/355 631/720/355
f 5/555/355 690/721/355 632/722/355
f 5/555/355 571/554/355 690/721/355
f 1/556/355 696/712/355 2/553/355
f 6/557/355 5/555/355 632/722/355
f 7/559/355 632/722/355 689/723/355
f 7/559/355 6/557/355 632/722/355
f 8/560/355 689/723/355 688/724/355
f 8/560/355 7/559/355 689/723/355
f 572/561/355 688/724/355 637/725/355
f 572/561/355 8/560/355 688/724/355
f 2348/563/359 569/567/355 2007/566/355
f 2348/563/359 2008/564/355 569/567/355
f 2348/563/359 570/565/355 2008/564/355
f 2348/563/359 1/556/355 570/565/355
f 2348/563/359 696/712/355 1/556/355
f 573/568/355 637/725/355 636/726/355
f 573/568/355 572/561/355 637/725/355
f 568/570/355 2348/563/359 2007/566/355
f 574/571/355 573/568/355 636/726/355
f 567/573/355 2348/563/359 568/570/355
f 635/727/355 574/571/355 636/726/355
f 9/576/355 574/571/355 635/727/355
f 2006/574/355 2348/563/359 567/573/355
f 2005/577/355 2348/563/359 2006/574/355
f 2004/578/355 2348/563/359 2005/577/355
f 686/728/355 9/576/355 635/727/355
f 686/728/355 575/582/355 9/576/355
f 2003/579/355 2348/563/359 2004/578/355
f 566/580/355 2348/563/359 2003/579/355
f 565/583/355 2348/563/359 566/580/355
f 634/729/355 575/582/355 686/728/355
f 634/729/355 576/585/355 575/582/355
f 699/730/355 1377/731/355 1378/732/360
f 699/730/355 1378/732/360 626/733/361
f 1376/734/355 1377/731/355 699/730/355
f 644/735/355 1376/734/355 699/730/355
f 633/736/355 576/585/355 634/729/355
f 633/736/355 10/587/355 576/585/355
f 638/737/355 1999/589/355 10/587/355
f 638/737/355 10/587/355 633/736/355
f 685/738/355 561/590/355 1999/589/355
f 685/738/355 1999/589/355 638/737/355
f 684/739/355 2000/592/355 561/590/355
f 684/739/355 2001/593/355 2000/592/355
f 684/739/355 561/590/355 685/738/355
f 683/740/355 562/595/355 2001/593/355
f 683/740/355 2002/596/355 562/595/355
f 683/740/355 2001/593/355 684/739/355
f 639/741/355 2002/596/355 683/740/355
f 667/742/355 644/735/355 699/730/355
f 27/600/355 673/743/355 672/744/355
f 26/597/355 642/745/355 673/743/355
f 26/597/355 673/743/355 27/600/355
f 28/604/355 672/744/355 641/746/355
f 28/604/355 27/600/355 672/744/355
f 25/602/355 674/747/355 642/745/355
f 25/602/355 642/745/355 26/597/355
f 29/606/355 28/604/355 641/746/355
f 29/606/355 641/746/355 670/748/355
f 24/608/355 674/747/355 25/602/355
f 24/608/355 678/749/355 674/747/355
f 30/612/355 29/606/355 670/748/355
f 30/612/355 670/748/355 669/750/355
f 23/610/355 679/751/355 678/749/355
f 23/610/355 678/749/355 24/608/355
f 31/615/355 30/612/355 669/750/355
f 31/615/355 669/750/355 668/752/355
f 584/614/355 679/751/355 23/610/355
f 584/614/355 680/753/355 679/751/355
f 585/616/355 31/615/355 668/752/355
f 1988/618/355 680/753/355 584/614/355
f 1988/618/355 640/754/355 680/753/355
f 32/621/355 585/616/355 668/752/355
f 32/621/355 668/752/355 643/755/355
f 1987/620/355 640/754/355 1988/618/355
f 33/622/355 32/621/355 643/755/355
f 33/622/355 643/755/355 667/742/355
f 583/624/355 640/754/355 1987/620/355
f 583/624/355 639/741/355 640/754/355
f 34/626/355 33/622/355 667/742/355
f 1986/627/355 639/741/355 583/624/355
f 35/628/355 34/626/355 667/742/355
f 1985/629/355 639/741/355 1986/627/355
f 1985/629/355 2002/596/355 639/741/355
f 586/630/355 35/628/355 667/742/355
f 586/630/355 667/742/355 699/730/355
f 582/632/355 563/633/355 2002/596/355
f 582/632/355 2002/596/355 1985/629/355
f 36/636/355 586/630/355 699/730/355
f 1984/635/355 564/634/355 563/633/355
f 1984/635/355 563/633/355 582/632/355
f 2345/637/362 1979/640/355 1978/639/355
f 2345/637/362 1980/641/355 1979/640/355
f 2345/637/362 1981/642/355 1980/641/355
f 2345/637/362 1982/643/355 1981/642/355
f 2345/637/362 1983/644/355 1982/643/355
f 2345/637/362 577/645/355 1983/644/355
f 2345/637/362 578/646/355 577/645/355
f 2345/637/362 579/647/355 578/646/355
f 2345/637/362 580/648/355 579/647/355
f 2345/637/362 581/649/355 580/648/355
f 2345/637/362 36/636/355 699/730/355
f 2345/637/362 587/638/355 36/636/355
f 2345/637/362 1978/639/355 587/638/355
f 2128/489/357 2345/637/362 699/730/355
f 2128/489/357 699/730/355 697/716/355
f 2345/637/362 2348/563/359 581/649/355
f 581/649/355 2348/563/359 1984/635/355
f 1984/635/355 2348/563/359 565/583/355
f 1984/635/355 565/583/355 564/634/355
f 2348/563/359 2416/421/356 701/700/355
f 2348/563/359 701/700/355 696/712/355
f 696/712/355 699/730/355 626/733/361
f 696/712/355 626/733/361 625/710/358
f 697/716/355 701/700/355 1204/703/355
f 697/716/355 1204/703/355 647/717/355
f 662/756/363 2133/757/364 2359/758/365
f 661/759/366 662/756/363 2359/758/365
f 2142/760/367 2292/761/368 663/762/369
f 2142/760/367 663/762/369 2460/763/370
f 2146/761/371 2366/762/372 664/764/373
f 2115/765/374 2146/761/371 664/764/373
f 666/759/375 2200/766/376 665/758/377
f 666/759/375 2023/767/378 2200/766/376
f 667/768/379 671/244/380 1362/769/381
f 667/768/379 1362/769/381 644/770/382
f 643/771/383 671/251/380 667/400/379
f 643/771/383 1352/772/384 671/251/380
f 668/773/385 1350/774/386 1351/775/387
f 668/773/385 1351/775/387 1352/772/384
f 668/773/385 1352/772/384 643/771/383
f 669/776/388 1345/777/389 1350/774/386
f 669/776/388 1350/774/386 668/773/385
f 670/778/390 1345/777/389 669/776/388
f 641/779/391 1345/251/389 670/400/390
f 641/779/391 677/780/392 1345/251/389
f 672/781/393 1311/782/394 677/780/392
f 672/781/393 677/780/392 641/779/391
f 673/773/395 1310/783/396 1311/782/394
f 673/773/395 1311/782/394 672/781/393
f 642/784/397 675/785/398 676/786/399
f 642/784/397 676/786/399 1310/783/396
f 642/784/397 1310/783/396 673/773/395
f 674/787/400 1304/777/401 675/785/398
f 674/787/400 675/785/398 642/784/397
f 678/778/402 1304/777/401 674/787/400
f 678/400/402 1298/788/403 1304/251/401
f 679/771/404 682/789/405 1298/788/403
f 679/771/404 1298/788/403 678/400/402
f 680/773/406 681/790/407 682/789/405
f 680/773/406 682/789/405 679/771/404
f 640/776/408 681/790/407 680/773/406
f 639/778/409 1293/777/410 681/790/407
f 639/778/409 681/790/407 640/776/408
f 683/768/411 1293/791/410 639/792/409
f 683/768/411 1290/244/412 1293/791/410
f 683/400/411 1283/793/413 1290/251/412
f 684/771/414 1282/794/415 1283/793/413
f 684/771/414 1283/793/413 683/400/411
f 685/773/416 1281/795/417 1282/794/415
f 685/773/416 1282/794/415 684/771/414
f 638/776/418 1281/795/417 685/773/416
f 633/778/419 1277/777/420 1281/795/417
f 633/778/419 1281/795/417 638/776/418
f 634/779/421 1277/251/420 633/400/419
f 634/779/421 1243/780/422 1277/251/420
f 686/781/423 1242/796/424 1243/780/422
f 686/781/423 1243/780/422 634/779/421
f 635/773/425 1241/783/426 1242/796/424
f 635/773/425 1242/796/424 686/781/423
f 636/784/427 1240/797/428 687/798/429
f 636/784/427 687/798/429 1241/783/426
f 636/784/427 1241/783/426 635/773/425
f 637/787/430 691/777/431 1240/797/428
f 637/787/430 1240/797/428 636/784/427
f 688/778/432 691/777/431 637/787/430
f 689/771/433 691/251/431 688/400/432
f 689/771/433 694/799/434 691/251/431
f 632/773/435 692/800/436 693/801/437
f 632/773/435 693/801/437 694/799/434
f 632/773/435 694/799/434 689/771/433
f 690/776/438 1220/777/328 692/800/436
f 690/776/438 692/800/436 632/773/435
f 631/778/329 1220/777/328 690/776/438
f 698/802/439 696/803/439 695/251/439
f 698/802/439 699/804/439 696/803/439
f 702/805/20 699/803/20 698/251/20
f 702/805/20 697/806/20 699/803/20
f 700/251/10 697/807/10 702/808/10
f 700/251/10 701/803/10 697/807/10
f 695/251/2 701/809/2 700/810/2
f 695/251/2 696/803/2 701/809/2
f 695/730/355 702/700/355 698/712/355
f 695/730/355 700/716/355 702/700/355
f 658/771/440 703/251/332 646/400/331
f 658/771/440 1178/772/441 703/251/332
f 659/773/442 1177/774/443 704/775/444
f 659/773/442 704/775/444 1178/772/441
f 659/773/442 1178/772/441 658/771/440
f 660/776/445 1174/777/446 1177/774/443
f 660/776/445 1177/774/443 659/773/442
f 705/778/447 1174/777/446 660/776/445
f 706/811/448 1174/812/446 705/813/447
f 706/811/448 711/814/449 1174/812/446
f 707/815/450 710/816/451 711/814/449
f 707/815/450 711/814/449 706/811/448
f 708/817/452 709/818/453 710/816/451
f 708/817/452 710/816/451 707/815/450
f 657/819/454 1161/820/455 709/818/453
f 657/819/454 709/818/453 708/817/452
f 712/821/456 1152/822/457 1161/820/455
f 712/821/456 1161/820/455 657/819/454
f 712/400/456 715/788/458 1152/251/457
f 655/771/459 1145/823/460 715/788/458
f 655/771/459 715/788/458 712/400/456
f 713/773/461 1144/824/462 1145/823/460
f 713/773/461 1145/823/460 655/771/459
f 656/776/463 1144/824/462 713/773/461
f 714/778/464 1140/777/465 1144/824/462
f 714/778/464 1144/824/462 656/776/463
f 717/825/466 1140/244/465 714/768/464
f 717/825/466 716/826/467 1140/244/465
f 717/400/466 721/793/468 716/251/467
f 718/771/469 1130/794/470 721/793/468
f 718/771/469 721/793/468 717/400/466
f 719/773/471 720/795/472 1130/794/470
f 719/773/471 1130/794/470 718/771/469
f 654/776/473 720/795/472 719/773/471
f 652/778/474 1125/777/475 720/795/472
f 652/778/474 720/795/472 654/776/473
f 722/827/476 1125/828/475 652/829/474
f 722/827/476 728/830/477 1125/828/475
f 723/831/478 1106/832/479 728/830/477
f 723/831/478 728/830/477 722/827/476
f 724/833/480 1105/834/481 1106/832/479
f 724/833/480 1106/832/479 723/831/478
f 653/835/482 727/836/483 1105/834/481
f 653/835/482 1105/834/481 724/833/480
f 725/837/484 726/838/485 727/836/483
f 725/837/484 727/836/483 653/835/482
f 650/771/486 726/251/485 725/400/484
f 650/771/486 732/799/487 726/251/485
f 729/773/488 730/800/489 731/801/490
f 729/773/488 731/801/490 732/799/487
f 729/773/488 732/799/487 650/771/486
f 651/776/491 1090/777/492 730/800/489
f 651/776/491 730/800/489 729/773/488
f 649/778/493 1090/777/492 651/776/491
f 1075/839/494 1090/840/492 649/841/493
f 648/842/495 1075/839/494 649/841/493
f 1156/843/496 735/844/497 1155/845/498
f 737/846/499 738/847/500 1138/848/501
f 773/849/355 736/850/502 1157/851/503
f 774/852/355 1157/851/503 737/846/499
f 774/852/355 773/849/355 1157/851/503
f 775/853/355 737/846/499 1138/848/501
f 775/853/355 774/852/355 737/846/499
f 743/854/355 1156/843/496 736/850/502
f 743/854/355 736/850/502 773/849/355
f 776/855/355 775/853/355 1138/848/501
f 742/856/355 735/844/497 1156/843/496
f 742/856/355 1156/843/496 743/854/355
f 744/857/355 776/855/355 1138/848/501
f 741/858/355 735/844/497 742/856/355
f 777/859/355 744/857/355 1138/848/501
f 772/860/355 735/844/497 741/858/355
f 445/861/355 735/844/497 772/860/355
f 739/862/504 745/863/355 777/859/355
f 739/862/504 777/859/355 1138/848/501
f 746/864/355 745/863/355 739/862/504
f 778/865/355 746/864/355 739/862/504
f 734/866/505 757/867/355 444/868/355
f 734/866/505 445/861/355 757/867/355
f 734/866/505 735/844/497 445/861/355
f 1109/869/506 778/865/355 739/862/504
f 1109/869/506 739/862/504 740/870/507
f 779/871/355 778/865/355 1109/869/506
f 756/872/355 734/866/505 444/868/355
f 1110/873/508 779/871/355 1109/869/506
f 747/874/355 779/871/355 1110/873/508
f 755/875/355 734/866/505 756/872/355
f 1111/876/509 747/874/355 1110/873/508
f 780/877/355 747/874/355 1111/876/509
f 443/878/355 734/866/505 755/875/355
f 1112/879/510 780/877/355 1111/876/509
f 748/880/355 780/877/355 1112/879/510
f 442/881/355 734/866/505 443/878/355
f 441/882/355 734/866/505 442/881/355
f 733/883/511 1112/879/510 1096/884/512
f 733/883/511 748/880/355 1112/879/510
f 733/883/511 749/885/355 748/880/355
f 758/886/355 749/885/355 733/883/511
f 437/887/355 758/886/355 733/883/511
f 1095/888/513 438/889/355 437/887/355
f 1095/888/513 750/890/355 438/889/355
f 1095/888/513 439/891/355 750/890/355
f 1095/888/513 751/892/355 439/891/355
f 1095/888/513 440/893/355 751/892/355
f 1095/888/513 752/894/355 440/893/355
f 1095/888/513 753/895/355 752/894/355
f 1095/888/513 437/887/355 733/883/511
f 1095/888/513 734/866/505 754/896/355
f 754/896/355 734/866/505 441/882/355
f 1095/888/513 754/896/355 753/895/355
f 758/418/2 1000/399/199 1001/897/514
f 749/898/515 1001/897/514 759/899/516
f 749/898/515 758/418/2 1001/897/514
f 748/900/517 759/899/516 760/901/518
f 748/900/517 749/898/515 759/899/516
f 780/902/519 760/901/518 761/903/520
f 780/902/519 748/900/517 760/901/518
f 747/904/521 761/903/520 762/905/522
f 747/904/521 780/902/519 761/903/520
f 779/906/523 762/905/522 763/907/524
f 779/906/523 747/904/521 762/905/522
f 778/908/525 763/907/524 764/909/526
f 778/908/525 779/906/523 763/907/524
f 746/910/527 764/909/526 765/911/528
f 746/910/527 778/908/525 764/909/526
f 745/912/529 765/911/528 766/913/530
f 745/912/529 746/910/527 765/911/528
f 777/914/439 766/913/530 1002/915/531
f 777/914/439 745/912/529 766/913/530
f 744/916/532 777/914/439 1002/915/531
f 776/917/533 1002/915/531 767/918/534
f 776/917/533 767/918/534 768/919/535
f 776/917/533 744/916/532 1002/915/531
f 775/920/536 768/919/535 1003/921/537
f 775/920/536 776/917/533 768/919/535
f 774/922/538 775/920/536 1003/921/537
f 773/923/539 1003/921/537 769/924/540
f 773/923/539 774/922/538 1003/921/537
f 743/925/541 773/923/539 769/924/540
f 743/925/541 769/924/540 1004/926/542
f 743/925/541 1004/926/542 770/927/543
f 742/928/544 743/925/541 770/927/543
f 741/929/545 742/928/544 770/927/543
f 741/929/545 770/927/543 1005/930/546
f 772/931/20 741/929/545 1005/930/546
f 772/931/20 1005/930/546 771/932/285
f 832/933/355 793/934/547 1007/935/548
f 831/936/355 792/937/549 793/934/547
f 831/936/355 793/934/547 832/933/355
f 802/938/355 1007/935/548 794/939/550
f 802/938/355 832/933/355 1007/935/548
f 830/940/355 791/941/551 792/937/549
f 830/940/355 792/937/549 831/936/355
f 833/942/355 794/939/550 795/943/552
f 833/942/355 802/938/355 794/939/550
f 829/944/355 790/945/553 791/941/551
f 829/944/355 791/941/551 830/940/355
f 803/946/355 795/943/552 1008/947/554
f 803/946/355 833/942/355 795/943/552
f 801/948/355 790/945/553 829/944/355
f 801/948/355 789/949/291 790/945/553
f 804/950/355 803/946/355 1008/947/554
f 804/950/355 1008/947/554 796/951/555
f 800/952/355 788/953/292 789/949/291
f 800/952/355 789/949/291 801/948/355
f 834/954/355 804/950/355 796/951/555
f 834/954/355 796/951/555 797/955/556
f 816/956/355 788/953/292 800/952/355
f 249/957/282 788/953/292 816/956/355
f 805/958/355 834/954/355 797/955/556
f 805/958/355 797/955/556 798/959/557
f 815/960/355 249/957/282 816/956/355
f 787/961/277 249/957/282 815/960/355
f 835/962/355 805/958/355 798/959/557
f 835/962/355 798/959/557 1009/963/558
f 427/964/355 787/961/277 815/960/355
f 248/965/272 787/961/277 427/964/355
f 836/966/355 1009/963/558 799/967/559
f 836/966/355 835/962/355 1009/963/558
f 814/968/355 248/965/272 427/964/355
f 1010/969/560 836/966/355 799/967/559
f 1010/969/560 806/970/355 836/966/355
f 247/971/267 248/965/272 814/968/355
f 247/971/267 814/968/355 426/972/355
f 813/973/355 247/971/267 426/972/355
f 1011/974/561 837/975/355 806/970/355
f 1011/974/561 806/970/355 1010/969/560
f 246/976/258 247/971/267 813/973/355
f 812/977/355 246/976/258 813/973/355
f 1012/978/562 838/979/355 837/975/355
f 1012/978/562 837/975/355 1011/974/561
f 245/980/257 246/976/258 812/977/355
f 425/981/355 245/980/257 812/977/355
f 1013/982/563 838/979/355 1012/978/562
f 1013/982/563 839/983/355 838/979/355
f 786/984/252 425/981/355 811/985/355
f 786/984/252 245/980/257 425/981/355
f 785/986/247 811/985/355 424/987/355
f 785/986/247 786/984/252 811/985/355
f 240/988/206 807/989/355 839/983/355
f 240/988/206 839/983/355 1013/982/563
f 784/990/238 424/987/355 423/991/355
f 784/990/238 785/986/247 424/987/355
f 241/992/205 420/993/355 807/989/355
f 241/992/205 807/989/355 240/988/206
f 244/994/237 423/991/355 422/995/355
f 244/994/237 784/990/238 423/991/355
f 242/996/212 808/997/355 420/993/355
f 242/996/212 420/993/355 241/992/205
f 243/998/217 808/997/355 242/996/212
f 243/998/217 809/999/355 808/997/355
f 783/1000/232 244/994/237 422/995/355
f 783/1000/232 422/995/355 421/1001/355
f 781/1002/222 809/999/355 243/998/217
f 781/1002/222 810/1003/355 809/999/355
f 782/1004/223 783/1000/232 421/1001/355
f 782/1004/223 810/1003/355 781/1002/222
f 782/1004/223 421/1001/355 810/1003/355
f 807/398/2 325/399/199 909/897/514
f 839/1005/564 909/897/514 817/899/516
f 839/1005/564 807/398/2 909/897/514
f 838/1006/517 817/899/516 818/901/518
f 838/1006/517 839/1005/564 817/899/516
f 837/1007/519 818/901/518 819/903/520
f 837/1007/519 838/1006/517 818/901/518
f 806/1008/521 819/903/520 820/905/522
f 806/1008/521 837/1007/519 819/903/520
f 836/1009/523 820/905/522 821/907/524
f 836/1009/523 806/1008/521 820/905/522
f 835/1010/525 821/907/524 910/909/526
f 835/1010/525 836/1009/523 821/907/524
f 805/1011/527 910/909/526 911/911/528
f 805/1011/527 835/1010/525 910/909/526
f 834/1012/529 911/911/528 822/913/530
f 834/1012/529 805/1011/527 911/911/528
f 804/1013/439 834/1012/529 822/913/530
f 803/1014/532 822/913/530 823/915/531
f 803/1014/532 823/915/531 912/918/534
f 803/1014/532 804/1013/439 822/913/530
f 833/1015/533 803/1014/532 912/918/534
f 802/1016/536 912/918/534 913/919/535
f 802/1016/536 913/919/535 824/921/537
f 802/1016/536 833/1015/533 912/918/534
f 832/1017/538 802/1016/536 824/921/537
f 831/1018/539 824/921/537 825/924/540
f 831/1018/539 825/924/540 826/926/542
f 831/1018/539 832/1017/538 824/921/537
f 830/1019/541 831/1018/539 826/926/542
f 830/1019/541 826/926/542 827/927/543
f 829/1020/544 830/1019/541 827/927/543
f 801/1021/545 829/1020/544 827/927/543
f 801/1021/545 827/927/543 914/930/546
f 800/1022/20 801/1021/545 914/930/546
f 800/1022/20 914/930/546 828/932/285
f 310/1023/355 918/1024/548 852/1025/565
f 865/1026/355 851/1027/547 918/1024/548
f 865/1026/355 918/1024/548 310/1023/355
f 309/1028/355 852/1025/565 853/1029/552
f 309/1028/355 310/1023/355 852/1025/565
f 866/1030/355 851/1027/547 865/1026/355
f 866/1030/355 850/1031/549 851/1027/547
f 308/1032/355 309/1028/355 853/1029/552
f 308/1032/355 853/1029/552 854/1033/554
f 311/1034/355 850/1031/549 866/1030/355
f 311/1034/355 917/1035/551 850/1031/549
f 864/1036/355 854/1033/554 919/1037/555
f 864/1036/355 308/1032/355 854/1033/554
f 867/1038/355 917/1035/551 311/1034/355
f 867/1038/355 849/1039/553 917/1035/551
f 863/1040/355 864/1036/355 919/1037/555
f 863/1040/355 919/1037/555 920/1041/556
f 975/1042/355 326/1043/291 849/1039/553
f 975/1042/355 849/1039/553 867/1038/355
f 307/1044/355 863/1040/355 920/1041/556
f 307/1044/355 920/1041/556 921/1045/557
f 868/1046/355 334/1047/292 326/1043/291
f 868/1046/355 326/1043/291 975/1042/355
f 306/1048/355 307/1044/355 921/1045/557
f 306/1048/355 921/1045/557 922/1049/566
f 976/1050/355 333/1051/282 334/1047/292
f 976/1050/355 334/1047/292 868/1046/355
f 305/1052/355 306/1048/355 922/1049/566
f 869/1053/355 848/1054/277 333/1051/282
f 869/1053/355 333/1051/282 976/1050/355
f 855/1055/559 305/1052/355 922/1049/566
f 862/1056/355 305/1052/355 855/1055/559
f 870/1057/355 848/1054/277 869/1053/355
f 870/1057/355 332/1058/272 848/1054/277
f 861/1059/355 862/1056/355 855/1055/559
f 977/1060/355 332/1058/272 870/1057/355
f 856/1061/560 861/1059/355 855/1055/559
f 847/1062/267 332/1058/272 977/1060/355
f 860/1063/355 861/1059/355 856/1061/560
f 857/1064/561 304/1065/355 860/1063/355
f 857/1064/561 860/1063/355 856/1061/560
f 846/1066/321 847/1062/267 977/1060/355
f 846/1066/321 977/1060/355 978/1067/355
f 923/1068/562 859/1069/355 304/1065/355
f 923/1068/562 304/1065/355 857/1064/561
f 331/1070/257 978/1067/355 979/1071/355
f 331/1070/257 846/1066/321 978/1067/355
f 858/1072/563 303/1073/355 859/1069/355
f 858/1072/563 859/1069/355 923/1068/562
f 845/1074/252 979/1071/355 980/1075/355
f 845/1074/252 331/1070/257 979/1071/355
f 916/1076/206 986/1077/355 303/1073/355
f 916/1076/206 303/1073/355 858/1072/563
f 844/1078/247 980/1075/355 871/1079/355
f 844/1078/247 845/1074/252 980/1075/355
f 840/1080/205 985/1081/355 986/1077/355
f 840/1080/205 986/1077/355 916/1076/206
f 330/1082/238 871/1079/355 872/1083/355
f 330/1082/238 844/1078/247 871/1079/355
f 841/1084/212 985/1081/355 840/1080/205
f 841/1084/212 984/1085/355 985/1081/355
f 329/1086/237 872/1083/355 981/1087/355
f 329/1086/237 330/1082/238 872/1083/355
f 327/1088/314 984/1085/355 841/1084/212
f 327/1088/314 873/1089/355 984/1085/355
f 328/1090/316 981/1087/355 982/1091/355
f 328/1090/316 329/1086/237 981/1087/355
f 842/1092/222 873/1089/355 327/1088/314
f 842/1092/222 983/1093/355 873/1089/355
f 843/1094/223 983/1093/355 842/1092/222
f 843/1094/223 328/1090/316 982/1091/355
f 843/1094/223 982/1091/355 983/1093/355
f 987/1095/567 881/251/20 874/1096/20
f 987/1095/567 890/252/567 881/251/20
f 988/1097/544 882/259/544 890/252/567
f 988/1097/544 890/252/567 987/1095/567
f 875/1098/541 883/263/541 882/259/544
f 875/1098/541 882/259/544 988/1097/544
f 876/1099/539 891/267/539 883/263/541
f 876/1099/539 883/263/541 875/1098/541
f 877/1100/538 884/271/538 891/267/539
f 877/1100/538 891/267/539 876/1099/539
f 989/1101/536 885/275/536 884/271/538
f 989/1101/536 884/271/538 877/1100/538
f 990/1102/533 886/279/533 885/275/536
f 990/1102/533 892/283/532 886/279/533
f 990/1102/533 885/275/536 989/1101/536
f 991/1103/532 892/283/532 990/1102/533
f 992/1104/439 887/287/439 892/283/532
f 992/1104/439 892/283/532 991/1103/532
f 993/1105/529 893/291/529 887/287/439
f 993/1105/529 894/295/527 893/291/529
f 993/1105/529 887/287/439 992/1104/439
f 878/1106/527 894/295/527 993/1105/529
f 879/1107/525 895/299/525 894/295/527
f 879/1107/525 894/295/527 878/1106/527
f 880/1108/523 896/303/523 895/299/525
f 880/1108/523 895/299/525 879/1107/525
f 994/1109/521 888/307/521 896/303/523
f 994/1109/521 889/311/519 888/307/521
f 994/1109/521 896/303/523 880/1108/523
f 995/1110/519 889/311/519 994/1109/521
f 996/1111/517 889/311/519 995/1110/519
f 996/1111/517 897/315/517 889/311/519
f 996/1111/517 898/319/564 897/315/517
f 997/1112/564 898/319/564 996/1111/517
f 998/344/2 898/319/564 997/1112/564
f 998/344/2 397/168/2 898/319/564
f 398/1113/355 900/1114/355 399/1115/355
f 896/1116/355 888/1117/355 889/1118/355
f 896/1116/355 889/1118/355 897/1119/355
f 904/1120/355 406/1121/355 903/1122/355
f 905/1123/355 402/1124/355 403/1125/355
f 905/1123/355 403/1125/355 404/1126/355
f 905/1123/355 404/1126/355 405/1127/355
f 905/1123/355 405/1127/355 406/1121/355
f 905/1123/355 406/1121/355 904/1120/355
f 894/1128/355 895/1129/355 896/1116/355
f 887/400/355 893/1130/355 894/1128/355
f 881/777/355 905/1123/355 407/1131/355
f 886/1132/355 892/1133/355 887/400/355
f 882/1134/355 881/777/355 890/1135/355
f 884/1136/355 882/1134/355 883/1137/355
f 884/1136/355 883/1137/355 891/1138/355
f 884/1136/355 885/1139/355 886/1132/355
f 884/1136/355 897/1119/355 898/1140/355
f 884/1136/355 898/1140/355 397/1141/355
f 884/1136/355 397/1141/355 899/1142/355
f 884/1136/355 899/1142/355 398/1113/355
f 884/1136/355 399/1115/355 400/1143/355
f 884/1136/355 400/1143/355 401/1144/355
f 884/1136/355 401/1144/355 901/1145/355
f 884/1136/355 901/1145/355 902/1146/355
f 884/1136/355 902/1146/355 402/1124/355
f 884/1136/355 398/1113/355 399/1115/355
f 884/1136/355 905/1123/355 881/777/355
f 884/1136/355 402/1124/355 905/1123/355
f 884/1136/355 881/777/355 882/1134/355
f 884/1136/355 896/1116/355 897/1119/355
f 884/1136/355 894/1128/355 896/1116/355
f 884/1136/355 887/400/355 894/1128/355
f 884/1136/355 886/1132/355 887/400/355
f 335/1147/201 909/200/514 325/203/199
f 916/120/206 858/1148/563 336/1149/207
f 924/1150/568 906/320/286 828/168/285
f 924/1150/568 828/168/285 914/170/546
f 925/1151/569 907/322/288 906/320/286
f 925/1151/569 906/320/286 924/1150/568
f 926/1152/570 907/322/288 925/1151/569
f 926/1152/570 908/324/290 907/322/288
f 926/1152/570 326/109/291 908/324/290
f 926/1152/570 849/1153/553 326/109/291
f 927/1154/571 924/1150/568 914/170/546
f 927/1154/571 914/170/546 827/172/543
f 928/1155/572 924/1150/568 927/1154/571
f 928/1155/572 925/1151/569 924/1150/568
f 929/1156/573 925/1151/569 928/1155/572
f 929/1156/573 917/1157/551 849/1153/553
f 929/1156/573 849/1153/553 926/1152/570
f 929/1156/573 926/1152/570 925/1151/569
f 930/1158/574 827/172/543 826/173/542
f 930/1158/574 927/1154/571 827/172/543
f 931/1159/575 927/1154/571 930/1158/574
f 931/1159/575 928/1155/572 927/1154/571
f 932/1160/576 929/1156/573 928/1155/572
f 932/1160/576 917/1157/551 929/1156/573
f 932/1160/576 850/1161/549 917/1157/551
f 932/1160/576 928/1155/572 931/1159/575
f 933/1162/577 826/173/542 825/176/540
f 933/1162/577 930/1158/574 826/173/542
f 934/1163/578 931/1159/575 930/1158/574
f 934/1163/578 930/1158/574 933/1162/577
f 935/1164/579 851/1165/547 850/1161/549
f 935/1164/579 932/1160/576 931/1159/575
f 935/1164/579 850/1161/549 932/1160/576
f 935/1164/579 931/1159/575 934/1163/578
f 936/1166/580 825/176/540 824/178/537
f 936/1166/580 934/1163/578 933/1162/577
f 936/1166/580 933/1162/577 825/176/540
f 937/1167/581 934/1163/578 936/1166/580
f 938/1168/582 918/1169/548 851/1165/547
f 938/1168/582 935/1164/579 934/1163/578
f 938/1168/582 851/1165/547 935/1164/579
f 938/1168/582 934/1163/578 937/1167/581
f 939/1170/583 824/178/537 913/180/535
f 939/1170/583 937/1167/581 936/1166/580
f 939/1170/583 936/1166/580 824/178/537
f 940/1171/584 937/1167/581 939/1170/583
f 941/1172/585 852/1173/565 918/1169/548
f 941/1172/585 938/1168/582 937/1167/581
f 941/1172/585 937/1167/581 940/1171/584
f 941/1172/585 918/1169/548 938/1168/582
f 942/1174/586 913/180/535 912/182/534
f 942/1174/586 939/1170/583 913/180/535
f 943/1175/587 939/1170/583 942/1174/586
f 943/1175/587 940/1171/584 939/1170/583
f 944/1176/588 853/1177/552 852/1173/565
f 944/1176/588 941/1172/585 940/1171/584
f 944/1176/588 940/1171/584 943/1175/587
f 944/1176/588 852/1173/565 941/1172/585
f 945/1178/589 912/182/534 823/184/531
f 945/1178/589 942/1174/586 912/182/534
f 945/1178/589 943/1175/587 942/1174/586
f 946/1179/590 943/1175/587 945/1178/589
f 947/1180/591 854/1181/554 853/1177/552
f 947/1180/591 853/1177/552 944/1176/588
f 947/1180/591 944/1176/588 943/1175/587
f 947/1180/591 943/1175/587 946/1179/590
f 948/1182/592 823/184/531 822/156/530
f 948/1182/592 945/1178/589 823/184/531
f 949/1183/593 946/1179/590 945/1178/589
f 949/1183/593 945/1178/589 948/1182/592
f 950/1184/594 919/1185/555 854/1181/554
f 950/1184/594 947/1180/591 946/1179/590
f 950/1184/594 854/1181/554 947/1180/591
f 950/1184/594 946/1179/590 949/1183/593
f 951/1186/595 822/156/530 911/186/528
f 951/1186/595 948/1182/592 822/156/530
f 952/1187/596 949/1183/593 948/1182/592
f 952/1187/596 950/1184/594 949/1183/593
f 952/1187/596 948/1182/592 951/1186/595
f 953/1188/597 920/1189/556 919/1185/555
f 953/1188/597 919/1185/555 950/1184/594
f 953/1188/597 950/1184/594 952/1187/596
f 954/1190/598 911/186/528 910/189/526
f 954/1190/598 951/1186/595 911/186/528
f 955/1191/599 952/1187/596 951/1186/595
f 955/1191/599 953/1188/597 952/1187/596
f 955/1191/599 951/1186/595 954/1190/598
f 956/1192/600 921/1193/557 920/1189/556
f 956/1192/600 920/1189/556 953/1188/597
f 956/1192/600 953/1188/597 955/1191/599
f 957/1194/601 910/189/526 821/190/524
f 957/1194/601 954/1190/598 910/189/526
f 958/1195/602 955/1191/599 954/1190/598
f 958/1195/602 956/1192/600 955/1191/599
f 958/1195/602 954/1190/598 957/1194/601
f 959/1196/603 921/1193/557 956/1192/600
f 959/1196/603 922/1197/566 921/1193/557
f 959/1196/603 855/1198/559 922/1197/566
f 959/1196/603 956/1192/600 958/1195/602
f 960/1199/604 821/190/524 820/193/522
f 960/1199/604 957/1194/601 821/190/524
f 961/1200/605 958/1195/602 957/1194/601
f 961/1200/605 957/1194/601 960/1199/604
f 962/1201/606 855/1198/559 959/1196/603
f 962/1201/606 959/1196/603 958/1195/602
f 962/1201/606 958/1195/602 961/1200/605
f 963/1202/607 820/193/522 819/195/520
f 963/1202/607 960/1199/604 820/193/522
f 964/1203/608 962/1201/606 961/1200/605
f 964/1203/608 961/1200/605 960/1199/604
f 964/1203/608 960/1199/604 963/1202/607
f 965/1204/609 962/1201/606 964/1203/608
f 965/1204/609 855/1198/559 962/1201/606
f 965/1204/609 856/1205/560 855/1198/559
f 966/1206/610 819/195/520 818/196/518
f 966/1206/610 963/1202/607 819/195/520
f 967/1207/611 963/1202/607 966/1206/610
f 967/1207/611 964/1203/608 963/1202/607
f 967/1207/611 965/1204/609 964/1203/608
f 968/1208/612 856/1205/560 965/1204/609
f 968/1208/612 965/1204/609 967/1207/611
f 968/1208/612 857/1209/561 856/1205/560
f 968/1208/612 923/1210/562 857/1209/561
f 969/1211/613 966/1206/610 818/196/518
f 969/1211/613 818/196/518 817/199/516
f 969/1211/613 967/1207/611 966/1206/610
f 970/1212/614 968/1208/612 967/1207/611
f 970/1212/614 967/1207/611 969/1211/613
f 971/1213/615 923/1210/562 968/1208/612
f 971/1213/615 968/1208/612 970/1212/614
f 971/1213/615 858/1148/563 923/1210/562
f 972/1214/616 969/1211/613 817/199/516
f 972/1214/616 817/199/516 909/200/514
f 972/1214/616 909/200/514 335/1147/201
f 973/1215/617 970/1212/614 969/1211/613
f 973/1215/617 969/1211/613 972/1214/616
f 973/1215/617 335/1147/201 915/1216/203
f 973/1215/617 972/1214/616 335/1147/201
f 974/1217/618 915/1216/203 336/1149/207
f 974/1217/618 971/1213/615 970/1212/614
f 974/1217/618 858/1148/563 971/1213/615
f 974/1217/618 973/1215/617 915/1216/203
f 974/1217/618 970/1212/614 973/1215/617
f 974/1217/618 336/1149/207 858/1148/563
f 303/1218/313 987/252/619 874/251/313
f 986/1219/619 988/259/620 987/252/619
f 986/1219/619 987/252/619 303/1218/313
f 985/1220/620 875/263/621 988/259/620
f 985/1220/620 988/259/620 986/1219/619
f 984/1221/621 876/267/622 875/263/621
f 984/1221/621 875/263/621 985/1220/620
f 873/1222/622 877/271/623 876/267/622
f 873/1222/622 876/267/622 984/1221/621
f 983/1223/623 989/275/624 877/271/623
f 983/1223/623 877/271/623 873/1222/622
f 982/1224/624 990/279/625 989/275/624
f 982/1224/624 989/275/624 983/1223/623
f 981/1225/625 991/283/626 990/279/625
f 981/1225/625 990/279/625 982/1224/624
f 872/1226/626 992/287/627 991/283/626
f 872/1226/626 991/283/626 981/1225/625
f 871/1227/627 993/291/628 992/287/627
f 871/1227/627 992/287/627 872/1226/626
f 980/1228/628 878/295/629 993/291/628
f 980/1228/628 993/291/628 871/1227/627
f 979/1229/629 878/295/629 980/1228/628
f 978/1230/630 879/299/630 878/295/629
f 978/1230/630 880/303/631 879/299/630
f 978/1230/630 878/295/629 979/1229/629
f 977/1231/631 994/307/632 880/303/631
f 977/1231/631 880/303/631 978/1230/630
f 870/1232/632 994/307/632 977/1231/631
f 869/1233/633 994/307/632 870/1232/632
f 869/1233/633 995/311/633 994/307/632
f 869/1233/633 996/315/634 995/311/633
f 976/1234/635 996/315/634 869/1233/633
f 868/1235/636 996/315/634 976/1234/635
f 868/1235/636 997/319/636 996/315/634
f 975/325/293 997/319/636 868/1235/636
f 975/325/293 998/168/293 997/319/636
f 250/1147/201 1001/200/514 1000/203/199
f 1014/1150/568 238/320/286 771/168/285
f 1014/1150/568 771/168/285 1005/170/546
f 1015/1151/569 999/322/288 238/320/286
f 1015/1151/569 238/320/286 1014/1150/568
f 1016/1152/570 999/322/288 1015/1151/569
f 1016/1152/570 239/324/290 999/322/288
f 1016/1152/570 789/109/291 239/324/290
f 1016/1152/570 790/1153/553 789/109/291
f 1017/1154/571 1014/1150/568 1005/170/546
f 1017/1154/571 1005/170/546 770/172/543
f 1018/1155/572 1014/1150/568 1017/1154/571
f 1018/1155/572 1015/1151/569 1014/1150/568
f 1019/1156/573 1015/1151/569 1018/1155/572
f 1019/1156/573 791/1157/551 790/1153/553
f 1019/1156/573 790/1153/553 1016/1152/570
f 1019/1156/573 1016/1152/570 1015/1151/569
f 1020/1158/574 770/172/543 1004/173/542
f 1020/1158/574 1017/1154/571 770/172/543
f 1021/1159/575 1017/1154/571 1020/1158/574
f 1021/1159/575 1018/1155/572 1017/1154/571
f 1022/1160/576 1019/1156/573 1018/1155/572
f 1022/1160/576 791/1157/551 1019/1156/573
f 1022/1160/576 792/1161/549 791/1157/551
f 1022/1160/576 793/1165/547 792/1161/549
f 1022/1160/576 1018/1155/572 1021/1159/575
f 1023/1162/577 1004/173/542 769/176/540
f 1023/1162/577 1020/1158/574 1004/173/542
f 1024/1163/578 1021/1159/575 1020/1158/574
f 1024/1163/578 1020/1158/574 1023/1162/577
f 1025/1164/579 1021/1159/575 1024/1163/578
f 1025/1164/579 793/1165/547 1022/1160/576
f 1025/1164/579 1022/1160/576 1021/1159/575
f 1026/1166/580 769/176/540 1003/178/537
f 1026/1166/580 1023/1162/577 769/176/540
f 1027/1167/581 1023/1162/577 1026/1166/580
f 1027/1167/581 1024/1163/578 1023/1162/577
f 1028/1168/582 1007/1169/548 793/1165/547
f 1028/1168/582 793/1165/547 1025/1164/579
f 1028/1168/582 1025/1164/579 1024/1163/578
f 1028/1168/582 1024/1163/578 1027/1167/581
f 1029/1170/583 1003/178/537 768/180/535
f 1029/1170/583 1026/1166/580 1003/178/537
f 1030/1171/584 1027/1167/581 1026/1166/580
f 1030/1171/584 1028/1168/582 1027/1167/581
f 1030/1171/584 1026/1166/580 1029/1170/583
f 1031/1172/585 794/1173/550 1007/1169/548
f 1031/1172/585 795/1177/552 794/1173/550
f 1031/1172/585 1028/1168/582 1030/1171/584
f 1031/1172/585 1007/1169/548 1028/1168/582
f 1032/1174/586 1029/1170/583 768/180/535
f 1032/1174/586 768/180/535 767/182/534
f 1033/1175/587 1030/1171/584 1029/1170/583
f 1033/1175/587 1029/1170/583 1032/1174/586
f 1034/1176/588 795/1177/552 1031/1172/585
f 1034/1176/588 1031/1172/585 1030/1171/584
f 1034/1176/588 1030/1171/584 1033/1175/587
f 1035/1178/589 767/182/534 1002/184/531
f 1035/1178/589 1032/1174/586 767/182/534
f 1036/1179/590 1033/1175/587 1032/1174/586
f 1036/1179/590 1032/1174/586 1035/1178/589
f 1037/1180/591 1008/1181/554 795/1177/552
f 1037/1180/591 1033/1175/587 1036/1179/590
f 1037/1180/591 795/1177/552 1034/1176/588
f 1037/1180/591 1034/1176/588 1033/1175/587
f 1038/1182/592 1002/184/531 766/156/530
f 1038/1182/592 1035/1178/589 1002/184/531
f 1038/1182/592 1036/1179/590 1035/1178/589
f 1039/1183/593 1036/1179/590 1038/1182/592
f 1040/1184/594 796/1185/555 1008/1181/554
f 1040/1184/594 1037/1180/591 1036/1179/590
f 1040/1184/594 1036/1179/590 1039/1183/593
f 1040/1184/594 1008/1181/554 1037/1180/591
f 1041/1186/595 766/156/530 765/186/528
f 1041/1186/595 1038/1182/592 766/156/530
f 1042/1187/596 1039/1183/593 1038/1182/592
f 1042/1187/596 1038/1182/592 1041/1186/595
f 1043/1188/597 797/1189/556 796/1185/555
f 1043/1188/597 796/1185/555 1040/1184/594
f 1043/1188/597 1040/1184/594 1039/1183/593
f 1043/1188/597 1039/1183/593 1042/1187/596
f 1044/1190/598 765/186/528 764/189/526
f 1044/1190/598 1041/1186/595 765/186/528
f 1044/1190/598 1042/1187/596 1041/1186/595
f 1045/1191/599 1042/1187/596 1044/1190/598
f 1046/1192/600 798/1193/557 797/1189/556
f 1046/1192/600 1009/1197/558 798/1193/557
f 1046/1192/600 1043/1188/597 1042/1187/596
f 1046/1192/600 1042/1187/596 1045/1191/599
f 1046/1192/600 797/1189/556 1043/1188/597
f 1047/1194/601 764/189/526 763/190/524
f 1047/1194/601 1044/1190/598 764/189/526
f 1048/1195/602 1046/1192/600 1045/1191/599
f 1048/1195/602 1045/1191/599 1044/1190/598
f 1048/1195/602 1044/1190/598 1047/1194/601
f 1049/1196/603 1009/1197/558 1046/1192/600
f 1049/1196/603 1046/1192/600 1048/1195/602
f 1050/1199/604 763/190/524 762/193/522
f 1050/1199/604 1047/1194/601 763/190/524
f 1051/1200/605 1048/1195/602 1047/1194/601
f 1051/1200/605 1047/1194/601 1050/1199/604
f 1052/1201/606 799/1198/559 1009/1197/558
f 1052/1201/606 1049/1196/603 1048/1195/602
f 1052/1201/606 1009/1197/558 1049/1196/603
f 1052/1201/606 1048/1195/602 1051/1200/605
f 1053/1202/607 1050/1199/604 762/193/522
f 1053/1202/607 762/193/522 761/195/520
f 1054/1203/637 1050/1199/604 1053/1202/607
f 1054/1203/637 1051/1200/605 1050/1199/604
f 1055/1204/609 1051/1200/605 1054/1203/637
f 1055/1204/609 1010/1205/560 799/1198/559
f 1055/1204/609 799/1198/559 1052/1201/606
f 1055/1204/609 1052/1201/606 1051/1200/605
f 1056/1206/610 761/195/520 760/196/518
f 1056/1206/610 1053/1202/607 761/195/520
f 1056/1206/610 1054/1203/637 1053/1202/607
f 1057/1207/611 1054/1203/637 1056/1206/610
f 1058/1208/612 1054/1203/637 1057/1207/611
f 1058/1208/612 1010/1205/560 1055/1204/609
f 1058/1208/612 1055/1204/609 1054/1203/637
f 1058/1208/612 1011/1209/561 1010/1205/560
f 1059/1211/613 760/196/518 759/199/516
f 1059/1211/613 1056/1206/610 760/196/518
f 1060/1212/614 1057/1207/611 1056/1206/610
f 1060/1212/614 1056/1206/610 1059/1211/613
f 1061/1213/615 1058/1208/612 1057/1207/611
f 1061/1213/615 1011/1209/561 1058/1208/612
f 1061/1213/615 1057/1207/611 1060/1212/614
f 1061/1213/615 1012/1210/562 1011/1209/561
f 1062/1214/616 759/199/516 1001/200/514
f 1062/1214/616 1059/1211/613 759/199/516
f 1062/1214/616 1060/1212/614 1059/1211/613
f 1062/1214/616 1001/200/514 250/1147/201
f 1063/1215/617 250/1147/201 251/1216/203
f 1063/1215/617 1062/1214/616 250/1147/201
f 1063/1215/617 251/1216/203 1006/1149/207
f 1063/1215/617 1060/1212/614 1062/1214/616
f 1064/1217/618 1060/1212/614 1063/1215/617
f 1064/1217/618 1061/1213/615 1060/1212/614
f 1064/1217/618 1006/1149/207 240/120/206
f 1064/1217/618 1012/1210/562 1061/1213/615
f 1064/1217/618 1063/1215/617 1006/1149/207
f 1064/1217/618 1013/1148/563 1012/1210/562
f 1064/1217/618 240/120/206 1013/1148/563
f 1066/1236/638 1068/1237/639 1067/1238/640
f 1065/1239/641 1068/1237/639 1066/1236/638
f 1204/1240/642 1066/1241/642 647/1242/642
f 1066/1241/642 1067/1243/642 647/1242/642
f 734/1244/505 1095/1245/513 1077/1246/643
f 1069/1247/644 1077/1246/643 1070/1248/645
f 1069/1247/644 734/1244/505 1077/1246/643
f 1190/1249/646 1070/1248/645 1068/1250/639
f 1190/1249/646 1069/1247/644 1070/1248/645
f 1065/1251/641 1190/1249/646 1068/1250/639
f 1207/1252/647 626/1253/361 1071/1254/648
f 625/1255/358 626/1253/361 1207/1252/647
f 1208/400/338 1071/777/648 1361/251/344
f 1207/778/647 1071/777/648 1208/400/338
f 1072/1256/649 1075/1257/494 648/1258/495
f 1072/1256/649 648/1258/495 1074/1259/650
f 1073/1260/651 1074/1259/650 647/1261/652
f 1073/1260/651 1072/1256/649 1074/1259/650
f 1076/1262/653 647/1261/652 1067/1263/640
f 1076/1262/653 1073/1260/651 647/1261/652
f 1068/1264/639 1076/1262/653 1067/1263/640
f 1094/1265/654 1072/1266/649 1073/1267/651
f 1075/287/494 1072/1266/649 1094/1265/654
f 1080/1268/655 1070/1269/645 1077/1270/643
f 1080/1268/655 1068/1271/639 1070/1269/645
f 1081/1272/656 1077/1270/643 1095/1273/513
f 1081/1272/656 1080/1268/655 1077/1270/643
f 1081/1272/656 1068/1271/639 1080/1268/655
f 1082/1274/657 1081/1272/656 1095/1273/513
f 1083/1275/658 1082/1274/657 1095/1273/513
f 1084/1276/659 1095/1277/513 1079/1278/660
f 1084/1276/659 1083/1275/658 1095/1277/513
f 1085/1279/661 1076/1280/653 1068/1271/639
f 1085/1279/661 1068/1271/639 1081/1272/656
f 1085/1279/661 1082/1274/657 1083/1275/658
f 1085/1279/661 1081/1272/656 1082/1274/657
f 1086/1281/662 1083/1275/658 1084/1276/659
f 1086/1281/662 1076/1280/653 1085/1279/661
f 1086/1281/662 1085/1279/661 1083/1275/658
f 1087/1282/663 1079/1278/660 1078/1283/664
f 1087/1282/663 1084/1276/659 1079/1278/660
f 1087/1282/663 1086/1281/662 1084/1276/659
f 1088/1284/665 1073/1267/651 1076/1280/653
f 1088/1284/665 1076/1280/653 1086/1281/662
f 1088/1284/665 1086/1281/662 1087/1282/663
f 1089/1285/666 1078/1283/664 1094/1265/654
f 1089/1285/666 1087/1282/663 1078/1283/664
f 1089/1285/666 1094/1265/654 1073/1267/651
f 1089/1285/666 1073/1267/651 1088/1284/665
f 1089/1285/666 1088/1284/665 1087/1282/663
f 1091/1286/667 1090/1287/492 1075/1288/494
f 1091/1286/667 1075/1288/494 1094/1289/654
f 1092/1290/668 1094/1289/654 1078/1291/664
f 1092/1290/668 1091/1286/667 1094/1289/654
f 1093/1292/669 1078/1291/664 1079/1293/660
f 1093/1292/669 1092/1290/668 1078/1291/664
f 733/1294/511 1079/1293/660 1095/1295/513
f 733/1294/511 1093/1292/669 1079/1293/660
f 1098/1296/670 1092/1297/668 1093/1298/669
f 1098/1296/670 1093/1298/669 733/251/511
f 1098/1296/670 733/251/511 1096/1299/512
f 1098/1296/670 1108/1300/671 1107/1301/672
f 1098/1296/670 1096/1299/512 1108/1300/671
f 1099/1302/673 1092/1297/668 1098/1296/670
f 1099/1302/673 1098/1296/670 1107/1301/672
f 1100/1303/674 1091/1304/667 1092/1297/668
f 1100/1303/674 1092/1297/668 1099/1302/673
f 1101/1305/675 1090/400/492 1091/1304/667
f 1101/1305/675 730/1306/489 1090/400/492
f 1101/1305/675 731/1307/490 730/1306/489
f 1101/1305/675 1100/1303/674 731/1307/490
f 1101/1305/675 1091/1304/667 1100/1303/674
f 1102/1308/676 1107/1301/672 1097/1309/677
f 1102/1308/676 1099/1302/673 1107/1301/672
f 1102/1308/676 1100/1303/674 1099/1302/673
f 1102/1308/676 731/1307/490 1100/1303/674
f 1103/1310/678 1097/1309/677 726/1311/485
f 1103/1310/678 732/1312/487 731/1307/490
f 1103/1310/678 726/1311/485 732/1312/487
f 1103/1310/678 731/1307/490 1102/1308/676
f 1103/1310/678 1102/1308/676 1097/1309/677
f 1112/1313/510 1108/1314/671 1096/1315/512
f 1125/1316/475 728/1317/477 1104/1318/679
f 1113/1319/680 1107/1320/672 1108/1314/671
f 1113/1319/680 1108/1314/671 1112/1313/510
f 1114/1321/681 1097/1322/677 1107/1320/672
f 1114/1321/681 1107/1320/672 1113/1319/680
f 1115/1323/682 727/1324/483 726/1325/485
f 1115/1323/682 726/1325/485 1097/1322/677
f 1115/1323/682 1097/1322/677 1114/1321/681
f 1116/1326/683 1112/1313/510 1111/1327/509
f 1116/1326/683 1113/1319/680 1112/1313/510
f 1117/1328/684 1113/1319/680 1116/1326/683
f 1117/1328/684 1114/1321/681 1113/1319/680
f 1118/1329/685 1105/1330/481 727/1324/483
f 1118/1329/685 1115/1323/682 1114/1321/681
f 1118/1329/685 727/1324/483 1115/1323/682
f 1118/1329/685 1114/1321/681 1117/1328/684
f 1119/1331/686 1111/1327/509 1110/1332/508
f 1119/1331/686 1116/1326/683 1111/1327/509
f 1120/1333/687 1116/1326/683 1119/1331/686
f 1120/1333/687 1117/1328/684 1116/1326/683
f 1121/1334/688 1106/1335/479 1105/1330/481
f 1121/1334/688 1105/1330/481 1118/1329/685
f 1121/1334/688 1117/1328/684 1120/1333/687
f 1121/1334/688 1118/1329/685 1117/1328/684
f 1122/1336/689 740/1337/507 1127/1338/690
f 1122/1336/689 1109/1339/506 740/1337/507
f 1122/1336/689 1110/1332/508 1109/1339/506
f 1122/1336/689 1119/1331/686 1110/1332/508
f 1123/1340/691 1127/1338/690 1126/1341/692
f 1123/1340/691 1120/1333/687 1119/1331/686
f 1123/1340/691 1122/1336/689 1127/1338/690
f 1123/1340/691 1119/1331/686 1122/1336/689
f 1123/1340/691 1121/1334/688 1120/1333/687
f 1124/1342/693 1126/1341/692 1104/1318/679
f 1124/1342/693 728/1317/477 1106/1335/479
f 1124/1342/693 1106/1335/479 1121/1334/688
f 1124/1342/693 1104/1318/679 728/1317/477
f 1124/1342/693 1123/1340/691 1126/1341/692
f 1124/1342/693 1121/1334/688 1123/1340/691
f 1131/1343/694 1126/1344/692 1127/1345/690
f 1131/1343/694 1127/1345/690 740/251/507
f 1131/1343/694 740/251/507 739/1346/504
f 1131/1343/694 1129/1347/695 1137/1348/696
f 1131/1343/694 739/1346/504 1129/1347/695
f 1132/1349/697 1126/1344/692 1131/1343/694
f 1132/1349/697 1131/1343/694 1137/1348/696
f 1133/1350/698 1104/1351/679 1126/1344/692
f 1133/1350/698 1126/1344/692 1132/1349/697
f 1134/1352/699 1125/400/475 1104/1351/679
f 1134/1352/699 720/1353/472 1125/400/475
f 1134/1352/699 1130/1354/470 720/1353/472
f 1134/1352/699 1133/1350/698 1130/1354/470
f 1134/1352/699 1104/1351/679 1133/1350/698
f 1135/1355/700 1137/1348/696 1128/1356/701
f 1135/1355/700 1132/1349/697 1137/1348/696
f 1135/1355/700 1133/1350/698 1132/1349/697
f 1135/1355/700 1130/1354/470 1133/1350/698
f 1136/1357/702 1128/1356/701 716/1358/467
f 1136/1357/702 721/1359/468 1130/1354/470
f 1136/1357/702 716/1358/467 721/1359/468
f 1136/1357/702 1130/1354/470 1135/1355/700
f 1136/1357/702 1135/1355/700 1128/1356/701
f 1140/1360/465 716/1361/467 1128/1362/701
f 1139/1363/703 1128/1362/701 1137/1364/696
f 1139/1363/703 1140/1360/465 1128/1362/701
f 1141/1365/704 1137/1364/696 1129/1366/695
f 1141/1365/704 1139/1363/703 1137/1364/696
f 1142/1367/705 1129/1366/695 739/1368/504
f 1142/1367/705 1141/1365/704 1129/1366/695
f 1138/1369/501 1142/1367/705 739/1368/504
f 1146/1343/706 1141/1344/704 1142/1345/705
f 1146/1343/706 1142/1345/705 1138/251/501
f 1146/1343/706 1138/251/501 738/1346/500
f 1146/1343/706 1154/1347/707 1153/1348/708
f 1146/1343/706 738/1346/500 1154/1347/707
f 1147/1349/709 1141/1344/704 1146/1343/706
f 1147/1349/709 1146/1343/706 1153/1348/708
f 1148/1350/710 1139/1351/703 1141/1344/704
f 1148/1350/710 1141/1344/704 1147/1349/709
f 1149/1352/711 1140/400/465 1139/1351/703
f 1149/1352/711 1144/1353/462 1140/400/465
f 1149/1352/711 1145/1354/460 1144/1353/462
f 1149/1352/711 1148/1350/710 1145/1354/460
f 1149/1352/711 1139/1351/703 1148/1350/710
f 1150/1355/712 1153/1348/708 1143/1356/713
f 1150/1355/712 1147/1349/709 1153/1348/708
f 1150/1355/712 1148/1350/710 1147/1349/709
f 1150/1355/712 1145/1354/460 1148/1350/710
f 1151/1357/714 1143/1356/713 1152/1358/457
f 1151/1357/714 715/1359/458 1145/1354/460
f 1151/1357/714 1152/1358/457 715/1359/458
f 1151/1357/714 1145/1354/460 1150/1355/712
f 1151/1357/714 1150/1355/712 1143/1356/713
f 1161/1370/455 1152/1371/457 1143/1372/713
f 1160/1373/715 1156/1374/496 1155/1375/498
f 1162/1376/716 1154/1377/707 738/1378/500
f 1162/1376/716 738/1378/500 737/1379/499
f 1163/1380/717 1153/1381/708 1154/1377/707
f 1163/1380/717 1154/1377/707 1162/1376/716
f 1164/1382/718 1143/1372/713 1153/1381/708
f 1164/1382/718 1161/1370/455 1143/1372/713
f 1164/1382/718 1153/1381/708 1163/1380/717
f 1165/1383/719 737/1379/499 1157/1384/503
f 1165/1383/719 1162/1376/716 737/1379/499
f 1166/1385/720 1162/1376/716 1165/1383/719
f 1166/1385/720 1163/1380/717 1162/1376/716
f 1167/1386/721 709/1387/453 1161/1370/455
f 1167/1386/721 1161/1370/455 1164/1382/718
f 1167/1386/721 1164/1382/718 1163/1380/717
f 1167/1386/721 1163/1380/717 1166/1385/720
f 1168/1388/722 1157/1384/503 736/1389/502
f 1168/1388/722 1165/1383/719 1157/1384/503
f 1169/1390/723 1165/1383/719 1168/1388/722
f 1169/1390/723 1166/1385/720 1165/1383/719
f 1170/1391/724 710/1392/451 709/1387/453
f 1170/1391/724 1166/1385/720 1169/1390/723
f 1170/1391/724 1167/1386/721 1166/1385/720
f 1170/1391/724 709/1387/453 1167/1386/721
f 1171/1393/725 736/1389/502 1156/1374/496
f 1171/1393/725 1160/1373/715 1159/1394/726
f 1171/1393/725 1168/1388/722 736/1389/502
f 1171/1393/725 1156/1374/496 1160/1373/715
f 1172/1395/727 1159/1394/726 1158/1396/728
f 1172/1395/727 1169/1390/723 1168/1388/722
f 1172/1395/727 1171/1393/725 1159/1394/726
f 1172/1395/727 1170/1391/724 1169/1390/723
f 1172/1395/727 1168/1388/722 1171/1393/725
f 1173/1397/729 1158/1396/728 1174/1398/446
f 1173/1397/729 711/1399/449 710/1392/451
f 1173/1397/729 1174/1398/446 711/1399/449
f 1173/1397/729 710/1392/451 1170/1391/724
f 1173/1397/729 1170/1391/724 1172/1395/727
f 1173/1397/729 1172/1395/727 1158/1396/728
f 1179/1400/730 1159/1344/726 1160/1345/715
f 1179/1400/730 1160/1345/715 1155/251/498
f 1179/1400/730 1155/251/498 735/1401/497
f 1179/1400/730 1176/1300/731 1185/1301/732
f 1179/1400/730 735/1401/497 1176/1300/731
f 1180/1402/733 1159/1344/726 1179/1400/730
f 1180/1402/733 1179/1400/730 1185/1301/732
f 1181/1403/734 1158/1351/728 1159/1344/726
f 1181/1403/734 1159/1344/726 1180/1402/733
f 1182/1305/735 1174/400/446 1158/1351/728
f 1182/1305/735 1177/1306/443 1174/400/446
f 1182/1305/735 704/1307/444 1177/1306/443
f 1182/1305/735 1181/1403/734 704/1307/444
f 1182/1305/735 1158/1351/728 1181/1403/734
f 1183/1308/736 1185/1301/732 1175/1309/737
f 1183/1308/736 1180/1402/733 1185/1301/732
f 1183/1308/736 704/1307/444 1181/1403/734
f 1183/1308/736 1181/1403/734 1180/1402/733
f 1184/1310/738 1175/1309/737 703/1311/332
f 1184/1310/738 1178/1312/441 704/1307/444
f 1184/1310/738 703/1311/332 1178/1312/441
f 1184/1310/738 704/1307/444 1183/1308/736
f 1184/1310/738 1183/1308/736 1175/1309/737
f 1186/1404/739 703/1405/332 1175/1406/737
f 1186/1404/739 1189/1407/333 703/1405/332
f 1187/1408/740 1175/1406/737 1185/1409/732
f 1187/1408/740 1186/1404/739 1175/1406/737
f 1188/1410/741 1185/1409/732 1176/1411/731
f 1188/1410/741 1187/1408/740 1185/1409/732
f 734/1412/505 1176/1411/731 735/1413/497
f 734/1412/505 1188/1410/741 1176/1411/731
f 1191/1414/742 1186/1265/739 1205/1415/743
f 1189/287/333 1186/1265/739 1191/1414/742
f 1193/1416/744 1188/1278/741 734/1277/505
f 1194/1417/745 1193/1416/744 734/1277/505
f 1195/1418/746 1187/1283/740 1188/1278/741
f 1195/1418/746 1188/1278/741 1193/1416/744
f 1196/1419/747 1194/1417/745 734/1277/505
f 1197/1420/748 1193/1416/744 1194/1417/745
f 1197/1420/748 1195/1418/746 1193/1416/744
f 1198/1421/749 1186/1265/739 1187/1283/740
f 1198/1421/749 1187/1283/740 1195/1418/746
f 1198/1421/749 1205/1415/743 1186/1265/739
f 1199/1422/750 734/1423/505 1069/1424/644
f 1199/1422/750 1196/1419/747 734/1423/505
f 1200/1425/751 1065/1426/641 1192/1427/752
f 1200/1425/751 1197/1420/748 1194/1417/745
f 1200/1425/751 1194/1417/745 1196/1419/747
f 1200/1425/751 1192/1427/752 1197/1420/748
f 1200/1425/751 1199/1422/750 1065/1426/641
f 1200/1425/751 1196/1419/747 1199/1422/750
f 1201/1428/753 1192/1427/752 1205/1415/743
f 1201/1428/753 1195/1418/746 1197/1420/748
f 1201/1428/753 1197/1420/748 1192/1427/752
f 1201/1428/753 1198/1421/749 1195/1418/746
f 1201/1428/753 1205/1415/743 1198/1421/749
f 1202/1429/754 1190/1430/646 1065/1426/641
f 1202/1429/754 1069/1424/644 1190/1430/646
f 1202/1429/754 1199/1422/750 1069/1424/644
f 1202/1429/754 1065/1426/641 1199/1422/750
f 1192/1431/752 1065/1432/641 1066/1433/638
f 1192/1431/752 1066/1433/638 1204/1434/755
f 1205/1435/743 1204/1434/755 1203/1436/756
f 1205/1435/743 1192/1431/752 1204/1434/755
f 1191/1437/742 1205/1435/743 1203/1436/756
f 645/1438/334 1191/1437/742 1203/1436/756
f 1189/1439/333 1191/1437/742 645/1438/334
f 627/1440/757 625/1441/358 1207/1442/647
f 627/1440/757 1207/1442/647 1206/1443/758
f 628/1444/759 627/1440/757 1206/1443/758
f 629/1445/760 1206/1443/758 552/1446/327
f 629/1445/760 628/1444/759 1206/1443/758
f 630/1447/330 629/1445/760 552/1446/327
f 552/287/327 1206/1267/758 1209/1448/761
f 1210/1449/762 1207/1450/647 1208/1451/338
f 1211/1452/763 1210/1449/762 1208/1451/338
f 1212/1453/764 1211/1452/763 1208/1451/338
f 1213/1454/765 1212/1453/764 1208/1455/338
f 1214/1456/766 1206/1267/766 1207/1450/766
f 1214/1456/767 1211/1452/763 1212/1453/764
f 1214/1456/767 1207/1450/647 1210/1449/762
f 1214/1456/767 1210/1449/762 1211/1452/763
f 1215/1457/768 1214/1456/767 1212/1453/764
f 1215/1457/768 1212/1453/764 1213/1454/765
f 1216/1458/769 1208/1455/338 1209/1448/761
f 1216/1458/769 1213/1454/770 1208/1455/338
f 1216/1458/771 1215/1457/768 1213/1454/765
f 1217/1459/772 1206/1267/758 1214/1456/767
f 1217/1459/772 1214/1456/767 1215/1457/768
f 1217/1459/772 1215/1457/768 1216/1458/771
f 1218/1460/773 1216/1458/771 1209/1448/774
f 1218/1460/773 1209/1448/761 1206/1267/758
f 1218/1460/773 1206/1267/758 1217/1459/772
f 1218/1460/773 1217/1459/772 1216/1458/771
f 1221/1461/775 552/1462/327 1209/1463/761
f 1221/1461/775 1220/1464/328 552/1462/327
f 1222/1465/776 1221/1461/775 1209/1463/761
f 1223/1466/777 1209/1463/761 1208/1467/338
f 1223/1466/777 1222/1465/776 1209/1463/761
f 1219/1468/337 1223/1466/777 1208/1467/338
f 1225/1469/778 1222/1344/776 1223/1345/777
f 1225/1469/778 1223/1345/777 1219/251/337
f 1225/1469/778 1219/251/337 560/1470/336
f 1225/1469/778 1224/1471/779 1232/1472/780
f 1225/1469/778 560/1470/336 1224/1471/779
f 1226/1473/781 1222/1344/776 1225/1469/778
f 1226/1473/781 1225/1469/778 1232/1472/780
f 1227/1403/782 1221/1351/775 1222/1344/776
f 1227/1403/782 1222/1344/776 1226/1473/781
f 1228/1305/783 1220/400/328 1221/1351/775
f 1228/1305/783 692/1306/436 1220/400/328
f 1228/1305/783 693/1307/437 692/1306/436
f 1228/1305/783 1227/1403/782 693/1307/437
f 1228/1305/783 1221/1351/775 1227/1403/782
f 1229/1474/784 1232/1472/780 1231/1475/785
f 1229/1474/784 1226/1473/781 1232/1472/780
f 1229/1474/784 1227/1403/782 1226/1473/781
f 1229/1474/784 693/1307/437 1227/1403/782
f 1230/1476/786 1231/1475/785 691/1477/431
f 1230/1476/786 694/1312/434 693/1307/437
f 1230/1476/786 691/1477/431 694/1312/434
f 1230/1476/786 693/1307/437 1229/1474/784
f 1230/1476/786 1229/1474/784 1231/1475/785
f 1244/1478/787 1224/1479/779 560/251/336
f 1244/1478/787 560/251/336 559/1480/335
f 1245/1481/788 1244/1478/787 559/1480/335
f 1246/1482/789 1234/1483/343 1233/1484/342
f 1246/1482/789 1233/1484/342 1239/1485/790
f 1246/1482/789 1247/1486/791 1234/1483/343
f 1248/1487/792 1232/1488/780 1224/1479/779
f 1248/1487/792 1224/1479/779 1244/1478/787
f 1249/1489/793 691/400/431 1231/1351/785
f 1249/1489/793 1231/1351/785 1232/1488/780
f 1249/1489/793 1240/1490/428 691/400/431
f 1249/1489/793 1232/1488/780 1248/1487/792
f 1249/1489/793 1248/1487/792 1244/1478/787
f 1250/1491/794 1240/1490/428 1249/1489/793
f 1250/1491/794 1245/1481/788 1240/1490/428
f 1250/1491/794 1244/1478/787 1245/1481/788
f 1250/1491/794 1249/1489/793 1244/1478/787
f 1251/1492/795 1245/1481/788 559/1480/335
f 1252/1493/796 687/1494/429 1240/1490/428
f 1252/1493/796 1240/1490/428 1245/1481/788
f 1252/1493/796 1245/1481/788 1251/1492/795
f 1252/1493/796 1251/1492/795 1253/1495/797
f 1254/1496/798 559/1480/335 1236/1497/339
f 1254/1496/798 1236/1497/339 1255/1498/799
f 1254/1496/798 1251/1492/795 559/1480/335
f 1254/1496/798 1253/1495/797 1251/1492/795
f 1256/1499/800 1255/1498/799 687/1494/429
f 1256/1499/800 687/1494/429 1252/1493/796
f 1256/1499/800 1252/1493/796 1253/1495/797
f 1256/1499/800 1254/1496/798 1255/1498/799
f 1256/1499/800 1253/1495/797 1254/1496/798
f 1257/1500/801 1255/1498/799 1236/1497/339
f 1258/1501/802 1241/1502/426 687/1494/429
f 1258/1501/802 687/1494/429 1255/1498/799
f 1258/1501/802 1255/1498/799 1257/1500/801
f 1258/1501/802 1257/1500/801 1259/1503/803
f 1260/1504/804 1236/1497/339 558/1505/340
f 1260/1504/804 558/1505/340 1261/1506/805
f 1260/1504/804 1257/1500/801 1236/1497/339
f 1260/1504/804 1259/1503/803 1257/1500/801
f 1262/1507/806 1241/1502/426 1258/1501/802
f 1262/1507/806 1261/1506/805 1241/1502/426
f 1262/1507/806 1258/1501/802 1259/1503/803
f 1262/1507/806 1260/1504/804 1261/1506/805
f 1262/1507/806 1259/1503/803 1260/1504/804
f 1263/1508/807 1261/1506/805 558/1505/340
f 1264/1509/808 1263/1508/807 1265/1510/809
f 1264/1509/808 1261/1506/805 1263/1508/807
f 1264/1509/808 1242/1511/424 1241/1502/426
f 1264/1509/808 1241/1502/426 1261/1506/805
f 1266/1512/810 1265/1510/809 1263/1508/807
f 1266/1512/810 558/1505/340 1235/1513/347
f 1266/1512/810 1235/1513/347 1267/1514/811
f 1266/1512/810 1263/1508/807 558/1505/340
f 1268/1515/812 1265/1510/809 1266/1512/810
f 1268/1515/812 1242/1511/424 1264/1509/808
f 1268/1515/812 1266/1512/810 1267/1514/811
f 1268/1515/812 1267/1514/811 1242/1511/424
f 1268/1515/812 1264/1509/808 1265/1510/809
f 1269/1516/813 1267/1514/811 1235/1513/347
f 1270/1517/814 1267/1514/811 1269/1516/813
f 1270/1517/814 1269/1516/813 1271/1518/815
f 1270/1517/814 1243/1519/422 1242/1511/424
f 1270/1517/814 1242/1511/424 1267/1514/811
f 1272/1520/816 1235/1513/347 1234/1483/343
f 1272/1520/816 1271/1518/815 1269/1516/813
f 1272/1520/816 1269/1516/813 1235/1513/347
f 1272/1520/816 1234/1483/343 1247/1486/791
f 1273/1521/817 1270/1517/814 1271/1518/815
f 1273/1521/817 1243/1519/422 1270/1517/814
f 1273/1521/817 1271/1518/815 1272/1520/816
f 1273/1521/817 1272/1520/816 1247/1486/791
f 1273/1521/817 1247/1486/791 1243/1519/422
f 1274/1522/818 1277/1523/420 1243/1519/422
f 1274/1522/818 1243/1519/422 1247/1486/791
f 1274/1522/818 1247/1486/791 1246/1482/789
f 1275/1524/819 1239/1485/790 1238/1525/820
f 1275/1524/819 1246/1482/789 1239/1485/790
f 1276/1526/821 1237/1527/822 1277/1523/420
f 1276/1526/821 1238/1525/820 1237/1527/822
f 1276/1526/821 1274/1522/818 1246/1482/789
f 1276/1526/821 1246/1482/789 1275/1524/819
f 1276/1526/821 1275/1524/819 1238/1525/820
f 1276/1526/821 1277/1523/420 1274/1522/818
f 1284/1343/823 1238/1528/820 1239/1345/790
f 1284/1343/823 1239/1345/790 1233/251/342
f 1284/1343/823 1233/251/342 1291/1346/341
f 1284/1343/823 1280/1347/824 1279/1348/825
f 1284/1343/823 1291/1346/341 1280/1347/824
f 1285/1349/826 1238/1528/820 1284/1343/823
f 1285/1349/826 1284/1343/823 1279/1348/825
f 1286/1350/827 1237/1529/822 1238/1528/820
f 1286/1350/827 1238/1528/820 1285/1349/826
f 1287/1530/828 1277/400/420 1237/1529/822
f 1287/1530/828 1281/1353/417 1277/400/420
f 1287/1530/828 1282/1354/415 1281/1353/417
f 1287/1530/828 1286/1350/827 1282/1354/415
f 1287/1530/828 1237/1529/822 1286/1350/827
f 1288/1355/829 1279/1348/825 1278/1356/830
f 1288/1355/829 1285/1349/826 1279/1348/825
f 1288/1355/829 1282/1354/415 1286/1350/827
f 1288/1355/829 1286/1350/827 1285/1349/826
f 1289/1357/831 1278/1356/830 1290/1358/412
f 1289/1357/831 1283/1359/413 1282/1354/415
f 1289/1357/831 1290/1358/412 1283/1359/413
f 1289/1357/831 1282/1354/415 1288/1355/829
f 1289/1357/831 1288/1355/829 1278/1356/830
f 1293/1531/410 1290/1532/412 1278/1533/830
f 1292/1534/832 1278/1533/830 1279/1535/825
f 1292/1534/832 1293/1531/410 1278/1533/830
f 1294/1536/833 1279/1535/825 1280/1537/824
f 1294/1536/833 1292/1534/832 1279/1535/825
f 1295/1538/834 1280/1537/824 1291/1539/341
f 1295/1538/834 1294/1536/833 1280/1537/824
f 1296/1540/351 1295/1538/834 1291/1539/341
f 681/1353/407 1293/400/410 1292/1351/832
f 1299/1541/835 1292/1351/832 1294/1344/833
f 1299/1541/835 1294/1344/833 1295/1345/834
f 1300/1542/836 1295/1345/834 1296/251/351
f 1300/1542/836 1296/251/351 1307/1543/352
f 1300/1542/836 1297/1347/837 1306/1348/838
f 1300/1542/836 1307/1543/352 1297/1347/837
f 1300/1542/836 1299/1541/835 1295/1345/834
f 1301/1544/839 682/1354/405 681/1353/407
f 1301/1544/839 681/1353/407 1292/1351/832
f 1301/1544/839 1292/1351/832 1299/1541/835
f 1302/1545/840 1306/1348/838 1305/1356/841
f 1302/1545/840 1300/1542/836 1306/1348/838
f 1302/1545/840 1301/1544/839 1299/1541/835
f 1302/1545/840 1299/1541/835 1300/1542/836
f 1303/1357/842 1305/1356/841 1304/1358/401
f 1303/1357/842 1298/1359/403 682/1354/405
f 1303/1357/842 1304/1358/401 1298/1359/403
f 1303/1357/842 682/1354/405 1301/1544/839
f 1303/1357/842 1301/1544/839 1302/1545/840
f 1303/1357/842 1302/1545/840 1305/1356/841
f 1312/1546/843 1297/1547/837 1307/1548/352
f 1312/1546/843 1307/1548/352 557/1549/349
f 1313/1550/844 1312/1546/843 557/1549/349
f 1314/1551/845 1313/1550/844 557/1549/349
f 1315/1552/846 676/1494/399 675/1490/398
f 1315/1552/846 1313/1550/844 1314/1551/845
f 1315/1552/846 1314/1551/845 1316/1553/847
f 1315/1552/846 675/1490/398 1313/1550/844
f 1317/1554/848 557/1549/349 556/1555/346
f 1317/1554/848 1314/1551/845 557/1549/349
f 1317/1554/848 1316/1553/847 1314/1551/845
f 1318/1556/849 676/1494/399 1315/1552/846
f 1318/1556/849 1316/1553/847 1317/1554/848
f 1318/1556/849 1315/1552/846 1316/1553/847
f 1319/1557/850 676/1494/399 1318/1556/849
f 1319/1557/850 1318/1556/849 1317/1554/848
f 1319/1557/850 1317/1554/848 556/1555/346
f 1320/1558/851 554/1483/350 553/1559/354
f 1320/1558/851 553/1559/354 1347/1560/852
f 1320/1558/851 1321/1486/853 554/1483/350
f 1322/1561/854 1306/1562/838 1297/1547/837
f 1322/1561/854 1297/1547/837 1312/1546/843
f 1323/1563/855 1304/400/401 1305/1304/841
f 1323/1563/855 1305/1304/841 1306/1562/838
f 1323/1563/855 675/1490/398 1304/400/401
f 1323/1563/855 1306/1562/838 1322/1561/854
f 1323/1563/855 1322/1561/854 1312/1546/843
f 1324/1564/856 675/1490/398 1323/1563/855
f 1324/1564/856 1312/1546/843 1313/1550/844
f 1324/1564/856 1313/1550/844 675/1490/398
f 1324/1564/856 1323/1563/855 1312/1546/843
f 1325/1565/857 1319/1557/850 556/1555/346
f 1326/1501/858 1310/1502/396 676/1494/399
f 1326/1501/858 676/1494/399 1319/1557/850
f 1326/1501/858 1319/1557/850 1325/1565/857
f 1326/1501/858 1325/1565/857 1327/1566/859
f 1328/1567/860 556/1555/346 1308/1568/345
f 1328/1567/860 1325/1565/857 556/1555/346
f 1328/1567/860 1308/1568/345 1329/1569/861
f 1328/1567/860 1327/1566/859 1325/1565/857
f 1330/1507/862 1310/1502/396 1326/1501/858
f 1330/1507/862 1329/1569/861 1310/1502/396
f 1330/1507/862 1326/1501/858 1327/1566/859
f 1330/1507/862 1328/1567/860 1329/1569/861
f 1330/1507/862 1327/1566/859 1328/1567/860
f 1331/1570/863 1329/1569/861 1308/1568/345
f 1332/1509/864 1329/1569/861 1331/1570/863
f 1332/1509/864 1331/1570/863 1333/1571/865
f 1332/1509/864 1311/1511/394 1310/1502/396
f 1332/1509/864 1310/1502/396 1329/1569/861
f 1334/1572/866 1333/1571/865 1331/1570/863
f 1334/1572/866 1308/1568/345 555/1573/348
f 1334/1572/866 555/1573/348 1335/1514/867
f 1334/1572/866 1331/1570/863 1308/1568/345
f 1336/1515/868 1332/1509/864 1333/1571/865
f 1336/1515/868 1311/1511/394 1332/1509/864
f 1336/1515/868 1334/1572/866 1335/1514/867
f 1336/1515/868 1333/1571/865 1334/1572/866
f 1336/1515/868 1335/1514/867 1311/1511/394
f 1337/1574/869 1335/1514/867 555/1573/348
f 1338/1517/870 1335/1514/867 1337/1574/869
f 1338/1517/870 1337/1574/869 1339/1575/871
f 1338/1517/870 677/1519/392 1311/1511/394
f 1338/1517/870 1311/1511/394 1335/1514/867
f 1340/1520/872 555/1573/348 554/1483/350
f 1340/1520/872 1339/1575/871 1337/1574/869
f 1340/1520/872 1337/1574/869 555/1573/348
f 1340/1520/872 554/1483/350 1321/1486/853
f 1341/1576/873 1338/1517/870 1339/1575/871
f 1341/1576/873 677/1519/392 1338/1517/870
f 1341/1576/873 1339/1575/871 1340/1520/872
f 1341/1576/873 1340/1520/872 1321/1486/853
f 1341/1576/873 1321/1486/853 677/1519/392
f 1342/1577/874 1345/1523/389 677/1519/392
f 1342/1577/874 677/1519/392 1321/1486/853
f 1342/1577/874 1321/1486/853 1320/1558/851
f 1343/1578/875 1347/1560/852 1346/1579/876
f 1343/1578/875 1320/1558/851 1347/1560/852
f 1344/1580/877 1309/1581/878 1345/1523/389
f 1344/1580/877 1346/1579/876 1309/1581/878
f 1344/1580/877 1342/1577/874 1320/1558/851
f 1344/1580/877 1320/1558/851 1343/1578/875
f 1344/1580/877 1343/1578/875 1346/1579/876
f 1344/1580/877 1345/1523/389 1342/1577/874
f 1353/1469/879 1346/1582/876 1347/1583/852
f 1353/1469/879 1347/1583/852 553/1433/354
f 1353/1469/879 553/1433/354 1348/1401/353
f 1353/1469/879 1360/1300/880 1349/1301/881
f 1353/1469/879 1348/1401/353 1360/1300/880
f 1354/1584/882 1346/1582/876 1353/1469/879
f 1354/1584/882 1353/1469/879 1349/1301/881
f 1355/1585/883 1309/1586/878 1346/1582/876
f 1355/1585/883 1346/1582/876 1354/1584/882
f 1356/1587/884 1345/400/389 1309/1586/878
f 1356/1587/884 1350/1306/386 1345/400/389
f 1356/1587/884 1351/1307/387 1350/1306/386
f 1356/1587/884 1355/1585/883 1351/1307/387
f 1356/1587/884 1309/1586/878 1355/1585/883
f 1357/1308/885 1349/1301/881 1359/1309/886
f 1357/1308/885 1354/1584/882 1349/1301/881
f 1357/1308/885 1355/1585/883 1354/1584/882
f 1357/1308/885 1351/1307/387 1355/1585/883
f 1358/1310/887 1359/1309/886 671/1311/380
f 1358/1310/887 1352/1312/384 1351/1307/387
f 1358/1310/887 671/1311/380 1352/1312/384
f 1358/1310/887 1351/1307/387 1357/1308/885
f 1358/1310/887 1357/1308/885 1359/1309/886
f 1362/1588/381 671/1589/380 1359/1590/886
f 1363/1591/888 1359/1590/886 1349/1592/881
f 1363/1591/888 1349/1592/881 1360/1593/880
f 1363/1591/888 1362/1588/381 1359/1590/886
f 1361/1594/344 1360/1593/880 1348/1595/353
f 1361/1594/344 1363/1591/888 1360/1593/880
f 1362/287/381 1363/1596/888 1364/1597/889
f 1365/1598/890 1363/1596/890 1361/1599/890
f 1366/1600/891 1365/1598/892 1361/1599/344
f 1367/1601/893 1366/1600/891 1361/1599/344
f 1368/1602/894 1363/1596/895 1365/1598/892
f 1368/1602/894 1365/1598/892 1366/1600/891
f 1369/1603/896 1367/1601/893 1361/1604/344
f 1370/1605/897 1366/1600/891 1367/1601/893
f 1370/1605/897 1368/1602/894 1366/1600/891
f 1371/1606/898 1363/1596/895 1368/1602/894
f 1371/1606/898 1364/1597/889 1363/1596/888
f 1372/1607/899 1361/1604/344 1071/1608/648
f 1372/1607/899 1369/1603/896 1361/1604/344
f 1373/1609/900 1367/1601/893 1369/1603/896
f 1373/1609/900 1370/1605/897 1367/1601/893
f 1374/1610/901 1368/1602/894 1370/1605/897
f 1374/1610/901 1370/1605/897 1373/1609/900
f 1374/1610/901 1371/1606/898 1368/1602/894
f 1374/1610/901 1364/1597/889 1371/1606/898
f 1375/1611/902 1071/1608/902 1364/1597/902
f 1375/1611/903 1372/1607/899 1071/1608/648
f 1375/1611/903 1369/1603/896 1372/1607/899
f 1375/1611/903 1373/1609/900 1369/1603/896
f 1375/1611/904 1374/1610/901 1373/1609/900
f 1375/1611/904 1364/1597/889 1374/1610/901
f 1376/1612/905 644/1613/382 1362/1614/381
f 1364/1615/889 1376/1612/905 1362/1614/381
f 1377/1616/906 1376/1612/905 1364/1615/889
f 1378/1617/360 1377/1616/906 1364/1615/889
f 1071/1618/648 1378/1617/360 1364/1615/889
f 626/1619/361 1378/1617/360 1071/1618/648
f 1380/1620/907 1381/1621/908 1793/380/909
f 1380/1620/907 1793/380/909 1783/1622/910
f 1379/1623/911 1783/1622/910 1784/1624/912
f 1379/1623/911 1380/1620/907 1783/1622/910
f 551/1625/913 1784/1624/912 1755/1626/914
f 551/1625/913 1379/1623/911 1784/1624/912
f 1793/1627/909 1381/1628/908 1384/1629/915
f 1793/1627/909 1384/1629/915 1798/1630/916
f 1386/1631/917 1382/1632/918 1803/1633/919
f 1386/1631/917 1803/1633/919 1383/1634/920
f 1385/1635/921 1383/1634/920 1799/1636/922
f 1385/1635/921 1386/1631/917 1383/1634/920
f 1384/1621/915 1799/1636/922 1798/380/916
f 1384/1621/915 1385/1635/921 1799/1636/922
f 1382/1637/918 1805/1638/923 1803/1639/919
f 518/1640/924 1393/1641/925 1805/1638/923
f 518/1640/924 1805/1638/923 1382/1637/918
f 519/1642/926 1392/1643/927 1393/1641/925
f 519/1642/926 1393/1641/925 518/1640/924
f 520/1644/928 1804/1645/929 1392/1643/927
f 520/1644/928 1392/1643/927 519/1642/926
f 1387/1646/930 1804/1645/929 520/1644/928
f 1388/1647/931 1391/1648/932 1804/1645/929
f 1388/1647/931 1804/1645/929 1387/1646/930
f 1389/1649/933 1390/1650/934 1391/1648/932
f 1389/1649/933 1391/1648/932 1388/1647/931
f 1395/242/935 1394/244/936 1833/1651/937
f 521/1652/938 1833/1651/937 1834/1653/939
f 521/1652/938 1395/242/935 1833/1651/937
f 1396/1654/22 1834/1653/939 1390/1655/934
f 1396/1654/22 521/1652/938 1834/1653/939
f 1389/1656/933 1396/1654/22 1390/1655/934
f 1871/1657/940 522/1628/2 1397/1658/941
f 1866/1627/942 522/1628/2 1871/1657/940
f 1395/1659/935 522/1628/2 1866/1627/942
f 1394/1660/936 1395/1659/935 1866/1627/942
f 1397/400/941 1870/1661/943 1871/251/940
f 1398/1662/944 1406/777/945 1870/1661/943
f 1398/1662/946 1870/1661/943 1397/400/941
f 523/778/947 1406/777/945 1398/1662/944
f 523/1663/947 1846/1664/948 1406/1665/945
f 1399/1666/949 1845/1667/950 1846/1664/948
f 1399/1666/949 1846/1664/948 523/1663/947
f 1400/1668/951 1844/1669/952 1845/1667/950
f 1400/1668/951 1845/1667/950 1399/1666/949
f 524/1670/953 1843/1671/954 1844/1669/952
f 524/1670/953 1844/1669/952 1400/1668/951
f 525/1672/955 1408/1673/956 1843/1671/954
f 525/1672/955 1843/1671/954 524/1670/953
f 526/1674/957 1842/1675/958 1408/1673/956
f 526/1674/957 1408/1673/956 525/1672/955
f 1401/1676/959 1407/399/128 1842/1675/958
f 1401/1676/959 1842/1675/958 526/1674/957
f 527/1677/960 146/1678/129 1407/399/128
f 527/1677/960 1407/399/128 1401/1676/959
f 1402/1679/961 145/1680/157 146/1678/129
f 1402/1679/961 146/1678/129 527/1677/960
f 1403/1681/962 1411/1682/152 145/1680/157
f 1403/1681/962 145/1680/157 1402/1679/961
f 528/1683/963 1410/1684/147 1411/1682/152
f 528/1683/963 1411/1682/152 1403/1681/962
f 1404/1685/964 144/1686/142 1410/1684/147
f 1404/1685/964 1410/1684/147 528/1683/963
f 1405/1687/965 143/1688/122 144/1686/142
f 1405/1687/965 144/1686/142 1404/1685/964
f 1412/1689/966 1409/1690/123 143/1688/122
f 1412/1689/966 143/1688/122 1405/1687/965
f 529/1691/967 1409/251/123 1412/400/966
f 529/1691/967 1413/1692/968 1409/251/123
f 1415/778/969 1814/777/970 1413/1692/968
f 1415/778/969 1413/1692/968 529/1691/971
f 1414/1628/2 530/1693/972 1789/1694/973
f 1416/1627/942 1415/1695/969 1414/1628/2
f 1416/1627/942 1414/1628/2 1789/1694/973
f 1814/1696/970 1415/1695/969 1416/1627/942
f 1417/1697/523 1418/1698/974 1786/1699/975
f 1417/1697/523 1786/1699/975 1787/1700/976
f 531/1701/977 1787/1700/976 1788/1702/978
f 531/1701/977 1417/1697/523 1787/1700/976
f 530/1703/972 1788/1702/978 1789/932/973
f 530/1703/972 531/1701/977 1788/1702/978
f 1419/1704/979 1786/1705/975 1418/1706/974
f 1419/1704/979 1425/1707/980 1786/1705/975
f 532/1708/981 1424/1709/982 1425/1707/980
f 532/1708/981 1425/1707/980 1419/1704/979
f 533/1710/983 1775/1711/984 1424/1709/982
f 533/1710/983 1424/1709/982 532/1708/981
f 1420/1712/985 1774/1713/986 1775/1711/984
f 1420/1712/985 1775/1711/984 533/1710/983
f 534/1714/987 1423/1715/988 1774/1713/986
f 534/1714/987 1774/1713/986 1420/1712/985
f 1421/1625/989 1422/1626/990 1423/1715/988
f 1421/1625/989 1423/1715/988 534/1714/987
f 1421/400/989 1426/1716/991 1422/251/990
f 535/1717/992 1745/777/993 1426/1716/991
f 535/1717/994 1426/1716/991 1421/400/989
f 536/778/995 1745/777/993 535/1717/992
f 1745/1627/993 536/1628/995 1427/1629/996
f 1745/1627/993 1427/1629/996 1744/1630/997
f 1431/1718/998 537/1637/999 1435/1639/1000
f 1431/1718/998 1435/1639/1000 1428/1719/1001
f 1430/1720/1002 1428/1719/1001 1429/1721/1003
f 1430/1720/1002 1431/1718/998 1428/1719/1001
f 1427/1722/996 1429/1721/1003 1744/913/997
f 1427/1722/996 1430/1720/1002 1429/1721/1003
f 1432/1723/1004 1435/1633/1000 537/1632/999
f 1432/1723/1004 1437/1724/1005 1435/1633/1000
f 538/1725/1006 1436/1726/1007 1437/1724/1005
f 538/1725/1006 1437/1724/1005 1432/1723/1004
f 539/1727/1008 1681/1728/1009 1436/1726/1007
f 539/1727/1008 1436/1726/1007 538/1725/1006
f 1433/1729/1010 1680/1730/1011 1681/1728/1009
f 1433/1729/1010 1681/1728/1009 539/1727/1008
f 1434/1731/1012 1654/1655/1013 1679/1732/1014
f 1434/1731/1012 1679/1732/1014 1680/1730/1011
f 1434/1731/1012 1680/1730/1011 1433/1729/1010
f 540/1656/1015 1654/1655/1013 1434/1731/1012
f 541/1733/1016 542/1734/1017 1648/399/1018
f 541/1733/1016 1648/399/1018 1438/1735/1019
f 1440/1736/538 1438/1735/1019 1439/1737/1020
f 1440/1736/538 541/1733/1016 1438/1735/1019
f 540/1649/1015 1439/1737/1020 1654/1650/1013
f 540/1649/1015 1440/1736/538 1439/1737/1020
f 1444/1738/1021 1441/1628/20 543/1739/1022
f 1442/1627/1023 1441/1628/20 1444/1738/1021
f 542/1740/1017 1441/1628/20 1442/1627/1023
f 1648/1741/1018 542/1740/1017 1442/1627/1023
f 1443/1742/1024 1444/251/1021 543/400/1022
f 1443/1742/1024 1445/1743/1025 1444/251/1021
f 544/778/1026 1688/777/1027 1445/1743/1025
f 544/778/1026 1445/1743/1025 1443/1742/1028
f 545/1744/1029 1688/1745/1027 544/1746/1026
f 545/1744/1029 1452/1747/1030 1688/1745/1027
f 546/1748/1031 1690/1749/1032 1452/1747/1030
f 546/1748/1031 1452/1747/1030 545/1744/1029
f 1446/1750/1033 1451/1751/1034 1690/1749/1032
f 1446/1750/1033 1690/1749/1032 546/1748/1031
f 547/1752/1035 1450/1753/1036 1451/1751/1034
f 547/1752/1035 1451/1751/1034 1446/1750/1033
f 548/1754/1037 1449/1755/1038 1450/1753/1036
f 548/1754/1037 1450/1753/1036 547/1752/1035
f 549/1756/1039 1689/1757/1040 1449/1755/1038
f 549/1756/1039 1449/1755/1038 548/1754/1037
f 1447/1703/191 1448/932/193 1689/1757/1040
f 1447/1703/191 1689/1757/1040 549/1756/1039
f 1453/400/197 1456/1758/172 225/251/173
f 1454/1759/1041 1458/1760/1042 1456/1758/172
f 1454/1759/1041 1456/1758/172 1453/400/197
f 1455/778/1043 1457/777/1044 1458/1760/1042
f 1455/778/1043 1458/1760/1042 1454/1759/1041
f 1457/1627/1044 1455/1628/1043 1459/1761/1045
f 1457/1627/1044 1459/1761/1045 1754/1762/1046
f 1459/1763/1045 1758/1764/1047 1754/1765/1046
f 1460/1766/1048 1757/1767/1049 1758/1764/1047
f 1460/1766/1048 1758/1764/1047 1459/1763/1045
f 550/1768/1050 1756/1769/1051 1757/1767/1049
f 550/1768/1050 1757/1767/1049 1460/1766/1048
f 1461/1770/1052 1463/1771/1053 1756/1769/1051
f 1461/1770/1052 1756/1769/1051 550/1768/1050
f 1462/1772/1054 1755/1773/914 1463/1771/1053
f 1462/1772/1054 1463/1771/1053 1461/1770/1052
f 551/1774/913 1755/1773/914 1462/1772/1054
f 1494/1775/1055 1773/1776/1056 1478/1777/1057
f 1494/1775/1055 1478/1777/1057 1479/1778/1058
f 1897/1779/1059 1773/1776/1056 1494/1775/1055
f 1897/1779/1059 1772/1780/1060 1773/1776/1056
f 1493/1781/1061 1494/1775/1055 1479/1778/1058
f 1493/1781/1061 1479/1778/1058 1751/1782/1062
f 1898/1783/1063 1772/1780/1060 1897/1779/1059
f 1898/1783/1063 1477/1784/1064 1772/1780/1060
f 1492/1785/1065 1493/1781/1061 1751/1782/1062
f 1899/1786/1066 1477/1784/1064 1898/1783/1063
f 1899/1786/1066 1791/1787/1067 1477/1784/1064
f 1495/1788/1068 1791/1787/1067 1899/1786/1066
f 1896/1789/1069 1492/1785/1065 1751/1782/1062
f 1491/1790/1070 1896/1789/1069 1751/1782/1062
f 1496/1791/114 1791/1787/1067 1495/1788/1068
f 1476/1792/1071 1791/1787/1067 1496/1791/114
f 1476/1792/1071 1496/1791/114 81/1793/113
f 1476/1792/1071 81/1793/113 82/1794/109
f 1673/1795/1072 1491/1790/1070 1751/1782/1062
f 1673/1795/1072 1895/1796/1073 1490/1797/1074
f 1673/1795/1072 1490/1797/1074 1491/1790/1070
f 1475/1798/133 1817/1799/132 1476/1792/1071
f 83/1800/104 1475/1798/133 1476/1792/1071
f 83/1800/104 1476/1792/1071 82/1794/109
f 1894/1801/1075 1895/1796/1073 1673/1795/1072
f 1674/1802/1076 1894/1801/1075 1673/1795/1072
f 140/1803/139 1475/1798/133 83/1800/104
f 1489/1804/1077 1894/1801/1075 1674/1802/1076
f 1497/1805/98 139/1806/144 140/1803/139
f 1497/1805/98 140/1803/139 83/1800/104
f 1480/1807/1078 1489/1804/1077 1674/1802/1076
f 138/1808/149 139/1806/144 1497/1805/98
f 1675/1809/1079 1489/1804/1077 1480/1807/1078
f 1498/1810/93 1474/1811/154 138/1808/149
f 1498/1810/93 138/1808/149 1497/1805/98
f 1893/1812/1080 1489/1804/1077 1675/1809/1079
f 1676/1813/1081 1893/1812/1080 1675/1809/1079
f 1867/1814/1071 1837/1815/1082 1838/1816/1083
f 1470/1817/1084 1867/1814/1071 1838/1816/1083
f 1499/1818/88 1835/1819/127 137/1820/126
f 1499/1818/88 137/1820/126 1474/1811/154
f 1499/1818/88 1474/1811/154 1498/1810/93
f 1892/1821/1085 1893/1812/1080 1676/1813/1081
f 1677/1822/1086 1892/1821/1085 1676/1813/1081
f 84/1823/83 1472/1824/1087 1473/1825/1088
f 84/1823/83 1473/1825/1088 1835/1819/127
f 84/1823/83 1835/1819/127 1499/1818/88
f 1891/1826/1089 1892/1821/1085 1677/1822/1086
f 1656/1827/1090 1891/1826/1089 1677/1822/1086
f 1500/1828/78 1839/1829/1091 1471/1830/1092
f 1500/1828/78 1471/1830/1092 1472/1824/1087
f 1500/1828/78 1472/1824/1087 84/1823/83
f 1890/1831/1093 1891/1826/1089 1656/1827/1090
f 1501/1832/73 1470/1817/1084 1839/1829/1091
f 1501/1832/73 1839/1829/1091 1500/1828/78
f 1488/1833/28 1890/1831/1093 1656/1827/1090
f 1507/1834/29 1488/1833/28 1656/1827/1090
f 1506/1835/38 1507/1834/29 1656/1827/1090
f 1808/1836/1094 1806/1837/1095 1867/1814/1071
f 1807/1838/1096 1808/1836/1094 1867/1814/1071
f 1482/1839/1097 1807/1838/1096 1867/1814/1071
f 1695/1840/1098 1470/1817/1084 1501/1832/73
f 1695/1840/1098 1482/1839/1097 1867/1814/1071
f 1695/1840/1098 1867/1814/1071 1470/1817/1084
f 1483/1841/1099 1469/1842/1100 1807/1838/1096
f 1483/1841/1099 1807/1838/1096 1482/1839/1097
f 1649/1843/1101 1695/1840/1098 1501/1832/73
f 1649/1843/1101 1694/1844/1102 1695/1840/1098
f 1649/1843/1101 1501/1832/73 1502/1845/68
f 1649/1843/1101 1502/1845/68 1503/1846/63
f 1649/1843/1101 1503/1846/63 85/1847/58
f 1649/1843/1101 85/1847/58 1504/1848/53
f 1649/1843/1101 1504/1848/53 1505/1849/48
f 1649/1843/1101 1505/1849/48 86/1850/43
f 1649/1843/1101 86/1850/43 1506/1835/38
f 1649/1843/1101 1506/1835/38 1656/1827/1090
f 1484/1851/1103 1468/1852/1104 1469/1842/1100
f 1484/1851/1103 1469/1842/1100 1483/1841/1099
f 1481/1853/1105 1694/1844/1102 1649/1843/1101
f 1696/1854/1106 1468/1852/1104 1484/1851/1103
f 1464/1855/1107 1485/1856/1108 1697/1857/1109
f 1464/1855/1107 1697/1857/1109 1486/1858/1110
f 1465/1859/1111 1696/1854/1106 1485/1856/1108
f 1465/1859/1111 1468/1852/1104 1696/1854/1106
f 1465/1859/1111 1485/1856/1108 1464/1855/1107
f 1748/1860/1112 1464/1855/1107 1486/1858/1110
f 1487/1861/163 1748/1860/1112 1486/1858/1110
f 1466/1862/1113 1467/1863/1114 1468/1852/1104
f 1466/1862/1113 1468/1852/1104 1465/1859/1111
f 1781/1864/1115 1797/1865/1116 1467/1863/1114
f 1781/1864/1115 1467/1863/1114 1466/1862/1113
f 88/1866/32 1520/251/2 206/1867/33
f 88/1866/32 1512/252/515 1520/251/2
f 1508/1868/41 1513/259/517 1512/252/515
f 1508/1868/41 1512/252/515 88/1866/32
f 89/1869/46 1521/263/519 1513/259/517
f 89/1869/46 1513/259/517 1508/1868/41
f 90/1870/51 1522/267/521 1521/263/519
f 90/1870/51 1521/263/519 89/1869/46
f 91/1871/56 1514/271/523 1522/267/521
f 91/1871/56 1515/275/525 1514/271/523
f 91/1871/56 1522/267/521 90/1870/51
f 92/1872/60 1515/275/525 91/1871/56
f 93/1873/66 1523/279/527 1515/275/525
f 93/1873/66 1515/275/525 92/1872/60
f 94/1874/70 1516/283/529 1523/279/527
f 94/1874/70 1523/279/527 93/1873/66
f 95/1875/76 1524/287/439 1516/283/529
f 95/1875/76 1516/283/529 94/1874/70
f 96/1876/80 1525/291/1117 1524/287/439
f 96/1876/80 1524/287/439 95/1875/76
f 97/1877/85 1526/295/533 1525/291/1117
f 97/1877/85 1525/291/1117 96/1876/80
f 1509/1878/90 1517/299/536 1526/295/533
f 1509/1878/90 1526/295/533 97/1877/85
f 1510/1879/95 1518/303/538 1517/299/536
f 1510/1879/95 1517/299/536 1509/1878/90
f 98/1880/101 1527/307/539 1518/303/538
f 98/1880/101 1518/303/538 1510/1879/95
f 99/1881/102 1527/307/539 98/1880/101
f 99/1881/102 1528/311/541 1527/307/539
f 1511/1882/107 1528/311/541 99/1881/102
f 1511/1882/107 1529/315/544 1528/311/541
f 1511/1882/107 1519/319/545 1529/315/544
f 100/1883/121 1519/319/545 1511/1882/107
f 1889/224/120 1519/319/545 100/1883/121
f 1889/224/120 216/168/20 1519/319/545
f 1549/1884/322 1532/1885/322 1533/1886/322
f 1548/1887/322 1531/1888/322 1532/1885/322
f 1548/1887/322 1532/1885/322 1549/1884/322
f 191/1889/322 1533/1886/322 218/1890/322
f 191/1889/322 1549/1884/322 1533/1886/322
f 1547/1891/322 217/1892/322 1531/1888/322
f 1547/1891/322 1531/1888/322 1548/1887/322
f 192/1893/322 218/1890/322 1534/1894/322
f 192/1893/322 191/1889/322 218/1890/322
f 190/1895/322 217/1892/322 1547/1891/322
f 1550/1896/322 1534/1894/322 1535/1897/322
f 1550/1896/322 192/1893/322 1534/1894/322
f 189/1898/322 1530/1899/322 217/1892/322
f 189/1898/322 217/1892/322 190/1895/322
f 193/1900/322 1550/1896/322 1535/1897/322
f 193/1900/322 1535/1897/322 219/803/322
f 1546/1901/322 1530/1899/322 189/1898/322
f 1546/1901/322 216/1902/322 1530/1899/322
f 194/1903/322 193/1900/322 219/803/322
f 194/1903/322 219/803/322 1536/1904/322
f 1545/1905/322 1519/1906/322 216/1902/322
f 1545/1905/322 216/1902/322 1546/1901/322
f 195/1907/322 194/1903/322 1536/1904/322
f 195/1907/322 1536/1904/322 1537/1908/322
f 1565/1909/322 1519/1906/322 1545/1905/322
f 1565/1909/322 1529/1910/322 1519/1906/322
f 1551/1911/322 195/1907/322 1537/1908/322
f 1551/1911/322 1537/1908/322 220/1912/322
f 1564/1913/322 1528/1914/322 1529/1910/322
f 1564/1913/322 1529/1910/322 1565/1909/322
f 196/1915/322 220/1912/322 221/1916/322
f 196/1915/322 1551/1911/322 220/1912/322
f 1563/1917/322 1527/1918/322 1528/1914/322
f 1563/1917/322 1528/1914/322 1564/1913/322
f 1552/1919/322 196/1915/322 221/1916/322
f 1544/1920/322 1527/1918/322 1563/1917/322
f 222/1921/322 1552/1919/322 221/1916/322
f 1518/1922/322 1527/1918/322 1544/1920/322
f 1553/1923/322 1552/1919/322 222/1921/322
f 223/1924/322 1553/1923/322 222/1921/322
f 1517/1925/322 1544/1920/322 1543/1926/322
f 1517/1925/322 1518/1922/322 1544/1920/322
f 1554/1927/322 1553/1923/322 223/1924/322
f 1562/1928/322 1517/1925/322 1543/1926/322
f 224/1929/322 1554/1927/322 223/1924/322
f 224/1929/322 197/1930/322 1554/1927/322
f 1526/1931/322 1517/1925/322 1562/1928/322
f 1538/1932/322 197/1930/322 224/1929/322
f 1525/1933/322 1562/1928/322 1561/1934/322
f 1525/1933/322 1526/1931/322 1562/1928/322
f 1520/1935/322 1539/1936/322 197/1930/322
f 1520/1935/322 197/1930/322 1538/1932/322
f 1524/1937/322 1561/1934/322 1560/1938/322
f 1524/1937/322 1525/1933/322 1561/1934/322
f 1512/1939/322 1555/1940/322 1539/1936/322
f 1512/1939/322 1539/1936/322 1520/1935/322
f 1516/1941/322 1560/1938/322 1559/1942/322
f 1516/1941/322 1524/1937/322 1560/1938/322
f 1523/1943/322 1516/1941/322 1559/1942/322
f 1523/1943/322 1559/1942/322 1542/1944/322
f 1513/1945/322 1556/1946/322 1555/1940/322
f 1513/1945/322 1555/1940/322 1512/1939/322
f 1521/1947/322 1540/1948/322 1556/1946/322
f 1521/1947/322 1557/1949/322 1540/1948/322
f 1521/1947/322 1556/1946/322 1513/1945/322
f 1515/1950/322 1523/1943/322 1542/1944/322
f 1515/1950/322 1542/1944/322 1558/1951/322
f 1522/1952/322 1557/1949/322 1521/1947/322
f 1514/1953/322 1515/1950/322 1558/1951/322
f 1514/1953/322 1557/1949/322 1522/1952/322
f 1514/1953/322 1541/1954/322 1557/1949/322
f 1514/1953/322 1558/1951/322 1541/1954/322
f 1555/1955/564 1572/251/2 1539/1956/2
f 1555/1955/564 1573/252/564 1572/251/2
f 1556/1957/517 1574/259/517 1573/252/564
f 1556/1957/517 1573/252/564 1555/1955/564
f 1540/1958/519 1575/263/519 1574/259/517
f 1540/1958/519 1574/259/517 1556/1957/517
f 1557/1959/521 1576/267/521 1575/263/519
f 1557/1959/521 1575/263/519 1540/1958/519
f 1541/1960/523 1577/271/523 1576/267/521
f 1541/1960/523 1576/267/521 1557/1959/521
f 1558/1961/525 1578/275/525 1577/271/523
f 1558/1961/525 1577/271/523 1541/1960/523
f 1542/1962/527 1579/279/527 1578/275/525
f 1542/1962/527 1578/275/525 1558/1961/525
f 1559/1963/529 1580/283/529 1579/279/527
f 1559/1963/529 1579/279/527 1542/1962/527
f 1560/1964/439 1581/287/439 1580/283/529
f 1560/1964/439 1580/283/529 1559/1963/529
f 1561/1965/532 1566/291/532 1581/287/439
f 1561/1965/532 1567/295/533 1566/291/532
f 1561/1965/532 1581/287/439 1560/1964/439
f 1562/1966/533 1567/295/533 1561/1965/532
f 1543/1967/536 1568/299/536 1567/295/533
f 1543/1967/536 1567/295/533 1562/1966/533
f 1544/1968/538 1569/303/538 1568/299/536
f 1544/1968/538 1568/299/536 1543/1967/536
f 1563/1969/539 1570/307/539 1569/303/538
f 1563/1969/539 1569/303/538 1544/1968/538
f 1564/1970/541 1570/307/539 1563/1969/539
f 1564/1970/541 1582/311/541 1570/307/539
f 1565/1971/544 1582/311/541 1564/1970/541
f 1565/1971/544 1583/315/544 1582/311/541
f 1545/1972/545 1583/315/544 1565/1971/544
f 1545/1972/545 1571/319/545 1583/315/544
f 1546/205/20 1571/319/545 1545/1972/545
f 1546/205/20 1584/168/20 1571/319/545
f 175/1973/322 1587/1884/322 200/1889/322
f 174/1974/322 199/1887/322 1587/1884/322
f 174/1974/322 1587/1884/322 175/1973/322
f 176/1975/322 175/1973/322 200/1889/322
f 1604/1976/322 199/1887/322 174/1974/322
f 1604/1976/322 1586/1891/322 199/1887/322
f 1605/1977/322 176/1975/322 200/1889/322
f 1605/1977/322 200/1889/322 201/1893/322
f 1603/1978/322 1586/1891/322 1604/1976/322
f 1603/1978/322 198/1895/322 1586/1891/322
f 177/1979/322 1605/1977/322 201/1893/322
f 177/1979/322 201/1893/322 1588/1896/322
f 173/1980/322 198/1895/322 1603/1978/322
f 173/1980/322 1585/1898/322 198/1895/322
f 1606/1628/322 177/1979/322 1588/1896/322
f 1606/1628/322 1588/1896/322 1589/1900/322
f 172/1981/322 1585/1898/322 173/1980/322
f 172/1981/322 1584/1901/322 1585/1898/322
f 1607/1982/322 1589/1900/322 202/1903/322
f 1607/1982/322 1606/1628/322 1589/1900/322
f 1617/1983/322 1571/1905/322 1584/1901/322
f 1617/1983/322 1584/1901/322 172/1981/322
f 1608/1984/322 202/1903/322 203/1907/322
f 1608/1984/322 1607/1982/322 202/1903/322
f 1616/1985/322 1583/1909/322 1571/1905/322
f 1616/1985/322 1571/1905/322 1617/1983/322
f 178/1986/322 1608/1984/322 203/1907/322
f 178/1986/322 203/1907/322 1590/1911/322
f 1602/1987/322 1583/1909/322 1616/1985/322
f 1602/1987/322 1582/1913/322 1583/1909/322
f 179/1988/322 1590/1911/322 204/1915/322
f 179/1988/322 178/1986/322 1590/1911/322
f 1601/1989/322 1570/1917/322 1582/1913/322
f 1601/1989/322 1582/1913/322 1602/1987/322
f 1609/1990/322 179/1988/322 204/1915/322
f 1591/1919/322 1609/1990/322 204/1915/322
f 1569/1920/322 1601/1989/322 1615/1991/322
f 1569/1920/322 1570/1917/322 1601/1989/322
f 1592/1923/322 1609/1990/322 1591/1919/322
f 1592/1923/322 180/1992/322 1609/1990/322
f 1592/1923/322 181/1993/322 180/1992/322
f 1568/1926/322 1615/1991/322 1614/1994/322
f 1568/1926/322 1569/1920/322 1615/1991/322
f 1593/1927/322 181/1993/322 1592/1923/322
f 1567/1928/322 1600/1995/322 1613/1996/322
f 1567/1928/322 1614/1994/322 1600/1995/322
f 1567/1928/322 1568/1926/322 1614/1994/322
f 205/1930/322 181/1993/322 1593/1927/322
f 205/1930/322 182/1997/322 181/1993/322
f 205/1930/322 171/1998/322 182/1997/322
f 1566/1934/322 1567/1928/322 1613/1996/322
f 1572/1936/322 1594/1999/322 171/1998/322
f 1572/1936/322 171/1998/322 205/1930/322
f 1581/1938/322 1613/1996/322 1599/242/322
f 1581/1938/322 1566/1934/322 1613/1996/322
f 1573/1940/322 1594/1999/322 1572/1936/322
f 1580/1942/322 1599/242/322 1612/2000/322
f 1580/1942/322 1581/1938/322 1599/242/322
f 1574/1946/322 1595/2001/322 1594/1999/322
f 1574/1946/322 1596/2002/322 1595/2001/322
f 1574/1946/322 1594/1999/322 1573/1940/322
f 1579/1944/322 1580/1942/322 1612/2000/322
f 1579/1944/322 1611/2003/322 1598/2004/322
f 1579/1944/322 1612/2000/322 1611/2003/322
f 1575/1948/322 1596/2002/322 1574/1946/322
f 1575/1948/322 1597/2005/322 1596/2002/322
f 1578/1951/322 1579/1944/322 1598/2004/322
f 1576/1949/322 1610/2006/322 1597/2005/322
f 1576/1949/322 1597/2005/322 1575/1948/322
f 1577/1954/322 1578/1951/322 1598/2004/322
f 1577/1954/322 1610/2006/322 1576/1949/322
f 1577/1954/322 1598/2004/322 1610/2006/322
f 1594/2007/564 1624/251/2 171/2008/2
f 1594/2007/564 1618/252/564 1624/251/2
f 1595/2009/517 1625/259/517 1618/252/564
f 1595/2009/517 1618/252/564 1594/2007/564
f 1596/2010/519 1626/263/519 1625/259/517
f 1596/2010/519 1625/259/517 1595/2009/517
f 1597/2011/521 1627/267/521 1626/263/519
f 1597/2011/521 1626/263/519 1596/2010/519
f 1610/2012/523 1628/271/523 1627/267/521
f 1610/2012/523 1627/267/521 1597/2011/521
f 1598/2013/525 1629/275/525 1628/271/523
f 1598/2013/525 1628/271/523 1610/2012/523
f 1611/2014/527 1630/279/527 1629/275/525
f 1611/2014/527 1629/275/525 1598/2013/525
f 1612/2015/529 1631/283/529 1630/279/527
f 1612/2015/529 1632/287/439 1631/283/529
f 1612/2015/529 1630/279/527 1611/2014/527
f 1599/2016/439 1619/291/532 1632/287/439
f 1599/2016/439 1632/287/439 1612/2015/529
f 1613/2017/532 1619/291/532 1599/2016/439
f 1600/2018/533 1620/295/533 1619/291/532
f 1600/2018/533 1619/291/532 1613/2017/532
f 1614/2019/536 1633/299/536 1620/295/533
f 1614/2019/536 1620/295/533 1600/2018/533
f 1615/2020/538 1621/303/538 1633/299/536
f 1615/2020/538 1633/299/536 1614/2019/536
f 1601/2021/539 1634/307/539 1621/303/538
f 1601/2021/539 1621/303/538 1615/2020/538
f 1602/2022/541 1634/307/539 1601/2021/539
f 1602/2022/541 1622/311/541 1634/307/539
f 1602/2022/541 1635/315/544 1622/311/541
f 1616/2023/544 1635/315/544 1602/2022/541
f 1617/2024/545 1635/315/544 1616/2023/544
f 1617/2024/545 1636/319/545 1635/315/544
f 172/169/20 1636/319/545 1617/2024/545
f 172/169/20 1623/168/20 1636/319/545
f 1639/1975/322 184/1974/322 185/1973/322
f 1641/1982/322 1639/1975/322 1640/1977/322
f 1641/1982/322 1640/1977/322 186/1979/322
f 1641/1982/322 186/1979/322 187/1628/322
f 1634/1989/322 1622/1987/322 1635/1985/322
f 1633/1994/322 1621/1991/322 1634/1989/322
f 1646/1993/322 1643/1986/322 188/1988/322
f 1646/1993/322 188/1988/322 1644/1990/322
f 1646/1993/322 1644/1990/322 1645/1992/322
f 1620/1995/322 1633/1994/322 1634/1989/322
f 1619/1996/322 1635/1985/322 1636/1983/322
f 1619/1996/322 1636/1983/322 1623/1981/322
f 1619/1996/322 1623/1981/322 183/1980/322
f 1619/1996/322 183/1980/322 1637/1978/322
f 1619/1996/322 1637/1978/322 1638/1976/322
f 1619/1996/322 1638/1976/322 184/1974/322
f 1619/1996/322 184/1974/322 1639/1975/322
f 1619/1996/322 1620/1995/322 1634/1989/322
f 1619/1996/322 1634/1989/322 1635/1985/322
f 1630/2003/322 1631/2000/322 1632/242/322
f 1630/2003/322 1632/242/322 1619/1996/322
f 1630/2003/322 1641/1982/322 1642/1984/322
f 1630/2003/322 1642/1984/322 1643/1986/322
f 1630/2003/322 1639/1975/322 1641/1982/322
f 1630/2003/322 1619/1996/322 1639/1975/322
f 1626/2002/322 1624/2025/322 1618/1999/322
f 1626/2002/322 1618/1999/322 1625/2001/322
f 1627/2005/322 1646/1993/322 1647/1997/322
f 1627/2005/322 1647/1997/322 1624/2025/322
f 1627/2005/322 1624/2025/322 1626/2002/322
f 1628/2006/322 1646/1993/322 1627/2005/322
f 1628/2006/322 1629/2004/322 1630/2003/322
f 1628/2006/322 1643/1986/322 1646/1993/322
f 1628/2006/322 1630/2003/322 1643/1986/322
f 1648/2026/1018 1442/2027/1023 1651/2028/1118
f 1655/2029/1119 1652/2030/118 1650/2031/1120
f 1655/2029/1119 1651/2028/1118 1652/2030/118
f 1655/2029/1119 1648/2026/1018 1651/2028/1118
f 1656/2032/1090 1650/2031/1120 1649/2033/1101
f 1656/2032/1090 1655/2029/1119 1650/2031/1120
f 1442/2027/1023 1444/2034/1021 1658/2035/1121
f 1651/2028/1118 1658/2035/1121 1653/2036/1122
f 1651/2028/1118 1442/2027/1023 1658/2035/1121
f 1652/2030/118 1653/2036/1122 1657/2037/1123
f 1652/2030/118 1651/2028/1118 1653/2036/1122
f 1650/2031/1120 1657/2037/1123 1481/2038/1105
f 1650/2031/1120 1652/2030/118 1657/2037/1123
f 1649/2033/1101 1650/2031/1120 1481/2038/1105
f 1655/2039/1119 1438/2040/1019 1648/251/1018
f 1655/2039/1119 1439/2041/1020 1438/2040/1019
f 1672/2042/1124 1654/2043/1013 1439/2041/1020
f 1672/2042/1124 1439/2041/1020 1655/2039/1119
f 1656/2044/1090 1672/2042/1125 1655/2039/1119
f 1661/2045/1126 1481/156/1105 1657/155/1123
f 1661/2045/1126 1659/2046/1127 1481/156/1105
f 1662/2047/1128 1657/155/1123 1653/158/1122
f 1662/2047/1128 1661/2045/1126 1657/155/1123
f 1663/2048/1129 1653/158/1122 1658/161/1121
f 1663/2048/1129 1662/2047/1128 1653/158/1122
f 1664/2049/1130 1660/2050/1131 1659/2046/1127
f 1664/2049/1130 1659/2046/1127 1661/2045/1126
f 1664/2049/1130 1661/2045/1126 1662/2047/1128
f 1665/2051/1132 1658/161/1121 1444/203/1021
f 1665/2051/1132 1444/203/1021 1445/2052/1025
f 1665/2051/1132 1663/2048/1129 1658/161/1121
f 1666/2053/1133 1664/2049/1130 1662/2047/1128
f 1666/2053/1133 1662/2047/1128 1663/2048/1129
f 1667/2054/1134 1663/2048/1129 1665/2051/1132
f 1667/2054/1134 1666/2053/1133 1663/2048/1129
f 1668/2055/1135 1687/2056/1136 1660/2050/1131
f 1668/2055/1135 1664/2049/1130 1666/2053/1133
f 1668/2055/1135 1660/2050/1131 1664/2049/1130
f 1669/2057/1137 1665/2051/1132 1445/2052/1025
f 1669/2057/1137 1667/2054/1134 1665/2051/1132
f 1670/2058/1138 1687/2056/1136 1668/2055/1135
f 1670/2058/1138 1666/2053/1133 1667/2054/1134
f 1670/2058/1138 1668/2055/1135 1666/2053/1133
f 1671/2059/1139 1445/2052/1025 1688/2060/1027
f 1671/2059/1139 1688/2060/1027 1687/2056/1136
f 1671/2059/1139 1687/2056/1136 1670/2058/1138
f 1671/2059/1139 1669/2057/1137 1445/2052/1025
f 1671/2059/1139 1667/2054/1134 1669/2057/1137
f 1671/2059/1139 1670/2058/1138 1667/2054/1134
f 1679/2061/1014 1654/2062/1013 1672/2063/1124
f 1435/2064/1000 1437/2065/1005 1678/2066/1140
f 1682/2067/1141 1672/2063/1125 1656/2068/1090
f 1682/2067/1141 1656/2068/1090 1677/2069/1086
f 1682/2067/1142 1679/2061/1014 1672/2063/1124
f 1683/2070/1143 1677/2069/1086 1676/2071/1081
f 1683/2070/1144 1680/2072/1011 1679/2061/1014
f 1683/2070/1144 1679/2061/1014 1682/2067/1142
f 1683/2070/1143 1682/2067/1141 1677/2069/1086
f 1684/2073/1145 1676/2071/1081 1675/2074/1079
f 1684/2073/1146 1681/2075/1009 1680/2072/1011
f 1684/2073/1146 1680/2072/1011 1683/2070/1144
f 1684/2073/1145 1683/2070/1143 1676/2071/1081
f 1685/2076/1147 1675/2074/1079 1480/2077/1078
f 1685/2076/1148 1436/2078/1007 1681/2075/1009
f 1685/2076/1147 1684/2073/1145 1675/2074/1079
f 1685/2076/1148 1681/2075/1009 1684/2073/1146
f 1686/2079/1149 1674/2080/1076 1673/2081/1072
f 1686/2079/1149 1480/2077/1078 1674/2080/1076
f 1686/2079/1149 1673/2081/1072 1678/2066/1150
f 1686/2079/1151 1437/2065/1005 1436/2078/1007
f 1686/2079/1151 1436/2078/1007 1685/2076/1148
f 1686/2079/1149 1685/2076/1147 1480/2077/1078
f 1686/2079/1151 1678/2066/1140 1437/2065/1005
f 228/2082/195 225/2083/173 1693/2084/169
f 1659/2085/1127 1694/2086/1102 1481/2087/1105
f 1688/2088/1027 1452/2089/1030 1687/2090/1136
f 1698/2091/1152 1691/2092/164 1487/2093/163
f 1698/2091/1152 1487/2093/163 1486/2094/1110
f 1699/2095/1153 1692/2096/166 1691/2092/164
f 1699/2095/1153 1691/2092/164 1698/2091/1152
f 1700/2097/1154 1693/2084/169 1692/2096/166
f 1700/2097/1154 228/2082/195 1693/2084/169
f 1700/2097/1154 1692/2096/166 1699/2095/1153
f 1701/2098/1155 1486/2094/1110 1697/2099/1109
f 1701/2098/1155 1698/2091/1152 1486/2094/1110
f 1702/2100/1156 1698/2091/1152 1701/2098/1155
f 1702/2100/1156 1699/2095/1153 1698/2091/1152
f 1703/2101/1157 229/2102/192 228/2082/195
f 1703/2101/1157 1700/2097/1154 1699/2095/1153
f 1703/2101/1157 228/2082/195 1700/2097/1154
f 1703/2101/1157 1699/2095/1153 1702/2100/1156
f 1704/2103/1158 1697/2099/1109 1485/2104/1108
f 1704/2103/1158 1701/2098/1155 1697/2099/1109
f 1705/2105/1159 1701/2098/1155 1704/2103/1158
f 1705/2105/1159 1702/2100/1156 1701/2098/1155
f 1706/2106/1160 1704/2103/1158 1485/2104/1108
f 1707/2107/1161 1448/113/193 229/2102/192
f 1707/2107/1161 229/2102/192 1703/2101/1157
f 1707/2107/1161 1702/2100/1156 1705/2105/1159
f 1707/2107/1161 1703/2101/1157 1702/2100/1156
f 1708/2108/1162 1705/2105/1159 1704/2103/1158
f 1708/2108/1162 1704/2103/1158 1706/2106/1160
f 1709/2109/1163 1485/2104/1108 1696/2110/1106
f 1709/2109/1163 1706/2106/1160 1485/2104/1108
f 1710/2111/1164 1689/2112/1040 1448/113/193
f 1710/2111/1164 1448/113/193 1707/2107/1161
f 1710/2111/1164 1707/2107/1161 1705/2105/1159
f 1710/2111/1164 1705/2105/1159 1708/2108/1162
f 1711/2113/1165 1708/2108/1162 1706/2106/1160
f 1711/2113/1165 1706/2106/1160 1709/2109/1163
f 1712/2114/1166 1689/2112/1040 1710/2111/1164
f 1712/2114/1166 1708/2108/1162 1711/2113/1165
f 1712/2114/1166 1710/2111/1164 1708/2108/1162
f 1713/2115/1167 1696/2110/1106 1484/2116/1103
f 1713/2115/1167 1709/2109/1163 1696/2110/1106
f 1714/2117/1168 1711/2113/1165 1709/2109/1163
f 1714/2117/1168 1709/2109/1163 1713/2115/1167
f 1715/2118/1169 1711/2113/1165 1714/2117/1168
f 1715/2118/1169 1449/2119/1038 1689/2112/1040
f 1715/2118/1169 1689/2112/1040 1712/2114/1166
f 1715/2118/1169 1712/2114/1166 1711/2113/1165
f 1716/2120/1170 1484/2116/1103 1483/2121/1099
f 1716/2120/1170 1713/2115/1167 1484/2116/1103
f 1717/2122/1171 1713/2115/1167 1716/2120/1170
f 1717/2122/1171 1714/2117/1168 1713/2115/1167
f 1718/2123/1172 1715/2118/1169 1714/2117/1168
f 1718/2123/1172 1450/2124/1036 1449/2119/1038
f 1718/2123/1172 1714/2117/1168 1717/2122/1171
f 1718/2123/1172 1449/2119/1038 1715/2118/1169
f 1719/2125/1173 1483/2121/1099 1482/2126/1097
f 1719/2125/1173 1716/2120/1170 1483/2121/1099
f 1720/2127/1174 1716/2120/1170 1719/2125/1173
f 1720/2127/1174 1717/2122/1171 1716/2120/1170
f 1721/2128/1175 1450/2124/1036 1718/2123/1172
f 1721/2128/1175 1451/2129/1034 1450/2124/1036
f 1721/2128/1175 1690/2130/1032 1451/2129/1034
f 1721/2128/1175 1717/2122/1171 1720/2127/1174
f 1721/2128/1175 1718/2123/1172 1717/2122/1171
f 1722/2131/1176 1482/2126/1097 1695/2132/1098
f 1722/2131/1176 1719/2125/1173 1482/2126/1097
f 1723/2133/1177 1721/2128/1175 1720/2127/1174
f 1723/2133/1177 1720/2127/1174 1719/2125/1173
f 1723/2133/1177 1719/2125/1173 1722/2131/1176
f 1724/2134/1178 1721/2128/1175 1723/2133/1177
f 1724/2134/1178 1690/2130/1032 1721/2128/1175
f 1725/2135/1179 1695/2132/1098 1694/2086/1102
f 1725/2135/1179 1722/2131/1176 1695/2132/1098
f 1725/2135/1179 1723/2133/1177 1722/2131/1176
f 1725/2135/1179 1694/2086/1102 1659/2085/1127
f 1726/2136/1180 1659/2085/1127 1660/2137/1131
f 1726/2136/1180 1725/2135/1179 1659/2085/1127
f 1726/2136/1180 1723/2133/1177 1725/2135/1179
f 1727/2138/1181 1660/2137/1131 1687/2090/1136
f 1727/2138/1181 1452/2089/1030 1690/2130/1032
f 1727/2138/1181 1690/2130/1032 1724/2134/1178
f 1727/2138/1181 1724/2134/1178 1723/2133/1177
f 1727/2138/1181 1726/2136/1180 1660/2137/1131
f 1727/2138/1181 1723/2133/1177 1726/2136/1180
f 1727/2138/1181 1687/2090/1136 1452/2089/1030
f 1678/2039/1140 1428/2139/1001 1435/251/1000
f 1678/2039/1140 1429/2140/1003 1428/2139/1001
f 1728/2141/1182 1744/400/997 1429/2140/1003
f 1728/2141/1182 1429/2140/1003 1678/2039/1140
f 1673/2142/1072 1728/2141/1183 1678/2039/1150
f 1732/2143/1184 1747/2144/1185 1487/156/163
f 1732/2143/1184 1487/156/163 167/155/162
f 1733/2145/1186 167/155/162 166/158/165
f 1733/2145/1186 1732/2143/1184 167/155/162
f 1734/2146/1187 1729/2147/1188 1747/2144/1185
f 1734/2146/1187 1732/2143/1184 1733/2145/1186
f 1734/2146/1187 1747/2144/1185 1732/2143/1184
f 1735/2148/1189 166/158/165 1731/161/168
f 1735/2148/1189 1733/2145/1186 166/158/165
f 1736/2149/1190 1729/2147/1188 1734/2146/1187
f 1736/2149/1190 1733/2145/1186 1735/2148/1189
f 1736/2149/1190 1734/2146/1187 1733/2145/1186
f 1737/2150/1191 1735/2148/1189 1731/161/168
f 1738/2151/1192 1736/2149/1190 1735/2148/1189
f 1738/2151/1192 1735/2148/1189 1737/2150/1191
f 1739/2152/1193 1456/203/172 1458/2153/1042
f 1739/2152/1193 1731/161/168 1456/203/172
f 1739/2152/1193 1737/2150/1191 1731/161/168
f 1740/2154/1194 1730/2155/1195 1729/2147/1188
f 1740/2154/1194 1729/2147/1188 1736/2149/1190
f 1740/2154/1194 1736/2149/1190 1738/2151/1192
f 1741/2156/1196 1738/2151/1192 1737/2150/1191
f 1741/2156/1196 1739/2152/1193 1458/2153/1042
f 1741/2156/1196 1737/2150/1191 1739/2152/1193
f 1742/2157/1197 1457/2158/1044 1730/2155/1195
f 1742/2157/1197 1730/2155/1195 1740/2154/1194
f 1742/2157/1197 1740/2154/1194 1738/2151/1192
f 1742/2157/1197 1738/2151/1192 1741/2156/1196
f 1743/2159/1198 1458/2153/1042 1457/2158/1044
f 1743/2159/1198 1741/2156/1196 1458/2153/1042
f 1743/2159/1198 1457/2158/1044 1742/2157/1197
f 1743/2159/1198 1742/2157/1197 1741/2156/1196
f 1746/2160/1199 1744/251/997 1728/2161/1182
f 1746/2160/1199 1745/2162/993 1744/251/997
f 1751/2163/1062 1728/2161/1183 1673/2164/1072
f 1751/2163/1062 1746/2160/1200 1728/2161/1183
f 1730/2165/1195 1457/2166/1044 1754/2167/1046
f 1730/2165/1195 1754/2167/1046 1750/2168/1201
f 1729/2169/1188 1750/2168/1201 1753/2170/1202
f 1729/2169/1188 1730/2165/1195 1750/2168/1201
f 1747/2171/1185 1749/2172/1203 1748/2173/1112
f 1747/2171/1185 1753/2170/1202 1749/2172/1203
f 1747/2171/1185 1729/2169/1188 1753/2170/1202
f 1487/2174/163 1747/2171/1185 1748/2173/1112
f 1746/2039/1199 1426/2175/991 1745/251/993
f 1752/2141/1204 1422/400/990 1426/2175/991
f 1752/2141/1204 1426/2175/991 1746/2039/1199
f 1751/2176/1062 1752/2141/1205 1746/2039/1200
f 1749/2177/1203 1464/2178/1107 1748/2179/1112
f 1750/2180/1201 1758/2181/1047 1753/2182/1202
f 1754/2183/1046 1758/2181/1047 1750/2180/1201
f 1759/2184/1206 1782/2185/1207 1781/2186/1115
f 1759/2184/1206 1781/2186/1115 1466/2187/1113
f 1760/2188/1208 1463/2189/1053 1755/2190/914
f 1760/2188/1208 1755/2190/914 1782/2185/1209
f 1760/2188/1208 1782/2185/1209 1759/2184/1210
f 1761/2191/1211 1466/2187/1113 1465/2192/1111
f 1761/2191/1211 1759/2184/1206 1466/2187/1113
f 1762/2193/1212 1756/2194/1051 1463/2189/1053
f 1762/2193/1212 1759/2184/1210 1761/2191/1211
f 1762/2193/1212 1760/2188/1208 1759/2184/1210
f 1762/2193/1212 1463/2189/1053 1760/2188/1208
f 1763/2195/1213 1761/2191/1211 1465/2192/1111
f 1764/2196/1214 1761/2191/1211 1763/2195/1213
f 1765/2197/1215 1757/2198/1049 1756/2194/1051
f 1765/2197/1215 1756/2194/1051 1762/2193/1212
f 1765/2197/1215 1762/2193/1212 1761/2191/1211
f 1765/2197/1215 1761/2191/1211 1764/2196/1214
f 1766/2199/1216 1465/2192/1111 1464/2178/1107
f 1766/2199/1216 1763/2195/1213 1465/2192/1111
f 1767/2200/1217 1764/2196/1214 1763/2195/1213
f 1767/2200/1217 1763/2195/1213 1766/2199/1216
f 1768/2201/1218 1765/2197/1215 1764/2196/1214
f 1768/2201/1218 1757/2198/1049 1765/2197/1215
f 1768/2201/1218 1764/2196/1214 1767/2200/1217
f 1769/2202/1219 1749/2177/1203 1753/2182/1202
f 1769/2202/1219 1766/2199/1216 1464/2178/1107
f 1769/2202/1219 1464/2178/1107 1749/2177/1203
f 1770/2203/1220 1766/2199/1216 1769/2202/1219
f 1770/2203/1220 1753/2182/1202 1758/2181/1047
f 1770/2203/1220 1767/2200/1217 1766/2199/1216
f 1770/2203/1220 1769/2202/1219 1753/2182/1202
f 1770/2203/1220 1768/2201/1218 1767/2200/1217
f 1771/2204/1221 1758/2181/1047 1757/2198/1049
f 1771/2204/1221 1757/2198/1049 1768/2201/1218
f 1771/2204/1221 1770/2203/1220 1758/2181/1047
f 1771/2204/1221 1768/2201/1218 1770/2203/1220
f 1423/2205/988 1422/2206/990 1752/2207/1204
f 1786/2208/975 1425/2209/980 1790/2210/1222
f 1776/2211/1223 1752/2207/1205 1751/2212/1062
f 1776/2211/1223 1751/2212/1062 1479/2213/1058
f 1776/2211/1224 1423/2205/988 1752/2207/1204
f 1777/2214/1225 1479/2213/1058 1478/2215/1057
f 1777/2214/1226 1774/2216/986 1423/2205/988
f 1777/2214/1226 1423/2205/988 1776/2211/1224
f 1777/2214/1225 1776/2211/1223 1479/2213/1058
f 1778/2217/1227 1478/2215/1057 1773/2218/1056
f 1778/2217/1228 1775/2219/984 1774/2216/986
f 1778/2217/1228 1774/2216/986 1777/2214/1226
f 1778/2217/1227 1777/2214/1225 1478/2215/1057
f 1779/2220/1229 1773/2218/1056 1772/2221/1060
f 1779/2220/1230 1424/2222/982 1775/2219/984
f 1779/2220/1229 1778/2217/1227 1773/2218/1056
f 1779/2220/1230 1775/2219/984 1778/2217/1228
f 1780/2223/1231 1477/2224/1064 1791/2225/1067
f 1780/2223/1231 1772/2221/1060 1477/2224/1064
f 1780/2223/1231 1791/2225/1067 1790/2210/1232
f 1780/2223/1233 1425/2209/980 1424/2222/982
f 1780/2223/1233 1424/2222/982 1779/2220/1230
f 1780/2223/1231 1779/2220/1229 1772/2221/1060
f 1780/2223/1233 1790/2210/1222 1425/2209/980
f 1785/2039/1234 1783/2139/910 1793/251/909
f 1785/2039/1234 1784/2140/912 1783/2139/910
f 1782/2141/1209 1755/400/914 1784/2140/912
f 1782/2141/1209 1784/2140/912 1785/2039/1234
f 1781/2226/1115 1782/2141/1207 1785/2039/1235
f 1790/2227/1222 1787/2040/976 1786/251/975
f 1792/2141/1236 1788/2228/978 1787/2040/976
f 1792/2141/1236 1789/400/973 1788/2228/978
f 1792/2141/1236 1787/2040/976 1790/2227/1222
f 1791/2229/1067 1792/2141/1236 1790/2227/1232
f 1785/2230/1234 1793/251/909 1798/2231/916
f 1785/2230/1234 1798/2231/916 1794/2232/1237
f 1797/2233/1116 1785/2230/1235 1794/2232/1238
f 1781/2234/1115 1785/2230/1235 1797/2233/1116
f 1795/2235/1239 1789/2236/973 1792/2237/1236
f 1795/2235/1239 1416/2238/942 1789/2236/973
f 1800/2239/35 1795/2235/1239 1792/2237/1236
f 1796/2240/1240 1792/2237/1236 1791/2241/1067
f 1796/2240/1240 1800/2239/35 1792/2237/1236
f 1476/2242/1071 1796/2240/1240 1791/2241/1067
f 1802/2039/1241 1383/2139/920 1803/251/919
f 1794/2141/1237 1799/2140/922 1383/2139/920
f 1794/2141/1237 1798/400/916 1799/2140/922
f 1794/2141/1237 1383/2139/920 1802/2039/1241
f 1797/2243/1116 1794/2141/1238 1802/2039/1242
f 1815/2244/1243 1416/2238/942 1795/2235/1239
f 1815/2244/1243 1814/2245/970 1416/2238/942
f 1801/2246/1244 1795/2235/1239 1800/2239/35
f 1801/2246/1244 1815/2244/1243 1795/2235/1239
f 1816/2247/1245 1800/2239/35 1796/2240/1240
f 1816/2247/1245 1801/2246/1244 1800/2239/35
f 1817/2248/132 1796/2240/1240 1476/2242/1071
f 1817/2248/132 1816/2247/1245 1796/2240/1240
f 1391/2249/932 1390/2250/934 1832/2251/1246
f 1803/2252/919 1805/2253/923 1802/2254/1241
f 1809/2255/1247 1832/2251/1248 1806/2256/1095
f 1809/2255/1247 1806/2256/1095 1808/2257/1094
f 1809/2255/1249 1391/2249/932 1832/2251/1246
f 1810/2258/1250 1804/2259/929 1391/2249/932
f 1810/2258/1251 1808/2257/1094 1807/2260/1096
f 1810/2258/1250 1391/2249/932 1809/2255/1249
f 1810/2258/1251 1809/2255/1247 1808/2257/1094
f 1811/2261/1252 1392/2262/927 1804/2259/929
f 1811/2261/1253 1807/2260/1096 1469/2263/1100
f 1811/2261/1252 1804/2259/929 1810/2258/1250
f 1811/2261/1253 1810/2258/1251 1807/2260/1096
f 1812/2264/1254 1393/2265/925 1392/2262/927
f 1812/2264/1255 1469/2263/1100 1468/2266/1104
f 1812/2264/1254 1392/2262/927 1811/2261/1252
f 1812/2264/1255 1811/2261/1253 1469/2263/1100
f 1813/2267/1256 1797/2268/1116 1802/2254/1242
f 1813/2267/1257 1805/2253/923 1393/2265/925
f 1813/2267/1256 1467/2269/1114 1797/2268/1116
f 1813/2267/1256 1468/2266/1104 1467/2269/1114
f 1813/2267/1256 1812/2264/1255 1468/2266/1104
f 1813/2267/1257 1393/2265/925 1812/2264/1254
f 1813/2267/1257 1802/2254/1241 1805/2253/923
f 1820/2270/1258 1413/2271/968 1814/168/970
f 1820/2270/1258 1814/168/970 1815/2272/1243
f 1821/2273/1259 1820/2270/1258 1815/2272/1243
f 1822/2274/1260 1820/2270/1258 1821/2273/1259
f 1822/2274/1260 1413/2271/968 1820/2270/1258
f 1823/2275/1261 1815/2272/1243 1801/2276/1244
f 1823/2275/1261 1821/2273/1259 1815/2272/1243
f 1824/2277/1262 1409/2278/123 1413/2271/968
f 1824/2277/1262 1413/2271/968 1822/2274/1260
f 1825/2279/1263 1822/2274/1260 1821/2273/1259
f 1825/2279/1263 1821/2273/1259 1823/2275/1261
f 1826/2280/1264 1801/2276/1244 1816/2281/1245
f 1826/2280/1264 1823/2275/1261 1801/2276/1244
f 1827/2282/1265 1818/2283/124 1409/2278/123
f 1827/2282/1265 1409/2278/123 1824/2277/1262
f 1827/2282/1265 1824/2277/1262 1822/2274/1260
f 1827/2282/1265 1822/2274/1260 1825/2279/1263
f 1828/2284/1266 1825/2279/1263 1823/2275/1261
f 1828/2284/1266 1823/2275/1261 1826/2280/1264
f 1829/2285/1267 1816/2281/1245 1817/156/132
f 1829/2285/1267 1817/156/132 1819/2286/134
f 1829/2285/1267 1826/2280/1264 1816/2281/1245
f 1830/2287/1268 147/2288/136 1818/2283/124
f 1830/2287/1268 1825/2279/1263 1828/2284/1266
f 1830/2287/1268 1818/2283/124 1827/2282/1265
f 1830/2287/1268 1828/2284/1266 147/2288/136
f 1830/2287/1268 1827/2282/1265 1825/2279/1263
f 1831/2289/1269 1819/2286/134 147/2288/136
f 1831/2289/1269 1829/2285/1267 1819/2286/134
f 1831/2289/1269 147/2288/136 1828/2284/1266
f 1831/2289/1269 1828/2284/1266 1826/2280/1264
f 1831/2289/1269 1826/2280/1264 1829/2285/1267
f 1865/2039/1270 1833/2040/937 1394/251/936
f 1865/2039/1270 1834/2041/939 1833/2040/937
f 1832/2042/1246 1390/2043/934 1834/2041/939
f 1832/2042/1246 1834/2041/939 1865/2039/1270
f 1806/2044/1095 1832/2042/1248 1865/2039/1270
f 1872/2290/1271 1838/2291/1083 1837/2292/1082
f 1847/2293/1272 141/2294/125 1835/40/127
f 1847/2293/1272 1835/40/127 1473/2295/1088
f 1848/2296/1273 1836/2297/160 141/2294/125
f 1848/2296/1273 141/2294/125 1847/2293/1272
f 1849/2298/1274 142/2299/130 1836/2297/160
f 1849/2298/1274 1407/45/128 142/2299/130
f 1849/2298/1274 1842/2300/958 1407/45/128
f 1849/2298/1274 1836/2297/160 1848/2296/1273
f 1850/2301/1275 1473/2295/1088 1472/2302/1087
f 1850/2301/1275 1847/2293/1272 1473/2295/1088
f 1851/2303/1276 1847/2293/1272 1850/2301/1275
f 1851/2303/1276 1848/2296/1273 1847/2293/1272
f 1852/2304/1277 1408/2305/956 1842/2300/958
f 1852/2304/1277 1849/2298/1274 1848/2296/1273
f 1852/2304/1277 1848/2296/1273 1851/2303/1276
f 1852/2304/1277 1842/2300/958 1849/2298/1274
f 1853/2306/1278 1472/2302/1087 1471/2307/1092
f 1853/2306/1278 1850/2301/1275 1472/2302/1087
f 1854/2308/1279 1851/2303/1276 1850/2301/1275
f 1854/2308/1279 1850/2301/1275 1853/2306/1278
f 1855/2309/1280 1843/2310/954 1408/2305/956
f 1855/2309/1280 1851/2303/1276 1854/2308/1279
f 1855/2309/1280 1408/2305/956 1852/2304/1277
f 1855/2309/1280 1852/2304/1277 1851/2303/1276
f 1856/2311/1281 1471/2307/1092 1839/2312/1091
f 1856/2311/1281 1853/2306/1278 1471/2307/1092
f 1857/2313/1282 1854/2308/1279 1853/2306/1278
f 1857/2313/1282 1853/2306/1278 1856/2311/1281
f 1858/2314/1283 1844/2315/952 1843/2310/954
f 1858/2314/1283 1843/2310/954 1855/2309/1280
f 1858/2314/1283 1855/2309/1280 1854/2308/1279
f 1858/2314/1283 1854/2308/1279 1857/2313/1282
f 1859/2316/1284 1839/2312/1091 1470/2317/1084
f 1859/2316/1284 1856/2311/1281 1839/2312/1091
f 1860/2318/1285 1857/2313/1282 1856/2311/1281
f 1860/2318/1285 1856/2311/1281 1859/2316/1284
f 1861/2319/1286 1845/2320/950 1844/2315/952
f 1861/2319/1286 1844/2315/952 1858/2314/1283
f 1861/2319/1286 1858/2314/1283 1857/2313/1282
f 1861/2319/1286 1857/2313/1282 1860/2318/1285
f 1862/2321/1287 1470/2317/1084 1838/2291/1083
f 1862/2321/1287 1872/2290/1271 1841/2322/1288
f 1862/2321/1287 1838/2291/1083 1872/2290/1271
f 1862/2321/1287 1859/2316/1284 1470/2317/1084
f 1863/2323/1289 1841/2322/1288 1840/2324/1290
f 1863/2323/1289 1862/2321/1287 1841/2322/1288
f 1863/2323/1289 1860/2318/1285 1859/2316/1284
f 1863/2323/1289 1861/2319/1286 1860/2318/1285
f 1863/2323/1289 1859/2316/1284 1862/2321/1287
f 1864/2325/1291 1840/2324/1290 1406/2326/945
f 1864/2325/1291 1846/2327/948 1845/2320/950
f 1864/2325/1291 1406/2326/945 1846/2327/948
f 1864/2325/1291 1845/2320/950 1861/2319/1286
f 1864/2325/1291 1861/2319/1286 1863/2323/1289
f 1864/2325/1291 1863/2323/1289 1840/2324/1290
f 1394/2328/936 1866/2329/942 1869/2330/1239
f 1865/2331/1270 1885/2332/35 1868/2333/1240
f 1865/2331/1270 1869/2330/1239 1885/2332/35
f 1865/2331/1270 1394/2328/936 1869/2330/1239
f 1806/2334/1095 1868/2333/1240 1867/2335/1071
f 1806/2334/1095 1865/2331/1270 1868/2333/1240
f 1874/2336/1292 1870/2337/943 1406/2338/945
f 1874/2336/1292 1406/2338/945 1840/2339/1290
f 1875/2340/1293 1870/2337/943 1874/2336/1292
f 1876/2341/1294 1840/2339/1290 1841/2342/1288
f 1876/2341/1294 1874/2336/1292 1840/2339/1290
f 1877/2343/1295 1871/168/940 1870/2337/943
f 1877/2343/1295 1886/2272/1296 1871/168/940
f 1877/2343/1295 1870/2337/943 1875/2340/1293
f 1878/2344/1297 1875/2340/1293 1874/2336/1292
f 1878/2344/1297 1874/2336/1292 1876/2341/1294
f 1879/2345/1298 1875/2340/1293 1878/2344/1297
f 1879/2345/1298 1886/2272/1296 1877/2343/1295
f 1879/2345/1298 1877/2343/1295 1875/2340/1293
f 1880/2346/1299 1878/2344/1297 1876/2341/1294
f 1880/2346/1299 1876/2341/1294 1841/2342/1288
f 1881/2347/1300 1887/2276/1301 1886/2272/1296
f 1881/2347/1300 1886/2272/1296 1879/2345/1298
f 1881/2347/1300 1879/2345/1298 1878/2344/1297
f 1881/2347/1300 1878/2344/1297 1880/2346/1299
f 1882/2348/1302 1841/2342/1288 1872/2349/1271
f 1882/2348/1302 1880/2346/1299 1841/2342/1288
f 1883/2350/1303 1873/2281/1304 1887/2276/1301
f 1883/2350/1303 1887/2276/1301 1881/2347/1300
f 1883/2350/1303 1881/2347/1300 1880/2346/1299
f 1883/2350/1303 1880/2346/1299 1882/2348/1302
f 1884/2351/1305 1872/2349/1271 1837/156/1082
f 1884/2351/1305 1837/156/1082 1873/2281/1304
f 1884/2351/1305 1873/2281/1304 1883/2350/1303
f 1884/2351/1305 1882/2348/1302 1872/2349/1271
f 1884/2351/1305 1883/2350/1303 1882/2348/1302
f 1866/2329/942 1871/2352/940 1886/2353/1296
f 1869/2330/1239 1886/2353/1296 1887/2354/1301
f 1869/2330/1239 1866/2329/942 1886/2353/1296
f 1885/2332/35 1887/2354/1301 1873/2355/1304
f 1885/2332/35 1869/2330/1239 1887/2354/1301
f 1868/2333/1240 1873/2355/1304 1837/2356/1082
f 1868/2333/1240 1885/2332/35 1873/2355/1304
f 1867/2335/1071 1868/2333/1240 1837/2356/1082
f 101/2357/30 1890/1148/1093 1488/120/28
f 1908/2358/1306 87/110/115 1496/109/114
f 1908/2358/1306 1496/109/114 1495/1153/1068
f 1909/2359/1307 1888/112/119 87/110/118
f 1909/2359/1307 1889/113/120 1888/112/119
f 1909/2359/1307 207/2360/174 1889/113/120
f 1909/2359/1307 87/110/118 1908/2358/1308
f 1910/2361/1309 1908/2358/1306 1495/1153/1068
f 1910/2361/1309 1495/1153/1068 1899/1157/1066
f 1911/2362/1310 208/2363/175 207/2360/174
f 1911/2362/1310 1908/2358/1308 1910/2361/1311
f 1911/2362/1310 207/2360/174 1909/2359/1307
f 1911/2362/1310 1909/2359/1307 1908/2358/1308
f 1912/2364/1312 1899/1157/1066 1898/1161/1063
f 1912/2364/1312 1910/2361/1309 1899/1157/1066
f 1913/2365/1313 208/2363/175 1911/2362/1310
f 1913/2365/1313 1900/2366/176 208/2363/175
f 1913/2365/1313 1911/2362/1310 1910/2361/1311
f 1913/2365/1313 1910/2361/1311 1912/2364/1314
f 1914/2367/1315 1898/1161/1063 1897/1165/1059
f 1914/2367/1315 1912/2364/1312 1898/1161/1063
f 1915/2368/1316 1900/2366/176 1913/2365/1313
f 1915/2368/1316 1913/2365/1313 1912/2364/1314
f 1915/2368/1316 1901/2369/177 1900/2366/176
f 1915/2368/1316 1912/2364/1314 1914/2367/1317
f 1916/2370/1318 1897/1165/1059 1494/1169/1055
f 1916/2370/1318 1914/2367/1315 1897/1165/1059
f 1917/2371/1319 1902/2372/178 1901/2369/177
f 1917/2371/1319 1915/2368/1316 1914/2367/1317
f 1917/2371/1319 1901/2369/177 1915/2368/1316
f 1917/2371/1319 1914/2367/1317 1916/2370/1320
f 1918/2373/1321 1494/1169/1055 1493/1173/1061
f 1918/2373/1321 1916/2370/1318 1494/1169/1055
f 1918/2373/1322 1917/2371/1319 1916/2370/1320
f 1919/2374/1323 1903/2375/179 1902/2372/178
f 1919/2374/1323 1904/2376/180 1903/2375/179
f 1919/2374/1323 1902/2372/178 1917/2371/1319
f 1919/2374/1323 1917/2371/1319 1918/2373/1322
f 1920/2377/1324 1493/1173/1061 1492/1177/1065
f 1920/2377/1325 1919/2374/1323 1918/2373/1322
f 1920/2377/1324 1918/2373/1321 1493/1173/1061
f 1921/2378/1326 1904/2376/180 1919/2374/1323
f 1921/2378/1326 1919/2374/1323 1920/2377/1325
f 1922/2379/1327 1492/1177/1065 1896/1181/1069
f 1922/2379/1327 1920/2377/1324 1492/1177/1065
f 1922/2379/1328 1921/2378/1326 1920/2377/1325
f 1923/2380/1329 209/2381/181 1904/2376/180
f 1923/2380/1329 1904/2376/180 1921/2378/1326
f 1923/2380/1329 1921/2378/1326 1922/2379/1328
f 1924/2382/1330 1896/1181/1069 1491/1185/1070
f 1924/2382/1330 1922/2379/1327 1896/1181/1069
f 1925/2383/1331 209/2381/181 1923/2380/1329
f 1925/2383/1331 1922/2379/1328 1924/2382/1332
f 1925/2383/1331 210/2384/182 209/2381/181
f 1925/2383/1331 1923/2380/1329 1922/2379/1328
f 1926/2385/1333 1491/1185/1070 1490/1189/1074
f 1926/2385/1334 1925/2383/1331 1924/2382/1332
f 1926/2385/1333 1924/2382/1330 1491/1185/1070
f 1927/2386/1335 210/2384/182 1925/2383/1331
f 1927/2386/1335 1905/2387/183 210/2384/182
f 1927/2386/1335 1925/2383/1331 1926/2385/1334
f 1928/2388/1336 1490/1189/1074 1895/1193/1073
f 1928/2388/1336 1926/2385/1333 1490/1189/1074
f 1929/2389/1337 1905/2387/183 1927/2386/1335
f 1929/2389/1337 211/2390/184 1905/2387/183
f 1929/2389/1337 1927/2386/1335 1926/2385/1334
f 1929/2389/1337 1926/2385/1334 1928/2388/1338
f 1930/2391/1339 1895/1193/1073 1894/1197/1075
f 1930/2391/1339 1928/2388/1336 1895/1193/1073
f 1931/2392/1340 1906/2393/185 211/2390/184
f 1931/2392/1340 1929/2389/1337 1928/2388/1338
f 1931/2392/1340 1928/2388/1338 1930/2391/1341
f 1931/2392/1340 211/2390/184 1929/2389/1337
f 1932/2394/1342 1894/1197/1075 1489/1198/1077
f 1932/2394/1342 1930/2391/1339 1894/1197/1075
f 1933/2395/1343 212/2396/186 1906/2393/185
f 1933/2395/1343 1931/2392/1340 1930/2391/1341
f 1933/2395/1343 1930/2391/1341 1932/2394/1344
f 1933/2395/1343 1906/2393/185 1931/2392/1340
f 1934/2397/1345 1932/2394/1342 1489/1198/1077
f 1934/2397/1345 1489/1198/1077 1893/1205/1080
f 1935/2398/1346 213/2399/187 212/2396/186
f 1935/2398/1346 212/2396/186 1933/2395/1343
f 1935/2398/1346 1932/2394/1344 1934/2397/1347
f 1935/2398/1346 1933/2395/1343 1932/2394/1344
f 1936/2400/1348 1893/1205/1080 1892/1209/1085
f 1936/2400/1348 1934/2397/1345 1893/1205/1080
f 1937/2401/1349 1934/2397/1347 1936/2400/1350
f 1937/2401/1349 214/2402/188 213/2399/187
f 1937/2401/1349 213/2399/187 1935/2398/1346
f 1937/2401/1349 1935/2398/1346 1934/2397/1347
f 1938/2403/1351 1892/1209/1085 1891/1210/1089
f 1938/2403/1351 1936/2400/1348 1892/1209/1085
f 1938/2403/1352 1937/2401/1349 1936/2400/1350
f 1939/2404/1353 1907/2405/189 214/2402/188
f 1939/2404/1353 214/2402/188 1937/2401/1349
f 1939/2404/1353 1937/2401/1349 1938/2403/1352
f 1940/2406/1354 1891/1210/1089 1890/1148/1093
f 1940/2406/1354 1890/1148/1093 101/2357/30
f 1940/2406/1354 1938/2403/1351 1891/1210/1089
f 1940/2406/1355 1939/2404/1353 1938/2403/1352
f 1941/2407/1356 1940/2406/1355 101/2357/35
f 1941/2407/1356 101/2357/35 102/2408/34
f 1941/2407/1356 102/2408/34 206/121/33
f 1941/2407/1356 215/2409/190 1907/2405/189
f 1941/2407/1356 206/121/33 215/2409/190
f 1941/2407/1356 1907/2405/189 1939/2404/1353
f 1941/2407/1356 1939/2404/1353 1940/2406/1355
f 1942/2410/20 1950/2411/567 512/2412/20
f 610/2413/567 1951/2414/544 1950/2411/567
f 610/2413/567 1950/2411/567 1942/2410/20
f 611/2415/544 1952/2416/541 1951/2414/544
f 611/2415/544 1951/2414/544 610/2413/567
f 612/2417/541 1953/2418/539 1952/2416/541
f 612/2417/541 1952/2416/541 611/2415/544
f 613/2419/539 1953/2418/539 612/2417/541
f 1943/2420/538 1954/2421/1357 1953/2418/539
f 1943/2420/538 513/2422/536 1954/2421/1357
f 1943/2420/538 1953/2418/539 613/2419/539
f 1944/2423/536 1955/2424/533 513/2422/536
f 1944/2423/536 513/2422/536 1943/2420/538
f 614/2425/533 514/2426/532 1955/2424/533
f 614/2425/533 1955/2424/533 1944/2423/536
f 615/2427/1117 514/2426/532 614/2425/533
f 616/2428/439 1956/2429/439 514/2426/532
f 616/2428/439 514/2426/532 615/2427/1117
f 617/2430/529 515/2431/1358 1956/2429/439
f 617/2430/529 1957/2432/527 515/2431/1358
f 617/2430/529 1956/2429/439 616/2428/439
f 618/2433/527 1958/2434/525 1957/2432/527
f 618/2433/527 1957/2432/527 617/2430/529
f 1945/2435/525 1959/2436/523 1958/2434/525
f 1945/2435/525 1958/2434/525 618/2433/527
f 1946/2437/1359 1959/2436/523 1945/2435/525
f 619/2438/521 1960/2439/521 1959/2436/523
f 619/2438/521 1959/2436/523 1946/2437/1359
f 1947/2440/519 1960/2439/521 619/2438/521
f 1947/2440/519 1961/2441/519 1960/2439/521
f 1948/2442/517 1961/2441/519 1947/2440/519
f 1948/2442/517 516/2443/517 1961/2441/519
f 620/2444/515 516/2443/517 1948/2442/517
f 620/2444/515 517/2445/515 516/2443/517
f 620/2444/515 1962/2/2 517/2445/515
f 1949/3/2 1962/2/2 620/2444/515
f 588/2410/20 1966/2411/567 491/2412/20
f 589/2413/567 1967/2414/544 1966/2411/567
f 589/2413/567 1966/2411/567 588/2410/20
f 1963/2415/544 492/2416/541 1967/2414/544
f 1963/2415/544 1967/2414/544 589/2413/567
f 590/2417/541 1968/2418/539 492/2416/541
f 590/2417/541 492/2416/541 1963/2415/544
f 1964/2419/539 1968/2418/539 590/2417/541
f 591/2420/538 493/2421/538 1968/2418/539
f 591/2420/538 494/2422/536 493/2421/538
f 591/2420/538 1968/2418/539 1964/2419/539
f 592/2423/536 1969/2424/533 494/2422/536
f 592/2423/536 494/2422/536 591/2420/538
f 593/2425/533 495/2426/532 1969/2424/533
f 593/2425/533 1969/2424/533 592/2423/536
f 594/2427/532 495/2426/532 593/2425/533
f 595/2428/439 1970/2429/439 495/2426/532
f 595/2428/439 495/2426/532 594/2427/532
f 1965/2430/529 1971/2431/529 1970/2429/439
f 1965/2430/529 1972/2432/527 1971/2431/529
f 1965/2430/529 1970/2429/439 595/2428/439
f 596/2433/527 1973/2434/525 1972/2432/527
f 596/2433/527 1972/2432/527 1965/2430/529
f 597/2435/525 1974/2436/523 1973/2434/525
f 597/2435/525 1973/2434/525 596/2433/527
f 598/2437/523 1974/2436/523 597/2435/525
f 599/2438/521 496/2439/1360 1974/2436/523
f 599/2438/521 1974/2436/523 598/2437/523
f 600/2440/519 496/2439/1360 599/2438/521
f 600/2440/519 1975/2441/519 496/2439/1360
f 601/2442/517 1975/2441/519 600/2440/519
f 601/2442/517 497/2443/517 1975/2441/519
f 602/2444/515 497/2443/517 601/2442/517
f 602/2444/515 1976/2445/515 497/2443/517
f 602/2444/515 1977/2/2 1976/2445/515
f 603/3/2 1977/2/2 602/2444/515
f 1978/2410/20 475/2411/567 1989/2412/20
f 1979/2413/567 1990/2414/544 475/2411/567
f 1979/2413/567 475/2411/567 1978/2410/20
f 1980/2415/544 476/2416/541 1990/2414/544
f 1980/2415/544 1990/2414/544 1979/2413/567
f 1981/2417/541 1991/2418/539 476/2416/541
f 1981/2417/541 476/2416/541 1980/2415/544
f 1982/2419/1361 1991/2418/539 1981/2417/541
f 1983/2420/538 477/2421/538 1991/2418/539
f 1983/2420/538 1992/2422/536 477/2421/538
f 1983/2420/538 1991/2418/539 1982/2419/1361
f 577/2423/536 478/2424/533 1992/2422/536
f 577/2423/536 1992/2422/536 1983/2420/538
f 578/2425/533 1993/2426/532 478/2424/533
f 578/2425/533 478/2424/533 577/2423/536
f 579/2427/1117 1993/2426/532 578/2425/533
f 580/2428/439 479/2429/439 1993/2426/532
f 580/2428/439 1993/2426/532 579/2427/1117
f 581/2430/529 1994/2431/1358 479/2429/439
f 581/2430/529 1995/2432/527 1994/2431/1358
f 581/2430/529 479/2429/439 580/2428/439
f 1984/2433/527 480/2434/525 1995/2432/527
f 1984/2433/527 1995/2432/527 581/2430/529
f 582/2435/525 1996/2436/523 480/2434/525
f 582/2435/525 480/2434/525 1984/2433/527
f 1985/2437/523 1996/2436/523 582/2435/525
f 1986/2438/521 481/2439/521 1996/2436/523
f 1986/2438/521 1996/2436/523 1985/2437/523
f 583/2440/519 481/2439/521 1986/2438/521
f 583/2440/519 482/2441/519 481/2439/521
f 1987/2442/517 482/2441/519 583/2440/519
f 1987/2442/517 1997/2443/517 482/2441/519
f 1988/2444/515 1997/2443/517 1987/2442/517
f 1988/2444/515 1998/2445/515 1997/2443/517
f 1988/2444/515 37/2/2 1998/2445/515
f 584/3/2 37/2/2 1988/2444/515
f 1999/2410/20 455/2411/567 454/2412/20
f 561/2413/567 456/2414/544 455/2411/567
f 561/2413/567 455/2411/567 1999/2410/20
f 2000/2415/544 457/2416/541 456/2414/544
f 2000/2415/544 456/2414/544 561/2413/567
f 2001/2417/541 458/2418/539 457/2416/541
f 2001/2417/541 457/2416/541 2000/2415/544
f 562/2419/1361 458/2418/539 2001/2417/541
f 2002/2420/538 459/2421/1357 458/2418/539
f 2002/2420/538 460/2422/536 459/2421/1357
f 2002/2420/538 458/2418/539 562/2419/1361
f 563/2423/536 2009/2424/533 460/2422/536
f 563/2423/536 460/2422/536 2002/2420/538
f 564/2425/533 2010/2426/532 2009/2424/533
f 564/2425/533 2009/2424/533 563/2423/536
f 565/2427/1117 2010/2426/532 564/2425/533
f 566/2428/439 461/2429/439 2010/2426/532
f 566/2428/439 2010/2426/532 565/2427/1117
f 2003/2430/529 2011/2431/1358 461/2429/439
f 2003/2430/529 2012/2432/527 2011/2431/1358
f 2003/2430/529 461/2429/439 566/2428/439
f 2004/2433/527 462/2434/525 2012/2432/527
f 2004/2433/527 2012/2432/527 2003/2430/529
f 2005/2435/525 2013/2436/523 462/2434/525
f 2005/2435/525 462/2434/525 2004/2433/527
f 2006/2437/1359 2013/2436/523 2005/2435/525
f 567/2438/521 463/2439/521 2013/2436/523
f 567/2438/521 2013/2436/523 2006/2437/1359
f 568/2440/519 463/2439/521 567/2438/521
f 568/2440/519 2014/2441/519 463/2439/521
f 2007/2442/517 2014/2441/519 568/2440/519
f 2007/2442/517 2015/2443/517 2014/2441/519
f 569/2444/515 2015/2443/517 2007/2442/517
f 569/2444/515 464/2445/515 2015/2443/517
f 569/2444/515 2016/2/2 464/2445/515
f 2008/3/2 2016/2/2 569/2444/515
f 446/2446/324 2021/2447/326 2027/2448/1362
f 2071/2449/1363 446/2446/324 2027/2448/1362
f 2072/2450/1364 2027/2448/1362 2020/2451/1365
f 2072/2450/1364 2071/2449/1363 2027/2448/1362
f 2022/2452/1366 2020/2451/1365 2019/2453/1367
f 2022/2452/1366 2072/2450/1364 2020/2451/1365
f 2073/2454/1368 2018/2455/1369 2017/2456/1370
f 2073/2454/1368 2019/2453/1367 2018/2455/1369
f 2073/2454/1368 2022/2452/1366 2019/2453/1367
f 2074/2457/1371 2073/2454/1368 2017/2456/1370
f 666/2458/375 2017/2456/1370 2023/2459/378
f 666/2458/375 2074/2457/1371 2017/2456/1370
f 2029/2460/1372 2115/251/374 2026/2461/1373
f 2029/2460/1372 2116/2462/1374 2115/251/374
f 2030/2463/1375 2026/2461/1373 2025/263/1376
f 2030/2463/1375 2029/2460/1372 2026/2461/1373
f 2031/2464/1377 2025/263/1376 2024/2465/1378
f 2031/2464/1377 2030/2463/1375 2025/263/1376
f 2032/2466/1379 2117/2467/1380 2116/2462/1374
f 2032/2466/1379 2116/2462/1374 2029/2460/1372
f 2032/2466/1379 2029/2460/1372 2030/2463/1375
f 2033/2468/1381 2031/2464/1377 2024/2465/1378
f 2034/2469/1382 2032/2466/1379 2030/2463/1375
f 2034/2469/1382 2030/2463/1375 2031/2464/1377
f 2035/2470/1383 2028/255/1384 2117/2467/1380
f 2035/2470/1383 2117/2467/1380 2032/2466/1379
f 2036/2471/1385 2024/2465/1378 2123/275/1386
f 2036/2471/1385 2033/2468/1381 2024/2465/1378
f 2037/2472/1387 2034/2469/1382 2031/2464/1377
f 2037/2472/1387 2031/2464/1377 2033/2468/1381
f 2038/2473/1388 2032/2466/1379 2034/2469/1382
f 2038/2473/1388 2035/2470/1383 2032/2466/1379
f 2039/2474/1389 2123/275/1386 2122/2475/1390
f 2039/2474/1389 2036/2471/1385 2123/275/1386
f 2040/2476/1391 2033/2468/1381 2036/2471/1385
f 2040/2476/1391 2037/2472/1387 2033/2468/1381
f 2041/2477/1392 2034/2469/1382 2037/2472/1387
f 2041/2477/1392 2038/2473/1388 2034/2469/1382
f 2042/2478/1393 2118/2479/1394 2028/255/1384
f 2042/2478/1393 2028/255/1384 2035/2470/1383
f 2042/2478/1393 2035/2470/1383 2038/2473/1388
f 2043/2480/1395 2122/2475/1390 2023/287/378
f 2043/2480/1395 2023/287/378 2017/2481/1370
f 2043/2480/1395 2039/2474/1389 2122/2475/1390
f 2044/2482/1396 2036/2471/1385 2039/2474/1389
f 2044/2482/1396 2040/2476/1391 2036/2471/1385
f 2045/2483/1397 2037/2472/1387 2040/2476/1391
f 2045/2483/1397 2041/2477/1392 2037/2472/1387
f 2046/2484/1398 2038/2473/1388 2041/2477/1392
f 2046/2484/1398 2042/2478/1393 2038/2473/1388
f 2047/2485/1399 2119/2486/1400 2118/2479/1394
f 2047/2485/1399 2118/2479/1394 2042/2478/1393
f 2048/2487/1401 2017/2481/1370 2018/2488/1369
f 2048/2487/1401 2043/2480/1395 2017/2481/1370
f 2048/2487/1401 2039/2474/1389 2043/2480/1395
f 2048/2487/1401 2044/2482/1396 2039/2474/1389
f 2049/2489/1402 2040/2476/1391 2044/2482/1396
f 2049/2489/1402 2045/2483/1397 2040/2476/1391
f 2050/2490/1403 2041/2477/1392 2045/2483/1397
f 2050/2490/1403 2046/2484/1398 2041/2477/1392
f 2051/2491/1404 2042/2478/1393 2046/2484/1398
f 2051/2491/1404 2047/2485/1399 2042/2478/1393
f 2052/2492/1405 2044/2482/1396 2048/2487/1401
f 2052/2492/1405 2049/2489/1402 2044/2482/1396
f 2053/2493/1406 2045/2483/1397 2049/2489/1402
f 2053/2493/1406 2050/2490/1403 2045/2483/1397
f 2054/2494/1407 2051/2491/1404 2046/2484/1398
f 2054/2494/1407 2046/2484/1398 2050/2490/1403
f 2055/2495/1408 2021/40/326 2119/2486/1400
f 2055/2495/1408 2119/2486/1400 2047/2485/1399
f 2055/2495/1408 2047/2485/1399 2051/2491/1404
f 2056/2496/1409 2052/2492/1405 2048/2487/1401
f 2056/2496/1409 2018/2488/1369 2019/288/1367
f 2056/2496/1409 2048/2487/1401 2018/2488/1369
f 2057/2497/1410 2049/2489/1402 2052/2492/1405
f 2057/2497/1410 2053/2493/1406 2049/2489/1402
f 2058/2498/1411 2054/2494/1407 2050/2490/1403
f 2058/2498/1411 2050/2490/1403 2053/2493/1406
f 2059/2499/1412 2055/2495/1408 2051/2491/1404
f 2059/2499/1412 2051/2491/1404 2054/2494/1407
f 2059/2499/1412 2021/40/326 2055/2495/1408
f 2060/2500/1413 2019/288/1367 2020/2501/1365
f 2060/2500/1413 2056/2496/1409 2019/288/1367
f 2060/2500/1413 2052/2492/1405 2056/2496/1409
f 2060/2500/1413 2057/2497/1410 2052/2492/1405
f 2061/2502/1414 2053/2493/1406 2057/2497/1410
f 2061/2502/1414 2058/2498/1411 2053/2493/1406
f 2062/2503/1415 2054/2494/1407 2058/2498/1411
f 2062/2503/1415 2059/2499/1412 2054/2494/1407
f 2062/2503/1415 2021/40/326 2059/2499/1412
f 2063/2504/1416 2057/2497/1410 2060/2500/1413
f 2063/2504/1416 2061/2502/1414 2057/2497/1410
f 2064/2505/1417 2062/2503/1415 2058/2498/1411
f 2064/2505/1417 2021/40/326 2062/2503/1415
f 2064/2505/1417 2058/2498/1411 2061/2502/1414
f 2065/2506/1418 2020/2501/1365 2027/2507/1362
f 2065/2506/1418 2063/2504/1416 2060/2500/1413
f 2065/2506/1418 2060/2500/1413 2020/2501/1365
f 2066/2508/1419 2021/76/326 2064/2505/1417
f 2066/2508/1419 2061/2502/1414 2063/2504/1416
f 2066/2508/1419 2064/2505/1417 2061/2502/1414
f 2067/2509/1420 2027/2507/1362 2021/76/326
f 2067/2509/1420 2021/76/326 2066/2508/1419
f 2067/2509/1420 2065/2506/1418 2027/2507/1362
f 2067/2509/1420 2063/2504/1416 2065/2506/1418
f 2067/2509/1420 2066/2508/1419 2063/2504/1416
f 2076/2510/1421 2074/2481/1371 666/287/375
f 2076/2510/1421 666/287/375 2132/2511/1422
f 2077/2512/1423 2132/2511/1422 2075/299/1424
f 2077/2512/1423 2076/2510/1421 2132/2511/1422
f 2078/2513/1425 2075/299/1424 2131/2514/1426
f 2078/2513/1425 2077/2512/1423 2075/299/1424
f 2079/2515/1427 2073/2488/1368 2074/2481/1371
f 2079/2515/1427 2076/2510/1421 2077/2512/1423
f 2079/2515/1427 2074/2481/1371 2076/2510/1421
f 2080/2516/1428 2078/2513/1425 2131/2514/1426
f 2081/2517/1429 2079/2515/1427 2077/2512/1423
f 2081/2517/1429 2077/2512/1423 2078/2513/1425
f 2082/2518/1430 2022/288/1366 2073/2488/1368
f 2082/2518/1430 2073/2488/1368 2079/2515/1427
f 2083/2519/1431 2131/2514/1426 2130/311/1432
f 2083/2519/1431 2080/2516/1428 2131/2514/1426
f 2084/2520/1433 2081/2517/1429 2078/2513/1425
f 2084/2520/1433 2078/2513/1425 2080/2516/1428
f 2085/2521/1434 2079/2515/1427 2081/2517/1429
f 2085/2521/1434 2082/2518/1430 2079/2515/1427
f 2086/2522/1435 2130/311/1432 2129/2523/1436
f 2086/2522/1435 2083/2519/1431 2130/311/1432
f 2087/2524/1437 2080/2516/1428 2083/2519/1431
f 2087/2524/1437 2084/2520/1433 2080/2516/1428
f 2088/2525/1438 2081/2517/1429 2084/2520/1433
f 2088/2525/1438 2085/2521/1434 2081/2517/1429
f 2089/2526/1439 2072/2501/1364 2022/288/1366
f 2089/2526/1439 2022/288/1366 2082/2518/1430
f 2089/2526/1439 2082/2518/1430 2085/2521/1434
f 2090/2527/1440 662/168/363 2070/2528/1441
f 2090/2527/1440 2129/2523/1436 662/168/363
f 2090/2527/1440 2086/2522/1435 2129/2523/1436
f 2091/2529/1442 2083/2519/1431 2086/2522/1435
f 2091/2529/1442 2087/2524/1437 2083/2519/1431
f 2092/2530/1443 2084/2520/1433 2087/2524/1437
f 2092/2530/1443 2088/2525/1438 2084/2520/1433
f 2093/2531/1444 2085/2521/1434 2088/2525/1438
f 2093/2531/1444 2089/2526/1439 2085/2521/1434
f 2094/2532/1445 2071/2507/1363 2072/2501/1364
f 2094/2532/1445 2072/2501/1364 2089/2526/1439
f 2095/2533/1446 2070/2528/1441 2069/2534/1447
f 2095/2533/1446 2090/2527/1440 2070/2528/1441
f 2095/2533/1446 2086/2522/1435 2090/2527/1440
f 2095/2533/1446 2091/2529/1442 2086/2522/1435
f 2096/2535/1448 2087/2524/1437 2091/2529/1442
f 2096/2535/1448 2092/2530/1443 2087/2524/1437
f 2097/2536/1449 2088/2525/1438 2092/2530/1443
f 2097/2536/1449 2093/2531/1444 2088/2525/1438
f 2098/2537/1450 2089/2526/1439 2093/2531/1444
f 2098/2537/1450 2094/2532/1445 2089/2526/1439
f 2099/2538/1451 2091/2529/1442 2095/2533/1446
f 2099/2538/1451 2096/2535/1448 2091/2529/1442
f 2100/2539/1452 2092/2530/1443 2096/2535/1448
f 2100/2539/1452 2097/2536/1449 2092/2530/1443
f 2101/2540/1453 2098/2537/1450 2093/2531/1444
f 2101/2540/1453 2093/2531/1444 2097/2536/1449
f 2102/2541/1454 446/76/324 2071/2507/1363
f 2102/2541/1454 2071/2507/1363 2094/2532/1445
f 2102/2541/1454 2094/2532/1445 2098/2537/1450
f 2103/2542/1455 2069/2534/1447 2137/322/1456
f 2103/2542/1455 2095/2533/1446 2069/2534/1447
f 2103/2542/1455 2099/2538/1451 2095/2533/1446
f 2104/2543/1457 2096/2535/1448 2099/2538/1451
f 2104/2543/1457 2100/2539/1452 2096/2535/1448
f 2105/2544/1458 2101/2540/1453 2097/2536/1449
f 2105/2544/1458 2097/2536/1449 2100/2539/1452
f 2106/2545/1459 2098/2537/1450 2101/2540/1453
f 2106/2545/1459 2102/2541/1454 2098/2537/1450
f 2106/2545/1459 446/76/324 2102/2541/1454
f 2107/2546/1460 2137/322/1456 2136/2547/1461
f 2107/2546/1460 2103/2542/1455 2137/322/1456
f 2107/2546/1460 2099/2538/1451 2103/2542/1455
f 2107/2546/1460 2104/2543/1457 2099/2538/1451
f 2108/2548/1462 2100/2539/1452 2104/2543/1457
f 2108/2548/1462 2105/2544/1458 2100/2539/1452
f 2109/2549/1463 2101/2540/1453 2105/2544/1458
f 2109/2549/1463 2106/2545/1459 2101/2540/1453
f 2109/2549/1463 446/76/324 2106/2545/1459
f 2110/2550/1464 2104/2543/1457 2107/2546/1460
f 2110/2550/1464 2108/2548/1462 2104/2543/1457
f 2111/2551/1465 2109/2549/1463 2105/2544/1458
f 2111/2551/1465 2105/2544/1458 2108/2548/1462
f 2111/2551/1465 446/76/324 2109/2549/1463
f 2112/2552/1466 2136/2547/1461 2068/2553/1467
f 2112/2552/1466 2110/2550/1464 2107/2546/1460
f 2112/2552/1466 2107/2546/1460 2136/2547/1461
f 2113/2554/1468 2108/2548/1462 2110/2550/1464
f 2113/2554/1468 446/109/324 2111/2551/1465
f 2113/2554/1468 2111/2551/1465 2108/2548/1462
f 2114/2555/1469 2068/2553/1467 446/109/324
f 2114/2555/1469 446/109/324 2113/2554/1468
f 2114/2555/1469 2112/2552/1466 2068/2553/1467
f 2114/2555/1469 2110/2550/1464 2112/2552/1466
f 2114/2555/1469 2113/2554/1468 2110/2550/1464
f 2119/2556/1400 2021/2557/326 448/2558/325
f 2119/2556/1400 448/2558/325 2149/2559/1470
f 2118/2560/1394 2149/2559/1470 2121/2561/1471
f 2118/2560/1394 2119/2556/1400 2149/2559/1470
f 2028/2562/1384 2121/2561/1471 2148/2563/1472
f 2028/2562/1384 2118/2560/1394 2121/2561/1471
f 2117/2564/1380 2148/2563/1472 2120/2565/1473
f 2117/2564/1380 2028/2562/1384 2148/2563/1472
f 2116/2566/1374 2120/2565/1473 2147/2567/1474
f 2116/2566/1374 2117/2564/1380 2120/2565/1473
f 2115/2568/374 2147/2567/1474 2146/2569/371
f 2115/2568/374 2116/2566/1374 2147/2567/1474
f 2124/2570/1475 2023/1344/378 2122/2571/1390
f 2124/2570/1475 2200/2572/376 2023/1344/378
f 2201/2573/1476 2122/2571/1390 2123/2574/1386
f 2201/2573/1476 2124/2570/1475 2122/2571/1390
f 2125/2575/1477 2123/2574/1386 2024/2576/1378
f 2125/2575/1477 2201/2573/1476 2123/2574/1386
f 2202/2577/1478 2024/2576/1378 2025/2578/1376
f 2202/2577/1478 2125/2575/1477 2024/2576/1378
f 2203/2579/1479 2025/2578/1376 2026/2580/1373
f 2203/2579/1479 2202/2577/1478 2025/2578/1376
f 664/2581/373 2026/2580/1373 2115/2558/374
f 664/2581/373 2203/2579/1479 2026/2580/1373
f 2195/2582/1480 2128/2583/357 2251/2584/1481
f 2195/2582/1480 2345/2585/362 2128/2583/357
f 2196/2586/1482 2127/2587/1483 2250/2588/1484
f 2196/2586/1482 2251/2584/1481 2127/2587/1483
f 2196/2586/1482 2195/2582/1480 2251/2584/1481
f 2197/2589/1485 2196/2586/1482 2250/2588/1484
f 2198/2590/1486 2250/2588/1484 2126/2591/1487
f 2198/2590/1486 2197/2589/1485 2250/2588/1484
f 2199/2592/1488 2126/2591/1487 2249/2593/1489
f 2199/2592/1488 2198/2590/1486 2126/2591/1487
f 2200/2594/376 2249/2593/1489 665/2595/377
f 2200/2594/376 2199/2592/1488 2249/2593/1489
f 2246/2596/1490 662/2597/363 2129/2598/1436
f 2246/2596/1490 2129/2598/1436 2130/2599/1432
f 2246/2596/1490 2133/2600/364 662/2597/363
f 2247/2601/1491 2246/2596/1490 2130/2599/1432
f 2248/2602/1492 2130/2599/1432 2131/2603/1426
f 2248/2602/1492 2247/2601/1491 2130/2599/1432
f 2134/2604/1493 2131/2603/1426 2075/2605/1424
f 2134/2604/1493 2248/2602/1492 2131/2603/1426
f 2135/2606/1494 2075/2605/1424 2132/2607/1422
f 2135/2606/1494 2134/2604/1493 2075/2605/1424
f 665/2608/377 2132/2607/1422 666/2609/375
f 665/2608/377 2135/2606/1494 2132/2607/1422
f 447/2446/323 446/2610/324 2068/2611/1467
f 2295/2449/1495 2068/2611/1467 2136/2612/1461
f 2295/2449/1495 447/2446/323 2068/2611/1467
f 2296/2450/1496 2136/2612/1461 2137/2613/1456
f 2296/2450/1496 2295/2449/1495 2136/2612/1461
f 2138/2452/1497 2137/2613/1456 2069/2614/1447
f 2138/2452/1497 2296/2450/1496 2137/2613/1456
f 2139/2454/1498 2069/2614/1447 2070/2615/1441
f 2139/2454/1498 2138/2452/1497 2069/2614/1447
f 2140/2457/1499 2070/2615/1441 662/2616/363
f 2140/2457/1499 2139/2454/1498 2070/2615/1441
f 661/2458/366 2140/2457/1499 662/2616/363
f 448/2617/325 447/2558/323 2145/2559/1500
f 2150/2618/1501 2145/2559/1500 2144/2561/1502
f 2150/2618/1501 448/2617/325 2145/2559/1500
f 2141/2619/1503 2144/2561/1502 2294/2563/1504
f 2141/2619/1503 2150/2618/1501 2144/2561/1502
f 2151/2620/1505 2294/2563/1504 2293/2565/1506
f 2151/2620/1505 2141/2619/1503 2294/2563/1504
f 2152/2621/1507 2293/2565/1506 2143/2567/1508
f 2152/2621/1507 2151/2620/1505 2293/2565/1506
f 2153/2622/1509 2143/2567/1508 2292/2569/368
f 2153/2622/1509 2152/2621/1507 2143/2567/1508
f 2142/2623/367 2153/2622/1509 2292/2569/368
f 2156/2624/1510 2153/2625/1509 2142/156/367
f 2156/2624/1510 2142/156/367 2341/2626/1511
f 2157/2627/1512 2341/2626/1511 2155/190/1513
f 2157/2627/1512 2156/2624/1510 2341/2626/1511
f 2158/2628/1514 2155/190/1513 2340/158/1515
f 2158/2628/1514 2157/2627/1512 2155/190/1513
f 2159/2629/1516 2152/2630/1507 2153/2625/1509
f 2159/2629/1516 2156/2624/1510 2157/2627/1512
f 2159/2629/1516 2153/2625/1509 2156/2624/1510
f 2160/2631/1517 2158/2628/1514 2340/158/1515
f 2161/2632/1518 2159/2629/1516 2157/2627/1512
f 2161/2632/1518 2157/2627/1512 2158/2628/1514
f 2162/2633/1519 2151/1183/1505 2152/2630/1507
f 2162/2633/1519 2152/2630/1507 2159/2629/1516
f 2163/2634/1520 2340/158/1515 2154/196/1521
f 2163/2634/1520 2160/2631/1517 2340/158/1515
f 2164/2635/1522 2161/2632/1518 2158/2628/1514
f 2164/2635/1522 2158/2628/1514 2160/2631/1517
f 2165/2636/1523 2162/2633/1519 2159/2629/1516
f 2165/2636/1523 2159/2629/1516 2161/2632/1518
f 2166/2637/1524 2154/196/1521 2339/2638/1525
f 2166/2637/1524 2163/2634/1520 2154/196/1521
f 2167/2639/1526 2160/2631/1517 2163/2634/1520
f 2167/2639/1526 2164/2635/1522 2160/2631/1517
f 2168/2640/1527 2161/2632/1518 2164/2635/1522
f 2168/2640/1527 2165/2636/1523 2161/2632/1518
f 2169/2641/1528 2141/2642/1503 2151/1183/1505
f 2169/2641/1528 2162/2633/1519 2165/2636/1523
f 2169/2641/1528 2151/1183/1505 2162/2633/1519
f 2170/2643/1529 2146/203/371 2147/2644/1474
f 2170/2643/1529 2339/2638/1525 2146/203/371
f 2170/2643/1529 2166/2637/1524 2339/2638/1525
f 2171/2645/1530 2163/2634/1520 2166/2637/1524
f 2171/2645/1530 2167/2639/1526 2163/2634/1520
f 2172/2646/1531 2164/2635/1522 2167/2639/1526
f 2172/2646/1531 2168/2640/1527 2164/2635/1522
f 2173/2647/1532 2165/2636/1523 2168/2640/1527
f 2173/2647/1532 2169/2641/1528 2165/2636/1523
f 2174/2648/1533 2150/2649/1501 2141/2642/1503
f 2174/2648/1533 2141/2642/1503 2169/2641/1528
f 2175/2650/1534 2147/2644/1474 2120/2651/1473
f 2175/2650/1534 2170/2643/1529 2147/2644/1474
f 2175/2650/1534 2166/2637/1524 2170/2643/1529
f 2175/2650/1534 2171/2645/1530 2166/2637/1524
f 2176/2652/1535 2167/2639/1526 2171/2645/1530
f 2176/2652/1535 2172/2646/1531 2167/2639/1526
f 2177/2653/1536 2168/2640/1527 2172/2646/1531
f 2177/2653/1536 2173/2647/1532 2168/2640/1527
f 2178/2654/1537 2169/2641/1528 2173/2647/1532
f 2178/2654/1537 2174/2648/1533 2169/2641/1528
f 2179/2655/1538 2171/2645/1530 2175/2650/1534
f 2179/2655/1538 2176/2652/1535 2171/2645/1530
f 2180/2656/1539 2172/2646/1531 2176/2652/1535
f 2180/2656/1539 2177/2653/1536 2172/2646/1531
f 2181/2657/1540 2178/2654/1537 2173/2647/1532
f 2181/2657/1540 2173/2647/1532 2177/2653/1536
f 2182/2658/1541 2174/2648/1533 2178/2654/1537
f 2182/2658/1541 448/1185/325 2150/2649/1501
f 2182/2658/1541 2150/2649/1501 2174/2648/1533
f 2183/2659/1542 2120/2651/1473 2148/1216/1472
f 2183/2659/1542 2179/2655/1538 2175/2650/1534
f 2183/2659/1542 2175/2650/1534 2120/2651/1473
f 2184/2660/1543 2176/2652/1535 2179/2655/1538
f 2184/2660/1543 2180/2656/1539 2176/2652/1535
f 2185/2661/1544 2181/2657/1540 2177/2653/1536
f 2185/2661/1544 2177/2653/1536 2180/2656/1539
f 2186/2662/1545 448/1185/325 2182/2658/1541
f 2186/2662/1545 2178/2654/1537 2181/2657/1540
f 2186/2662/1545 2182/2658/1541 2178/2654/1537
f 2187/2663/1546 2148/1216/1472 2121/2664/1471
f 2187/2663/1546 2184/2660/1543 2179/2655/1538
f 2187/2663/1546 2183/2659/1542 2148/1216/1472
f 2187/2663/1546 2179/2655/1538 2183/2659/1542
f 2188/2665/1547 2180/2656/1539 2184/2660/1543
f 2188/2665/1547 2185/2661/1544 2180/2656/1539
f 2189/2666/1548 2181/2657/1540 2185/2661/1544
f 2189/2666/1548 2186/2662/1545 2181/2657/1540
f 2189/2666/1548 448/1185/325 2186/2662/1545
f 2190/2667/1549 2184/2660/1543 2187/2663/1546
f 2190/2667/1549 2188/2665/1547 2184/2660/1543
f 2191/2668/1550 2185/2661/1544 2188/2665/1547
f 2191/2668/1550 448/1185/325 2189/2666/1548
f 2191/2668/1550 2189/2666/1548 2185/2661/1544
f 2192/2669/1551 2121/2664/1471 2149/2670/1470
f 2192/2669/1551 2190/2667/1549 2187/2663/1546
f 2192/2669/1551 2187/2663/1546 2121/2664/1471
f 2193/2671/1552 2188/2665/1547 2190/2667/1549
f 2193/2671/1552 448/120/325 2191/2668/1550
f 2193/2671/1552 2191/2668/1550 2188/2665/1547
f 2194/2672/1553 2149/2670/1470 448/120/325
f 2194/2672/1553 448/120/325 2193/2671/1552
f 2194/2672/1553 2192/2669/1551 2149/2670/1470
f 2194/2672/1553 2190/2667/1549 2192/2669/1551
f 2194/2672/1553 2193/2671/1552 2190/2667/1549
f 2207/2673/1554 2204/2674/1555 2345/1273/362
f 2208/2675/1556 2207/2673/1554 2345/1273/362
f 2209/2676/1557 2208/2675/1556 2345/1273/362
f 2210/2677/1558 2346/2678/1559 2204/2674/1555
f 2210/2677/1558 2207/2673/1554 2208/2675/1556
f 2210/2677/1558 2204/2674/1555 2207/2673/1554
f 2211/2679/1560 2209/2676/1557 2345/1273/362
f 2212/2680/1561 2208/2675/1556 2209/2676/1557
f 2212/2680/1561 2210/2677/1558 2208/2675/1556
f 2213/2681/1562 2205/2682/1563 2346/2678/1559
f 2213/2681/1562 2346/2678/1559 2210/2677/1558
f 2214/2683/1564 2211/2679/1560 2345/1277/362
f 2215/2684/1565 2212/2680/1561 2209/2676/1557
f 2215/2684/1565 2209/2676/1557 2211/2679/1560
f 2216/2685/1566 2210/2677/1558 2212/2680/1561
f 2216/2685/1566 2213/2681/1562 2210/2677/1558
f 2217/2686/1567 2214/2683/1564 2345/1277/362
f 2218/2687/1568 2211/2679/1560 2214/2683/1564
f 2218/2687/1568 2215/2684/1565 2211/2679/1560
f 2219/2688/1569 2212/2680/1561 2215/2684/1565
f 2219/2688/1569 2216/2685/1566 2212/2680/1561
f 2220/2689/1570 2347/2690/1571 2205/2682/1563
f 2220/2689/1570 2205/2682/1563 2213/2681/1562
f 2220/2689/1570 2213/2681/1562 2216/2685/1566
f 2221/2691/1572 2345/1277/362 2195/2692/1480
f 2221/2691/1572 2217/2686/1567 2345/1277/362
f 2222/2693/1573 2214/2683/1564 2217/2686/1567
f 2222/2693/1573 2218/2687/1568 2214/2683/1564
f 2223/2694/1574 2215/2684/1565 2218/2687/1568
f 2223/2694/1574 2219/2688/1569 2215/2684/1565
f 2224/2695/1575 2216/2685/1566 2219/2688/1569
f 2224/2695/1575 2220/2689/1570 2216/2685/1566
f 2225/2696/1576 2206/2697/1577 2347/2690/1571
f 2225/2696/1576 2347/2690/1571 2220/2689/1570
f 2226/2698/1578 2195/2692/1480 2196/2699/1482
f 2226/2698/1578 2221/2691/1572 2195/2692/1480
f 2226/2698/1578 2217/2686/1567 2221/2691/1572
f 2226/2698/1578 2222/2693/1573 2217/2686/1567
f 2227/2700/1579 2223/2694/1574 2218/2687/1568
f 2227/2700/1579 2218/2687/1568 2222/2693/1573
f 2228/2701/1580 2219/2688/1569 2223/2694/1574
f 2228/2701/1580 2224/2695/1575 2219/2688/1569
f 2229/2702/1581 2220/2689/1570 2224/2695/1575
f 2229/2702/1581 2225/2696/1576 2220/2689/1570
f 2230/2703/1582 2222/2693/1573 2226/2698/1578
f 2230/2703/1582 2227/2700/1579 2222/2693/1573
f 2231/2704/1583 2228/2701/1580 2223/2694/1574
f 2231/2704/1583 2223/2694/1574 2227/2700/1579
f 2232/2705/1584 2224/2695/1575 2228/2701/1580
f 2232/2705/1584 2229/2702/1581 2224/2695/1575
f 2233/2706/1585 2225/2696/1576 2229/2702/1581
f 2233/2706/1585 2203/2461/1479 664/251/373
f 2233/2706/1585 664/251/373 2206/2697/1577
f 2233/2706/1585 2206/2697/1577 2225/2696/1576
f 2234/2707/1586 2196/2699/1482 2197/1283/1485
f 2234/2707/1586 2226/2698/1578 2196/2699/1482
f 2234/2707/1586 2230/2703/1582 2226/2698/1578
f 2235/2708/1587 2227/2700/1579 2230/2703/1582
f 2235/2708/1587 2231/2704/1583 2227/2700/1579
f 2236/2709/1588 2228/2701/1580 2231/2704/1583
f 2236/2709/1588 2232/2705/1584 2228/2701/1580
f 2237/2710/1589 2233/2706/1585 2229/2702/1581
f 2237/2710/1589 2202/263/1478 2203/2461/1479
f 2237/2710/1589 2229/2702/1581 2232/2705/1584
f 2237/2710/1589 2203/2461/1479 2233/2706/1585
f 2238/2711/1590 2197/1283/1485 2198/2712/1486
f 2238/2711/1590 2234/2707/1586 2197/1283/1485
f 2238/2711/1590 2230/2703/1582 2234/2707/1586
f 2238/2711/1590 2235/2708/1587 2230/2703/1582
f 2239/2713/1591 2231/2704/1583 2235/2708/1587
f 2239/2713/1591 2236/2709/1588 2231/2704/1583
f 2240/2714/1592 2125/2465/1477 2202/263/1478
f 2240/2714/1592 2232/2705/1584 2236/2709/1588
f 2240/2714/1592 2237/2710/1589 2232/2705/1584
f 2240/2714/1592 2202/263/1478 2237/2710/1589
f 2241/2715/1593 2235/2708/1587 2238/2711/1590
f 2241/2715/1593 2239/2713/1591 2235/2708/1587
f 2242/2716/1594 2201/275/1476 2125/2465/1477
f 2242/2716/1594 2125/2465/1477 2240/2714/1592
f 2242/2716/1594 2236/2709/1588 2239/2713/1591
f 2242/2716/1594 2240/2714/1592 2236/2709/1588
f 2243/2717/1595 2198/2712/1486 2199/2718/1488
f 2243/2717/1595 2241/2715/1593 2238/2711/1590
f 2243/2717/1595 2238/2711/1590 2198/2712/1486
f 2244/2719/1596 2124/2475/1475 2201/275/1476
f 2244/2719/1596 2201/275/1476 2242/2716/1594
f 2244/2719/1596 2239/2713/1591 2241/2715/1593
f 2244/2719/1596 2242/2716/1594 2239/2713/1591
f 2245/2720/1597 2199/2718/1488 2200/287/376
f 2245/2720/1597 2200/287/376 2124/2475/1475
f 2245/2720/1597 2124/2475/1475 2244/2719/1596
f 2245/2720/1597 2243/2717/1595 2199/2718/1488
f 2245/2720/1597 2241/2715/1593 2243/2717/1595
f 2245/2720/1597 2244/2719/1596 2241/2715/1593
f 2253/2721/1598 2251/2692/1481 2128/1277/357
f 2254/2722/1599 2253/2721/1598 2128/1277/357
f 2255/2723/1600 2254/2722/1599 2128/1277/357
f 2256/2724/1601 2127/2699/1483 2251/2692/1481
f 2256/2724/1601 2251/2692/1481 2253/2721/1598
f 2256/2724/1601 2253/2721/1598 2254/2722/1599
f 2257/2725/1602 2255/2723/1600 2128/1277/357
f 2258/2726/1603 2254/2722/1599 2255/2723/1600
f 2258/2726/1603 2256/2724/1601 2254/2722/1599
f 2259/2727/1604 2250/1283/1484 2127/2699/1483
f 2259/2727/1604 2127/2699/1483 2256/2724/1601
f 2260/2728/1605 2257/2725/1602 2128/2729/357
f 2261/2730/1606 2255/2723/1600 2257/2725/1602
f 2261/2730/1606 2258/2726/1603 2255/2723/1600
f 2262/2731/1607 2256/2724/1601 2258/2726/1603
f 2262/2731/1607 2259/2727/1604 2256/2724/1601
f 2263/2732/1608 2260/2728/1605 2128/2729/357
f 2264/2733/1609 2257/2725/1602 2260/2728/1605
f 2264/2733/1609 2261/2730/1606 2257/2725/1602
f 2265/2734/1610 2258/2726/1603 2261/2730/1606
f 2265/2734/1610 2262/2731/1607 2258/2726/1603
f 2266/2735/1611 2126/2712/1487 2250/1283/1484
f 2266/2735/1611 2250/1283/1484 2259/2727/1604
f 2266/2735/1611 2259/2727/1604 2262/2731/1607
f 2267/2736/1612 2128/2729/357 2252/2737/1613
f 2267/2736/1612 2263/2732/1608 2128/2729/357
f 2268/2738/1614 2260/2728/1605 2263/2732/1608
f 2268/2738/1614 2264/2733/1609 2260/2728/1605
f 2269/2739/1615 2261/2730/1606 2264/2733/1609
f 2269/2739/1615 2265/2734/1610 2261/2730/1606
f 2270/2740/1616 2262/2731/1607 2265/2734/1610
f 2270/2740/1616 2266/2735/1611 2262/2731/1607
f 2271/2741/1617 2249/2718/1489 2126/2712/1487
f 2271/2741/1617 2126/2712/1487 2266/2735/1611
f 2272/2742/1618 2252/2737/1613 2353/2743/1619
f 2272/2742/1618 2267/2736/1612 2252/2737/1613
f 2272/2742/1618 2263/2732/1608 2267/2736/1612
f 2272/2742/1618 2268/2738/1614 2263/2732/1608
f 2273/2744/1620 2269/2739/1615 2264/2733/1609
f 2273/2744/1620 2264/2733/1609 2268/2738/1614
f 2274/2745/1621 2265/2734/1610 2269/2739/1615
f 2274/2745/1621 2270/2740/1616 2265/2734/1610
f 2275/2746/1622 2266/2735/1611 2270/2740/1616
f 2275/2746/1622 2271/2741/1617 2266/2735/1611
f 2276/2747/1623 2268/2738/1614 2272/2742/1618
f 2276/2747/1623 2273/2744/1620 2268/2738/1614
f 2277/2748/1624 2269/2739/1615 2273/2744/1620
f 2277/2748/1624 2274/2745/1621 2269/2739/1615
f 2278/2749/1625 2270/2740/1616 2274/2745/1621
f 2278/2749/1625 2275/2746/1622 2270/2740/1616
f 2279/2750/1626 2271/2741/1617 2275/2746/1622
f 2279/2750/1626 2135/2511/1494 665/287/377
f 2279/2750/1626 665/287/377 2249/2718/1489
f 2279/2750/1626 2249/2718/1489 2271/2741/1617
f 2280/2751/1627 2353/2743/1619 2352/2752/1628
f 2280/2751/1627 2272/2742/1618 2353/2743/1619
f 2280/2751/1627 2276/2747/1623 2272/2742/1618
f 2281/2753/1629 2273/2744/1620 2276/2747/1623
f 2281/2753/1629 2277/2748/1624 2273/2744/1620
f 2282/2754/1630 2274/2745/1621 2277/2748/1624
f 2282/2754/1630 2278/2749/1625 2274/2745/1621
f 2283/2755/1631 2279/2750/1626 2275/2746/1622
f 2283/2755/1631 2134/299/1493 2135/2511/1494
f 2283/2755/1631 2275/2746/1622 2278/2749/1625
f 2283/2755/1631 2135/2511/1494 2279/2750/1626
f 2284/2756/1632 2280/2751/1627 2352/2752/1628
f 2284/2756/1632 2352/2752/1628 2351/2757/1633
f 2284/2756/1632 2276/2747/1623 2280/2751/1627
f 2284/2756/1632 2281/2753/1629 2276/2747/1623
f 2285/2758/1634 2282/2754/1630 2277/2748/1624
f 2285/2758/1634 2277/2748/1624 2281/2753/1629
f 2286/2759/1635 2248/2514/1492 2134/299/1493
f 2286/2759/1635 2278/2749/1625 2282/2754/1630
f 2286/2759/1635 2134/299/1493 2283/2755/1631
f 2286/2759/1635 2283/2755/1631 2278/2749/1625
f 2287/2760/1636 2281/2753/1629 2284/2756/1632
f 2287/2760/1636 2285/2758/1634 2281/2753/1629
f 2288/2761/1637 2247/311/1491 2248/2514/1492
f 2288/2761/1637 2248/2514/1492 2286/2759/1635
f 2288/2761/1637 2282/2754/1630 2285/2758/1634
f 2288/2761/1637 2286/2759/1635 2282/2754/1630
f 2289/2762/1638 2351/2757/1633 2350/2763/1639
f 2289/2762/1638 2284/2756/1632 2351/2757/1633
f 2289/2762/1638 2287/2760/1636 2284/2756/1632
f 2290/2764/1640 2246/2523/1490 2247/311/1491
f 2290/2764/1640 2247/311/1491 2288/2761/1637
f 2290/2764/1640 2285/2758/1634 2287/2760/1636
f 2290/2764/1640 2288/2761/1637 2285/2758/1634
f 2291/2765/1641 2133/168/364 2246/2523/1490
f 2291/2765/1641 2350/2763/1639 2133/168/364
f 2291/2765/1641 2290/2764/1640 2287/2760/1636
f 2291/2765/1641 2246/2523/1490 2290/2764/1640
f 2291/2765/1641 2289/2762/1638 2350/2763/1639
f 2291/2765/1641 2287/2760/1636 2289/2762/1638
f 2300/2766/1642 2140/2528/1499 661/168/366
f 2300/2766/1642 661/168/366 2299/2767/1643
f 2301/2768/1644 2299/2767/1643 2298/173/1645
f 2301/2768/1644 2300/2766/1642 2299/2767/1643
f 2302/2769/1646 2298/173/1645 2358/2276/1647
f 2302/2769/1646 2301/2768/1644 2298/173/1645
f 2303/2770/1648 2139/2534/1498 2140/2528/1499
f 2303/2770/1648 2300/2766/1642 2301/2768/1644
f 2303/2770/1648 2140/2528/1499 2300/2766/1642
f 2304/2771/1649 2302/2769/1646 2358/2276/1647
f 2305/2772/1650 2303/2770/1648 2301/2768/1644
f 2305/2772/1650 2301/2768/1644 2302/2769/1646
f 2306/2773/1651 2138/322/1497 2139/2534/1498
f 2306/2773/1651 2139/2534/1498 2303/2770/1648
f 2307/2774/1652 2358/2276/1647 2357/180/1653
f 2307/2774/1652 2304/2771/1649 2358/2276/1647
f 2308/2775/1654 2305/2772/1650 2302/2769/1646
f 2308/2775/1654 2302/2769/1646 2304/2771/1649
f 2309/2776/1655 2306/2773/1651 2303/2770/1648
f 2309/2776/1655 2303/2770/1648 2305/2772/1650
f 2310/2777/1656 2357/180/1653 2297/2778/1657
f 2310/2777/1656 2307/2774/1652 2357/180/1653
f 2311/2779/1658 2304/2771/1649 2307/2774/1652
f 2311/2779/1658 2308/2775/1654 2304/2771/1649
f 2312/2780/1659 2305/2772/1650 2308/2775/1654
f 2312/2780/1659 2309/2776/1655 2305/2772/1650
f 2313/2781/1660 2296/2547/1496 2138/322/1497
f 2313/2781/1660 2306/2773/1651 2309/2776/1655
f 2313/2781/1660 2138/322/1497 2306/2773/1651
f 2314/2782/1661 2292/156/368 2143/2625/1508
f 2314/2782/1661 2297/2778/1657 2292/156/368
f 2314/2782/1661 2310/2777/1656 2297/2778/1657
f 2315/2783/1662 2307/2774/1652 2310/2777/1656
f 2315/2783/1662 2311/2779/1658 2307/2774/1652
f 2316/2784/1663 2308/2775/1654 2311/2779/1658
f 2316/2784/1663 2312/2780/1659 2308/2775/1654
f 2317/2785/1664 2309/2776/1655 2312/2780/1659
f 2317/2785/1664 2313/2781/1660 2309/2776/1655
f 2318/2786/1665 2295/2553/1495 2296/2547/1496
f 2318/2786/1665 2296/2547/1496 2313/2781/1660
f 2319/2787/1666 2143/2625/1508 2293/2630/1506
f 2319/2787/1666 2314/2782/1661 2143/2625/1508
f 2319/2787/1666 2310/2777/1656 2314/2782/1661
f 2319/2787/1666 2315/2783/1662 2310/2777/1656
f 2320/2788/1667 2311/2779/1658 2315/2783/1662
f 2320/2788/1667 2316/2784/1663 2311/2779/1658
f 2321/2789/1668 2312/2780/1659 2316/2784/1663
f 2321/2789/1668 2317/2785/1664 2312/2780/1659
f 2322/2790/1669 2313/2781/1660 2317/2785/1664
f 2322/2790/1669 2318/2786/1665 2313/2781/1660
f 2323/2791/1670 2315/2783/1662 2319/2787/1666
f 2323/2791/1670 2320/2788/1667 2315/2783/1662
f 2324/2792/1671 2316/2784/1663 2320/2788/1667
f 2324/2792/1671 2321/2789/1668 2316/2784/1663
f 2325/2793/1672 2322/2790/1669 2317/2785/1664
f 2325/2793/1672 2317/2785/1664 2321/2789/1668
f 2326/2794/1673 2318/2786/1665 2322/2790/1669
f 2326/2794/1673 447/109/323 2295/2553/1495
f 2326/2794/1673 2295/2553/1495 2318/2786/1665
f 2327/2795/1674 2293/2630/1506 2294/1183/1504
f 2327/2795/1674 2323/2791/1670 2319/2787/1666
f 2327/2795/1674 2319/2787/1666 2293/2630/1506
f 2328/2796/1675 2320/2788/1667 2323/2791/1670
f 2328/2796/1675 2324/2792/1671 2320/2788/1667
f 2329/2797/1676 2325/2793/1672 2321/2789/1668
f 2329/2797/1676 2321/2789/1668 2324/2792/1671
f 2330/2798/1677 447/109/323 2326/2794/1673
f 2330/2798/1677 2322/2790/1669 2325/2793/1672
f 2330/2798/1677 2326/2794/1673 2322/2790/1669
f 2331/2799/1678 2294/1183/1504 2144/2642/1502
f 2331/2799/1678 2328/2796/1675 2323/2791/1670
f 2331/2799/1678 2327/2795/1674 2294/1183/1504
f 2331/2799/1678 2323/2791/1670 2327/2795/1674
f 2332/2800/1679 2324/2792/1671 2328/2796/1675
f 2332/2800/1679 2329/2797/1676 2324/2792/1671
f 2333/2801/1680 2325/2793/1672 2329/2797/1676
f 2333/2801/1680 2330/2798/1677 2325/2793/1672
f 2333/2801/1680 447/109/323 2330/2798/1677
f 2334/2802/1681 2328/2796/1675 2331/2799/1678
f 2334/2802/1681 2332/2800/1679 2328/2796/1675
f 2335/2803/1682 2329/2797/1676 2332/2800/1679
f 2335/2803/1682 447/109/323 2333/2801/1680
f 2335/2803/1682 2333/2801/1680 2329/2797/1676
f 2336/2804/1683 2144/2642/1502 2145/2649/1500
f 2336/2804/1683 2334/2802/1681 2331/2799/1678
f 2336/2804/1683 2331/2799/1678 2144/2642/1502
f 2337/2805/1684 2332/2800/1679 2334/2802/1681
f 2337/2805/1684 447/1185/323 2335/2803/1682
f 2337/2805/1684 2335/2803/1682 2332/2800/1679
f 2338/2806/1685 2145/2649/1500 447/1185/323
f 2338/2806/1685 447/1185/323 2337/2805/1684
f 2338/2806/1685 2336/2804/1683 2145/2649/1500
f 2338/2806/1685 2334/2802/1681 2336/2804/1683
f 2338/2806/1685 2337/2805/1684 2334/2802/1681
f 2366/2581/372 2146/2558/371 2339/2559/1525
f 2342/2807/1686 2339/2559/1525 2154/2561/1521
f 2342/2807/1686 2366/2581/372 2339/2559/1525
f 2367/2808/1687 2154/2561/1521 2340/2563/1515
f 2367/2808/1687 2342/2807/1686 2154/2561/1521
f 2368/2809/1688 2340/2563/1515 2155/2565/1513
f 2368/2809/1688 2367/2808/1687 2340/2563/1515
f 2343/2810/1689 2155/2565/1513 2341/2567/1511
f 2343/2810/1689 2368/2809/1688 2155/2565/1513
f 2344/2811/1690 2341/2567/1511 2142/2569/367
f 2344/2811/1690 2343/2810/1689 2341/2567/1511
f 2460/2812/370 2344/2811/1690 2142/2569/367
f 2362/2813/1691 2345/2814/362 2204/2815/1555
f 2362/2813/1691 2348/2816/359 2345/2814/362
f 2363/2817/1692 2204/2815/1555 2346/2818/1559
f 2363/2817/1692 2362/2813/1691 2204/2815/1555
f 2364/2819/1693 2346/2818/1559 2205/2820/1563
f 2364/2819/1693 2363/2817/1692 2346/2818/1559
f 2365/2821/1694 2205/2820/1563 2347/2822/1571
f 2365/2821/1694 2364/2819/1693 2205/2820/1563
f 2349/2823/1695 2347/2822/1571 2206/2824/1577
f 2349/2823/1695 2365/2821/1694 2347/2822/1571
f 2366/2825/372 2206/2824/1577 664/2826/373
f 2366/2825/372 2349/2823/1695 2206/2824/1577
f 2252/2813/1613 2128/2816/357 2416/2814/356
f 2252/2813/1613 2415/2815/1696 2356/2818/1697
f 2252/2813/1613 2416/2814/356 2415/2815/1696
f 2353/2817/1619 2356/2818/1697 2414/2820/1698
f 2353/2817/1619 2252/2813/1613 2356/2818/1697
f 2352/2819/1628 2414/2820/1698 2355/2822/1699
f 2352/2819/1628 2353/2817/1619 2414/2820/1698
f 2351/2821/1633 2355/2822/1699 2354/2824/1700
f 2351/2821/1633 2352/2819/1628 2355/2822/1699
f 2350/2823/1639 2351/2821/1633 2354/2824/1700
f 2133/2825/364 2354/2824/1700 2359/2826/365
f 2133/2825/364 2350/2823/1639 2354/2824/1700
f 2360/2827/1701 2292/2569/368 2297/2828/1657
f 2360/2827/1701 2297/2828/1657 2357/2829/1653
f 2360/2827/1701 663/2812/369 2292/2569/368
f 2361/2830/1702 2357/2829/1653 2358/2831/1647
f 2361/2830/1702 2360/2827/1701 2357/2829/1653
f 2411/2832/1703 2358/2831/1647 2298/2833/1645
f 2411/2832/1703 2361/2830/1702 2358/2831/1647
f 2412/2834/1704 2298/2833/1645 2299/2835/1643
f 2412/2834/1704 2411/2832/1703 2298/2833/1645
f 2413/2836/1705 2412/2834/1704 2299/2835/1643
f 2359/2600/365 2299/2835/1643 661/2597/366
f 2359/2600/365 2413/2836/1705 2299/2835/1643
f 2372/2837/1706 2369/2838/1707 2348/2839/359
f 2373/2840/1708 2372/2837/1706 2348/2839/359
f 2374/2841/1709 2373/2840/1708 2348/2839/359
f 2375/2842/1710 2458/2843/1711 2369/2838/1707
f 2375/2842/1710 2372/2837/1706 2373/2840/1708
f 2375/2842/1710 2369/2838/1707 2372/2837/1706
f 2376/2844/1712 2374/2841/1709 2348/2839/359
f 2377/2845/1713 2373/2840/1708 2374/2841/1709
f 2377/2845/1713 2375/2842/1710 2373/2840/1708
f 2378/2846/1714 2370/2847/1715 2458/2843/1711
f 2378/2846/1714 2458/2843/1711 2375/2842/1710
f 2379/2848/1716 2376/2844/1712 2348/2849/359
f 2380/2850/1717 2377/2845/1713 2374/2841/1709
f 2380/2850/1717 2374/2841/1709 2376/2844/1712
f 2381/2851/1718 2375/2842/1710 2377/2845/1713
f 2381/2851/1718 2378/2846/1714 2375/2842/1710
f 2382/2852/1719 2379/2848/1716 2348/2849/359
f 2383/2853/1720 2376/2844/1712 2379/2848/1716
f 2383/2853/1720 2380/2850/1717 2376/2844/1712
f 2384/2854/1721 2377/2845/1713 2380/2850/1717
f 2384/2854/1721 2381/2851/1718 2377/2845/1713
f 2385/2855/1722 2371/2856/1723 2370/2847/1715
f 2385/2855/1722 2370/2847/1715 2378/2846/1714
f 2385/2855/1722 2378/2846/1714 2381/2851/1718
f 2386/2857/1724 2348/2849/359 2362/2858/1691
f 2386/2857/1724 2382/2852/1719 2348/2849/359
f 2387/2859/1725 2379/2848/1716 2382/2852/1719
f 2387/2859/1725 2383/2853/1720 2379/2848/1716
f 2388/2860/1726 2380/2850/1717 2383/2853/1720
f 2388/2860/1726 2384/2854/1721 2380/2850/1717
f 2389/2861/1727 2381/2851/1718 2384/2854/1721
f 2389/2861/1727 2385/2855/1722 2381/2851/1718
f 2390/2862/1728 2459/2863/1729 2371/2856/1723
f 2390/2862/1728 2371/2856/1723 2385/2855/1722
f 2391/2864/1730 2362/2858/1691 2363/2865/1692
f 2391/2864/1730 2386/2857/1724 2362/2858/1691
f 2391/2864/1730 2382/2852/1719 2386/2857/1724
f 2391/2864/1730 2387/2859/1725 2382/2852/1719
f 2392/2866/1731 2388/2860/1726 2383/2853/1720
f 2392/2866/1731 2383/2853/1720 2387/2859/1725
f 2393/2867/1732 2384/2854/1721 2388/2860/1726
f 2393/2867/1732 2389/2861/1727 2384/2854/1721
f 2394/2868/1733 2385/2855/1722 2389/2861/1727
f 2394/2868/1733 2390/2862/1728 2385/2855/1722
f 2395/2869/1734 2387/2859/1725 2391/2864/1730
f 2395/2869/1734 2392/2866/1731 2387/2859/1725
f 2396/2870/1735 2393/2867/1732 2388/2860/1726
f 2396/2870/1735 2388/2860/1726 2392/2866/1731
f 2397/2871/1736 2389/2861/1727 2393/2867/1732
f 2397/2871/1736 2394/2868/1733 2389/2861/1727
f 2398/2872/1737 2390/2862/1728 2394/2868/1733
f 2398/2872/1737 2344/2626/1690 2460/156/370
f 2398/2872/1737 2460/156/370 2459/2863/1729
f 2398/2872/1737 2459/2863/1729 2390/2862/1728
f 2399/2873/1738 2363/2865/1692 2364/2874/1693
f 2399/2873/1738 2391/2864/1730 2363/2865/1692
f 2399/2873/1738 2395/2869/1734 2391/2864/1730
f 2400/2875/1739 2392/2866/1731 2395/2869/1734
f 2400/2875/1739 2396/2870/1735 2392/2866/1731
f 2401/2876/1740 2393/2867/1732 2396/2870/1735
f 2401/2876/1740 2397/2871/1736 2393/2867/1732
f 2402/2877/1741 2398/2872/1737 2394/2868/1733
f 2402/2877/1741 2343/190/1689 2344/2626/1690
f 2402/2877/1741 2394/2868/1733 2397/2871/1736
f 2402/2877/1741 2344/2626/1690 2398/2872/1737
f 2403/2878/1742 2364/2874/1693 2365/2879/1694
f 2403/2878/1742 2399/2873/1738 2364/2874/1693
f 2403/2878/1742 2395/2869/1734 2399/2873/1738
f 2403/2878/1742 2400/2875/1739 2395/2869/1734
f 2404/2880/1743 2396/2870/1735 2400/2875/1739
f 2404/2880/1743 2401/2876/1740 2396/2870/1735
f 2405/2881/1744 2368/158/1688 2343/190/1689
f 2405/2881/1744 2397/2871/1736 2401/2876/1740
f 2405/2881/1744 2402/2877/1741 2397/2871/1736
f 2405/2881/1744 2343/190/1689 2402/2877/1741
f 2406/2882/1745 2400/2875/1739 2403/2878/1742
f 2406/2882/1745 2404/2880/1743 2400/2875/1739
f 2407/2883/1746 2367/196/1687 2368/158/1688
f 2407/2883/1746 2368/158/1688 2405/2881/1744
f 2407/2883/1746 2401/2876/1740 2404/2880/1743
f 2407/2883/1746 2405/2881/1744 2401/2876/1740
f 2408/2884/1747 2365/2879/1694 2349/2885/1695
f 2408/2884/1747 2406/2882/1745 2403/2878/1742
f 2408/2884/1747 2403/2878/1742 2365/2879/1694
f 2409/2886/1748 2342/2638/1686 2367/196/1687
f 2409/2886/1748 2367/196/1687 2407/2883/1746
f 2409/2886/1748 2404/2880/1743 2406/2882/1745
f 2409/2886/1748 2407/2883/1746 2404/2880/1743
f 2410/2887/1749 2349/2885/1695 2366/203/372
f 2410/2887/1749 2366/203/372 2342/2638/1686
f 2410/2887/1749 2342/2638/1686 2409/2886/1748
f 2410/2887/1749 2408/2884/1747 2349/2885/1695
f 2410/2887/1749 2406/2882/1745 2408/2884/1747
f 2410/2887/1749 2409/2886/1748 2406/2882/1745
f 2419/2888/1750 2415/2737/1696 2416/2729/356
f 2420/2889/1751 2419/2888/1750 2416/2729/356
f 2421/2890/1752 2420/2889/1751 2416/2729/356
f 2422/2891/1753 2356/2743/1697 2415/2737/1696
f 2422/2891/1753 2415/2737/1696 2419/2888/1750
f 2422/2891/1753 2419/2888/1750 2420/2889/1751
f 2423/2892/1754 2421/2890/1752 2416/2729/356
f 2424/2893/1755 2420/2889/1751 2421/2890/1752
f 2424/2893/1755 2422/2891/1753 2420/2889/1751
f 2425/2894/1756 2414/2752/1698 2356/2743/1697
f 2425/2894/1756 2356/2743/1697 2422/2891/1753
f 2426/2895/1757 2423/2892/1754 2416/2839/356
f 2427/2896/1758 2421/2890/1752 2423/2892/1754
f 2427/2896/1758 2424/2893/1755 2421/2890/1752
f 2428/2897/1759 2422/2891/1753 2424/2893/1755
f 2428/2897/1759 2425/2894/1756 2422/2891/1753
f 2429/2898/1760 2426/2895/1757 2416/2839/356
f 2430/2899/1761 2423/2892/1754 2426/2895/1757
f 2430/2899/1761 2427/2896/1758 2423/2892/1754
f 2431/2900/1762 2424/2893/1755 2427/2896/1758
f 2431/2900/1762 2428/2897/1759 2424/2893/1755
f 2432/2901/1763 2355/2757/1699 2414/2752/1698
f 2432/2901/1763 2414/2752/1698 2425/2894/1756
f 2432/2901/1763 2425/2894/1756 2428/2897/1759
f 2433/2902/1764 2416/2839/356 2418/2838/1765
f 2433/2902/1764 2429/2898/1760 2416/2839/356
f 2434/2903/1766 2426/2895/1757 2429/2898/1760
f 2434/2903/1766 2430/2899/1761 2426/2895/1757
f 2435/2904/1767 2427/2896/1758 2430/2899/1761
f 2435/2904/1767 2431/2900/1762 2427/2896/1758
f 2436/2905/1768 2428/2897/1759 2431/2900/1762
f 2436/2905/1768 2432/2901/1763 2428/2897/1759
f 2437/2906/1769 2354/2763/1700 2355/2757/1699
f 2437/2906/1769 2355/2757/1699 2432/2901/1763
f 2438/2907/1770 2418/2838/1765 2463/2843/1771
f 2438/2907/1770 2433/2902/1764 2418/2838/1765
f 2438/2907/1770 2429/2898/1760 2433/2902/1764
f 2438/2907/1770 2434/2903/1766 2429/2898/1760
f 2439/2908/1772 2435/2904/1767 2430/2899/1761
f 2439/2908/1772 2430/2899/1761 2434/2903/1766
f 2440/2909/1773 2431/2900/1762 2435/2904/1767
f 2440/2909/1773 2436/2905/1768 2431/2900/1762
f 2441/2910/1774 2432/2901/1763 2436/2905/1768
f 2441/2910/1774 2437/2906/1769 2432/2901/1763
f 2442/2911/1775 2434/2903/1766 2438/2907/1770
f 2442/2911/1775 2439/2908/1772 2434/2903/1766
f 2443/2912/1776 2435/2904/1767 2439/2908/1772
f 2443/2912/1776 2440/2909/1773 2435/2904/1767
f 2444/2913/1777 2436/2905/1768 2440/2909/1773
f 2444/2913/1777 2441/2910/1774 2436/2905/1768
f 2445/2914/1778 2437/2906/1769 2441/2910/1774
f 2445/2914/1778 2413/2767/1705 2359/168/365
f 2445/2914/1778 2359/168/365 2354/2763/1700
f 2445/2914/1778 2354/2763/1700 2437/2906/1769
f 2446/2915/1779 2463/2843/1771 2462/2847/1780
f 2446/2915/1779 2438/2907/1770 2463/2843/1771
f 2446/2915/1779 2442/2911/1775 2438/2907/1770
f 2447/2916/1781 2439/2908/1772 2442/2911/1775
f 2447/2916/1781 2443/2912/1776 2439/2908/1772
f 2448/2917/1782 2440/2909/1773 2443/2912/1776
f 2448/2917/1782 2444/2913/1777 2440/2909/1773
f 2449/2918/1783 2445/2914/1778 2441/2910/1774
f 2449/2918/1783 2412/173/1704 2413/2767/1705
f 2449/2918/1783 2441/2910/1774 2444/2913/1777
f 2449/2918/1783 2413/2767/1705 2445/2914/1778
f 2450/2919/1784 2446/2915/1779 2462/2847/1780
f 2450/2919/1784 2462/2847/1780 2417/2856/1785
f 2450/2919/1784 2442/2911/1775 2446/2915/1779
f 2450/2919/1784 2447/2916/1781 2442/2911/1775
f 2451/2920/1786 2448/2917/1782 2443/2912/1776
f 2451/2920/1786 2443/2912/1776 2447/2916/1781
f 2452/2921/1787 2411/2276/1703 2412/173/1704
f 2452/2921/1787 2444/2913/1777 2448/2917/1782
f 2452/2921/1787 2449/2918/1783 2444/2913/1777
f 2452/2921/1787 2412/173/1704 2449/2918/1783
f 2453/2922/1788 2447/2916/1781 2450/2919/1784
f 2453/2922/1788 2451/2920/1786 2447/2916/1781
f 2454/2923/1789 2361/180/1702 2411/2276/1703
f 2454/2923/1789 2411/2276/1703 2452/2921/1787
f 2454/2923/1789 2448/2917/1782 2451/2920/1786
f 2454/2923/1789 2452/2921/1787 2448/2917/1782
f 2455/2924/1790 2417/2856/1785 2461/2863/1791
f 2455/2924/1790 2450/2919/1784 2417/2856/1785
f 2455/2924/1790 2453/2922/1788 2450/2919/1784
f 2456/2925/1792 2360/2778/1701 2361/180/1702
f 2456/2925/1792 2361/180/1702 2454/2923/1789
f 2456/2925/1792 2451/2920/1786 2453/2922/1788
f 2456/2925/1792 2454/2923/1789 2451/2920/1786
f 2457/2926/1793 663/156/369 2360/2778/1701
f 2457/2926/1793 2461/2863/1791 663/156/369
f 2457/2926/1793 2456/2925/1792 2453/2922/1788
f 2457/2926/1793 2360/2778/1701 2456/2925/1792
f 2457/2926/1793 2455/2924/1790 2461/2863/1791
f 2457/2926/1793 2453/2922/1788 2455/2924/1790
f 2418/2927/1765 2348/2928/359 2369/2929/1707
f 2418/2927/1765 2369/2929/1707 2458/2930/1711
f 2418/2927/1765 2416/2931/356 2348/2928/359
f 2463/2932/1771 2458/2930/1711 2370/2933/1715
f 2463/2932/1771 2418/2927/1765 2458/2930/1711
f 2462/2934/1780 2463/2932/1771 2370/2933/1715
f 2417/2935/1785 2370/2933/1715 2371/2936/1723
f 2417/2935/1785 2462/2934/1780 2370/2933/1715
f 2461/2937/1791 2371/2936/1723 2459/2938/1729
f 2461/2937/1791 2459/2938/1729 2460/2939/370
f 2461/2937/1791 2417/2935/1785 2371/2936/1723
f 663/2940/369 2461/2937/1791 2460/2939/370
o Rotating_Base
v 28.887978 -14.349983 27.930021
v 28.705645 -12.762483 25.845968
v 27.978649 -12.762484 26.355017
v 27.853928 -12.762484 27.062346
v 27.901299 -12.762484 27.239141
v 27.978649 -12.762484 27.405020
v 28.213049 -12.762484 27.684362
v 28.362974 -12.762484 27.789343
v 28.528854 -12.762484 27.866697
v 28.705645 -12.762484 27.914068
v 28.705647 -14.349983 25.845968
v 28.528856 -14.349984 25.893339
v 28.362976 -14.349984 25.970694
v 27.853930 -14.349984 26.697691
v 27.837976 -14.349984 26.880018
v 27.853930 -14.349984 27.062346
v 27.901300 -14.349984 27.239141
v 27.978651 -14.349984 27.405020
v 28.083630 -14.349984 27.554945
v 28.213051 -14.349984 27.684362
v 28.705647 -14.349984 27.914068
v -11.312023 -14.350010 27.930021
v -11.312024 -12.762509 25.830015
v -11.837024 -12.762509 25.970694
v -11.986951 -12.762509 26.075674
v -12.116370 -12.762509 26.205091
v -12.221351 -12.762509 26.355017
v -12.298701 -12.762510 26.520895
v -12.362024 -12.762510 26.880018
v -11.671145 -12.762509 27.866697
v -11.312023 -14.350010 25.830015
v -11.494353 -14.350010 25.845968
v -11.837023 -14.350010 25.970694
v -12.116369 -14.350010 27.554945
v -11.986950 -14.350010 27.684362
v -11.671144 -14.350010 27.866697
v 28.887960 12.762517 27.930025
v 28.705627 14.350018 25.845972
v 28.528837 14.350017 25.893343
v 28.213032 14.350017 26.075678
v 28.083611 14.350017 26.205095
v 27.978632 14.350017 26.355021
v 27.853910 14.350017 26.697695
v 27.837957 14.350017 26.880022
v 27.978632 14.350017 27.405024
v 28.083611 14.350017 27.554949
v 28.213032 14.350017 27.684366
v 28.528837 14.350017 27.866701
v 28.887960 12.762517 25.830019
v 28.528839 12.762516 27.866701
v 28.362959 12.762516 27.789347
v 28.213034 12.762516 27.684366
v 28.083612 12.762516 27.554949
v 27.978634 12.762516 27.405024
v 27.901283 12.762516 27.239145
v 27.853912 12.762516 26.697695
v 27.901283 12.762516 26.520899
v 27.978634 12.762516 26.355021
v 28.362959 12.762516 25.970697
v 28.705629 12.762517 25.845972
v -11.671164 14.349991 25.893343
v -11.837042 14.349991 25.970697
v -11.986969 14.349991 26.075678
v -12.116388 14.349991 26.205095
v -12.221369 14.349991 26.355021
v -12.298719 14.349990 26.520899
v -12.362042 14.349990 26.880022
v -12.346090 14.349990 27.062349
v -11.837042 14.349991 27.789347
v -11.494372 14.349991 27.914072
v -11.494371 12.762490 27.914072
v -11.837041 12.762490 27.789347
v -11.986968 12.762490 27.684366
v -12.116387 12.762490 27.554949
v -12.221368 12.762489 27.405024
v -12.346089 12.762489 26.697695
v -11.986968 12.762490 26.075678
v -11.837041 12.762490 25.970697
v -11.494371 12.762490 25.845972
v 24.645800 14.350015 27.880014
v 24.797737 14.350015 27.902925
v -7.069884 14.349994 27.880014
v -7.540668 14.349994 28.212969
v -7.468445 14.349994 28.077349
v -7.358212 14.349994 27.971643
v -9.842048 14.349992 30.600122
v -9.230621 14.349992 30.295824
v -8.679873 14.349993 29.891947
v -8.205858 14.349993 29.400270
v -13.170548 14.349990 30.049929
v -13.109876 14.349990 30.195543
v -13.027059 14.349990 30.329813
v -12.924157 14.349990 30.449381
v 30.088408 14.350018 30.812227
v 30.237072 14.350018 30.754145
v 30.497494 14.350018 30.571306
v 30.687292 14.350019 30.315912
v 26.141376 14.350016 29.788012
v 26.632708 14.350016 30.183649
v 27.773912 14.350017 30.722033
v 29.095125 14.350017 30.903131
v 29.506395 14.350018 30.889170
v 28.362957 14.350017 25.970697
v 27.901281 14.350017 26.520899
v 27.853910 14.350017 27.062349
v 27.901281 14.350017 27.239145
v 28.362957 14.350017 27.789347
v 28.705627 14.350017 27.914072
v 29.247080 14.350018 27.866701
v 29.412958 14.350018 27.789347
v 29.797285 14.350018 27.405024
v 29.874636 14.350018 27.239145
v 29.922007 14.350018 27.062349
v 29.937958 14.350018 26.880022
v 29.922007 14.350018 26.697695
v 29.874636 14.350018 26.520899
v 29.247080 14.350018 25.893343
v 29.070288 14.350018 25.845972
v -11.312042 14.349991 25.830019
v -11.494372 14.349991 25.845972
v -12.346090 14.349990 26.697695
v -12.298719 14.349990 27.239145
v -12.221369 14.349990 27.405024
v -12.116388 14.349991 27.554949
v -11.986969 14.349991 27.684366
v -11.671164 14.349991 27.866701
v -11.312042 14.349991 27.930025
v -10.952921 14.349991 27.866701
v -10.787042 14.349991 27.789347
v -10.507695 14.349992 27.554949
v -10.277994 14.349992 27.062349
v -10.277994 14.349992 26.697695
v -10.402716 14.349992 26.355021
v -10.952921 14.349991 25.893343
v -11.129711 14.349991 25.845972
v -13.220009 12.458859 20.166382
v -13.219992 -12.762510 20.817518
v -13.219992 -12.752046 20.684546
v -13.219992 -12.720908 20.554853
v -13.219992 -12.513552 20.216476
v -13.219993 -12.298403 20.060165
v -13.219993 -12.175175 20.009125
v -13.219993 -12.045480 19.977982
v -13.219992 -12.762510 29.739325
v -13.219993 -12.350010 18.380020
v -13.219992 -12.697306 18.410406
v -13.219992 -13.034050 18.500631
v -13.219992 -13.350011 18.647970
v -13.219992 -13.635586 18.847929
v -13.219992 -13.882099 19.094442
v -13.219991 -14.082062 19.380018
v -13.219991 -14.319626 20.032721
v -13.220008 12.349991 18.380020
v -13.220010 14.319605 20.032724
v -13.220010 14.229375 19.695986
v -13.220010 14.082041 19.380022
v -13.220009 13.882078 19.094446
v -13.220009 13.349990 18.647974
v -13.220009 12.697287 18.410410
v -13.220010 14.349990 29.739328
v -13.219991 -14.350011 20.380018
v -12.522645 -14.350011 30.692419
v -12.668764 -14.350011 30.632963
v -13.109857 -14.350011 30.195539
v -13.207548 -14.350011 29.896582
v -11.856443 -14.350011 30.842802
v -9.842029 -14.350009 30.600119
v -7.822378 -14.350008 28.835112
v -7.540648 -14.350007 28.212965
v -7.468426 -14.350007 28.077345
v -7.358193 -14.350007 27.971640
v -7.069865 -14.350007 27.880011
v 25.116600 -14.349986 28.212965
v 25.373209 -14.349986 28.789701
v 25.717861 -14.349986 29.319464
v 26.141396 -14.349985 29.788008
v 26.632727 -14.349985 30.183645
v 29.932415 -14.349983 30.845915
v 30.787271 -14.349982 30.013823
v 30.687311 -14.349982 30.315908
v 30.497513 -14.349983 30.571302
v 30.374620 -14.349983 30.673147
v 30.088427 -14.349983 30.812223
v 28.887978 -14.349983 25.830015
v 28.213051 -14.349984 26.075674
v 28.083630 -14.349984 26.205091
v 27.978651 -14.349984 26.355017
v 27.901300 -14.349984 26.520895
v 28.362976 -14.349984 27.789343
v 28.528856 -14.349984 27.866697
v 29.070307 -14.349983 27.914068
v 29.247099 -14.349983 27.866697
v 29.922026 -14.349983 27.062346
v 29.937977 -14.349983 26.880018
v 29.922026 -14.349983 26.697691
v 29.874655 -14.349983 26.520895
v 29.692324 -14.349983 26.205091
v 29.412977 -14.349983 25.970694
v 29.247099 -14.349983 25.893339
v 29.070307 -14.349983 25.845968
v -11.671144 -14.350010 25.893339
v -11.986950 -14.350010 26.075674
v -12.116369 -14.350010 26.205091
v -12.221350 -14.350010 26.355017
v -12.298700 -14.350011 26.520895
v -12.346071 -14.350011 26.697691
v -12.362023 -14.350011 26.880018
v -12.346071 -14.350011 27.062346
v -12.298700 -14.350011 27.239141
v -12.221350 -14.350011 27.405020
v -11.837023 -14.350010 27.789343
v -11.494353 -14.350010 27.914068
v -11.129692 -14.350010 27.914068
v -10.952902 -14.350010 27.866697
v -10.787023 -14.350010 27.789343
v -10.507676 -14.350009 27.554945
v -10.325346 -14.350009 27.239141
v -10.277975 -14.350009 27.062346
v -10.277975 -14.350009 26.697691
v -10.402697 -14.350009 26.355017
v -10.637096 -14.350009 26.075674
v -11.129692 -14.350010 25.845968
v 30.799992 13.034060 18.500635
v 30.799990 13.635594 18.847933
v 30.799990 13.882108 19.094446
v 30.799990 14.229403 19.695986
v 30.799990 14.319633 20.032724
v 30.799990 14.350019 20.380022
v 30.800009 -14.349982 20.380018
v 30.800009 -14.319597 20.032721
v 30.800009 -14.082032 19.380018
v 30.800009 -13.882070 19.094442
v 30.800009 -13.349981 18.647970
v 30.800007 -12.697277 18.410406
v 30.800009 -14.349982 29.854719
v 30.800007 -11.912482 19.967522
v 30.800007 -12.045451 19.977982
v 30.800007 -12.600146 20.317902
v 30.800007 -12.669837 20.431623
v 30.800007 -12.752017 20.684546
v 30.799992 12.762518 20.817522
v 30.799992 12.412135 20.129852
v 30.799992 12.298410 20.060165
v 30.799992 12.175182 20.009125
v 30.799992 12.045487 19.977982
v 30.799992 12.762518 29.854723
v -13.219993 -11.912511 19.967522
v 30.799992 12.350019 18.380020
v 28.936283 -12.762484 30.900557
v 28.112070 -12.762484 30.805967
v 27.428843 -12.762485 30.604391
v 25.615927 -12.762486 29.180876
v 25.116598 -12.762486 28.212965
v 30.088425 -12.762483 30.812223
v 30.687309 -12.762482 30.315908
v 30.749382 -12.762482 30.168867
v 30.800007 -12.762482 29.854719
v 30.800007 -12.762482 20.817518
v -13.170530 -12.762510 30.049925
v -13.109858 -12.762510 30.195539
v -13.027040 -12.762510 30.329809
v -12.668765 -12.762510 30.632963
v -8.205840 -12.762507 29.400267
v -8.679854 -12.762507 29.891943
v -9.842030 -12.762508 30.600119
v -10.496310 -12.762509 30.795965
v -11.856444 -12.762510 30.842802
v -7.220870 -12.762506 27.902922
v -7.358195 -12.762506 27.971640
v -7.468428 -12.762506 28.077345
v 24.797754 -12.762486 27.902922
v 28.887976 -12.762483 27.930021
v 29.247097 -12.762483 27.866697
v 29.412975 -12.762483 27.789343
v 29.937975 -12.762483 26.880018
v 29.922024 -12.762483 26.697691
v 29.797302 -12.762483 26.355017
v 29.412975 -12.762483 25.970694
v 28.528854 -12.762484 25.893339
v 28.362974 -12.762484 25.970694
v 28.213049 -12.762484 26.075674
v 28.083628 -12.762484 26.205091
v 27.901299 -12.762484 26.520895
v 27.853928 -12.762484 26.697691
v 27.837975 -12.762484 26.880018
v 28.083628 -12.762484 27.554945
v -11.129693 -12.762509 27.914068
v -10.787024 -12.762509 27.789343
v -10.637097 -12.762508 27.684362
v -10.507677 -12.762508 27.554945
v -10.402698 -12.762508 27.405020
v -10.277976 -12.762508 26.697691
v -10.402698 -12.762508 26.355017
v -10.952903 -12.762509 25.893339
v -11.494354 -12.762509 25.845968
v -11.671145 -12.762509 25.893339
v -12.346072 -12.762510 26.697691
v -12.346072 -12.762510 27.062346
v -12.298701 -12.762510 27.239141
v -12.221351 -12.762510 27.405020
v -12.116370 -12.762509 27.554945
v -11.986951 -12.762509 27.684362
v -11.837024 -12.762509 27.789343
v -11.494354 -12.762509 27.914068
v 30.787254 12.762518 30.013826
v 30.749367 12.762518 30.168871
v 30.602619 12.762518 30.451204
v 25.116583 12.762514 28.212969
v 25.373192 12.762514 28.789705
v 25.717844 12.762514 29.319468
v 29.506397 12.762517 30.889170
v 24.645802 12.762514 27.880014
v 24.797739 12.762514 27.902925
v 24.934130 12.762514 27.971643
v 25.044672 12.762514 28.078226
v -7.468444 12.762493 28.077349
v -7.358211 12.762493 27.971643
v -7.220886 12.762493 27.902925
v -11.856462 12.762489 30.842806
v -10.496327 12.762490 30.795969
v -9.230620 12.762491 30.295824
v -8.679872 12.762492 29.891947
v -7.822395 12.762492 28.835115
v -12.668782 12.762489 30.632967
v -12.924156 12.762489 30.449381
v -13.109875 12.762489 30.195543
v -13.170547 12.762489 30.049929
v -13.207566 12.762489 29.896585
v -13.220009 12.762489 20.817522
v 28.705629 12.762516 27.914072
v 27.853912 12.762516 27.062349
v 27.837959 12.762516 26.880022
v 28.083612 12.762516 26.205095
v 28.213034 12.762516 26.075678
v 28.528839 12.762516 25.893343
v 29.247082 12.762517 25.893343
v 29.412960 12.762517 25.970697
v 29.562887 12.762517 26.075678
v 29.692307 12.762517 26.205095
v 29.922009 12.762517 26.697695
v 29.922009 12.762517 27.062349
v 29.412960 12.762517 27.789347
v -11.312041 12.762490 27.930025
v -11.671163 12.762490 27.866701
v -12.298718 12.762489 27.239145
v -12.346089 12.762489 27.062349
v -12.362041 12.762489 26.880022
v -12.298718 12.762489 26.520899
v -12.221368 12.762490 26.355021
v -12.116387 12.762490 26.205095
v -11.671163 12.762490 25.893343
v -11.312041 12.762490 25.830019
v -10.787041 12.762491 25.970697
v -10.637115 12.762491 26.075678
v -10.325364 12.762491 26.520899
v -10.277993 12.762491 26.697695
v -10.402715 12.762491 27.405024
v -10.637115 12.762491 27.684366
v -10.787041 12.762490 27.789347
v -10.952920 12.762490 27.866701
v -11.129710 12.762490 27.914072
v 30.799992 11.912519 19.967522
v -13.220008 11.912490 19.967522
v -13.220008 12.060090 19.980431
v -13.220008 12.203208 20.018784
v -13.220008 12.337489 20.081398
v -13.220009 12.563627 20.271149
v -13.220009 12.648611 20.392519
v -13.220009 12.711228 20.526804
v -13.220009 12.749577 20.669924
v 30.799992 12.752053 20.684549
v 30.799992 12.720916 20.554857
v 30.799992 12.669873 20.431627
v 30.799992 12.600183 20.317902
v 30.799992 12.513559 20.216476
v 30.800007 -12.175146 20.009125
v 30.800007 -12.298374 20.060165
v 30.800007 -12.412099 20.129852
v 30.800007 -12.513523 20.216476
v 30.800007 -12.720880 20.554853
v -13.219992 -12.669866 20.431623
v -13.219992 -12.600175 20.317902
v -13.219993 -12.412127 20.129852
v -13.219991 -14.229396 19.695982
v 30.800007 -12.349981 18.380020
v 30.800009 -14.229367 19.695982
v 30.800009 -13.635556 18.847929
v 30.800007 -13.034021 18.500631
v 30.799992 12.697315 18.410410
v 30.799990 13.350019 18.647974
v 30.799990 14.082070 19.380022
v -13.220010 14.349990 20.380022
v -13.220009 13.635565 18.847933
v -13.220009 13.034031 18.500635
v -11.129711 14.349991 27.914072
v -10.637115 14.349992 27.684366
v -10.402716 14.349992 27.405024
v -10.325365 14.349992 27.239145
v -10.262043 14.349992 26.880022
v -10.325365 14.349992 26.520899
v -10.507695 14.349992 26.205095
v -10.637115 14.349992 26.075678
v -10.787042 14.349992 25.970697
v -11.129710 12.762490 25.845972
v -10.952920 12.762490 25.893343
v -10.507694 12.762491 26.205095
v -10.402715 12.762491 26.355021
v -10.262042 12.762491 26.880022
v -10.277993 12.762491 27.062349
v -10.325364 12.762491 27.239145
v -10.507694 12.762491 27.554949
v 28.887959 14.350018 27.930025
v 29.070288 14.350018 27.914072
v 29.562885 14.350018 27.684366
v 29.692305 14.350018 27.554949
v 29.797285 14.350018 26.355021
v 29.692305 14.350018 26.205095
v 29.562885 14.350018 26.075678
v 29.412958 14.350018 25.970697
v 28.887959 14.350018 25.830019
v 29.070290 12.762517 25.845972
v 29.797287 12.762517 26.355021
v 29.874638 12.762517 26.520899
v 29.937960 12.762517 26.880022
v 29.874638 12.762517 27.239145
v 29.797287 12.762517 27.405024
v 29.692307 12.762517 27.554949
v 29.562887 12.762517 27.684366
v 29.247082 12.762517 27.866701
v 29.070290 12.762517 27.914072
v -11.312024 -12.762509 27.930021
v -10.952903 -12.762509 27.866697
v -10.325347 -12.762508 27.239141
v -10.277976 -12.762508 27.062346
v -10.262025 -12.762508 26.880018
v -10.325347 -12.762508 26.520895
v -10.507677 -12.762508 26.205091
v -10.637097 -12.762508 26.075674
v -10.787024 -12.762508 25.970694
v -11.129693 -12.762509 25.845968
v -10.637096 -14.350009 27.684362
v -10.402697 -14.350009 27.405020
v -10.262024 -14.350009 26.880018
v -10.325346 -14.350009 26.520895
v -10.507676 -14.350009 26.205091
v -10.787023 -14.350009 25.970694
v -10.952902 -14.350010 25.893339
v 29.070305 -12.762483 27.914068
v 29.562902 -12.762483 27.684362
v 29.692322 -12.762483 27.554945
v 29.797302 -12.762483 27.405020
v 29.874653 -12.762483 27.239141
v 29.922024 -12.762483 27.062346
v 29.874653 -12.762483 26.520895
v 29.692322 -12.762483 26.205091
v 29.562902 -12.762483 26.075674
v 29.247097 -12.762483 25.893339
v 29.070305 -12.762483 25.845968
v 28.887976 -12.762483 25.830015
v 29.412977 -14.349983 27.789343
v 29.562904 -14.349983 27.684362
v 29.692324 -14.349983 27.554945
v 29.797304 -14.349983 27.405020
v 29.874655 -14.349983 27.239141
v 29.797304 -14.349983 26.355017
v 29.562904 -14.349983 26.075674
v -7.069883 12.762493 27.880014
v 24.934128 14.350015 27.971643
v 25.044670 14.350015 28.078226
v 25.116581 14.350015 28.212969
v 25.373190 14.350015 28.789705
v 25.717842 14.350015 29.319468
v 27.180719 14.350016 30.497438
v 28.412048 14.350017 30.857256
v 29.932396 14.350018 30.845919
v 29.932398 12.762517 30.845919
v 26.141378 12.762515 29.788012
v 26.632710 12.762515 30.183649
v 27.180721 12.762515 30.497438
v 27.773914 12.762516 30.722033
v 28.412050 12.762516 30.857256
v 29.095127 12.762516 30.903131
v -12.522664 14.349990 30.692423
v -11.856462 14.349990 30.842806
v -11.174389 14.349991 30.877657
v -10.496328 14.349991 30.795969
v -7.822397 14.349993 28.835115
v -11.174388 12.762490 30.877657
v -9.842047 12.762491 30.600122
v -8.205857 12.762492 29.400270
v -7.540666 12.762493 28.212969
v -7.220888 14.349994 27.902925
v -7.220869 -14.350007 27.902922
v -7.540650 -12.762506 28.212965
v -7.822379 -12.762507 28.835112
v -9.230603 -12.762508 30.295820
v -11.174371 -12.762509 30.877653
v -12.522646 -12.762510 30.692419
v -11.174370 -14.350010 30.877653
v -10.496309 -14.350010 30.795965
v -9.230602 -14.350009 30.295820
v -8.679853 -14.350008 29.891943
v -8.205839 -14.350008 29.400267
v 29.932413 -12.762483 30.845915
v 26.861376 -12.762485 30.328650
v 26.392769 -12.762485 30.006437
v 25.974651 -12.762486 29.620939
v 25.332952 -12.762486 28.713713
v 27.180738 -14.349985 30.497435
v 27.773932 -14.349984 30.722029
v 28.412067 -14.349984 30.857252
v 29.095144 -14.349984 30.903128
v 29.506414 -14.349983 30.889166
v 24.797756 -14.349986 27.902922
v 24.934147 -14.349986 27.971640
v 25.044689 -14.349986 28.078222
v 24.645817 -12.762486 27.880011
v 25.044687 -12.762486 28.078222
v 24.934145 -12.762486 27.971640
v 24.645819 -14.349986 27.880011
v -7.069867 -12.762506 27.880011
v 30.374601 14.350018 30.673151
v 30.602617 14.350019 30.451204
v 30.749365 14.350019 30.168871
v 30.787252 14.350019 30.013826
v 30.799990 14.350019 29.854723
v 30.687294 12.762518 30.315912
v 30.497496 12.762517 30.571306
v 30.374603 12.762517 30.673151
v 30.237074 12.762517 30.754145
v 30.088409 12.762517 30.812227
v 30.237089 -12.762483 30.754141
v 30.374619 -12.762483 30.673147
v 30.497511 -12.762483 30.571302
v 30.602634 -12.762482 30.451200
v 30.787270 -12.762482 30.013823
v 30.749384 -14.349982 30.168867
v 30.602636 -14.349982 30.451200
v 30.237091 -14.349983 30.754141
v -13.207567 14.349990 29.896585
v -12.803733 14.349990 30.551279
v -12.668783 14.349990 30.632967
v -13.220009 12.762489 29.739328
v -12.522663 12.762489 30.692423
v -12.803732 12.762489 30.551279
v -13.027058 12.762489 30.329813
v -13.207549 -12.762510 29.896582
v -12.924139 -12.762510 30.449377
v -12.803715 -12.762510 30.551275
v -13.219991 -14.350011 29.739325
v -12.803714 -14.350011 30.551275
v -12.924138 -14.350011 30.449377
v -13.027040 -14.350011 30.329809
v -13.170529 -14.350011 30.049925
v 0.000004 -5.500001 18.380020
v -0.749996 -5.700964 18.380020
v -0.964177 -5.850936 18.380020
v -1.499995 -7.000002 18.380020
v -1.409534 -7.513032 18.380020
v -1.299033 -7.750002 18.380020
v -1.149062 -7.964183 18.380020
v -0.513025 -8.409541 18.380020
v 0.000004 -5.500001 16.792519
v -0.513026 -5.590462 16.792519
v -0.964177 -5.850936 16.792519
v -1.149063 -6.035821 16.792519
v -1.477208 -6.739531 16.792519
v -1.299033 -7.750002 16.792519
v -1.149062 -7.964183 16.792519
v -0.964176 -8.149069 16.792519
v -0.749995 -8.299040 16.792519
v -0.513025 -8.409541 16.792519
v -0.260466 -8.477214 16.792519
v -7.000001 1.499994 18.380020
v -7.260473 1.477206 18.380020
v -7.513031 1.409533 18.380020
v -7.750001 1.299032 18.380020
v -7.964182 1.149060 18.380020
v -8.149068 0.964174 18.380020
v -8.299039 0.749993 18.380020
v -8.409539 0.513023 18.380020
v -8.477212 0.260465 18.380020
v -8.500000 -0.000007 18.380020
v -8.477212 -0.260479 18.380020
v -8.409539 -0.513037 18.380020
v -8.299037 -0.750007 18.380020
v -8.149066 -0.964188 18.380020
v -7.749999 -1.299044 18.380020
v -7.513029 -1.409545 18.380020
v -7.260471 -1.477218 18.380020
v -7.260473 1.477206 16.792519
v -8.299039 0.749993 16.792519
v -8.409539 0.513023 16.792519
v -8.500000 -0.000007 16.792519
v -8.477212 -0.260479 16.792519
v -7.964180 -1.149073 16.792519
v -7.513029 -1.409545 16.792519
v -0.260478 8.477210 18.380020
v -0.513035 8.409537 18.380020
v -0.964186 8.149065 18.380020
v -1.149072 7.964179 18.380020
v -1.477217 7.260469 18.380020
v -1.409543 6.486968 18.380020
v -1.299042 6.249998 18.380020
v -1.149071 6.035817 18.380020
v -0.260476 5.522788 18.380020
v -0.000006 8.499999 16.792519
v -0.260478 8.477210 16.792519
v -0.964186 8.149065 16.792519
v -1.149072 7.964179 16.792519
v -1.299043 7.749998 16.792519
v -1.477217 7.260469 16.792519
v -1.500005 6.999998 16.792519
v -1.477216 6.739526 16.792519
v -1.409543 6.486968 16.792519
v -1.299042 6.249998 16.792519
v -1.149071 6.035817 16.792519
v -0.964185 5.850932 16.792519
v 6.486969 1.409542 18.380020
v 6.035818 1.149070 18.380020
v 5.850934 0.964183 18.380020
v 5.700962 0.750002 18.380020
v 5.522789 0.260474 18.380020
v 5.500000 0.000002 18.380020
v 5.522789 -0.260470 18.380020
v 6.486969 1.409542 16.792519
v 6.035818 1.149070 16.792519
v 5.850934 0.964184 16.792519
v 5.590460 0.513032 16.792519
v 5.500000 0.000002 16.792519
v 6.486971 -1.409536 16.792519
v -3.758771 1.368077 18.380020
v -4.000000 -0.000004 18.380020
v -3.939230 -0.694597 18.380020
v -3.758769 -1.368085 18.380020
v -3.464101 -2.000004 18.380020
v -3.064176 -2.571154 18.380020
v -1.999998 -3.464105 18.380020
v -0.694590 -3.939233 18.380020
v -0.000003 3.999999 16.792519
v -0.694596 3.939229 16.792519
v -3.464103 1.999996 16.792519
v -3.939231 0.694589 16.792519
v -4.000000 -0.000004 16.792519
v -3.064176 -2.571154 16.792519
v -2.571149 -3.064181 16.792519
v -1.368078 -3.758772 16.792519
v 0.000026 -40.500000 18.380016
v 7.032777 -39.884708 18.380016
v 13.851841 -38.057545 18.380016
v 20.250023 -35.074017 18.380018
v 26.032919 -31.024784 18.380018
v 31.024817 -26.032879 18.380018
v 35.074039 -20.249979 18.380018
v 38.057560 -13.851792 18.380018
v 39.884716 -7.032726 18.380020
v 40.500000 0.000025 18.380020
v 39.884708 7.032776 18.380020
v 35.074017 20.250021 18.380022
v 31.024782 26.032917 18.380022
v 20.250023 -35.074017 16.792517
v 26.032919 -31.024784 16.792517
v 38.057560 -13.851792 16.792517
v 38.057545 13.851840 16.792521
v 13.851791 38.057560 16.792522
v 0.000026 -40.500000 16.792515
v -0.000026 40.500000 18.380024
v -40.500000 -0.000028 18.380020
v -35.074017 -20.250025 18.380018
v -26.032877 -31.024818 18.380018
v -13.851791 -38.057564 18.380016
v -7.032725 -39.884720 18.380016
v -7.032777 39.884705 16.792522
v -31.024817 26.032877 16.792521
v -35.074039 20.249975 16.792521
v -38.057560 13.851790 16.792521
v -39.884716 7.032724 16.792519
v -35.074017 -20.250025 16.792517
v -31.024782 -26.032919 16.792517
v -26.032877 -31.024818 16.792517
v -7.032725 -39.884720 16.792515
v -7.032777 39.884705 18.380024
v -13.851841 38.057541 18.380024
v -20.250023 35.074013 18.380022
v -26.032919 31.024780 18.380022
v -31.024817 26.032877 18.380022
v -35.074039 20.249975 18.380022
v -38.057560 13.851790 18.380022
v -39.884716 7.032724 18.380020
v -39.884708 -7.032778 18.380020
v -38.057545 -13.851842 18.380018
v -31.024782 -26.032919 18.380018
v -20.249977 -35.074043 18.380018
v 38.057545 13.851840 18.380022
v 26.032877 31.024815 18.380022
v 20.249977 35.074039 18.380022
v 13.851791 38.057560 18.380024
v 7.032725 39.884716 18.380024
v 0.260478 -8.477213 18.380020
v 0.513035 -8.409540 18.380020
v 0.750005 -8.299039 18.380020
v 0.964186 -8.149068 18.380020
v 1.299043 -7.750000 18.380020
v 1.409544 -7.513031 18.380020
v 1.477216 -6.739529 18.380020
v 1.409543 -6.486970 18.380020
v 0.513034 -5.590462 18.380020
v -0.260468 -5.522790 18.380020
v -0.513026 -5.590463 18.380020
v -1.149063 -6.035821 18.380020
v -1.299034 -6.250002 18.380020
v -1.409535 -6.486972 18.380020
v -1.477208 -6.739531 18.380020
v -1.477207 -7.260474 18.380020
v -0.964176 -8.149069 18.380020
v -0.749995 -8.299040 18.380020
v -0.260466 -8.477214 18.380020
v -6.999999 -1.500006 18.380020
v -6.739527 -1.477218 18.380020
v -6.486969 -1.409545 18.380020
v -6.249999 -1.299044 18.380020
v -6.035818 -1.149072 18.380020
v -5.850934 -0.964186 18.380020
v -5.700962 -0.750005 18.380020
v -5.590460 -0.513035 18.380020
v -5.500000 -0.000005 18.380020
v -5.590461 0.513025 18.380020
v -5.850935 0.964176 18.380020
v -6.486971 1.409533 18.380020
v -7.964180 -1.149074 18.380020
v 18.986164 2.614731 18.380020
v 11.218862 -2.614714 18.380020
v 11.218858 2.614726 18.380020
v -0.000004 5.499999 18.380020
v 0.260468 5.522788 18.380020
v 0.513026 5.590460 18.380020
v 0.964177 5.850933 18.380020
v 0.260466 8.477211 18.380020
v -0.000006 8.499999 18.380020
v -0.750005 8.299036 18.380020
v -1.299043 7.749998 18.380020
v -1.409544 7.513028 18.380020
v -1.500005 6.999998 18.380020
v -1.477216 6.739526 18.380020
v -0.964185 5.850932 18.380020
v -0.750004 5.700960 18.380020
v -0.513034 5.590459 18.380020
v 7.513031 -1.409536 18.380020
v 7.750001 -1.299034 18.380020
v 8.477212 0.260476 18.380020
v 8.149066 0.964185 18.380020
v 6.739527 1.477215 18.380020
v 6.249999 1.299041 18.380020
v 5.590460 0.513032 18.380020
v 5.590461 -0.513028 18.380020
v 5.700963 -0.749998 18.380020
v 5.850935 -0.964179 18.380020
v 6.035820 -1.149065 18.380020
v 6.250001 -1.299035 18.380020
v 6.486971 -1.409536 18.380020
v 6.739529 -1.477209 18.380020
v 1.368083 -3.758770 18.380020
v 4.000000 0.000001 18.380020
v -0.000003 3.999999 18.380020
v -0.694596 3.939229 18.380020
v -1.368083 3.758768 18.380020
v -2.000002 3.464099 18.380020
v -2.571153 3.064175 18.380020
v -3.064180 2.571148 18.380020
v -3.464103 1.999996 18.380020
v -3.939231 0.694589 18.380020
v -2.571149 -3.064181 18.380020
v -1.368078 -3.758772 18.380020
v 7.032777 -39.884708 16.792515
v 13.851841 -38.057545 16.792515
v 31.024817 -26.032879 16.792517
v 35.074039 -20.249979 16.792517
v 39.884716 -7.032726 16.792519
v 40.500000 0.000025 16.792519
v 39.884708 7.032776 16.792519
v 35.074017 20.250021 16.792521
v 31.024782 26.032917 16.792521
v 26.032877 31.024815 16.792521
v 20.249977 35.074039 16.792521
v 7.032725 39.884716 16.792522
v -0.000026 40.500000 16.792522
v -13.851841 38.057541 16.792522
v -20.250023 35.074013 16.792521
v -26.032919 31.024780 16.792521
v -40.500000 -0.000028 16.792519
v -39.884708 -7.032778 16.792519
v -38.057545 -13.851842 16.792517
v -20.249977 -35.074043 16.792517
v -13.851791 -38.057564 16.792515
v -0.260468 -5.522790 16.792519
v -0.749996 -5.700964 16.792519
v -1.299034 -6.250002 16.792519
v -1.409535 -6.486972 16.792519
v -1.499995 -7.000002 16.792519
v -1.477207 -7.260474 16.792519
v -1.409534 -7.513032 16.792519
v 0.000006 -8.500001 16.792519
v 0.750005 -8.299039 16.792519
v 0.964186 -8.149068 16.792519
v 1.149072 -7.964181 16.792519
v 1.409544 -7.513031 16.792519
v 1.477217 -7.260472 16.792519
v 1.477216 -6.739529 16.792519
v 1.299042 -6.250000 16.792519
v 1.149071 -6.035820 16.792519
v 0.750004 -5.700963 16.792519
v 0.513034 -5.590462 16.792519
v 0.260476 -5.522790 16.792519
v -7.513031 1.409533 16.792519
v -7.750001 1.299032 16.792519
v -7.964182 1.149061 16.792519
v -8.149068 0.964174 16.792519
v -8.477212 0.260465 16.792519
v -8.409539 -0.513037 16.792519
v -8.299037 -0.750007 16.792519
v -8.149066 -0.964188 16.792519
v -7.749999 -1.299044 16.792519
v -7.260471 -1.477218 16.792519
v -6.249999 -1.299043 16.792519
v -6.035818 -1.149072 16.792519
v -5.850934 -0.964186 16.792519
v -5.700962 -0.750005 16.792519
v -5.590460 -0.513035 16.792519
v -5.522789 -0.260477 16.792519
v -5.522789 0.260467 16.792519
v -5.700963 0.749995 16.792519
v -5.850935 0.964176 16.792519
v -6.250001 1.299033 16.792519
v -6.486971 1.409534 16.792519
v -6.739529 1.477206 16.792519
v 11.218858 2.614726 16.792519
v 11.218862 -2.614714 16.792519
v 18.986168 -2.614709 16.792519
v -0.513035 8.409537 16.792519
v -0.750005 8.299036 16.792519
v -1.409544 7.513028 16.792519
v -0.750004 5.700960 16.792519
v -0.513034 5.590459 16.792519
v -0.260476 5.522788 16.792519
v 0.260468 5.522788 16.792519
v 0.513026 5.590460 16.792519
v 0.964177 5.850934 16.792519
v 1.409535 6.486969 16.792519
v 1.499995 7.000000 16.792519
v 1.477207 7.260471 16.792519
v 1.409534 7.513030 16.792519
v 1.299033 7.750000 16.792519
v 0.964176 8.149066 16.792519
v 0.749995 8.299037 16.792519
v 0.260466 8.477211 16.792519
v 6.739527 1.477215 16.792519
v 6.249999 1.299041 16.792519
v 5.700962 0.750002 16.792519
v 5.522789 0.260474 16.792519
v 5.522789 -0.260470 16.792519
v 5.590461 -0.513028 16.792519
v 5.700963 -0.749998 16.792519
v 5.850935 -0.964178 16.792519
v 6.035820 -1.149064 16.792519
v 6.250001 -1.299035 16.792519
v 6.739529 -1.477209 16.792519
v 7.000001 -1.499997 16.792519
v 7.260473 -1.477208 16.792519
v 7.750001 -1.299034 16.792519
v 7.964182 -1.149063 16.792519
v 8.299039 -0.749996 16.792519
v 7.964180 1.149071 16.792519
v 7.260471 1.477215 16.792519
v -1.368083 3.758768 16.792519
v -2.000002 3.464099 16.792519
v -2.571153 3.064175 16.792519
v -3.064180 2.571148 16.792519
v -3.758771 1.368077 16.792519
v -3.939230 -0.694597 16.792519
v -3.758769 -1.368085 16.792519
v -3.464101 -2.000004 16.792519
v -1.999998 -3.464105 16.792519
v -0.694590 -3.939233 16.792519
v 2.000002 -3.464102 16.792519
v 3.064180 -2.571150 16.792519
v 4.000000 0.000001 16.792519
v 3.064176 2.571152 16.792519
v 0.000003 -4.000001 18.380020
v 0.694596 -3.939232 18.380020
v 2.000002 -3.464102 18.380020
v 2.571153 -3.064178 18.380020
v 3.064180 -2.571150 18.380020
v 3.464103 -1.999999 18.380020
v 3.758771 -1.368080 18.380020
v 3.939231 -0.694592 18.380020
v 3.939230 0.694594 18.380020
v 3.758769 1.368082 18.380020
v 3.464101 2.000001 18.380020
v 3.064176 2.571152 18.380020
v 2.571149 3.064178 18.380020
v 1.999998 3.464102 18.380020
v 1.368078 3.758770 18.380020
v 0.694590 3.939230 18.380020
v 0.000003 -4.000001 16.792519
v 0.694596 -3.939232 16.792519
v 1.368083 -3.758770 16.792519
v 2.571153 -3.064178 16.792519
v 3.464103 -1.999999 16.792519
v 3.758771 -1.368080 16.792519
v 3.939231 -0.694592 16.792519
v 3.939230 0.694594 16.792519
v 3.758769 1.368082 16.792519
v 3.464101 2.000001 16.792519
v 2.571149 3.064178 16.792519
v 1.999998 3.464102 16.792519
v 1.368078 3.758770 16.792519
v 0.694590 3.939230 16.792519
v 7.000001 -1.499997 18.380020
v 7.260473 -1.477209 18.380020
v 7.964182 -1.149063 18.380020
v 8.149068 -0.964177 18.380020
v 8.299039 -0.749996 18.380020
v 8.409539 -0.513026 18.380020
v 8.477212 -0.260468 18.380020
v 8.500000 0.000004 18.380020
v 8.409539 0.513034 18.380020
v 8.299037 0.750004 18.380020
v 7.964180 1.149071 18.380020
v 7.749999 1.299042 18.380020
v 7.513029 1.409542 18.380020
v 7.260471 1.477215 18.380020
v 6.999999 1.500003 18.380020
v 7.513031 -1.409535 16.792519
v 8.149068 -0.964177 16.792519
v 8.409539 -0.513026 16.792519
v 8.477212 -0.260468 16.792519
v 8.500000 0.000004 16.792519
v 8.477212 0.260476 16.792519
v 8.409539 0.513034 16.792519
v 8.299037 0.750004 16.792519
v 8.149066 0.964185 16.792519
v 7.749999 1.299042 16.792519
v 7.513029 1.409543 16.792519
v 6.999999 1.500003 16.792519
v 0.749996 5.700961 18.380020
v 1.149063 6.035819 18.380020
v 1.299034 6.250000 18.380020
v 1.409535 6.486969 18.380020
v 1.477208 6.739528 18.380020
v 1.499995 7.000000 18.380020
v 1.477207 7.260471 18.380020
v 1.409534 7.513030 18.380020
v 1.299033 7.750000 18.380020
v 1.149062 7.964180 18.380020
v 0.964176 8.149066 18.380020
v 0.749995 8.299037 18.380020
v 0.513025 8.409538 18.380020
v -0.000004 5.499999 16.792519
v 0.749996 5.700961 16.792519
v 1.149063 6.035819 16.792519
v 1.299034 6.250000 16.792519
v 1.477208 6.739528 16.792519
v 1.149062 7.964180 16.792519
v 0.513025 8.409538 16.792519
v 18.986168 -2.614709 18.380020
v 18.986164 2.614731 16.792519
v -5.522789 -0.260477 18.380020
v -5.522789 0.260467 18.380020
v -5.700963 0.749995 18.380020
v -6.035820 1.149062 18.380020
v -6.250001 1.299033 18.380020
v -6.739529 1.477206 18.380020
v -6.999999 -1.500006 16.792519
v -6.739527 -1.477218 16.792519
v -6.486969 -1.409544 16.792519
v -5.500000 -0.000005 16.792519
v -5.590461 0.513025 16.792519
v -6.035820 1.149062 16.792519
v -7.000001 1.499994 16.792519
v 0.000006 -8.500001 18.380020
v 1.149072 -7.964181 18.380020
v 1.477217 -7.260472 18.380020
v 1.500005 -7.000000 18.380020
v 1.299042 -6.250000 18.380020
v 1.149071 -6.035820 18.380020
v 0.964185 -5.850935 18.380020
v 0.750004 -5.700963 18.380020
v 0.260476 -5.522790 18.380020
v 0.260478 -8.477213 16.792519
v 0.513035 -8.409540 16.792519
v 1.299043 -7.750000 16.792519
v 1.500005 -7.000000 16.792519
v 1.409543 -6.486970 16.792519
v 0.964185 -5.850935 16.792519
v -0.260468 -5.522789 6.967521
v -0.513026 -5.590462 6.967521
v -0.964177 -5.850935 6.967521
v -1.409535 -6.486971 6.967521
v -1.499995 -7.000001 6.967521
v -1.299033 -7.750001 6.967521
v -1.149062 -7.964182 6.967521
v -0.964176 -8.149068 6.967521
v -0.260466 -8.477213 6.967521
v -0.749996 -5.700963 5.380020
v -0.964177 -5.850935 5.380020
v -1.149063 -6.035820 5.380020
v -1.299034 -6.250001 5.380020
v -1.409535 -6.486971 5.380020
v -1.477208 -6.739530 5.380020
v -1.499995 -7.000001 5.380020
v -1.409534 -7.513031 5.380020
v -1.299033 -7.750001 5.380020
v -0.964176 -8.149068 5.380020
v -7.000001 1.499995 6.967522
v -7.260473 1.477207 6.967522
v -7.750001 1.299032 6.967522
v -7.964182 1.149061 6.967522
v -8.409539 0.513024 6.967522
v -8.299037 -0.750006 6.967522
v -7.260471 -1.477217 6.967522
v -7.513031 1.409534 5.380020
v -8.477212 0.260466 5.380020
v -8.409539 -0.513036 5.380020
v -7.964180 -1.149073 5.380020
v -7.749999 -1.299044 5.380020
v -7.513029 -1.409544 5.380020
v -7.260471 -1.477217 5.380020
v -1.409544 7.513029 6.967522
v -1.409543 6.486969 6.967522
v -0.260476 5.522789 6.967522
v -0.750005 8.299037 5.380021
v -1.149072 7.964180 5.380021
v -1.409544 7.513029 5.380021
v -1.477217 7.260470 5.380021
v -1.477216 6.739527 5.380021
v -1.409543 6.486969 5.380021
v -0.513034 5.590460 5.380021
v -0.260476 5.522789 5.380021
v 6.249999 1.299042 6.967522
v 6.035818 1.149071 6.967522
v 5.850934 0.964184 6.967522
v 5.590460 0.513033 6.967522
v 6.739527 1.477216 5.380020
v 5.850934 0.964184 5.380020
v 5.700962 0.750003 5.380020
v 5.590460 0.513033 5.380020
v 5.522789 -0.260469 5.380020
v 5.700963 -0.749997 5.380020
v 6.035820 -1.149063 5.380020
v 6.250001 -1.299034 5.380020
v 6.486971 -1.409535 5.380020
v 6.739529 -1.477208 5.380020
v 0.000003 -4.000000 5.380020
v -0.694596 3.939230 6.967522
v -2.571153 3.064176 6.967522
v -3.064180 2.571148 6.967522
v -4.000000 -0.000003 6.967522
v -3.939230 -0.694596 6.967522
v -3.758769 -1.368084 6.967522
v -3.464101 -2.000003 6.967522
v -3.064176 -2.571154 6.967522
v -0.694596 3.939230 5.380021
v -2.000002 3.464100 5.380021
v -3.464103 1.999997 5.380020
v -3.758771 1.368078 5.380020
v -4.000000 -0.000003 5.380020
v -3.939230 -0.694596 5.380020
v -3.464101 -2.000003 5.380020
v -2.571149 -3.064180 5.380020
v -1.368078 -3.758771 5.380020
v 7.032777 -39.884708 6.967519
v 31.024817 -26.032879 6.967520
v 35.074039 -20.249977 6.967520
v 38.057560 -13.851792 6.967521
v 40.500000 0.000026 6.967522
v 31.024782 26.032917 6.967524
v 26.032877 31.024817 6.967524
v 20.249977 35.074039 6.967525
v 7.032725 39.884716 6.967525
v -0.000026 40.500000 6.967525
v 26.032919 -31.024782 5.380018
v 31.024817 -26.032879 5.380018
v 40.500000 0.000026 5.380020
v 39.884708 7.032777 5.380021
v 20.249977 35.074039 5.380023
v 13.851791 38.057560 5.380023
v 0.000026 -40.500000 6.967519
v -7.032777 39.884708 6.967525
v -13.851841 38.057541 6.967525
v -31.024817 26.032877 6.967524
v -39.884716 7.032724 6.967522
v -38.057545 -13.851842 6.967521
v -35.074017 -20.250023 6.967520
v -31.024782 -26.032919 6.967520
v -26.032877 -31.024817 6.967519
v -7.032725 -39.884716 6.967519
v -7.032777 39.884708 5.380023
v -13.851841 38.057545 5.380023
v -20.250023 35.074013 5.380023
v -31.024817 26.032877 5.380022
v -35.074039 20.249977 5.380022
v -39.884716 7.032725 5.380021
v -40.500000 -0.000027 5.380020
v -31.024782 -26.032919 5.380018
v -26.032877 -31.024817 5.380018
v -13.851791 -38.057560 5.380017
v -20.250023 35.074013 6.967525
v -26.032919 31.024782 6.967524
v -35.074039 20.249977 6.967523
v -38.057560 13.851790 6.967523
v -40.500000 -0.000027 6.967522
v -39.884708 -7.032778 6.967521
v -20.249977 -35.074043 6.967519
v -13.851791 -38.057564 6.967519
v 13.851841 -38.057545 6.967519
v 20.250023 -35.074017 6.967519
v 26.032919 -31.024782 6.967519
v 39.884716 -7.032726 6.967521
v 39.884708 7.032776 6.967522
v 38.057545 13.851840 6.967523
v 35.074017 20.250023 6.967523
v 13.851791 38.057560 6.967525
v 0.000006 -8.500001 6.967521
v 0.513035 -8.409539 6.967521
v 0.750005 -8.299038 6.967521
v 0.964186 -8.149067 6.967521
v 1.149072 -7.964181 6.967521
v 1.299043 -7.750000 6.967521
v 0.260476 -5.522789 6.967521
v 0.000004 -5.500000 6.967521
v -0.749996 -5.700963 6.967521
v -1.149063 -6.035820 6.967521
v -1.299034 -6.250001 6.967521
v -1.477208 -6.739530 6.967521
v -1.477207 -7.260473 6.967521
v -1.409534 -7.513031 6.967521
v -0.749995 -8.299039 6.967521
v -0.513025 -8.409540 6.967521
v -6.999999 -1.500005 6.967522
v -6.486969 -1.409544 6.967522
v -5.522789 -0.260476 6.967522
v -5.590461 0.513026 6.967522
v -6.035820 1.149063 6.967522
v -6.486971 1.409534 6.967522
v -7.513031 1.409534 6.967522
v -8.149068 0.964175 6.967522
v -8.299039 0.749994 6.967522
v -8.477212 0.260466 6.967522
v -8.500000 -0.000006 6.967522
v -8.477212 -0.260478 6.967522
v -8.409539 -0.513036 6.967522
v -8.149066 -0.964187 6.967522
v -7.964180 -1.149073 6.967522
v -7.749999 -1.299044 6.967522
v -7.513029 -1.409544 6.967522
v 11.218858 2.614727 6.967522
v -0.000004 5.500000 6.967522
v 1.477208 6.739529 6.967522
v 1.409534 7.513031 6.967522
v 1.299033 7.750000 6.967522
v 1.149062 7.964181 6.967522
v 0.964176 8.149067 6.967522
v 0.749995 8.299038 6.967522
v 0.513025 8.409539 6.967522
v 0.260466 8.477212 6.967522
v -0.000006 8.499999 6.967522
v -0.260478 8.477211 6.967522
v -0.513035 8.409538 6.967522
v -0.750005 8.299037 6.967522
v -0.964186 8.149066 6.967522
v -1.149072 7.964180 6.967522
v -1.299043 7.749999 6.967522
v -1.477217 7.260470 6.967522
v -1.500005 6.999999 6.967522
v -1.477216 6.739527 6.967522
v -1.299042 6.249999 6.967522
v -1.149071 6.035818 6.967522
v -0.964185 5.850933 6.967522
v -0.750004 5.700961 6.967522
v -0.513034 5.590460 6.967522
v 7.260473 -1.477208 6.967522
v 8.149068 -0.964176 6.967522
v 8.500000 0.000005 6.967522
v 8.477212 0.260477 6.967522
v 6.999999 1.500004 6.967522
v 6.739527 1.477216 6.967522
v 6.486969 1.409543 6.967522
v 5.700962 0.750003 6.967522
v 5.522789 0.260475 6.967522
v 5.500000 0.000003 6.967522
v 5.522789 -0.260469 6.967522
v 5.590461 -0.513027 6.967522
v 5.700963 -0.749997 6.967522
v 5.850935 -0.964178 6.967522
v 6.035820 -1.149064 6.967522
v 6.250001 -1.299034 6.967522
v 6.486971 -1.409535 6.967522
v 6.739529 -1.477208 6.967522
v 0.000003 -4.000000 6.967521
v 0.694596 -3.939231 6.967521
v 3.758771 -1.368079 6.967522
v 3.939231 -0.694591 6.967522
v 4.000000 0.000002 6.967522
v 3.939230 0.694595 6.967522
v 3.758769 1.368083 6.967522
v 3.064176 2.571152 6.967522
v 0.694590 3.939231 6.967522
v -0.000003 4.000000 6.967522
v -1.368083 3.758769 6.967522
v -2.000002 3.464100 6.967522
v -3.464103 1.999997 6.967522
v -3.758771 1.368078 6.967522
v -3.939231 0.694590 6.967522
v -2.571149 -3.064180 6.967522
v -1.999998 -3.464104 6.967521
v -1.368078 -3.758771 6.967521
v -0.694590 -3.939232 6.967521
v 0.000026 -40.500000 5.380017
v 7.032777 -39.884708 5.380017
v 13.851841 -38.057545 5.380017
v 20.250023 -35.074017 5.380017
v 35.074039 -20.249977 5.380019
v 38.057560 -13.851791 5.380019
v 39.884716 -7.032725 5.380020
v 38.057545 13.851841 5.380021
v 35.074017 20.250023 5.380022
v 31.024782 26.032917 5.380022
v 26.032877 31.024817 5.380023
v 7.032725 39.884716 5.380023
v -0.000026 40.500000 5.380023
v -26.032919 31.024782 5.380023
v -38.057560 13.851791 5.380021
v -39.884708 -7.032777 5.380020
v -38.057545 -13.851841 5.380019
v -35.074017 -20.250023 5.380019
v -20.249977 -35.074043 5.380017
v -7.032725 -39.884716 5.380017
v 0.000004 -5.500000 5.380020
v -0.260468 -5.522789 5.380020
v -0.513026 -5.590462 5.380020
v -1.477207 -7.260473 5.380020
v -1.149062 -7.964182 5.380020
v -0.749995 -8.299039 5.380020
v -0.513025 -8.409540 5.380020
v -0.260466 -8.477213 5.380020
v 0.000006 -8.500000 5.380020
v 0.260478 -8.477212 5.380020
v 0.513035 -8.409539 5.380020
v 0.750005 -8.299038 5.380020
v 0.964186 -8.149067 5.380020
v 1.149072 -7.964180 5.380020
v 1.299043 -7.750000 5.380020
v 1.477217 -7.260471 5.380020
v 1.500005 -7.000000 5.380020
v 1.477216 -6.739528 5.380020
v 1.409543 -6.486969 5.380020
v 0.964185 -5.850934 5.380020
v 0.513034 -5.590461 5.380020
v 0.260476 -5.522789 5.380020
v -7.000001 1.499995 5.380020
v -7.260473 1.477207 5.380020
v -7.750001 1.299033 5.380020
v -7.964182 1.149061 5.380020
v -8.149068 0.964175 5.380020
v -8.299039 0.749994 5.380020
v -8.409539 0.513024 5.380020
v -8.500000 -0.000006 5.380020
v -8.477212 -0.260478 5.380020
v -8.299037 -0.750006 5.380020
v -8.149066 -0.964187 5.380020
v -6.999999 -1.500005 5.380020
v -6.739527 -1.477217 5.380020
v -6.249999 -1.299043 5.380020
v -5.850934 -0.964185 5.380020
v -5.700962 -0.750004 5.380020
v -5.522789 -0.260476 5.380020
v -5.522789 0.260468 5.380020
v -6.035820 1.149063 5.380020
v -6.250001 1.299034 5.380020
v -6.486971 1.409534 5.380020
v 11.218858 2.614727 5.380020
v 11.218862 -2.614713 5.380020
v 18.986164 2.614732 5.380020
v -0.260478 8.477211 5.380021
v -0.513035 8.409538 5.380021
v -0.964186 8.149066 5.380021
v -1.299043 7.749999 5.380021
v -1.500005 6.999999 5.380021
v -1.299042 6.249999 5.380021
v -1.149071 6.035818 5.380021
v -0.964185 5.850933 5.380021
v -0.750004 5.700961 5.380021
v 0.749996 5.700962 5.380021
v 0.964177 5.850934 5.380021
v 1.477208 6.739529 5.380021
v 1.477207 7.260472 5.380021
v 1.409534 7.513031 5.380021
v 1.299033 7.750000 5.380021
v 1.149062 7.964181 5.380021
v 0.513025 8.409539 5.380021
v 0.260466 8.477212 5.380021
v 6.999999 1.500004 5.380020
v 6.486969 1.409543 5.380020
v 6.249999 1.299042 5.380020
v 6.035818 1.149071 5.380020
v 5.522789 0.260475 5.380020
v 5.500000 0.000003 5.380020
v 5.590461 -0.513027 5.380020
v 5.850935 -0.964178 5.380020
v 7.513031 -1.409534 5.380020
v 8.149068 -0.964176 5.380020
v 8.299039 -0.749995 5.380020
v 8.500000 0.000005 5.380020
v 8.409539 0.513035 5.380020
v 8.299037 0.750005 5.380020
v 8.149066 0.964186 5.380020
v 7.513029 1.409544 5.380020
v 7.260471 1.477216 5.380020
v -0.000003 4.000000 5.380021
v -1.368083 3.758769 5.380021
v -2.571153 3.064176 5.380020
v -3.064180 2.571149 5.380020
v -3.939231 0.694590 5.380020
v -3.758769 -1.368084 5.380020
v -3.064176 -2.571153 5.380020
v -1.999998 -3.464104 5.380020
v -0.694590 -3.939232 5.380020
v 0.694596 -3.939231 5.380020
v 1.368083 -3.758770 5.380020
v 2.000002 -3.464101 5.380020
v 3.064180 -2.571149 5.380020
v 3.464103 -1.999998 5.380020
v 3.758771 -1.368079 5.380020
v 4.000000 0.000002 5.380020
v 3.464101 2.000002 5.380020
v 3.064176 2.571153 5.380020
v 2.571149 3.064179 5.380020
v 1.999998 3.464103 5.380021
v 1.368078 3.758770 5.380021
v 0.694590 3.939231 5.380021
v 1.368083 -3.758770 6.967521
v 2.000002 -3.464101 6.967521
v 2.571153 -3.064177 6.967522
v 3.064180 -2.571150 6.967522
v 3.464103 -1.999998 6.967522
v 3.464101 2.000002 6.967522
v 2.571149 3.064179 6.967522
v 1.999998 3.464103 6.967522
v 1.368078 3.758770 6.967522
v 2.571153 -3.064177 5.380020
v 3.939231 -0.694591 5.380020
v 3.939230 0.694595 5.380020
v 3.758769 1.368083 5.380020
v 7.000001 -1.499996 6.967522
v 7.513031 -1.409535 6.967522
v 7.750001 -1.299034 6.967522
v 7.964182 -1.149062 6.967522
v 8.299039 -0.749995 6.967522
v 8.409539 -0.513025 6.967522
v 8.477212 -0.260467 6.967522
v 8.409539 0.513035 6.967522
v 8.299037 0.750005 6.967522
v 8.149066 0.964186 6.967522
v 7.964180 1.149072 6.967522
v 7.749999 1.299043 6.967522
v 7.513029 1.409543 6.967522
v 7.260471 1.477216 6.967522
v 7.000001 -1.499996 5.380020
v 7.260473 -1.477208 5.380020
v 7.750001 -1.299033 5.380020
v 7.964182 -1.149062 5.380020
v 8.409539 -0.513025 5.380020
v 8.477212 -0.260467 5.380020
v 8.477212 0.260477 5.380020
v 7.964180 1.149072 5.380020
v 7.749999 1.299043 5.380020
v 0.260468 5.522789 6.967522
v 0.513026 5.590461 6.967522
v 0.749996 5.700962 6.967522
v 0.964177 5.850934 6.967522
v 1.149063 6.035819 6.967522
v 1.299034 6.250000 6.967522
v 1.409535 6.486970 6.967522
v 1.499995 7.000000 6.967522
v 1.477207 7.260472 6.967522
v -0.000004 5.500000 5.380021
v 0.260468 5.522789 5.380021
v 0.513026 5.590461 5.380021
v 1.149063 6.035820 5.380021
v 1.299034 6.250000 5.380021
v 1.409535 6.486970 5.380021
v 1.499995 7.000000 5.380021
v 0.964176 8.149067 5.380021
v 0.749995 8.299038 5.380021
v -0.000006 8.500000 5.380021
v 18.986168 -2.614708 5.380020
v 18.986168 -2.614708 6.967522
v 11.218862 -2.614713 6.967522
v 18.986164 2.614732 6.967522
v -6.739527 -1.477217 6.967522
v -6.249999 -1.299043 6.967522
v -6.035818 -1.149071 6.967522
v -5.850934 -0.964185 6.967522
v -5.700962 -0.750004 6.967522
v -5.590460 -0.513034 6.967522
v -5.500000 -0.000004 6.967522
v -5.522789 0.260468 6.967522
v -5.700963 0.749996 6.967522
v -5.850935 0.964177 6.967522
v -6.250001 1.299033 6.967522
v -6.739529 1.477207 6.967522
v -6.486969 -1.409544 5.380020
v -6.035818 -1.149071 5.380020
v -5.590460 -0.513034 5.380020
v -5.500000 -0.000004 5.380020
v -5.590461 0.513026 5.380020
v -5.700963 0.749996 5.380020
v -5.850935 0.964177 5.380020
v -6.739529 1.477207 5.380020
v 0.260478 -8.477212 6.967521
v 1.409544 -7.513030 6.967521
v 1.477217 -7.260471 6.967521
v 1.500005 -7.000000 6.967521
v 1.477216 -6.739528 6.967521
v 1.409543 -6.486969 6.967521
v 1.299042 -6.250000 6.967521
v 1.149071 -6.035819 6.967521
v 0.964185 -5.850934 6.967521
v 0.750004 -5.700962 6.967521
v 0.513034 -5.590461 6.967521
v 1.409544 -7.513030 5.380020
v 1.299042 -6.250000 5.380020
v 1.149071 -6.035819 5.380020
v 0.750004 -5.700962 5.380020
vn 0.1737 -0.0000 0.9848
vn -0.0000 -0.0000 1.0000
vn 0.3420 -0.0000 0.9397
vn 0.5000 -0.0000 0.8660
vn 0.6428 -0.0000 0.7660
vn 0.7660 -0.0000 0.6428
vn 0.8660 -0.0000 0.5000
vn 0.9397 -0.0000 0.3420
vn 0.9848 -0.0000 0.1737
vn 0.9848 -0.0000 0.1736
vn 1.0000 -0.0000 -0.0000
vn 0.9848 -0.0000 -0.1737
vn 0.9848 -0.0000 -0.1736
vn 0.9397 -0.0000 -0.3420
vn 0.8660 -0.0000 -0.5000
vn 0.7660 -0.0000 -0.6428
vn 0.6428 -0.0000 -0.7660
vn 0.5000 -0.0000 -0.8660
vn 0.3420 -0.0000 -0.9397
vn 0.1737 -0.0000 -0.9848
vn -0.0000 -0.0000 -1.0000
vn -0.0000 1.0000 -0.0000
vn 0.0001 1.0000 -0.0000
vn -0.0001 1.0000 -0.0000
vn -0.0000 0.9990 -0.0436
vn -1.0000 -0.0000 -0.0000
vn -0.9992 -0.0000 0.0395
vn -0.0000 -1.0000 -0.0000
vn -0.0000 -0.9990 -0.0436
vn -0.0001 -1.0000 -0.0000
vn 0.9992 -0.0000 0.0399
vn -0.0000 -0.0392 0.9992
vn -0.0000 0.0392 0.9992
vn -0.0000 -0.0436 0.9990
vn -0.0000 -0.0436 -0.9990
vn -0.0000 0.0436 -0.9990
vn -0.0000 0.9992 0.0393
vn -0.0000 -0.9990 0.0436
vn 0.0001 -1.0000 -0.0000
vn -0.0000 -0.9992 0.0393
vn -0.0000 -0.9877 0.1564
vn -0.0000 -0.9848 0.1736
vn -0.0000 -0.9511 0.3090
vn 0.0001 -0.9397 0.3420
vn -0.0000 -0.8910 0.4540
vn 0.0001 -0.8660 0.5000
vn -0.0001 -0.8090 0.5878
vn 0.0001 -0.7660 0.6428
vn -0.0001 -0.7071 0.7071
vn 0.0001 -0.6428 0.7660
vn -0.0001 -0.5878 0.8090
vn 0.0001 -0.5000 0.8660
vn -0.0000 -0.4540 0.8910
vn 0.0001 -0.3420 0.9397
vn -0.0000 -0.3090 0.9511
vn -0.0000 -0.1736 0.9848
vn -0.0000 -0.1564 0.9877
vn -0.0000 0.9877 0.1564
vn -0.0000 0.9511 0.3090
vn -0.0000 0.8910 0.4540
vn -0.0000 0.8090 0.5878
vn -0.0000 0.7071 0.7071
vn -0.0000 0.5878 0.8090
vn -0.0000 0.4540 0.8910
vn -0.0000 0.3090 0.9511
vn -0.0000 0.1564 0.9877
vn -0.0000 -0.1736 -0.9848
vn -0.0000 -0.3420 -0.9397
vn -0.0000 -0.5000 -0.8660
vn -0.0000 -0.6428 -0.7660
vn -0.0000 -0.7660 -0.6428
vn -0.0000 -0.8660 -0.5000
vn -0.0000 -0.9397 -0.3420
vn -0.0000 -0.9848 -0.1737
vn -0.0000 0.1736 -0.9848
vn -0.0000 0.3420 -0.9397
vn -0.0000 0.5000 -0.8660
vn -0.0000 0.6428 -0.7660
vn -0.0000 0.7660 -0.6428
vn -0.0000 0.8660 -0.5000
vn -0.0000 0.9397 -0.3420
vn -0.0000 0.9848 -0.1737
vn -0.1737 -0.0000 -0.9848
vn -0.3420 -0.0000 -0.9397
vn -0.5000 -0.0000 -0.8660
vn -0.6428 -0.0000 -0.7660
vn -0.7660 -0.0000 -0.6428
vn -0.8660 -0.0000 -0.5000
vn -0.9397 -0.0000 -0.3420
vn -0.9848 -0.0000 -0.1736
vn -0.9848 -0.0000 0.1736
vn -0.9397 -0.0000 0.3420
vn -0.8660 -0.0000 0.5000
vn -0.7660 -0.0000 0.6428
vn -0.6428 -0.0000 0.7660
vn -0.5000 -0.0000 0.8660
vn -0.3420 -0.0000 0.9397
vn -0.1737 -0.0000 0.9848
vn -0.1736 -0.0000 -0.9848
vn -0.1736 -0.0000 0.9848
vn -0.9848 -0.0000 -0.1737
vn -0.0748 -0.0000 0.9972
vn 0.0752 -0.0000 0.9972
vn -0.3033 -0.0000 0.9529
vn -0.5785 -0.0000 0.8157
vn -0.7979 -0.0000 0.6027
vn -0.8985 -0.0000 0.4390
vn -0.8787 -0.0000 0.4774
vn -0.7925 -0.0000 0.6099
vn -0.6866 -0.0000 0.7270
vn -0.5638 -0.0000 0.8259
vn -0.4268 -0.0000 0.9043
vn -0.2815 -0.0000 0.9596
vn -0.1375 -0.0000 0.9905
vn -0.0166 -0.0000 0.9999
vn 0.0675 -0.0000 0.9977
vn 0.1563 -0.0000 0.9877
vn 0.8724 -0.0000 0.4888
vn 0.8973 -0.0000 0.4415
vn 0.7765 -0.0000 0.6301
vn 0.6580 -0.0000 0.7530
vn 0.5204 -0.0000 0.8540
vn 0.5204 -0.0000 0.8539
vn 0.3675 -0.0000 0.9300
vn 0.2039 -0.0000 0.9790
vn 0.0344 -0.0000 0.9994
vn -0.1361 -0.0000 0.9907
vn -0.2996 -0.0000 0.9541
vn 0.7974 -0.0000 0.6035
vn 0.5763 -0.0000 0.8172
vn 0.3025 -0.0000 0.9532
vn -0.8990 -0.0015 0.4379
vn -0.8892 0.0010 0.4575
vn -0.9009 -0.0000 0.4341
vn -0.8790 -0.0040 0.4768
vn -0.8176 0.0030 0.5757
vn -0.7927 -0.0054 0.6096
vn -0.7285 0.0042 0.6850
vn -0.6867 -0.0061 0.7269
vn -0.6238 0.0045 0.7815
vn -0.5638 -0.0062 0.8259
vn -0.5036 0.0052 0.8639
vn -0.4268 -0.0058 0.9043
vn -0.3617 0.0066 0.9323
vn -0.2815 -0.0052 0.9595
vn -0.1996 0.0078 0.9799
vn -0.1366 -0.0037 0.9906
vn -0.0304 0.0088 0.9995
vn -0.0134 0.0003 0.9999
vn 0.0659 0.0044 0.9978
vn 0.1372 0.0052 0.9905
vn 0.9873 -0.0000 0.1591
vn 0.9494 -0.0000 0.3141
vn 0.9494 -0.0000 0.3142
vn 0.8873 -0.0000 0.4612
vn 0.8026 -0.0000 0.5965
vn 0.6975 -0.0000 0.7166
vn 0.5746 -0.0000 0.8184
vn 0.4371 -0.0000 0.8994
vn 0.2884 -0.0000 0.9575
vn -0.4488 -0.0000 0.8937
vn -0.4488 -0.0000 0.8936
vn -0.5837 -0.0000 0.8120
vn -0.7041 -0.0000 0.7101
vn -0.8071 -0.0000 0.5905
vn -0.8899 -0.0000 0.4562
vn -0.9505 -0.0000 0.3106
vn -0.9876 -0.0000 0.1573
vn 0.1736 -0.9848 -0.0000
vn 0.3420 -0.9397 -0.0000
vn 0.5000 -0.8660 -0.0000
vn 0.6428 -0.7660 -0.0000
vn 0.7660 -0.6428 -0.0000
vn 0.8660 -0.5000 -0.0000
vn 0.9397 -0.3420 -0.0000
vn 0.9848 -0.1736 -0.0000
vn 0.9848 0.1736 -0.0000
vn 0.9397 0.3420 -0.0000
vn 0.8660 0.5000 -0.0000
vn 0.7660 0.6428 -0.0000
vn 0.6428 0.7660 -0.0000
vn 0.5000 0.8660 -0.0000
vn 0.3420 0.9397 -0.0000
vn 0.1736 0.9848 -0.0000
vn 0.1737 -0.9848 -0.0000
vn 0.9848 0.1737 -0.0000
vn -0.1736 -0.9848 -0.0000
vn -0.3420 -0.9397 -0.0000
vn -0.5000 -0.8660 -0.0000
vn -0.6428 -0.7660 -0.0000
vn -0.7660 -0.6428 -0.0000
vn -0.8660 -0.5000 -0.0000
vn -0.9397 -0.3420 -0.0000
vn -0.9848 -0.1736 -0.0000
vn -0.9848 -0.1737 -0.0000
vn -0.9848 0.1736 -0.0000
vn -0.9397 0.3420 -0.0000
vn -0.8660 0.5000 -0.0000
vn -0.7660 0.6428 -0.0000
vn -0.6428 0.7660 -0.0000
vn -0.5000 0.8660 -0.0000
vn -0.3420 0.9397 -0.0000
vn -0.1736 0.9848 -0.0000
vn -0.1737 0.9848 -0.0000
vn 0.1737 0.9848 -0.0000
vn -0.1737 -0.9848 -0.0000
vt 3.316126 1.587500
vt 3.141593 0.000000
vt 3.141593 1.587500
vt 3.316126 0.000000
vt 3.490659 1.587500
vt 3.490659 0.000000
vt 3.665191 1.587500
vt 3.665191 0.000000
vt 3.839724 1.587500
vt 3.839724 0.000000
vt 4.014257 0.000000
vt 4.014257 1.587500
vt 4.188790 1.587500
vt 4.188790 0.000000
vt 4.363323 0.000000
vt 4.363323 1.587500
vt 4.537856 1.587500
vt 4.537856 0.000000
vt 4.712389 0.000000
vt 4.712389 1.587500
vt 4.886922 1.587500
vt 4.886922 0.000000
vt 5.061455 1.587500
vt 5.061455 0.000000
vt 5.235988 1.587500
vt 5.235988 0.000000
vt 5.410521 1.587500
vt 5.410521 0.000000
vt 5.585053 1.587500
vt 5.585053 0.000000
vt 5.759586 0.000000
vt 5.759586 1.587500
vt 5.934119 1.587500
vt 5.934119 0.000000
vt 6.108653 0.000000
vt 6.108653 1.587500
vt 6.283185 1.587500
vt 6.283185 0.000000
vt 3.316126 28.700001
vt 3.141593 27.112499
vt 3.141593 28.700001
vt 3.316126 27.112499
vt 3.490659 28.700001
vt 3.490659 27.112499
vt 3.665191 28.700001
vt 3.665191 27.112499
vt 3.839724 28.700001
vt 3.839724 27.112499
vt 4.014257 28.700001
vt 4.014257 27.112499
vt 4.188790 28.700001
vt 4.188790 27.112499
vt 4.363323 28.700001
vt 4.363323 27.112499
vt 4.537856 28.700001
vt 4.537856 27.112499
vt 4.712389 28.700001
vt 4.712389 27.112499
vt 4.886922 28.700001
vt 4.886922 27.112499
vt 5.061455 28.700001
vt 5.061455 27.112499
vt 5.235988 28.700001
vt 5.235988 27.112499
vt 5.410521 28.700001
vt 5.410521 27.112499
vt 5.585053 28.700001
vt 5.585053 27.112499
vt 5.759586 28.700001
vt 5.759586 27.112499
vt 5.934119 28.700001
vt 5.934119 27.112499
vt 6.108653 28.700001
vt 6.283185 27.112499
vt 6.108653 27.112499
vt 6.283185 28.700001
vt -10.583755 0.416276
vt -10.362287 0.192951
vt -10.481855 0.295852
vt -10.082407 0.049461
vt -10.228024 0.110134
vt -10.724902 0.697344
vt -10.665448 0.551226
vt -9.771802 0.000000
vt -9.929062 0.012443
vt -10.875280 1.363547
vt -7.587427 1.103621
vt -7.716846 1.233040
vt -7.821826 1.382967
vt -7.437500 0.998641
vt -7.899177 1.548846
vt -7.271621 0.921290
vt -7.946548 1.725637
vt -7.094831 0.873919
vt -7.962500 1.907967
vt -10.910133 2.045620
vt -6.912500 0.857967
vt -7.946548 2.090298
vt -10.828445 2.723681
vt -6.730169 0.873919
vt -7.899177 2.267089
vt -10.632599 3.377962
vt -7.821826 2.432967
vt -10.328302 3.989388
vt -7.716846 2.582895
vt -9.924427 4.540137
vt -7.587427 2.712314
vt -9.432747 5.014151
vt -7.437500 2.817294
vt -8.867595 5.397613
vt -7.271621 2.894645
vt -8.245447 5.679343
vt -7.094831 2.942016
vt -8.109823 5.751564
vt -6.912500 2.957968
vt -8.004119 5.861797
vt -6.730169 2.942016
vt -6.553379 2.894645
vt -7.935403 5.999122
vt -6.387500 2.817294
vt -7.912496 6.150125
vt -6.237573 2.712314
vt -6.108153 2.582895
vt -0.412500 0.000000
vt -6.003173 2.432967
vt -5.925823 2.267089
vt -5.878452 2.090298
vt -5.862500 1.907967
vt -5.878452 1.725637
vt -5.925823 1.548846
vt -6.003173 1.382967
vt -6.108153 1.233040
vt -6.237573 1.103621
vt -6.387500 0.998641
vt -6.553379 0.921290
vt -7.912496 37.865810
vt -10.483685 43.822624
vt -10.878398 43.152405
vt -10.844707 43.308418
vt -10.786624 43.457081
vt -10.705628 43.594612
vt -10.603784 43.717503
vt -7.587427 41.303619
vt -9.351945 38.937851
vt -9.820489 39.361385
vt -7.716846 41.433041
vt -10.216129 39.852718
vt -7.821826 41.582966
vt -10.529920 40.400730
vt -7.437500 41.198639
vt -8.822186 38.593201
vt -10.201346 43.969376
vt -10.348390 43.907303
vt -7.899177 41.748848
vt -10.754508 40.993923
vt -7.271621 41.121292
vt -8.245444 38.336590
vt -7.946548 41.925636
vt -10.889736 41.632057
vt -7.094831 41.073921
vt -8.110701 38.264679
vt -9.887202 44.020000
vt -10.046301 44.007263
vt -10.921644 42.726406
vt -7.962500 42.107967
vt -10.935606 42.315136
vt -6.912500 41.057968
vt -8.004118 38.154137
vt -7.946548 42.290298
vt -6.730169 41.073921
vt -7.899177 42.467087
vt -6.553379 41.121292
vt -7.935402 38.017746
vt -7.821826 42.632969
vt -6.387500 41.198639
vt -7.716846 42.782894
vt -6.237573 41.303619
vt -7.587427 42.912315
vt -6.108153 41.433041
vt -7.437500 43.017296
vt -7.271621 43.094646
vt -7.094831 43.142017
vt -6.912500 43.157967
vt -6.730169 43.142017
vt -0.412500 44.020000
vt -5.878452 41.925636
vt -5.862500 42.107967
vt -5.925823 41.748848
vt -6.003173 41.582966
vt -6.553379 43.094646
vt -6.387500 43.017296
vt -6.237573 42.912315
vt -6.108153 42.782894
vt -6.003173 42.632969
vt -5.925823 42.467087
vt -5.878452 42.290298
vt 0.303631 1.786362
vt -0.587500 0.267949
vt -0.873075 0.467911
vt 0.198862 1.891131
vt -1.119589 0.714425
vt -1.319551 1.000000
vt 0.425000 1.701378
vt 0.065204 0.030384
vt -0.271540 0.120615
vt 0.113878 2.012500
vt -1.466885 1.315960
vt -1.557116 1.652704
vt 0.559283 1.638761
vt 0.412500 0.000000
vt 0.051261 2.146783
vt -1.587500 2.000000
vt 0.702399 1.600413
vt 0.012913 2.289899
vt 0.000000 2.437500
vt 0.850000 1.587500
vt 9.771802 0.000000
vt 9.771802 1.587500
vt 0.000000 26.262501
vt -1.587500 26.700001
vt 0.010465 26.395470
vt 0.041602 26.525164
vt -1.557116 27.047297
vt 0.092644 26.648392
vt -1.466885 27.384041
vt 0.162336 26.762117
vt -1.319551 27.700001
vt -1.119589 27.985575
vt 0.248959 26.863541
vt -0.873075 28.232088
vt 0.350383 26.950165
vt -0.587500 28.432051
vt -0.271540 28.579386
vt 0.464108 27.019855
vt 0.065204 28.669615
vt 0.587336 27.070898
vt 0.412500 28.700001
vt 0.850000 27.112499
vt 0.717031 27.102036
vt 9.771802 28.700001
vt 9.771802 27.112499
vt -42.912315 6.237573
vt -42.782894 6.108153
vt -44.020000 0.412500
vt -43.017296 6.387500
vt -42.632969 6.003173
vt -43.094646 6.553379
vt -42.467087 5.925823
vt -42.290298 5.878452
vt -43.142017 6.730169
vt -42.107967 5.862500
vt -41.925636 5.878452
vt -41.748848 5.925823
vt -41.582966 6.003173
vt -41.433041 6.108153
vt -44.020000 9.887202
vt -42.290298 7.946548
vt -42.467087 7.899177
vt -42.632969 7.821826
vt -42.782894 7.716846
vt -42.912315 7.587427
vt -43.017296 7.437500
vt -43.094646 7.271621
vt -43.142017 7.094831
vt -43.157967 6.912500
vt -43.907303 10.348390
vt -44.007263 10.046301
vt -43.969376 10.201346
vt -43.717503 10.603784
vt -43.822624 10.483685
vt -43.308418 10.844707
vt -43.594612 10.705628
vt -43.457081 10.786624
vt -43.152405 10.878398
vt -42.726406 10.921644
vt -42.315136 10.935606
vt -42.107967 7.962500
vt -41.632057 10.889736
vt -41.925636 7.946548
vt -40.993923 10.754508
vt -41.748848 7.899177
vt -38.264679 8.110701
vt -41.057968 6.912500
vt -41.073921 7.094831
vt -38.154137 8.004118
vt -41.121292 6.553379
vt -41.073921 6.730169
vt -38.336590 8.245444
vt -41.121292 7.271621
vt -38.017746 7.935402
vt -41.198639 6.387500
vt -37.865810 7.912496
vt -41.303619 6.237573
vt -40.400730 10.529920
vt -41.582966 7.821826
vt -38.593201 8.822186
vt -41.198639 7.437500
vt -39.852718 10.216129
vt -41.433041 7.716846
vt -38.937851 9.351945
vt -41.303619 7.587427
vt -39.361385 9.820489
vt 0.000000 0.412500
vt -6.150125 7.912496
vt -2.582895 6.108153
vt -2.712314 6.237573
vt -2.817294 6.387500
vt -5.999122 7.935403
vt -2.432967 6.003173
vt -2.894645 6.553379
vt -5.861797 8.004119
vt -2.267089 5.925823
vt -2.942016 6.730169
vt -2.090298 5.878452
vt -1.907967 5.862500
vt -2.957968 6.912500
vt -5.751564 8.109823
vt -1.725637 5.878452
vt -2.942016 7.094831
vt -5.679343 8.245447
vt -1.548846 5.925823
vt -2.894645 7.271621
vt -5.397613 8.867595
vt -1.382967 6.003173
vt -2.817294 7.437500
vt -5.014151 9.432747
vt -1.233040 6.108153
vt -2.712314 7.587427
vt -1.103621 6.237573
vt -4.540137 9.924427
vt -2.582895 7.716846
vt -0.998641 6.387500
vt -0.921290 6.553379
vt -0.873919 6.730169
vt -3.989388 10.328302
vt -2.432967 7.821826
vt -3.377962 10.632599
vt -2.267089 7.899177
vt -2.723681 10.828445
vt -2.090298 7.946548
vt -2.045620 10.910133
vt -1.907967 7.962500
vt -1.363547 10.875280
vt -1.725637 7.946548
vt -0.000000 9.771802
vt -1.548846 7.899177
vt -0.857967 6.912500
vt -0.873919 7.094831
vt -0.921290 7.271621
vt -0.998641 7.437500
vt -1.103621 7.587427
vt -1.233040 7.716846
vt -1.382967 7.821826
vt -0.697344 10.724902
vt -0.049461 10.082407
vt -0.012443 9.929062
vt -0.192951 10.362287
vt -0.110134 10.228024
vt -0.295852 10.481855
vt -0.551226 10.665448
vt -0.416276 10.583755
vt -0.850000 1.587500
vt -9.887202 0.000000
vt -9.887202 1.587500
vt -0.717031 1.597965
vt -0.587336 1.629102
vt -0.065204 0.030384
vt -0.464108 1.680144
vt 0.271540 0.120615
vt -0.350383 1.749836
vt 0.873075 0.467911
vt 0.587500 0.267949
vt -0.248959 1.836459
vt 1.119589 0.714425
vt -0.162336 1.937883
vt 1.319551 1.000000
vt 1.466885 1.315960
vt -0.092644 2.051608
vt 1.557116 1.652704
vt -0.041602 2.174835
vt 1.587500 2.000000
vt -0.010465 2.304531
vt -0.850000 27.112499
vt -9.887202 27.112499
vt -9.887202 28.700001
vt 1.587500 26.700001
vt -0.010465 26.395470
vt -0.041602 26.525164
vt -0.412500 28.700001
vt -0.587336 27.070898
vt -0.717031 27.102036
vt 1.557116 27.047297
vt -0.092644 26.648392
vt -0.065204 28.669615
vt -0.464108 27.019855
vt 0.271540 28.579386
vt -0.350383 26.950165
vt 1.466885 27.384041
vt -0.162336 26.762117
vt 1.319551 27.700001
vt 0.587500 28.432051
vt 0.873075 28.232088
vt -0.248959 26.863541
vt 1.119589 27.985575
vt -2.437500 44.020000
vt -26.262501 0.000000
vt -26.262501 44.020000
vt -2.437500 0.000000
vt -26.700001 44.020000
vt -26.700001 0.000000
vt -2.000000 0.000000
vt -2.000000 44.020000
vt -4.874347 1.233040
vt -10.132500 0.000000
vt -4.744927 1.103621
vt -4.595000 0.998641
vt -4.979327 1.382967
vt -4.429121 0.921290
vt -5.056677 1.548846
vt -4.252331 0.873919
vt -5.104048 1.725637
vt -5.120000 1.907967
vt -5.104048 2.090298
vt -5.056677 2.267089
vt -4.979327 2.432967
vt -4.874347 2.582895
vt -1.210698 0.000000
vt -4.070000 0.857967
vt -3.887669 0.873919
vt -3.710879 0.921290
vt -3.545000 0.998641
vt -3.395073 1.103621
vt -3.265653 1.233040
vt -3.160673 1.382967
vt -3.083323 1.548846
vt -3.035952 1.725637
vt -0.620213 0.192951
vt -1.053438 0.012443
vt -0.900093 0.049461
vt -0.754476 0.110134
vt -0.257598 0.697344
vt -0.500644 0.295852
vt -0.398745 0.416276
vt -0.317052 0.551226
vt -0.107220 1.363547
vt -3.020000 1.907967
vt -0.072367 2.045620
vt -3.035952 2.090298
vt -0.154054 2.723681
vt -3.083323 2.267089
vt -2.872677 5.751564
vt -4.070000 2.957968
vt -3.887669 2.942016
vt -2.978381 5.861797
vt -4.252331 2.942016
vt -4.429121 2.894645
vt -2.737053 5.679343
vt -3.710879 2.894645
vt -3.047097 5.999122
vt -4.595000 2.817294
vt -0.349901 3.377962
vt -3.160673 2.432967
vt -3.070004 6.150125
vt -4.744927 2.712314
vt -2.114905 5.397613
vt -3.545000 2.817294
vt -0.654198 3.989388
vt -3.265653 2.582895
vt -1.549754 5.014151
vt -3.395073 2.712314
vt -1.058073 4.540137
vt -3.070004 37.865810
vt -10.132500 44.020000
vt -4.874347 41.433041
vt -4.744927 41.303619
vt -4.979327 41.582966
vt -4.595000 41.198639
vt -3.047098 38.017746
vt -4.429121 41.121292
vt -2.978382 38.154137
vt -5.056677 41.748848
vt -5.104048 41.925636
vt -4.252331 41.073921
vt -5.120000 42.107967
vt -4.070000 41.057968
vt -2.871799 38.264679
vt -5.104048 42.290298
vt -3.887669 41.073921
vt -2.737056 38.336590
vt -3.710879 41.121292
vt -2.236304 38.552944
vt -5.056677 42.467087
vt -3.545000 41.198639
vt -1.769145 38.835918
vt -4.979327 42.632969
vt -3.395073 41.303619
vt -1.329076 39.194645
vt -4.874347 42.782894
vt -3.265653 41.433041
vt -4.744927 42.912315
vt -4.595000 43.017296
vt -4.429121 43.094646
vt -0.943578 39.612762
vt -3.160673 41.582966
vt -4.252331 43.142017
vt -0.621372 40.081367
vt -0.345628 40.648834
vt -3.083323 41.748848
vt -0.144050 41.332062
vt -3.035952 41.925636
vt -3.020000 42.107967
vt -0.049462 42.156277
vt -3.035952 42.290298
vt -1.095298 44.020000
vt -3.083323 42.467087
vt -3.160673 42.632969
vt -3.265653 42.782894
vt -3.395073 42.912315
vt -3.545000 43.017296
vt -3.710879 43.094646
vt -3.887669 43.142017
vt -4.070000 43.157967
vt -0.104102 43.152405
vt -0.781153 43.969376
vt -0.936199 44.007263
vt -0.195876 43.457081
vt -0.137793 43.308418
vt -0.378716 43.717503
vt -0.276872 43.594612
vt -0.498816 43.822624
vt -0.634110 43.907303
vt 1.103621 -4.744927
vt 0.000000 -10.132500
vt 1.233040 -4.874347
vt 1.382967 -4.979327
vt 0.998641 -4.595000
vt 1.548846 -5.056677
vt 0.921290 -4.429121
vt 1.725637 -5.104048
vt 0.873919 -4.252331
vt 1.907967 -5.120000
vt 2.090298 -5.104048
vt 2.267089 -5.056677
vt 2.432967 -4.979327
vt 2.582895 -4.874347
vt 0.000000 -1.210698
vt 1.548846 -3.083323
vt 1.725637 -3.035952
vt 1.382967 -3.160673
vt 1.233040 -3.265653
vt 1.103621 -3.395073
vt 0.998641 -3.545000
vt 0.921290 -3.710879
vt 0.873919 -3.887669
vt 0.857967 -4.070000
vt 0.110134 -0.754476
vt 0.049461 -0.900093
vt 0.012443 -1.053438
vt 0.295852 -0.500644
vt 0.192951 -0.620213
vt 0.416276 -0.398745
vt 0.697344 -0.257598
vt 0.551226 -0.317052
vt 1.363547 -0.107220
vt 1.907967 -3.020000
vt 2.045620 -0.072367
vt 2.090298 -3.035952
vt 2.723681 -0.154054
vt 2.267089 -3.083323
vt 5.751564 -2.872677
vt 2.942016 -3.887669
vt 2.957968 -4.070000
vt 5.861797 -2.978381
vt 2.942016 -4.252331
vt 2.894645 -4.429121
vt 5.679343 -2.737053
vt 2.894645 -3.710879
vt 5.999122 -3.047097
vt 2.817294 -4.595000
vt 3.377962 -0.349901
vt 2.432967 -3.160673
vt 6.150125 -3.070004
vt 2.712314 -4.744927
vt 5.397613 -2.114905
vt 2.817294 -3.545000
vt 3.989388 -0.654198
vt 2.582895 -3.265653
vt 5.014151 -1.549754
vt 2.712314 -3.395073
vt 4.540137 -1.058073
vt 37.865810 -3.070004
vt 44.020000 -10.132500
vt 41.433041 -4.874347
vt 41.303619 -4.744927
vt 41.582966 -4.979327
vt 41.198639 -4.595000
vt 38.017746 -3.047098
vt 41.748848 -5.056677
vt 41.121292 -4.429121
vt 38.154137 -2.978382
vt 41.925636 -5.104048
vt 41.073921 -4.252331
vt 42.107967 -5.120000
vt 41.057968 -4.070000
vt 38.264679 -2.871799
vt 42.290298 -5.104048
vt 41.073921 -3.887669
vt 38.336590 -2.737056
vt 42.467087 -5.056677
vt 41.121292 -3.710879
vt 38.593201 -2.160315
vt 42.632969 -4.979327
vt 41.198639 -3.545000
vt 38.937851 -1.630555
vt 42.782894 -4.874347
vt 41.303619 -3.395073
vt 42.912315 -4.744927
vt 39.361385 -1.162011
vt 41.433041 -3.265653
vt 43.017296 -4.595000
vt 43.094646 -4.429121
vt 43.142017 -4.252331
vt 39.852718 -0.766371
vt 41.582966 -3.160673
vt 40.400730 -0.452580
vt 41.748848 -3.083323
vt 40.993923 -0.227992
vt 41.925636 -3.035952
vt 41.632057 -0.092764
vt 42.107967 -3.020000
vt 42.315136 -0.046894
vt 42.290298 -3.035952
vt 42.726406 -0.060856
vt 44.020000 -1.095298
vt 43.157967 -4.070000
vt 43.142017 -3.887669
vt 43.094646 -3.710879
vt 43.017296 -3.545000
vt 42.912315 -3.395073
vt 42.782894 -3.265653
vt 42.632969 -3.160673
vt 42.467087 -3.083323
vt 43.152405 -0.104102
vt 43.969376 -0.781153
vt 44.007263 -0.936199
vt 43.594612 -0.276872
vt 43.457081 -0.195876
vt 43.308418 -0.137793
vt 43.822624 -0.498816
vt 43.907303 -0.634110
vt 43.717503 -0.378716
vt 3.298672 -44.020000
vt 3.141593 -44.020000
vt 3.455752 -44.020000
vt 3.612832 -44.020000
vt 3.769911 -44.020000
vt 3.926991 -44.020000
vt 4.084071 -44.020000
vt 4.241150 -44.020000
vt 4.398230 -44.020000
vt 4.555309 -44.020000
vt 4.712389 -44.020000
vt 1.570796 44.020000
vt 1.727876 0.000000
vt 1.570796 0.000000
vt 1.727876 44.020000
vt 1.884956 0.000000
vt 1.884956 44.020000
vt 2.042035 0.000000
vt 2.042035 44.020000
vt 2.199115 0.000000
vt 2.199115 44.020000
vt 2.356194 0.000000
vt 2.356194 44.020000
vt 2.513274 44.020000
vt 2.513274 0.000000
vt 2.670354 0.000000
vt 2.670354 44.020000
vt 2.827433 44.020000
vt 2.827433 0.000000
vt 2.984513 0.000000
vt 2.984513 44.020000
vt 3.141593 44.020000
vt 4.886922 -44.020000
vt 5.061455 -44.020000
vt 5.235988 -44.020000
vt 5.410521 -44.020000
vt 5.585053 -44.020000
vt 5.759586 -44.020000
vt 5.934119 -44.020000
vt 6.108653 -44.020000
vt 6.283185 -44.020000
vt 3.316126 44.020000
vt 3.490659 44.020000
vt 3.665191 44.020000
vt 3.839724 44.020000
vt 4.014257 44.020000
vt 4.188790 44.020000
vt 4.363323 44.020000
vt 4.537856 44.020000
vt 4.712389 44.020000
vt 0.174533 28.700001
vt 0.000000 27.112499
vt 0.000000 28.700001
vt 0.174533 27.112499
vt 0.349066 28.700001
vt 0.349066 27.112499
vt 0.523599 28.700001
vt 0.523599 27.112499
vt 0.698132 28.700001
vt 0.698132 27.112499
vt 0.872665 28.700001
vt 0.872665 27.112499
vt 1.047198 28.700001
vt 1.047198 27.112499
vt 1.221730 28.700001
vt 1.221730 27.112499
vt 1.396263 28.700001
vt 1.396263 27.112499
vt 1.570796 28.700001
vt 1.570796 27.112499
vt 1.745329 28.700001
vt 1.745329 27.112499
vt 1.919862 28.700001
vt 1.919862 27.112499
vt 2.094395 28.700001
vt 2.094395 27.112499
vt 2.268928 28.700001
vt 2.268928 27.112499
vt 2.443461 28.700001
vt 2.443461 27.112499
vt 2.617994 28.700001
vt 2.617994 27.112499
vt 2.792527 28.700001
vt 2.792527 27.112499
vt 2.967060 28.700001
vt 2.967060 27.112499
vt 0.174533 1.587500
vt 0.000000 0.000000
vt 0.000000 1.587500
vt 0.174533 0.000000
vt 0.349066 1.587500
vt 0.349066 0.000000
vt 0.523599 1.587500
vt 0.523599 0.000000
vt 0.698132 1.587500
vt 0.698132 0.000000
vt 0.872665 1.587500
vt 0.872665 0.000000
vt 1.047198 1.587500
vt 1.047198 0.000000
vt 1.221730 1.587500
vt 1.221730 0.000000
vt 1.396263 0.000000
vt 1.396263 1.587500
vt 1.570796 1.587500
vt 1.745329 1.587500
vt 1.745329 0.000000
vt 1.919862 1.587500
vt 1.919862 0.000000
vt 2.094395 1.587500
vt 2.094395 0.000000
vt 2.268928 1.587500
vt 2.268928 0.000000
vt 2.443461 1.587500
vt 2.443461 0.000000
vt 2.617994 1.587500
vt 2.617994 0.000000
vt 2.792527 1.587500
vt 2.792527 0.000000
vt 2.967060 0.000000
vt 2.967060 1.587500
vt 31.715685 -0.000000
vt 31.715685 1.587500
vt 0.250000 1.000000
vt -0.000000 1.000000
vt 0.250000 0.000000
vt 0.500000 1.000000
vt 0.500000 0.000000
vt 0.750000 1.000000
vt 0.750000 0.000000
vt 1.000000 1.000000
vt 1.000000 0.000000
vt -0.685516 1.000000
vt -0.867646 0.000000
vt -0.867646 1.000000
vt -0.685516 0.000000
vt -0.503387 1.000000
vt -0.503387 0.000000
vt -0.321257 0.000000
vt -0.321257 1.000000
vt -0.139128 -0.000000
vt -0.139128 1.000000
vt 0.043001 -0.000000
vt 0.043001 1.000000
vt 0.225131 -0.000000
vt 0.225131 1.000000
vt 0.407260 -0.000000
vt 0.407260 1.000000
vt 0.589390 -0.000000
vt 0.589390 1.000000
vt 0.693654 -0.000000
vt 0.693654 1.000000
vt 0.797918 0.000000
vt 0.797918 1.000000
vt 0.510683 1.587500
vt 0.339734 0.000000
vt 0.510683 -0.000000
vt 0.339734 1.587500
vt 0.681632 1.587500
vt 0.681632 -0.000000
vt 0.852581 1.587500
vt 0.852581 -0.000000
vt 1.023530 1.587500
vt 1.023530 -0.000000
vt 1.194479 1.587500
vt 1.194479 -0.000000
vt 1.365427 1.587500
vt 1.365427 -0.000000
vt 1.536376 1.587500
vt 1.536376 -0.000000
vt 1.707325 1.587500
vt 1.707325 -0.000000
vt 1.878274 1.587500
vt 1.878274 -0.000000
vt 0.339734 28.700001
vt 0.339734 27.112499
vt 0.510683 27.112499
vt 0.510683 28.700001
vt 0.681632 27.112499
vt 0.681632 28.700001
vt 0.852581 27.112499
vt 0.852581 28.700001
vt 1.023530 27.112499
vt 1.023530 28.700001
vt 1.194479 27.112499
vt 1.194479 28.700001
vt 1.365427 27.112499
vt 1.365427 28.700001
vt 1.536376 27.112499
vt 1.536376 28.700001
vt 1.707325 27.112499
vt 1.707325 28.700001
vt 1.878274 27.112499
vt 1.878274 28.700001
vt -0.710329 0.000000
vt -0.553012 0.000000
vt -0.389096 0.000000
vt -0.225179 0.000000
vt -0.061263 0.000000
vt 0.120867 0.000000
vt 0.323233 0.000000
vt 0.548084 0.000000
vt 31.715685 28.700001
vt 31.715685 27.112499
vt 0.159778 0.793750
vt 0.000000 -0.793750
vt 0.159778 -0.793750
vt 0.000000 0.793750
vt 0.319556 0.793750
vt 0.319556 -0.793750
vt 0.479334 0.793750
vt 0.479334 -0.793750
vt 0.639111 0.793750
vt 0.639111 -0.793750
vt 0.798889 0.793750
vt 0.798889 -0.793750
vt 0.958667 0.793750
vt 0.958667 -0.793750
vt 1.118445 0.793750
vt 1.118445 -0.793750
vt 1.278223 0.793750
vt 1.278223 -0.793750
vt 1.438001 0.793750
vt 1.438001 -0.793750
vt 2.036189 1.587500
vt 2.036189 -0.000000
vt 2.194104 1.587500
vt 2.194104 -0.000000
vt 2.352019 1.587500
vt 2.352019 -0.000000
vt 2.509933 1.587500
vt 2.509933 -0.000000
vt 2.667848 1.587500
vt 2.667848 -0.000000
vt 2.825763 1.587500
vt 2.825763 -0.000000
vt 2.983678 1.587500
vt 2.983678 -0.000000
vt 2.036189 27.112499
vt 2.036189 28.700001
vt 2.194104 27.112499
vt 2.194104 28.700001
vt 2.352019 27.112499
vt 2.352019 28.700001
vt 2.509933 27.112499
vt 2.509933 28.700001
vt 2.667848 28.700001
vt 2.667848 27.112499
vt 2.825763 28.700001
vt 2.825763 27.112499
vt 2.983678 28.700001
vt 2.983678 27.112499
vt -1.149067 -7.964181
vt -26.032898 -31.024799
vt -20.250000 -35.074028
vt -0.964181 -8.149067
vt -7.964181 -1.149067
vt -35.074028 -20.250000
vt -31.024799 -26.032898
vt -8.149067 -0.964181
vt -1.299038 -7.750000
vt -0.750000 -8.299038
vt -13.851816 -38.057552
vt -7.750000 -1.299038
vt -8.299038 -0.750000
vt -38.057552 -13.851816
vt -0.513030 -8.409539
vt -7.032751 -39.884712
vt -7.513030 -1.409539
vt -1.409539 -7.513030
vt -8.409539 -0.513030
vt -39.884712 -7.032751
vt -0.260472 -8.477212
vt -0.000000 -40.500000
vt -8.477212 -0.260472
vt -40.500000 0.000000
vt -7.260472 -1.477212
vt -1.477212 -7.260472
vt 0.000000 -8.500000
vt -8.500000 0.000000
vt -7.000000 -1.500000
vt -1.500000 -7.000000
vt 0.260472 -8.477212
vt 7.032751 -39.884712
vt -6.739528 -1.477212
vt -1.477212 -6.739528
vt -8.477212 0.260472
vt -39.884712 7.032751
vt 0.513030 -8.409539
vt 13.851816 -38.057552
vt -8.409539 0.513030
vt -38.057552 13.851816
vt 0.750000 -8.299038
vt 20.250000 -35.074028
vt -8.299038 0.750000
vt -35.074028 20.250000
vt 0.964181 -8.149067
vt -8.149067 0.964181
vt 1.149067 -7.964181
vt -7.964181 1.149067
vt -2.571151 -3.064178
vt -1.409539 -6.486970
vt -3.064178 -2.571151
vt -6.486970 -1.409539
vt -3.464102 -2.000000
vt -6.250000 -1.299038
vt -6.035819 -1.149067
vt -2.000000 -3.464102
vt -1.299038 -6.250000
vt -1.149067 -6.035819
vt -3.758770 -1.368081
vt -5.850934 -0.964181
vt -5.700962 -0.750000
vt -1.368081 -3.758770
vt -0.964181 -5.850934
vt -0.750000 -5.700962
vt 26.032898 -31.024799
vt 1.299038 -7.750000
vt -31.024799 26.032898
vt -0.694593 -3.939231
vt -0.513030 -5.590461
vt -0.260472 -5.522789
vt -3.939231 -0.694593
vt -5.590461 -0.513030
vt -5.522789 -0.260472
vt -0.000000 -4.000000
vt 0.000000 -5.500000
vt 0.260472 -5.522789
vt -4.000000 0.000000
vt -5.522789 0.260472
vt -5.500000 0.000000
vt 0.694593 -3.939231
vt 0.513030 -5.590461
vt 0.750000 -5.700962
vt -3.939231 0.694593
vt -5.590461 0.513030
vt -5.700962 0.750000
vt 1.368081 -3.758770
vt 0.964181 -5.850934
vt 1.149067 -6.035819
vt -3.758770 1.368081
vt -5.850934 0.964181
vt -6.035819 1.149067
vt 2.000000 -3.464102
vt 1.299038 -6.250000
vt 1.409539 -6.486970
vt -3.464102 2.000000
vt -6.250000 1.299038
vt -6.486970 1.409539
vt 2.571151 -3.064178
vt 1.477212 -6.739528
vt -3.064178 2.571151
vt -6.739528 1.477212
vt 3.064178 -2.571151
vt -2.571151 3.064178
vt 6.035819 -1.149067
vt 3.758770 -1.368081
vt 3.464102 -2.000000
vt 5.850934 -0.964181
vt -1.149067 6.035819
vt -1.368081 3.758770
vt -0.964181 5.850934
vt -2.000000 3.464102
vt 5.700962 -0.750000
vt 3.939231 -0.694593
vt 6.250000 -1.299038
vt -1.299038 6.250000
vt -0.750000 5.700962
vt -0.694593 3.939231
vt 6.486970 -1.409539
vt 5.590461 -0.513030
vt -1.409539 6.486970
vt -0.513030 5.590461
vt 5.522789 -0.260472
vt 4.000000 0.000000
vt 6.739528 -1.477212
vt -1.477212 6.739528
vt -7.000000 1.500000
vt -0.260472 5.522789
vt 0.000000 4.000000
vt 7.000000 -1.500000
vt 1.500000 -7.000000
vt 1.477212 -7.260472
vt 5.500000 -0.000000
vt 0.000000 5.500000
vt -1.500000 7.000000
vt 7.260472 -1.477212
vt 5.522789 0.260472
vt 3.939231 0.694593
vt 0.260472 5.522789
vt 0.694593 3.939231
vt 7.513030 -1.409539
vt 1.409539 -7.513030
vt 5.590461 0.513030
vt 0.513030 5.590461
vt 7.750000 -1.299038
vt 31.024799 -26.032898
vt 5.700962 0.750000
vt 3.758770 1.368081
vt 0.750000 5.700962
vt 1.368081 3.758770
vt 7.964181 -1.149067
vt 5.850934 0.964181
vt 0.964181 5.850934
vt 6.035819 1.149067
vt 3.464102 2.000000
vt 1.149067 6.035819
vt 2.000000 3.464102
vt 6.250000 1.299038
vt 1.299038 6.250000
vt 6.486970 1.409539
vt 3.064178 2.571151
vt 1.409539 6.486970
vt 2.571151 3.064178
vt 6.739528 1.477212
vt 1.477212 6.739528
vt 1.500000 7.000000
vt 7.000000 1.500000
vt -2.614720 11.218860
vt -7.260472 1.477212
vt -7.513030 1.409539
vt -7.750000 1.299038
vt -0.260472 8.477212
vt 0.000000 8.500000
vt -0.513030 8.409539
vt -0.750000 8.299038
vt -0.964181 8.149067
vt -1.149067 7.964181
vt -1.299038 7.750000
vt -1.409539 7.513030
vt -1.477212 7.260472
vt 2.614720 11.218860
vt 7.750000 1.299038
vt 7.964181 1.149067
vt 7.513030 1.409539
vt 7.260472 1.477212
vt 1.477212 7.260472
vt 1.409539 7.513030
vt 1.299038 7.750000
vt 1.149067 7.964181
vt 0.964181 8.149067
vt 0.750000 8.299038
vt 0.513030 8.409539
vt 0.260472 8.477212
vt 35.074028 -20.250000
vt 8.149067 -0.964181
vt 8.299038 -0.750000
vt -2.614720 18.986166
vt -20.250000 35.074028
vt -26.032898 31.024799
vt 38.057552 -13.851816
vt 8.409539 -0.513030
vt -13.851816 38.057552
vt 39.884712 -7.032751
vt 8.477212 -0.260472
vt -7.032751 39.884712
vt 40.500000 -0.000000
vt 8.477212 0.260472
vt 8.500000 -0.000000
vt 0.000000 40.500000
vt 2.614720 18.986166
vt 39.884712 7.032751
vt 8.409539 0.513030
vt 7.032751 39.884712
vt 38.057552 13.851816
vt 8.299038 0.750000
vt 13.851816 38.057552
vt 35.074028 20.250000
vt 8.149067 0.964181
vt 20.250000 35.074028
vt 31.024799 26.032898
vt 26.032898 31.024799
vt 40.500000 0.000000
vt 5.229440 1.587500
vt 5.229440 0.000000
vt 7.767306 1.587500
vt 7.767306 0.000000
vt -5.229440 0.000000
vt -5.229440 1.587500
vt -7.767306 0.000000
vt -7.767306 1.587500
s 1
usemtl mat_1.001
f 2465/2941/1794 2647/2942/1795 2922/2943/1795
f 2465/2941/1794 2474/2944/1794 2647/2942/1795
f 2742/2945/1796 2475/2946/1796 2474/2944/1794
f 2742/2945/1796 2474/2944/1794 2465/2941/1794
f 2743/2947/1797 2476/2948/1797 2475/2946/1796
f 2743/2947/1797 2475/2946/1796 2742/2945/1796
f 2744/2949/1798 2648/2950/1798 2476/2948/1797
f 2744/2949/1798 2649/2951/1799 2648/2950/1798
f 2744/2949/1798 2476/2948/1797 2743/2947/1797
f 2745/2952/1799 2649/2951/1799 2744/2949/1798
f 2466/2953/1800 2650/2954/1800 2649/2951/1799
f 2466/2953/1800 2651/2955/1801 2650/2954/1800
f 2466/2953/1800 2649/2951/1799 2745/2952/1799
f 2746/2956/1801 2651/2955/1801 2466/2953/1800
f 2747/2957/1802 2477/2958/1803 2651/2955/1801
f 2747/2957/1802 2478/2959/1804 2477/2958/1803
f 2747/2957/1802 2651/2955/1801 2746/2956/1801
f 2748/2960/1804 2478/2959/1804 2747/2957/1802
f 2467/2961/1805 2479/2962/1806 2478/2959/1804
f 2467/2961/1805 2478/2959/1804 2748/2960/1804
f 2468/2963/1807 2480/2964/1807 2479/2962/1806
f 2468/2963/1807 2479/2962/1806 2467/2961/1805
f 2469/2965/1808 2481/2966/1808 2480/2964/1807
f 2469/2965/1808 2480/2964/1807 2468/2963/1807
f 2749/2967/1809 2482/2968/1809 2481/2966/1808
f 2749/2967/1809 2481/2966/1808 2469/2965/1808
f 2470/2969/1810 2483/2970/1810 2482/2968/1809
f 2470/2969/1810 2652/2971/1811 2483/2970/1810
f 2470/2969/1810 2482/2968/1809 2749/2967/1809
f 2471/2972/1811 2652/2971/1811 2470/2969/1810
f 2472/2973/1812 2652/2971/1811 2471/2972/1811
f 2472/2973/1812 2653/2974/1812 2652/2971/1811
f 2472/2973/1812 2484/2975/1813 2653/2974/1812
f 2473/2976/1813 2484/2975/1813 2472/2973/1812
f 2735/2977/1814 2484/2975/1813 2473/2976/1813
f 2735/2977/1814 2464/2978/1814 2484/2975/1813
f 2758/2941/1794 2494/2942/1795 2486/2943/1795
f 2758/2941/1794 2495/2944/1794 2494/2942/1795
f 2759/2945/1796 2664/2946/1796 2495/2944/1794
f 2759/2945/1796 2495/2944/1794 2758/2941/1794
f 2487/2947/1797 2496/2948/1797 2664/2946/1796
f 2487/2947/1797 2664/2946/1796 2759/2945/1796
f 2488/2949/1798 2665/2950/1798 2496/2948/1797
f 2488/2949/1798 2666/2951/1799 2665/2950/1798
f 2488/2949/1798 2496/2948/1797 2487/2947/1797
f 2489/2952/1799 2666/2951/1799 2488/2949/1798
f 2490/2953/1800 2667/2954/1800 2666/2951/1799
f 2490/2953/1800 2668/2955/1801 2667/2954/1800
f 2490/2953/1800 2666/2951/1799 2489/2952/1799
f 2491/2956/1801 2668/2955/1801 2490/2953/1800
f 2760/2957/1803 2669/2958/1802 2668/2955/1801
f 2760/2957/1803 2670/2959/1804 2669/2958/1802
f 2760/2957/1803 2668/2955/1801 2491/2956/1801
f 2492/2960/1804 2670/2959/1804 2760/2957/1803
f 2761/2961/1806 2671/2962/1805 2670/2959/1804
f 2761/2961/1806 2670/2959/1804 2492/2960/1804
f 2762/2963/1807 2672/2964/1807 2671/2962/1805
f 2762/2963/1807 2671/2962/1805 2761/2961/1806
f 2763/2965/1808 2673/2966/1808 2672/2964/1807
f 2763/2965/1808 2672/2964/1807 2762/2963/1807
f 2764/2967/1809 2497/2968/1809 2673/2966/1808
f 2764/2967/1809 2673/2966/1808 2763/2965/1808
f 2765/2969/1810 2498/2970/1810 2497/2968/1809
f 2765/2969/1810 2674/2971/1811 2498/2970/1810
f 2765/2969/1810 2497/2968/1809 2764/2967/1809
f 2766/2972/1811 2674/2971/1811 2765/2969/1810
f 2493/2973/1812 2674/2971/1811 2766/2972/1811
f 2493/2973/1812 2499/2974/1812 2674/2971/1811
f 2493/2973/1812 2675/2975/1813 2499/2974/1812
f 2767/2976/1813 2675/2975/1813 2493/2973/1812
f 2894/2977/1814 2675/2975/1813 2767/2976/1813
f 2894/2977/1814 2485/2978/1814 2675/2975/1813
f 2501/2979/1794 2512/2980/1795 2883/2981/1795
f 2501/2979/1794 2523/2982/1794 2512/2980/1795
f 2502/2983/1796 2798/2984/1796 2523/2982/1794
f 2502/2983/1796 2523/2982/1794 2501/2979/1794
f 2566/2985/1797 2522/2986/1797 2798/2984/1796
f 2566/2985/1797 2798/2984/1796 2502/2983/1796
f 2503/2987/1798 2797/2988/1798 2522/2986/1797
f 2503/2987/1798 2522/2986/1797 2566/2985/1797
f 2504/2989/1799 2796/2990/1799 2797/2988/1798
f 2504/2989/1799 2797/2988/1798 2503/2987/1798
f 2505/2991/1800 2521/2992/1800 2796/2990/1799
f 2505/2991/1800 2796/2990/1799 2504/2989/1799
f 2567/2993/1801 2520/2994/1801 2521/2992/1800
f 2567/2993/1801 2521/2992/1800 2505/2991/1800
f 2506/2995/1803 2519/2996/1802 2520/2994/1801
f 2506/2995/1803 2520/2994/1801 2567/2993/1801
f 2507/2997/1804 2795/2998/1804 2519/2996/1802
f 2507/2997/1804 2519/2996/1802 2506/2995/1803
f 2568/2999/1805 2794/3000/1806 2795/2998/1804
f 2568/2999/1805 2795/2998/1804 2507/2997/1804
f 2569/3001/1807 2518/3002/1807 2794/3000/1806
f 2569/3001/1807 2794/3000/1806 2568/2999/1805
f 2508/3003/1808 2517/3004/1808 2518/3002/1807
f 2508/3003/1808 2518/3002/1807 2569/3001/1807
f 2509/3005/1809 2516/3006/1809 2517/3004/1808
f 2509/3005/1809 2517/3004/1808 2508/3003/1808
f 2510/3007/1810 2515/3008/1810 2516/3006/1809
f 2510/3007/1810 2516/3006/1809 2509/3005/1809
f 2570/3009/1811 2515/3008/1810 2510/3007/1810
f 2570/3009/1811 2514/3010/1811 2515/3008/1810
f 2511/3011/1812 2514/3010/1811 2570/3009/1811
f 2511/3011/1812 2513/3012/1812 2514/3010/1811
f 2571/3013/1813 2513/3012/1812 2511/3011/1812
f 2571/3013/1813 2500/3014/1814 2793/3015/1813
f 2571/3013/1813 2793/3015/1813 2513/3012/1812
f 2875/3016/1814 2500/3014/1814 2571/3013/1813
f 2583/2979/1794 2815/2980/1795 2582/2981/1795
f 2583/2979/1794 2542/2982/1794 2815/2980/1795
f 2524/2983/1796 2814/2984/1796 2542/2982/1794
f 2524/2983/1796 2542/2982/1794 2583/2979/1794
f 2525/2985/1797 2541/2986/1797 2814/2984/1796
f 2525/2985/1797 2814/2984/1796 2524/2983/1796
f 2526/2987/1798 2540/2988/1798 2541/2986/1797
f 2526/2987/1798 2541/2986/1797 2525/2985/1797
f 2527/2989/1799 2813/2990/1799 2540/2988/1798
f 2527/2989/1799 2540/2988/1798 2526/2987/1798
f 2528/2991/1800 2812/2992/1800 2813/2990/1799
f 2528/2991/1800 2813/2990/1799 2527/2989/1799
f 2529/2993/1801 2811/2994/1801 2812/2992/1800
f 2529/2993/1801 2812/2992/1800 2528/2991/1800
f 2584/2995/1802 2539/2996/1803 2811/2994/1801
f 2584/2995/1802 2811/2994/1801 2529/2993/1801
f 2530/2997/1804 2810/2998/1804 2539/2996/1803
f 2530/2997/1804 2539/2996/1803 2584/2995/1802
f 2531/2999/1806 2809/3000/1805 2810/2998/1804
f 2531/2999/1806 2810/2998/1804 2530/2997/1804
f 2585/3001/1807 2808/3002/1807 2809/3000/1805
f 2585/3001/1807 2809/3000/1805 2531/2999/1806
f 2586/3003/1808 2538/3004/1808 2808/3002/1807
f 2586/3003/1808 2808/3002/1807 2585/3001/1807
f 2587/3005/1809 2537/3006/1809 2538/3004/1808
f 2587/3005/1809 2538/3004/1808 2586/3003/1808
f 2588/3007/1810 2536/3008/1810 2537/3006/1809
f 2588/3007/1810 2537/3006/1809 2587/3005/1809
f 2532/3009/1811 2536/3008/1810 2588/3007/1810
f 2532/3009/1811 2535/3010/1811 2536/3008/1810
f 2589/3011/1812 2535/3010/1811 2532/3009/1811
f 2589/3011/1812 2807/3012/1812 2535/3010/1811
f 2533/3013/1813 2807/3012/1812 2589/3011/1812
f 2533/3013/1813 2806/3014/1814 2534/3015/1813
f 2533/3013/1813 2534/3015/1813 2807/3012/1812
f 2590/3016/1814 2806/3014/1814 2533/3013/1813
f 3004/3017/1815 2555/3018/1815 2556/3019/1815
f 2553/3020/1815 2554/3021/1815 2555/3018/1815
f 2946/3022/1815 3004/3017/1815 3005/3023/1816
f 2623/3024/1815 3003/3025/1815 2553/3020/1815
f 2623/3024/1815 2555/3018/1815 3004/3017/1815
f 2623/3024/1815 2553/3020/1815 2555/3018/1815
f 2623/3024/1815 3004/3017/1815 2946/3022/1815
f 2947/3026/1815 2623/3024/1815 2946/3022/1815
f 2587/3027/1815 2623/3024/1815 2588/3028/1815
f 2532/3029/1815 2588/3028/1815 2623/3024/1815
f 2586/3030/1815 2623/3024/1815 2587/3027/1815
f 2589/3031/1815 2532/3029/1815 2623/3024/1815
f 2585/3032/1815 2623/3024/1815 2586/3030/1815
f 2533/3033/1815 2623/3024/1815 2947/3026/1815
f 2533/3033/1815 2589/3031/1815 2623/3024/1815
f 2531/3034/1815 2623/3024/1815 2585/3032/1815
f 2590/3035/1815 2947/3026/1815 2948/3036/1815
f 2590/3035/1815 2533/3033/1815 2947/3026/1815
f 2530/3037/1817 2623/3024/1815 2531/3034/1815
f 2858/3038/1815 2948/3036/1815 2949/3039/1815
f 2858/3038/1815 2590/3035/1815 2948/3036/1815
f 2584/3040/1815 2623/3024/1815 2530/3037/1817
f 2591/3041/1815 2949/3039/1815 2549/3042/1815
f 2591/3041/1815 2858/3038/1815 2949/3039/1815
f 2592/3043/1815 2549/3042/1815 2550/3044/1815
f 2592/3043/1815 2591/3041/1815 2549/3042/1815
f 2859/3045/1815 2550/3044/1815 2551/3046/1815
f 2859/3045/1815 2592/3043/1815 2550/3044/1815
f 2593/3047/1815 2859/3045/1815 2551/3046/1815
f 2552/3048/1815 2860/3049/1815 2593/3047/1815
f 2552/3048/1815 2593/3047/1815 2551/3046/1815
f 2950/3050/1815 2861/3051/1815 2860/3049/1815
f 2950/3050/1815 2860/3049/1815 2552/3048/1815
f 2546/3052/1815 2594/3053/1815 2861/3051/1815
f 2546/3052/1815 2861/3051/1815 2950/3050/1815
f 2547/3054/1815 2862/3055/1815 2594/3053/1815
f 2547/3054/1815 2594/3053/1815 2546/3052/1815
f 2548/3056/1815 2595/3057/1815 2862/3055/1815
f 2548/3056/1815 2863/3058/1815 2595/3057/1815
f 2548/3056/1815 2862/3055/1815 2547/3054/1815
f 2955/3059/1815 2596/3060/1815 2863/3058/1815
f 2955/3059/1815 2863/3058/1815 2548/3056/1815
f 2545/3061/1815 2864/3062/1815 2596/3060/1815
f 2545/3061/1815 2865/3063/1815 2864/3062/1815
f 2545/3061/1815 2596/3060/1815 2955/3059/1815
f 2855/3064/1818 2865/3063/1815 2545/3061/1815
f 2855/3064/1818 2866/3065/1815 2865/3063/1815
f 2855/3064/1818 2597/3066/1815 2866/3065/1815
f 2855/3064/1818 2598/3067/1815 2597/3066/1815
f 2855/3064/1818 2582/3068/1815 2598/3067/1815
f 2855/3064/1818 2623/3024/1815 2584/3040/1815
f 2855/3064/1818 2583/3069/1815 2582/3068/1815
f 2855/3064/1818 2524/3070/1815 2583/3069/1815
f 2855/3064/1818 2525/3071/1815 2524/3070/1815
f 2855/3064/1818 2526/3072/1815 2525/3071/1815
f 2855/3064/1818 2527/3073/1815 2526/3072/1815
f 2855/3064/1818 2528/3074/1815 2527/3073/1815
f 2855/3064/1818 2529/3075/1815 2528/3074/1815
f 2855/3064/1818 2584/3040/1815 2529/3075/1815
f 2543/3076/1815 2855/3064/1818 2545/3061/1815
f 2986/3077/1815 2938/3078/1815 2557/3079/1815
f 2986/3077/1815 2557/3079/1815 2558/3080/1815
f 2986/3077/1815 2558/3080/1815 2985/3081/1817
f 2986/3077/1815 2985/3081/1817 2559/3082/1816
f 2509/3083/1815 2935/3084/1815 2561/3085/1815
f 2510/3086/1815 2561/3085/1815 2562/3087/1815
f 2510/3086/1815 2509/3083/1815 2561/3085/1815
f 2570/3088/1815 2562/3087/1815 2936/3089/1815
f 2570/3088/1815 2510/3086/1815 2562/3087/1815
f 2508/3090/1815 2934/3091/1815 2935/3084/1815
f 2508/3090/1815 2935/3084/1815 2509/3083/1815
f 2987/3092/1815 2986/3077/1815 2560/3093/1815
f 2987/3092/1815 2938/3078/1815 2986/3077/1815
f 2511/3094/1815 2936/3089/1815 2563/3095/1815
f 2511/3094/1815 2570/3088/1815 2936/3089/1815
f 2569/3096/1815 2933/3097/1815 2934/3091/1815
f 2569/3096/1815 2934/3091/1815 2508/3090/1815
f 2571/3098/1815 2563/3095/1815 2937/3099/1815
f 2571/3098/1815 2511/3094/1815 2563/3095/1815
f 2568/3100/1815 2932/3101/1815 2933/3097/1815
f 2568/3100/1815 2933/3097/1815 2569/3096/1815
f 2989/3102/1815 2987/3092/1815 2988/3103/1815
f 2989/3102/1815 2565/3104/1815 2938/3078/1815
f 2989/3102/1815 2938/3078/1815 2987/3092/1815
f 2875/3105/1815 2937/3099/1815 2564/3106/1815
f 2875/3105/1815 2571/3098/1815 2937/3099/1815
f 2507/3107/1815 2931/3108/1815 2932/3101/1815
f 2507/3107/1815 2932/3101/1815 2568/3100/1815
f 2876/3109/1815 2564/3106/1815 2565/3104/1815
f 2876/3109/1815 2565/3104/1815 2989/3102/1815
f 2876/3109/1815 2875/3105/1815 2564/3106/1815
f 2506/3110/1815 2931/3108/1815 2507/3107/1815
f 2572/3111/1815 2876/3109/1815 2989/3102/1815
f 2567/3112/1815 2544/3113/1815 2931/3108/1815
f 2567/3112/1815 2931/3108/1815 2506/3110/1815
f 2573/3114/1815 2572/3111/1815 2989/3102/1815
f 2505/3115/1815 2543/3076/1815 2544/3113/1815
f 2505/3115/1815 2544/3113/1815 2567/3112/1815
f 2877/3116/1815 2573/3114/1815 2989/3102/1815
f 2504/3117/1815 2543/3076/1815 2505/3115/1815
f 2878/3118/1815 2877/3116/1815 2989/3102/1815
f 2503/3119/1815 2543/3076/1815 2504/3117/1815
f 2574/3120/1815 2878/3118/1815 2989/3102/1815
f 2575/3121/1815 2574/3120/1815 2989/3102/1815
f 2576/3122/1815 2575/3121/1815 2989/3102/1815
f 2577/3123/1815 2576/3122/1815 2989/3102/1815
f 2578/3124/1815 2577/3123/1815 2989/3102/1815
f 2691/3125/1818 2543/3076/1815 2503/3119/1815
f 2691/3125/1818 2578/3124/1815 2989/3102/1815
f 2691/3125/1818 2501/3126/1815 2883/3127/1815
f 2691/3125/1818 2502/3128/1815 2501/3126/1815
f 2691/3125/1818 2566/3129/1815 2502/3128/1815
f 2691/3125/1818 2503/3119/1815 2566/3129/1815
f 2691/3125/1818 2579/3130/1815 2578/3124/1815
f 2691/3125/1818 2879/3131/1815 2579/3130/1815
f 2691/3125/1818 2880/3132/1815 2879/3131/1815
f 2691/3125/1818 2881/3133/1815 2880/3132/1815
f 2691/3125/1818 2882/3134/1815 2881/3133/1815
f 2691/3125/1818 2580/3135/1815 2882/3134/1815
f 2691/3125/1818 2581/3136/1815 2580/3135/1815
f 2691/3125/1818 2883/3127/1815 2581/3136/1815
f 2691/3125/1818 2855/3064/1818 2543/3076/1815
f 2830/3137/1819 2619/3138/1819 2620/3139/1819
f 2599/3140/1819 2620/3139/1819 2856/3141/1819
f 2599/3140/1819 2856/3141/1819 2621/3142/1819
f 2599/3140/1819 2830/3137/1819 2620/3139/1819
f 2831/3143/1819 2617/3144/1819 2618/3145/1819
f 2831/3143/1819 2618/3145/1819 2619/3138/1819
f 2831/3143/1819 2619/3138/1819 2830/3137/1819
f 2829/3146/1819 2621/3142/1819 2857/3147/1819
f 2829/3146/1819 2857/3147/1819 2622/3148/1819
f 2829/3146/1819 2599/3140/1819 2621/3142/1819
f 2832/3149/1819 2855/3150/1819 2617/3144/1819
f 2832/3149/1819 2617/3144/1819 2831/3143/1819
f 2828/3151/1819 2622/3148/1819 2616/3152/1819
f 2828/3151/1819 2829/3146/1819 2622/3148/1819
f 2833/3153/1819 2855/3150/1819 2832/3149/1819
f 2827/3154/1819 2828/3151/1819 2616/3152/1819
f 2826/3155/1819 2827/3154/1819 2616/3152/1819
f 2792/3156/1819 2855/3150/1819 2833/3153/1819
f 2623/3157/1820 2855/3150/1819 2792/3156/1819
f 3006/3158/1820 2623/3157/1820 2792/3156/1819
f 2710/3159/1819 2616/3152/1819 2608/3160/1819
f 2710/3159/1819 2826/3155/1819 2616/3152/1819
f 2606/3161/1819 2710/3159/1819 2608/3160/1819
f 2605/3162/1819 2608/3160/1819 2609/3163/1819
f 2605/3162/1819 2606/3161/1819 2608/3160/1819
f 2604/3164/1819 2609/3163/1819 2610/3165/1819
f 2604/3164/1819 2605/3162/1819 2609/3163/1819
f 2846/3166/1819 2604/3164/1819 2610/3165/1819
f 2846/3166/1819 2610/3165/1819 2611/3167/1819
f 2846/3166/1819 2611/3167/1819 2612/3168/1819
f 2603/3169/1819 2846/3166/1819 2612/3168/1819
f 2613/3170/1819 2845/3171/1819 2603/3169/1819
f 2613/3170/1819 2603/3169/1819 2612/3168/1819
f 2614/3172/1819 2845/3171/1819 2613/3170/1819
f 2847/3173/1819 2845/3171/1819 2614/3172/1819
f 2847/3173/1819 2844/3174/1819 2845/3171/1819
f 2615/3175/1819 2602/3176/1819 2844/3174/1819
f 2615/3175/1819 2844/3174/1819 2847/3173/1819
f 2624/3177/1819 2600/3178/1819 2601/3179/1819
f 2624/3177/1819 2601/3179/1819 2602/3176/1819
f 2624/3177/1819 2602/3176/1819 2615/3175/1819
f 3013/3180/1820 2600/3178/1819 2624/3177/1819
f 3013/3180/1820 2607/3181/1820 2600/3178/1819
f 2660/3182/1821 2929/3183/1821 2692/3184/1822
f 2928/3185/1821 2660/3182/1821 2692/3184/1822
f 2661/3186/1821 2692/3184/1822 2929/3183/1821
f 2659/3187/1821 2928/3185/1821 2692/3184/1822
f 2662/3188/1821 2692/3184/1822 2661/3186/1821
f 2663/3189/1821 2692/3184/1822 2662/3188/1821
f 2658/3190/1821 2659/3187/1821 2692/3184/1822
f 2647/3191/1821 2692/3184/1822 2663/3189/1821
f 2474/3192/1821 2692/3184/1822 2647/3191/1821
f 2475/3193/1821 2692/3184/1822 2474/3192/1821
f 2476/3194/1821 2692/3184/1822 2475/3193/1821
f 2648/3195/1821 2692/3184/1822 2476/3194/1821
f 2698/3196/1821 2658/3190/1821 2692/3184/1822
f 2698/3196/1821 2654/3197/1821 2655/3198/1821
f 2698/3196/1821 2655/3198/1821 2923/3199/1821
f 2698/3196/1821 2923/3199/1821 2924/3200/1821
f 2698/3196/1821 2924/3200/1821 2925/3201/1821
f 2698/3196/1821 2925/3201/1821 2926/3202/1821
f 2698/3196/1821 2926/3202/1821 2927/3203/1821
f 2698/3196/1821 2927/3203/1821 2656/3204/1821
f 2698/3196/1821 2656/3204/1821 2657/3205/1821
f 2698/3196/1821 2657/3205/1821 2658/3190/1821
f 2643/3206/1821 2698/3196/1821 2642/3207/1821
f 2643/3206/1821 2642/3207/1821 3000/3208/1823
f 2644/3209/1821 2643/3206/1821 3001/3210/1823
f 2644/3209/1821 2698/3196/1821 2643/3206/1821
f 2646/3211/1821 2644/3209/1821 2645/3212/1821
f 2646/3211/1821 2645/3212/1821 3002/3213/1823
f 2641/3214/1821 2698/3196/1821 2644/3209/1821
f 2641/3214/1821 2644/3209/1821 2646/3211/1821
f 2976/3215/1821 2698/3196/1821 2641/3214/1821
f 2976/3215/1821 2654/3197/1821 2698/3196/1821
f 2975/3216/1821 2654/3197/1821 2976/3215/1821
f 2975/3216/1821 2464/3217/1821 2654/3197/1821
f 2974/3218/1821 2464/3217/1821 2975/3216/1821
f 2974/3218/1821 2484/3219/1821 2464/3217/1821
f 2973/3220/1821 2484/3219/1821 2974/3218/1821
f 2973/3220/1821 2653/3221/1821 2484/3219/1821
f 2979/3222/1821 2478/3223/1821 2479/3224/1821
f 2978/3225/1821 2651/3226/1821 2477/3227/1821
f 2978/3225/1821 2477/3227/1821 2478/3223/1821
f 2978/3225/1821 2478/3223/1821 2979/3222/1821
f 2636/3228/1821 2479/3224/1821 2480/3229/1821
f 2636/3228/1821 2979/3222/1821 2479/3224/1821
f 2977/3230/1821 2650/3231/1821 2651/3226/1821
f 2977/3230/1821 2651/3226/1821 2978/3225/1821
f 2983/3232/1821 2650/3231/1821 2977/3230/1821
f 2983/3232/1821 2648/3195/1821 2649/3233/1821
f 2983/3232/1821 2649/3233/1821 2650/3231/1821
f 2983/3232/1821 2692/3184/1822 2648/3195/1821
f 2972/3234/1821 2653/3221/1821 2973/3220/1821
f 2972/3234/1821 2652/3235/1821 2653/3221/1821
f 2637/3236/1821 2636/3228/1821 2480/3229/1821
f 2637/3236/1821 2480/3229/1821 2481/3237/1821
f 2640/3238/1821 2652/3235/1821 2972/3234/1821
f 2640/3238/1821 2483/3239/1821 2652/3235/1821
f 2638/3240/1821 2637/3236/1821 2481/3237/1821
f 2638/3240/1821 2481/3237/1821 2482/3241/1821
f 2639/3242/1821 2483/3239/1821 2640/3238/1821
f 2639/3242/1821 2638/3240/1821 2482/3241/1821
f 2639/3242/1821 2482/3241/1821 2483/3239/1821
f 2624/3243/1822 2692/3184/1822 2983/3232/1821
f 2635/3244/1821 2624/3243/1822 2983/3232/1821
f 2684/3245/1821 2624/3243/1822 2635/3244/1821
f 2684/3245/1821 2635/3244/1821 2908/3246/1821
f 2683/3247/1821 2635/3244/1821 2956/3248/1821
f 2683/3247/1821 2908/3246/1821 2635/3244/1821
f 2909/3249/1821 2624/3243/1822 2684/3245/1821
f 2907/3250/1821 2956/3248/1821 2634/3251/1821
f 2907/3250/1821 2683/3247/1821 2956/3248/1821
f 2910/3252/1821 2624/3243/1822 2909/3249/1821
f 2682/3253/1821 2907/3250/1821 2634/3251/1821
f 2685/3254/1821 2624/3243/1822 2910/3252/1821
f 2494/3255/1821 2624/3243/1822 2685/3254/1821
f 2906/3256/1821 2634/3251/1821 2633/3257/1821
f 2906/3256/1821 2682/3253/1821 2634/3251/1821
f 2495/3258/1821 2624/3243/1822 2494/3255/1821
f 2681/3259/1821 2633/3257/1821 2632/3260/1821
f 2681/3259/1821 2906/3256/1821 2633/3257/1821
f 2664/3261/1821 2624/3243/1822 2495/3258/1821
f 2680/3262/1821 2632/3260/1821 2631/3263/1821
f 2680/3262/1821 2681/3259/1821 2632/3260/1821
f 2496/3264/1821 2624/3243/1822 2664/3261/1821
f 2905/3265/1821 2631/3263/1821 2966/3266/1821
f 2905/3265/1821 2680/3262/1821 2631/3263/1821
f 2665/3267/1821 2624/3243/1822 2496/3264/1821
f 2679/3268/1821 2905/3265/1821 2966/3266/1821
f 2666/3269/1821 2624/3243/1822 2665/3267/1821
f 2965/3270/1821 2904/3271/1821 2679/3268/1821
f 2965/3270/1821 2679/3268/1821 2966/3266/1821
f 2667/3272/1821 2624/3243/1822 2666/3269/1821
f 2668/3273/1821 2624/3243/1822 2667/3272/1821
f 2669/3274/1821 2624/3243/1822 2668/3273/1821
f 2964/3275/1821 2678/3276/1821 2904/3271/1821
f 2964/3275/1821 2904/3271/1821 2965/3270/1821
f 2630/3277/1821 2677/3278/1821 2678/3276/1821
f 2630/3277/1821 2678/3276/1821 2964/3275/1821
f 2963/3279/1821 2676/3280/1821 2677/3278/1821
f 2963/3279/1821 2677/3278/1821 2630/3277/1821
f 2962/3281/1821 2485/3282/1821 2676/3280/1821
f 2962/3281/1821 2676/3280/1821 2963/3279/1821
f 2629/3283/1821 2675/3284/1821 2485/3282/1821
f 2629/3283/1821 2485/3282/1821 2962/3281/1821
f 3013/3285/1821 2499/3286/1821 2675/3284/1821
f 3013/3285/1821 2624/3243/1822 2669/3274/1821
f 3013/3285/1821 2669/3274/1821 2670/3287/1821
f 3013/3285/1821 2670/3287/1821 2671/3288/1821
f 3013/3285/1821 2671/3288/1821 2672/3289/1821
f 3013/3285/1821 2675/3284/1821 2629/3283/1821
f 3013/3285/1821 2672/3289/1821 2673/3290/1821
f 3013/3285/1821 2673/3290/1821 2497/3291/1821
f 3013/3285/1821 2497/3291/1821 2498/3292/1821
f 3013/3285/1821 2498/3292/1821 2674/3293/1821
f 3013/3285/1821 2674/3293/1821 2499/3286/1821
f 2625/3294/1821 3013/3285/1821 2629/3283/1821
f 3017/3295/1821 2628/3296/1821 3013/3285/1821
f 3016/3297/1823 2627/3298/1821 3017/3295/1821
f 3015/3299/1821 2625/3294/1821 2626/3300/1821
f 3015/3299/1821 2626/3300/1821 3014/3301/1821
f 3015/3299/1821 3017/3295/1821 3013/3285/1821
f 3015/3299/1821 3013/3285/1821 2625/3294/1821
f 3015/3299/1821 3016/3297/1823 3017/3295/1821
f 2704/3302/1804 2989/3303/1824 2709/3304/1824
f 2704/3302/1804 2691/3064/1804 2989/3303/1824
f 2834/3305/1804 2691/3064/1804 2704/3302/1804
f 2835/3306/1804 2690/3307/1804 2691/3064/1804
f 2835/3306/1804 2691/3064/1804 2834/3305/1804
f 2836/3308/1804 2689/3309/1804 2690/3307/1804
f 2836/3308/1804 2690/3307/1804 2835/3306/1804
f 2837/3310/1804 2688/3311/1804 2854/3312/1804
f 2837/3310/1804 2854/3312/1804 2689/3309/1804
f 2837/3310/1804 2689/3309/1804 2836/3308/1804
f 2838/3313/1804 2688/3311/1804 2837/3310/1804
f 2687/3314/1804 2838/3313/1804 2705/3315/1804
f 2687/3314/1804 2688/3311/1804 2838/3313/1804
f 2853/3316/1804 2687/3314/1804 2705/3315/1804
f 2686/3317/1804 2705/3315/1804 2706/3318/1804
f 2686/3317/1804 2853/3316/1804 2705/3315/1804
f 2852/3319/1804 2706/3318/1804 2707/3320/1804
f 2852/3319/1804 2686/3317/1804 2706/3318/1804
f 2711/3321/1804 2707/3320/1804 2708/3322/1804
f 2711/3321/1804 2708/3322/1804 2825/3155/1804
f 2711/3321/1804 2852/3319/1804 2707/3320/1804
f 2721/3323/1804 2720/3324/1824 2698/3325/1824
f 2848/3326/1804 2699/3159/1804 2700/3327/1804
f 2848/3326/1804 2700/3327/1804 2839/3328/1804
f 2848/3326/1804 2825/3155/1804 2699/3159/1804
f 2848/3326/1804 2711/3321/1804 2825/3155/1804
f 2692/3329/1804 2843/3330/1804 2703/3331/1804
f 2692/3329/1804 2703/3331/1804 2721/3323/1804
f 2692/3329/1804 2721/3323/1804 2698/3325/1824
f 2697/3332/1804 2848/3326/1804 2839/3328/1804
f 2697/3332/1804 2839/3328/1804 2840/3333/1804
f 2693/3334/1804 2702/3335/1804 2843/3330/1804
f 2693/3334/1804 2843/3330/1804 2692/3329/1804
f 2849/3336/1804 2702/3335/1804 2693/3334/1804
f 2849/3336/1804 2701/3337/1804 2702/3335/1804
f 2851/3338/1804 2697/3332/1804 2840/3333/1804
f 2851/3338/1804 2840/3333/1804 2841/3339/1804
f 2696/3340/1804 2851/3338/1804 2841/3339/1804
f 2694/3341/1804 2701/3337/1804 2849/3336/1804
f 2695/3342/1804 2842/3343/1804 2701/3337/1804
f 2695/3342/1804 2701/3337/1804 2694/3341/1804
f 2850/3344/1804 2841/3339/1804 2842/3343/1804
f 2850/3344/1804 2696/3340/1804 2841/3339/1804
f 2850/3344/1804 2842/3343/1804 2695/3342/1804
f 2825/3345/1825 2710/3346/1826 2699/3347/1826
f 2825/3345/1825 2826/3348/1827 2710/3346/1826
f 2848/3349/1828 2608/3350/1828 2616/3351/1829
f 2711/3352/1829 2848/3349/1828 2616/3351/1829
f 2488/3353/1815 2600/3354/1830 2489/3355/1815
f 2490/3356/1815 2489/3355/1815 2600/3354/1830
f 2487/3357/1815 2600/3354/1830 2488/3353/1815
f 2491/3358/1815 2490/3356/1815 2600/3354/1830
f 2759/3359/1815 2600/3354/1830 2487/3357/1815
f 2760/3360/1815 2491/3358/1815 2600/3354/1830
f 2758/3361/1815 2600/3354/1830 2759/3359/1815
f 2486/3362/1815 2600/3354/1830 2758/3361/1815
f 2903/3363/1815 2600/3354/1830 2486/3362/1815
f 2757/3364/1815 2600/3354/1830 2903/3363/1815
f 2902/3365/1815 2600/3354/1830 2757/3364/1815
f 2901/3366/1815 2600/3354/1830 2902/3365/1815
f 2607/3367/1815 2492/3368/1815 2760/3360/1815
f 2607/3367/1815 2761/3369/1815 2492/3368/1815
f 2607/3367/1815 2762/3370/1815 2761/3369/1815
f 2607/3367/1815 2763/3371/1815 2762/3370/1815
f 2607/3367/1815 2764/3372/1815 2763/3371/1815
f 2607/3367/1815 2765/3373/1815 2764/3372/1815
f 2607/3367/1815 2766/3374/1815 2765/3373/1815
f 2607/3367/1815 2493/3375/1815 2766/3374/1815
f 2607/3367/1815 2767/3376/1815 2493/3375/1815
f 2607/3367/1815 2760/3360/1815 2600/3354/1830
f 2724/3377/1815 2607/3367/1815 3010/3378/1815
f 2724/3377/1815 3010/3378/1815 2722/3379/1815
f 2724/3377/1815 2722/3379/1815 2723/3380/1815
f 2961/3381/1815 2724/3377/1815 3011/3382/1815
f 2961/3381/1815 3011/3382/1815 3012/3383/1815
f 2961/3381/1815 3012/3383/1815 2725/3384/1816
f 2961/3381/1815 2607/3367/1815 2724/3377/1815
f 2730/3385/1815 2894/3386/1815 2767/3376/1815
f 2730/3385/1815 2767/3376/1815 2607/3367/1815
f 2730/3385/1815 2607/3367/1815 2961/3381/1815
f 2960/3387/1815 2750/3388/1815 2894/3386/1815
f 2960/3387/1815 2894/3386/1815 2730/3385/1815
f 2729/3389/1815 2750/3388/1815 2960/3387/1815
f 2729/3389/1815 2895/3390/1815 2750/3388/1815
f 2733/3391/1815 2898/3392/1815 2897/3393/1815
f 2732/3394/1815 2898/3392/1815 2733/3391/1815
f 2732/3394/1815 2755/3395/1815 2898/3392/1815
f 2732/3394/1815 2899/3396/1815 2755/3395/1815
f 2957/3397/1815 2733/3391/1815 2897/3393/1815
f 2957/3397/1815 2897/3393/1815 2896/3398/1815
f 2731/3399/1815 2899/3396/1815 2732/3394/1815
f 2731/3399/1815 2756/3400/1815 2899/3396/1815
f 2728/3401/1815 2895/3390/1815 2729/3389/1815
f 2728/3401/1815 2751/3402/1815 2895/3390/1815
f 2984/3403/1815 2756/3400/1815 2731/3399/1815
f 2984/3403/1815 2600/3354/1830 2901/3366/1815
f 2984/3403/1815 2900/3404/1815 2756/3400/1815
f 2984/3403/1815 2901/3366/1815 2900/3404/1815
f 2958/3405/1815 2957/3397/1815 2896/3398/1815
f 2958/3405/1815 2896/3398/1815 2754/3406/1815
f 2959/3407/1815 2751/3402/1815 2728/3401/1815
f 2959/3407/1815 2752/3408/1815 2751/3402/1815
f 2726/3409/1815 2958/3405/1815 2754/3406/1815
f 2726/3409/1815 2754/3406/1815 2753/3410/1815
f 2727/3411/1815 2752/3408/1815 2959/3407/1815
f 2727/3411/1815 2726/3409/1815 2753/3410/1815
f 2727/3411/1815 2753/3410/1815 2752/3408/1815
f 2980/3412/1815 2721/3413/1830 2600/3354/1830
f 2980/3412/1815 2600/3354/1830 2984/3403/1815
f 2744/3414/1815 2721/3413/1830 2980/3412/1815
f 2745/3415/1815 2744/3414/1815 2980/3412/1815
f 2743/3416/1815 2721/3413/1830 2744/3414/1815
f 2466/3417/1815 2980/3412/1815 2734/3418/1815
f 2466/3417/1815 2745/3415/1815 2980/3412/1815
f 2746/3419/1815 2734/3418/1815 2982/3420/1815
f 2746/3419/1815 2466/3417/1815 2734/3418/1815
f 2742/3421/1815 2721/3413/1830 2743/3416/1815
f 2465/3422/1815 2721/3413/1830 2742/3421/1815
f 2747/3423/1815 2746/3419/1815 2982/3420/1815
f 2922/3424/1815 2721/3413/1830 2465/3422/1815
f 2748/3425/1815 2982/3420/1815 2981/3426/1815
f 2748/3425/1815 2747/3423/1815 2982/3420/1815
f 2921/3427/1815 2721/3413/1830 2922/3424/1815
f 2467/3428/1815 2981/3426/1815 2716/3429/1815
f 2467/3428/1815 2748/3425/1815 2981/3426/1815
f 2468/3430/1815 2716/3429/1815 2971/3431/1815
f 2468/3430/1815 2467/3428/1815 2716/3429/1815
f 2920/3432/1815 2721/3413/1830 2921/3427/1815
f 2469/3433/1815 2971/3431/1815 2715/3434/1815
f 2469/3433/1815 2468/3430/1815 2971/3431/1815
f 2741/3435/1815 2721/3413/1830 2920/3432/1815
f 2749/3436/1815 2715/3434/1815 2970/3437/1815
f 2749/3436/1815 2469/3433/1815 2715/3434/1815
f 2919/3438/1815 2721/3413/1830 2741/3435/1815
f 2470/3439/1815 2749/3436/1815 2970/3437/1815
f 2918/3440/1815 2721/3413/1830 2919/3438/1815
f 2740/3441/1815 2721/3413/1830 2918/3440/1815
f 2917/3442/1815 2721/3413/1830 2740/3441/1815
f 2969/3443/1815 2471/3444/1815 2470/3439/1815
f 2969/3443/1815 2470/3439/1815 2970/3437/1815
f 2739/3445/1815 2721/3413/1830 2917/3442/1815
f 2968/3446/1815 2471/3444/1815 2969/3443/1815
f 2714/3447/1815 2472/3448/1815 2471/3444/1815
f 2714/3447/1815 2471/3444/1815 2968/3446/1815
f 2713/3449/1815 2472/3448/1815 2714/3447/1815
f 2713/3449/1815 2473/3450/1815 2472/3448/1815
f 2713/3449/1815 2735/3451/1815 2473/3450/1815
f 2712/3452/1815 2735/3451/1815 2713/3449/1815
f 2712/3452/1815 2911/3453/1815 2735/3451/1815
f 2720/3454/1815 2721/3413/1830 2739/3445/1815
f 2720/3454/1815 2911/3453/1815 2712/3452/1815
f 2720/3454/1815 2736/3455/1815 2911/3453/1815
f 2720/3454/1815 2737/3456/1815 2736/3455/1815
f 2720/3454/1815 2912/3457/1815 2737/3456/1815
f 2720/3454/1815 2913/3458/1815 2912/3457/1815
f 2720/3454/1815 2914/3459/1815 2913/3458/1815
f 2720/3454/1815 2915/3460/1815 2914/3459/1815
f 2720/3454/1815 2916/3461/1815 2915/3460/1815
f 2720/3454/1815 2738/3462/1815 2916/3461/1815
f 2720/3454/1815 2739/3445/1815 2738/3462/1815
f 2967/3463/1815 2720/3454/1815 2712/3452/1815
f 2719/3464/1815 2999/3465/1817 2720/3454/1815
f 2995/3466/1815 2967/3463/1815 2717/3467/1815
f 2995/3466/1815 2720/3454/1815 2967/3463/1815
f 2995/3466/1815 2719/3464/1815 2720/3454/1815
f 2997/3468/1815 2995/3466/1815 2996/3469/1815
f 2997/3468/1815 2998/3470/1817 2718/3471/1815
f 2997/3468/1815 2718/3471/1815 2719/3464/1815
f 2997/3468/1815 2719/3464/1815 2995/3466/1815
f 2813/3472/1821 2792/3473/1831 2540/3474/1821
f 2541/3475/1821 2540/3474/1821 2792/3473/1831
f 2812/3476/1821 2792/3473/1831 2813/3472/1821
f 2814/3477/1821 2541/3475/1821 2792/3473/1831
f 2811/3478/1821 2792/3473/1831 2812/3476/1821
f 2542/3479/1821 2814/3477/1821 2792/3473/1831
f 2539/3480/1821 2792/3473/1831 2811/3478/1821
f 2815/3481/1821 2542/3479/1821 2792/3473/1831
f 2867/3482/1821 2815/3481/1821 2792/3473/1831
f 2868/3483/1821 2867/3482/1821 2792/3473/1831
f 2816/3484/1821 2868/3483/1821 2792/3473/1831
f 2817/3485/1821 2816/3484/1821 2792/3473/1831
f 3006/3486/1821 2792/3473/1831 2539/3480/1821
f 3006/3486/1821 2807/3487/1821 2534/3488/1821
f 3006/3486/1821 2535/3489/1821 2807/3487/1821
f 3006/3486/1821 2536/3490/1821 2535/3489/1821
f 3006/3486/1821 2537/3491/1821 2536/3490/1821
f 3006/3486/1821 2538/3492/1821 2537/3491/1821
f 3006/3486/1821 2808/3493/1821 2538/3492/1821
f 3006/3486/1821 2809/3494/1821 2808/3493/1821
f 3006/3486/1821 2810/3495/1821 2809/3494/1821
f 3006/3486/1821 2539/3480/1821 2810/3495/1821
f 2789/3496/1821 2790/3497/1821 2791/3498/1821
f 2789/3496/1821 2791/3498/1821 3006/3486/1821
f 2788/3499/1821 3009/3500/1821 2789/3496/1821
f 2788/3499/1821 2789/3496/1821 3006/3486/1821
f 3008/3501/1821 2788/3499/1821 3006/3486/1821
f 3007/3502/1821 3008/3501/1821 3006/3486/1821
f 3007/3502/1821 2787/3503/1832 3008/3501/1821
f 2782/3504/1821 3007/3502/1821 3006/3486/1821
f 2782/3504/1821 3006/3486/1821 2534/3488/1821
f 2782/3504/1821 2534/3488/1821 2806/3505/1821
f 2951/3506/1821 2782/3504/1821 2806/3505/1821
f 2951/3506/1821 2806/3505/1821 2824/3507/1821
f 2783/3508/1821 2951/3506/1821 2824/3507/1821
f 2783/3508/1821 2824/3507/1821 2823/3509/1821
f 2779/3510/1821 2872/3511/1821 2871/3512/1821
f 2780/3513/1821 2819/3514/1821 2818/3515/1821
f 2780/3513/1821 2871/3512/1821 2819/3514/1821
f 2780/3513/1821 2779/3510/1821 2871/3512/1821
f 2954/3516/1821 2873/3517/1821 2872/3511/1821
f 2954/3516/1821 2872/3511/1821 2779/3510/1821
f 2781/3518/1821 2818/3515/1821 2870/3519/1821
f 2781/3518/1821 2780/3513/1821 2818/3515/1821
f 2952/3520/1821 2823/3509/1821 2822/3521/1821
f 2952/3520/1821 2783/3508/1821 2823/3509/1821
f 2930/3522/1821 2869/3523/1821 2817/3485/1821
f 2930/3522/1821 2870/3519/1821 2869/3523/1821
f 2930/3522/1821 2817/3485/1821 2792/3473/1831
f 2930/3522/1821 2781/3518/1821 2870/3519/1821
f 2786/3524/1821 2873/3517/1821 2954/3516/1821
f 2786/3524/1821 2820/3525/1821 2873/3517/1821
f 2784/3526/1821 2952/3520/1821 2822/3521/1821
f 2784/3526/1821 2822/3521/1821 2821/3527/1821
f 2953/3528/1821 2874/3529/1821 2820/3525/1821
f 2953/3528/1821 2820/3525/1821 2786/3524/1821
f 2785/3530/1821 2821/3527/1821 2874/3529/1821
f 2785/3530/1821 2874/3529/1821 2953/3528/1821
f 2785/3530/1821 2784/3526/1821 2821/3527/1821
f 2775/3531/1821 2930/3522/1821 2792/3473/1831
f 2775/3531/1821 2792/3473/1831 2704/3532/1833
f 2797/3533/1821 2775/3531/1821 2704/3532/1833
f 2797/3533/1821 2796/3534/1821 2775/3531/1821
f 2522/3535/1821 2797/3533/1821 2704/3532/1833
f 2521/3536/1821 2776/3537/1821 2775/3531/1821
f 2521/3536/1821 2775/3531/1821 2796/3534/1821
f 2798/3538/1821 2522/3535/1821 2704/3532/1833
f 2520/3539/1821 2777/3540/1821 2776/3537/1821
f 2520/3539/1821 2776/3537/1821 2521/3536/1821
f 2523/3541/1821 2798/3538/1821 2704/3532/1833
f 2519/3542/1821 2777/3540/1821 2520/3539/1821
f 2512/3543/1821 2523/3541/1821 2704/3532/1833
f 2795/3544/1821 2778/3545/1821 2777/3540/1821
f 2795/3544/1821 2777/3540/1821 2519/3542/1821
f 2884/3546/1821 2512/3543/1821 2704/3532/1833
f 2794/3547/1821 2771/3548/1821 2778/3545/1821
f 2794/3547/1821 2778/3545/1821 2795/3544/1821
f 2799/3549/1821 2884/3546/1821 2704/3532/1833
f 2518/3550/1821 2772/3551/1821 2771/3548/1821
f 2518/3550/1821 2771/3548/1821 2794/3547/1821
f 2800/3552/1821 2799/3549/1821 2704/3532/1833
f 2517/3553/1821 2773/3554/1821 2772/3551/1821
f 2517/3553/1821 2772/3551/1821 2518/3550/1821
f 2801/3555/1821 2800/3552/1821 2704/3532/1833
f 2516/3556/1821 2773/3554/1821 2517/3553/1821
f 2802/3557/1821 2801/3555/1821 2704/3532/1833
f 2940/3558/1821 2516/3556/1821 2515/3559/1821
f 2940/3558/1821 2773/3554/1821 2516/3556/1821
f 2885/3560/1821 2802/3557/1821 2704/3532/1833
f 2886/3561/1821 2885/3560/1821 2704/3532/1833
f 2803/3562/1821 2886/3561/1821 2704/3532/1833
f 2941/3563/1821 2515/3559/1821 2514/3564/1821
f 2941/3563/1821 2940/3558/1821 2515/3559/1821
f 2942/3565/1821 2941/3563/1821 2514/3564/1821
f 2942/3565/1821 2514/3564/1821 2513/3566/1821
f 2943/3567/1821 2942/3565/1821 2513/3566/1821
f 2943/3567/1821 2513/3566/1821 2793/3568/1821
f 2944/3569/1821 2943/3567/1821 2793/3568/1821
f 2944/3569/1821 2793/3568/1821 2500/3570/1821
f 2945/3571/1821 2944/3569/1821 2500/3570/1821
f 2945/3571/1821 2500/3570/1821 2893/3572/1821
f 2774/3573/1821 2945/3571/1821 2893/3572/1821
f 2709/3574/1821 2803/3562/1821 2704/3532/1833
f 2709/3574/1821 2774/3573/1821 2893/3572/1821
f 2709/3574/1821 2887/3575/1821 2803/3562/1821
f 2709/3574/1821 2804/3576/1821 2887/3575/1821
f 2709/3574/1821 2888/3577/1821 2804/3576/1821
f 2709/3574/1821 2889/3578/1821 2888/3577/1821
f 2709/3574/1821 2890/3579/1821 2889/3578/1821
f 2709/3574/1821 2891/3580/1821 2890/3579/1821
f 2709/3574/1821 2805/3581/1821 2891/3580/1821
f 2709/3574/1821 2892/3582/1821 2805/3581/1821
f 2709/3574/1821 2893/3572/1821 2892/3582/1821
f 2939/3583/1821 2774/3573/1821 2709/3574/1821
f 2769/3584/1821 2709/3574/1821 2768/3585/1823
f 2992/3586/1821 2993/3587/1821 2994/3588/1821
f 2992/3586/1821 2994/3588/1821 2939/3583/1821
f 2770/3589/1821 2769/3584/1821 2990/3590/1821
f 2991/3591/1821 2939/3583/1821 2709/3574/1821
f 2991/3591/1821 2709/3574/1821 2769/3584/1821
f 2991/3591/1821 2769/3584/1821 2770/3589/1821
f 2991/3591/1821 2992/3586/1821 2939/3583/1821
f 2792/2942/1831 2834/3592/1834 2704/3593/1833
f 2833/2944/1835 2835/3594/1836 2834/3592/1834
f 2833/2944/1835 2834/3592/1834 2792/2942/1831
f 2832/2946/1837 2836/3595/1838 2835/3594/1836
f 2832/2946/1837 2835/3594/1836 2833/2944/1835
f 2831/2948/1839 2837/3596/1840 2836/3595/1838
f 2831/2948/1839 2836/3595/1838 2832/2946/1837
f 2830/2950/1841 2838/3597/1842 2837/3596/1840
f 2830/2950/1841 2837/3596/1840 2831/2948/1839
f 2599/2951/1843 2705/3598/1844 2838/3597/1842
f 2599/2951/1843 2838/3597/1842 2830/2950/1841
f 2829/2954/1845 2706/3599/1846 2705/3598/1844
f 2829/2954/1845 2705/3598/1844 2599/2951/1843
f 2828/2955/1847 2707/3600/1848 2706/3599/1846
f 2828/2955/1847 2706/3599/1846 2829/2954/1845
f 2827/2958/1849 2708/3601/1850 2707/3600/1848
f 2827/2958/1849 2707/3600/1848 2828/2955/1847
f 2826/2959/1827 2825/3602/1825 2708/3601/1850
f 2826/2959/1827 2708/3601/1850 2827/2958/1849
f 2721/3603/1830 2601/3604/1851 2600/3605/1830
f 2703/3606/1851 2602/3607/1852 2601/3604/1851
f 2703/3606/1851 2601/3604/1851 2721/3603/1830
f 2843/3608/1852 2844/3609/1853 2602/3607/1852
f 2843/3608/1852 2602/3607/1852 2703/3606/1851
f 2702/3610/1853 2845/3611/1854 2844/3609/1853
f 2702/3610/1853 2844/3609/1853 2843/3608/1852
f 2701/3612/1854 2603/3613/1855 2845/3611/1854
f 2701/3612/1854 2845/3611/1854 2702/3610/1853
f 2842/3614/1855 2603/3613/1855 2701/3612/1854
f 2841/3615/1856 2846/3616/1856 2603/3613/1855
f 2841/3615/1856 2604/3617/1857 2846/3616/1856
f 2841/3615/1856 2603/3613/1855 2842/3614/1855
f 2840/3618/1857 2604/3617/1857 2841/3615/1856
f 2839/3619/1858 2605/3620/1858 2604/3617/1857
f 2839/3619/1858 2606/3621/1859 2605/3620/1858
f 2839/3619/1858 2604/3617/1857 2840/3618/1857
f 2700/3622/1859 2606/3621/1859 2839/3619/1858
f 2699/3623/1826 2710/2942/1826 2606/3621/1859
f 2699/3623/1826 2606/3621/1859 2700/3622/1859
f 2609/2962/1860 2608/2959/1828 2848/3602/1828
f 2609/2962/1860 2848/3602/1828 2697/3624/1860
f 2610/2964/1861 2697/3624/1860 2851/3625/1861
f 2610/2964/1861 2609/2962/1860 2697/3624/1860
f 2611/2966/1862 2851/3625/1861 2696/3626/1862
f 2611/2966/1862 2610/2964/1861 2851/3625/1861
f 2612/2968/1863 2696/3626/1862 2850/3627/1863
f 2612/2968/1863 2611/2966/1862 2696/3626/1862
f 2613/2970/1864 2850/3627/1863 2695/3628/1864
f 2613/2970/1864 2612/2968/1863 2850/3627/1863
f 2614/2971/1865 2695/3628/1864 2694/3629/1865
f 2614/2971/1865 2613/2970/1864 2695/3628/1864
f 2847/2974/1866 2694/3629/1865 2849/3630/1866
f 2847/2974/1866 2614/2971/1865 2694/3629/1865
f 2615/2975/1867 2849/3630/1866 2693/3631/1867
f 2615/2975/1867 2847/2974/1866 2849/3630/1866
f 2624/2978/1822 2693/3631/1867 2692/3632/1822
f 2624/2978/1822 2615/2975/1867 2693/3631/1867
f 2852/3633/1868 2711/3623/1829 2616/2942/1829
f 2852/3633/1868 2616/2942/1829 2622/2944/1868
f 2686/3634/1869 2622/2944/1868 2857/2946/1869
f 2686/3634/1869 2852/3633/1868 2622/2944/1868
f 2853/3635/1870 2857/2946/1869 2621/2948/1870
f 2853/3635/1870 2686/3634/1869 2857/2946/1869
f 2687/3636/1871 2621/2948/1870 2856/2950/1871
f 2687/3636/1871 2853/3635/1870 2621/2948/1870
f 2688/3637/1872 2856/2950/1871 2620/2951/1872
f 2688/3637/1872 2687/3636/1871 2856/2950/1871
f 2854/3638/1873 2620/2951/1872 2619/2954/1873
f 2854/3638/1873 2688/3637/1872 2620/2951/1872
f 2689/3639/1874 2619/2954/1873 2618/2955/1874
f 2689/3639/1874 2854/3638/1873 2619/2954/1873
f 2690/3640/1875 2618/2955/1874 2617/2958/1875
f 2690/3640/1875 2689/3639/1874 2618/2955/1874
f 2691/3641/1818 2617/2958/1875 2855/2959/1818
f 2691/3641/1818 2690/3640/1875 2617/2958/1875
f 2858/3642/1876 2806/3643/1814 2590/3644/1814
f 2858/3642/1876 2824/3645/1876 2806/3643/1814
f 2591/3646/1877 2823/3647/1877 2824/3645/1876
f 2591/3646/1877 2824/3645/1876 2858/3642/1876
f 2592/3648/1878 2822/3649/1878 2823/3647/1877
f 2592/3648/1878 2823/3647/1877 2591/3646/1877
f 2859/3650/1879 2821/3651/1879 2822/3649/1878
f 2859/3650/1879 2822/3649/1878 2592/3648/1878
f 2593/3652/1880 2874/3653/1880 2821/3651/1879
f 2593/3652/1880 2821/3651/1879 2859/3650/1879
f 2860/3654/1881 2820/3655/1881 2874/3653/1880
f 2860/3654/1881 2874/3653/1880 2593/3652/1880
f 2861/3656/1882 2873/3657/1882 2820/3655/1881
f 2861/3656/1882 2820/3655/1881 2860/3654/1881
f 2594/3658/1883 2872/3659/1883 2873/3657/1882
f 2594/3658/1883 2873/3657/1882 2861/3656/1882
f 2862/3660/1819 2871/3661/1819 2872/3659/1883
f 2862/3660/1819 2872/3659/1883 2594/3658/1883
f 2595/3662/1884 2819/3663/1884 2871/3661/1819
f 2595/3662/1884 2871/3661/1819 2862/3660/1819
f 2863/3664/1885 2818/3665/1885 2819/3663/1884
f 2863/3664/1885 2819/3663/1884 2595/3662/1884
f 2596/3666/1886 2870/3667/1886 2818/3665/1885
f 2596/3666/1886 2818/3665/1885 2863/3664/1885
f 2864/3668/1887 2869/3669/1887 2870/3667/1886
f 2864/3668/1887 2870/3667/1886 2596/3666/1886
f 2865/3670/1888 2817/3671/1888 2869/3669/1887
f 2865/3670/1888 2869/3669/1887 2864/3668/1887
f 2866/3672/1889 2817/3671/1888 2865/3670/1888
f 2866/3672/1889 2816/3673/1889 2817/3671/1888
f 2597/3674/1890 2816/3673/1889 2866/3672/1889
f 2597/3674/1890 2868/3675/1890 2816/3673/1889
f 2598/3676/1891 2868/3675/1890 2597/3674/1890
f 2598/3676/1891 2815/2980/1795 2867/3677/1891
f 2598/3676/1891 2867/3677/1891 2868/3675/1890
f 2582/2981/1795 2815/2980/1795 2598/3676/1891
f 2876/3642/1892 2500/3643/1814 2875/3644/1814
f 2876/3642/1892 2893/3645/1876 2500/3643/1814
f 2572/3646/1877 2892/3647/1877 2893/3645/1876
f 2572/3646/1877 2893/3645/1876 2876/3642/1892
f 2573/3648/1878 2805/3649/1878 2892/3647/1877
f 2573/3648/1878 2892/3647/1877 2572/3646/1877
f 2877/3650/1879 2891/3651/1879 2805/3649/1878
f 2877/3650/1879 2805/3649/1878 2573/3648/1878
f 2878/3652/1880 2890/3653/1880 2891/3651/1879
f 2878/3652/1880 2891/3651/1879 2877/3650/1879
f 2574/3654/1881 2889/3655/1881 2890/3653/1880
f 2574/3654/1881 2890/3653/1880 2878/3652/1880
f 2575/3656/1882 2888/3657/1882 2889/3655/1881
f 2575/3656/1882 2889/3655/1881 2574/3654/1881
f 2576/3658/1883 2804/3659/1883 2888/3657/1882
f 2576/3658/1883 2888/3657/1882 2575/3656/1882
f 2577/3660/1819 2887/3661/1819 2804/3659/1883
f 2577/3660/1819 2804/3659/1883 2576/3658/1883
f 2578/3662/1884 2803/3663/1884 2887/3661/1819
f 2578/3662/1884 2887/3661/1819 2577/3660/1819
f 2579/3664/1885 2886/3665/1885 2803/3663/1884
f 2579/3664/1885 2803/3663/1884 2578/3662/1884
f 2879/3666/1886 2885/3667/1886 2886/3665/1885
f 2879/3666/1886 2886/3665/1885 2579/3664/1885
f 2880/3668/1887 2802/3669/1887 2885/3667/1886
f 2880/3668/1887 2885/3667/1886 2879/3666/1886
f 2881/3670/1888 2800/3673/1889 2801/3671/1888
f 2881/3670/1888 2801/3671/1888 2802/3669/1887
f 2881/3670/1888 2802/3669/1887 2880/3668/1887
f 2882/3672/1889 2800/3673/1889 2881/3670/1888
f 2580/3674/1890 2800/3673/1889 2882/3672/1889
f 2580/3674/1890 2799/3675/1890 2800/3673/1889
f 2581/3676/1891 2799/3675/1890 2580/3674/1890
f 2581/3676/1891 2884/3677/1893 2799/3675/1890
f 2883/2981/1795 2884/3677/1893 2581/3676/1891
f 2883/2981/1795 2512/2980/1795 2884/3677/1893
f 2750/3678/1876 2485/3679/1814 2894/3680/1814
f 2750/3678/1876 2676/3681/1876 2485/3679/1814
f 2895/3682/1877 2677/3683/1877 2676/3681/1876
f 2895/3682/1877 2676/3681/1876 2750/3678/1876
f 2751/3684/1878 2678/3685/1878 2677/3683/1877
f 2751/3684/1878 2677/3683/1877 2895/3682/1877
f 2752/3686/1879 2904/3687/1879 2678/3685/1878
f 2752/3686/1879 2678/3685/1878 2751/3684/1878
f 2753/3688/1880 2679/3689/1880 2904/3687/1879
f 2753/3688/1880 2904/3687/1879 2752/3686/1879
f 2754/3690/1881 2905/3691/1881 2679/3689/1880
f 2754/3690/1881 2679/3689/1880 2753/3688/1880
f 2896/3692/1882 2680/3693/1882 2905/3691/1881
f 2896/3692/1882 2681/3694/1894 2680/3693/1882
f 2896/3692/1882 2905/3691/1881 2754/3690/1881
f 2897/3695/1883 2681/3694/1894 2896/3692/1882
f 2898/3696/1819 2906/3605/1819 2681/3694/1894
f 2898/3696/1819 2681/3694/1894 2897/3695/1883
f 2755/3697/1884 2682/3698/1884 2906/3605/1819
f 2755/3697/1884 2906/3605/1819 2898/3696/1819
f 2899/3699/1885 2907/3700/1885 2682/3698/1884
f 2899/3699/1885 2682/3698/1884 2755/3697/1884
f 2756/3701/1886 2683/3702/1886 2907/3700/1885
f 2756/3701/1886 2907/3700/1885 2899/3699/1885
f 2900/3703/1887 2908/3704/1887 2683/3702/1886
f 2900/3703/1887 2683/3702/1886 2756/3701/1886
f 2901/3705/1888 2684/3706/1888 2908/3704/1887
f 2901/3705/1888 2908/3704/1887 2900/3703/1887
f 2902/3707/1889 2684/3706/1888 2901/3705/1888
f 2902/3707/1889 2909/3708/1889 2684/3706/1888
f 2757/3709/1890 2909/3708/1889 2902/3707/1889
f 2757/3709/1890 2910/3710/1890 2909/3708/1889
f 2757/3709/1890 2685/3711/1891 2910/3710/1890
f 2903/3712/1891 2685/3711/1891 2757/3709/1890
f 2486/2943/1795 2685/3711/1891 2903/3712/1891
f 2486/2943/1795 2494/2942/1795 2685/3711/1891
f 2911/3678/1892 2464/3679/1814 2735/3680/1814
f 2911/3678/1892 2654/3681/1876 2464/3679/1814
f 2736/3682/1877 2655/3683/1877 2654/3681/1876
f 2736/3682/1877 2654/3681/1876 2911/3678/1892
f 2737/3684/1878 2923/3685/1878 2655/3683/1877
f 2737/3684/1878 2655/3683/1877 2736/3682/1877
f 2912/3686/1879 2924/3687/1879 2923/3685/1878
f 2912/3686/1879 2923/3685/1878 2737/3684/1878
f 2913/3688/1880 2925/3689/1880 2924/3687/1879
f 2913/3688/1880 2924/3687/1879 2912/3686/1879
f 2914/3690/1881 2926/3691/1881 2925/3689/1880
f 2914/3690/1881 2925/3689/1880 2913/3688/1880
f 2915/3692/1882 2927/3693/1882 2926/3691/1881
f 2915/3692/1882 2656/3694/1883 2927/3693/1882
f 2915/3692/1882 2926/3691/1881 2914/3690/1881
f 2916/3695/1894 2656/3694/1883 2915/3692/1882
f 2738/3696/1819 2657/3605/1819 2656/3694/1883
f 2738/3696/1819 2656/3694/1883 2916/3695/1894
f 2739/3697/1884 2658/3698/1884 2657/3605/1819
f 2739/3697/1884 2657/3605/1819 2738/3696/1819
f 2917/3699/1885 2659/3700/1885 2658/3698/1884
f 2917/3699/1885 2658/3698/1884 2739/3697/1884
f 2740/3701/1886 2928/3702/1886 2659/3700/1885
f 2740/3701/1886 2659/3700/1885 2917/3699/1885
f 2918/3703/1887 2660/3704/1887 2928/3702/1886
f 2918/3703/1887 2928/3702/1886 2740/3701/1886
f 2919/3705/1888 2929/3706/1888 2660/3704/1887
f 2919/3705/1888 2660/3704/1887 2918/3703/1887
f 2741/3707/1889 2929/3706/1888 2919/3705/1888
f 2741/3707/1889 2661/3708/1889 2929/3706/1888
f 2920/3709/1890 2661/3708/1889 2741/3707/1889
f 2920/3709/1890 2662/3710/1890 2661/3708/1889
f 2920/3709/1890 2663/3711/1891 2662/3710/1890
f 2921/3712/1893 2663/3711/1891 2920/3709/1890
f 2922/2943/1795 2663/3711/1891 2921/3712/1893
f 2922/2943/1795 2647/2942/1795 2663/3711/1891
f 2543/3713/1895 2545/3679/1896 2930/3680/1896
f 2775/3714/1895 2543/3713/1895 2930/3680/1896
f 2776/3715/1897 2543/3679/1895 2775/3716/1895
f 2776/3715/1897 2544/3717/1897 2543/3679/1895
f 2777/3718/1898 2931/3719/1898 2544/3717/1897
f 2777/3718/1898 2544/3717/1897 2776/3715/1897
f 2778/3720/1899 2932/3721/1899 2931/3719/1898
f 2778/3720/1899 2931/3719/1898 2777/3718/1898
f 2771/3722/1900 2933/3723/1900 2932/3721/1899
f 2771/3722/1900 2932/3721/1899 2778/3720/1899
f 2772/3724/1901 2933/3725/1900 2771/3726/1900
f 2772/3724/1901 2934/3727/1901 2933/3725/1900
f 2773/3728/1902 2935/3729/1902 2934/3727/1901
f 2773/3728/1902 2561/3730/1903 2935/3729/1902
f 2773/3728/1902 2934/3727/1901 2772/3724/1901
f 2940/3731/1903 2562/3732/1904 2561/3730/1903
f 2940/3731/1903 2561/3730/1903 2773/3728/1902
f 2941/3733/1904 2936/3734/1905 2562/3732/1904
f 2941/3733/1904 2562/3732/1904 2940/3731/1903
f 2942/3735/1905 2563/3736/1906 2936/3734/1905
f 2942/3735/1905 2936/3734/1905 2941/3733/1904
f 2943/3737/1906 2937/3738/1907 2563/3736/1906
f 2943/3737/1906 2563/3736/1906 2942/3735/1905
f 2944/3739/1907 2564/3740/1908 2937/3738/1907
f 2944/3739/1907 2937/3738/1907 2943/3737/1906
f 2945/3741/1908 2565/3742/1909 2564/3740/1908
f 2945/3741/1908 2564/3740/1908 2944/3739/1907
f 2774/3743/1909 2938/3744/1910 2565/3742/1909
f 2774/3743/1909 2565/3742/1909 2945/3741/1908
f 2939/3745/1910 2938/3744/1910 2774/3743/1909
f 2786/3746/1911 2546/3747/1912 2950/3748/1911
f 2786/3746/1911 2954/3749/1912 2546/3747/1912
f 2953/3750/1913 2950/3748/1911 2552/3751/1913
f 2953/3750/1913 2786/3746/1911 2950/3748/1911
f 2785/3752/1914 2552/3751/1913 2551/3753/1914
f 2785/3752/1914 2953/3750/1913 2552/3751/1913
f 2784/3754/1915 2551/3753/1914 2550/3755/1916
f 2784/3754/1915 2785/3752/1914 2551/3753/1914
f 2952/3756/1917 2550/3755/1916 2549/3757/1917
f 2952/3756/1917 2784/3754/1915 2550/3755/1916
f 2783/3758/1918 2549/3757/1917 2949/3759/1918
f 2783/3758/1918 2952/3756/1917 2549/3757/1917
f 2951/3760/1919 2949/3759/1918 2948/3761/1919
f 2951/3760/1919 2783/3758/1918 2949/3759/1918
f 2782/3762/1920 2948/3761/1919 2947/3763/1920
f 2782/3762/1920 2951/3760/1919 2948/3761/1919
f 3007/3764/1921 2947/3763/1920 2946/3765/1921
f 3007/3764/1921 2782/3762/1920 2947/3763/1920
f 2779/3715/1922 2546/3679/1912 2954/3716/1912
f 2779/3715/1922 2547/3717/1922 2546/3679/1912
f 2780/3718/1923 2548/3719/1923 2547/3717/1922
f 2780/3718/1923 2547/3717/1922 2779/3715/1922
f 2781/3720/1924 2955/3721/1924 2548/3719/1923
f 2781/3720/1924 2545/3723/1896 2955/3721/1924
f 2781/3720/1924 2548/3719/1923 2780/3718/1923
f 2930/3722/1896 2545/3723/1896 2781/3720/1924
f 2632/3716/1912 2733/3717/1922 2957/3679/1912
f 2633/3715/1922 2732/3719/1923 2733/3717/1922
f 2633/3715/1922 2733/3717/1922 2632/3716/1912
f 2634/3718/1923 2731/3721/1924 2732/3719/1923
f 2634/3718/1923 2732/3719/1923 2633/3715/1922
f 2956/3720/1924 2984/3723/1896 2731/3721/1924
f 2956/3720/1924 2731/3721/1924 2634/3718/1923
f 2635/3722/1896 2984/3723/1896 2956/3720/1924
f 2632/3766/1912 2957/3767/1912 2958/3768/1911
f 2631/3769/1911 2958/3768/1911 2726/3770/1913
f 2631/3769/1911 2632/3766/1912 2958/3768/1911
f 2966/3771/1913 2726/3770/1913 2727/3772/1914
f 2966/3771/1913 2631/3769/1911 2726/3770/1913
f 2965/3773/1914 2727/3772/1914 2959/3774/1915
f 2965/3773/1914 2966/3771/1913 2727/3772/1914
f 2964/3775/1916 2959/3774/1915 2728/3776/1917
f 2964/3775/1916 2965/3773/1914 2959/3774/1915
f 2630/3777/1917 2728/3776/1917 2729/3778/1918
f 2630/3777/1917 2964/3775/1916 2728/3776/1917
f 2963/3779/1918 2729/3778/1918 2960/3780/1919
f 2963/3779/1918 2630/3777/1917 2729/3778/1918
f 2962/3781/1919 2960/3780/1919 2730/3782/1920
f 2962/3781/1919 2963/3779/1918 2960/3780/1919
f 2629/3783/1920 2730/3782/1920 2961/3784/1921
f 2629/3783/1920 2962/3781/1919 2730/3782/1920
f 2625/3785/1921 2629/3783/1920 2961/3784/1921
f 2636/3726/1925 2971/3786/1926 2716/3725/1927
f 2637/3724/1928 2715/3787/1929 2971/3786/1926
f 2637/3724/1928 2971/3786/1926 2636/3726/1925
f 2638/3728/1930 2970/3788/1931 2715/3787/1929
f 2638/3728/1930 2715/3787/1929 2637/3724/1928
f 2639/3731/1932 2969/3789/1933 2970/3788/1931
f 2639/3731/1932 2970/3788/1931 2638/3728/1930
f 2640/3733/1934 2968/3790/1935 2969/3789/1933
f 2640/3733/1934 2969/3789/1933 2639/3731/1932
f 2972/3735/1936 2714/3791/1937 2968/3790/1935
f 2972/3735/1936 2968/3790/1935 2640/3733/1934
f 2973/3737/1938 2713/3792/1939 2714/3791/1937
f 2973/3737/1938 2714/3791/1937 2972/3735/1936
f 2974/3739/1940 2712/3793/1941 2713/3792/1939
f 2974/3739/1940 2713/3792/1939 2973/3737/1938
f 2975/3741/1942 2712/3793/1941 2974/3739/1940
f 2976/3743/1943 2967/3744/1944 2712/3793/1941
f 2976/3743/1943 2712/3793/1941 2975/3741/1942
f 2641/3745/1910 2967/3744/1944 2976/3743/1943
f 2977/3715/1897 2980/3679/1895 2983/3716/1895
f 2977/3715/1897 2734/3717/1897 2980/3679/1895
f 2978/3718/1898 2982/3719/1898 2734/3717/1897
f 2978/3718/1898 2734/3717/1897 2977/3715/1897
f 2979/3720/1899 2981/3721/1899 2982/3719/1898
f 2979/3720/1899 2982/3719/1898 2978/3718/1898
f 2636/3722/1925 2716/3723/1927 2981/3721/1899
f 2636/3722/1925 2981/3721/1899 2979/3720/1899
f 2983/3794/1895 2984/3643/1896 2635/3644/1896
f 2983/3794/1895 2980/3795/1895 2984/3643/1896
f 2768/3796/1945 2989/3797/1824 2988/3798/1945
f 2768/3796/1945 2709/3799/1824 2989/3797/1824
f 2769/3800/1946 2988/3798/1945 2987/3801/1947
f 2769/3800/1946 2768/3796/1945 2988/3798/1945
f 2990/3802/1948 2987/3801/1947 2560/3803/1948
f 2990/3802/1948 2769/3800/1946 2987/3801/1947
f 2770/3804/1949 2560/3803/1948 2986/3805/1949
f 2770/3804/1949 2990/3802/1948 2560/3803/1948
f 2991/3806/1950 2986/3805/1949 2559/3807/1950
f 2991/3806/1950 2770/3804/1949 2986/3805/1949
f 2992/3808/1951 2559/3807/1950 2985/3809/1951
f 2992/3808/1951 2991/3806/1950 2559/3807/1950
f 2993/3810/1952 2985/3809/1951 2558/3811/1952
f 2993/3810/1952 2992/3808/1951 2985/3809/1951
f 2994/3812/1953 2558/3811/1952 2557/3813/1953
f 2994/3812/1953 2993/3810/1952 2558/3811/1952
f 2939/3814/1910 2557/3813/1953 2938/3815/1910
f 2939/3814/1910 2994/3812/1953 2557/3813/1953
f 2642/3796/1945 2720/3797/1824 2999/3798/1945
f 2642/3796/1945 2698/3799/1824 2720/3797/1824
f 3000/3800/1946 2999/3798/1945 2719/3801/1947
f 3000/3800/1946 2642/3796/1945 2999/3798/1945
f 2643/3802/1948 2719/3801/1947 2718/3803/1948
f 2643/3802/1948 3000/3800/1946 2719/3801/1947
f 3001/3804/1949 2718/3803/1948 2998/3805/1949
f 3001/3804/1949 2643/3802/1948 2718/3803/1948
f 2644/3806/1950 2997/3807/1950 2996/3809/1951
f 2644/3806/1950 2998/3805/1949 2997/3807/1950
f 2644/3806/1950 3001/3804/1949 2998/3805/1949
f 2645/3808/1951 2644/3806/1950 2996/3809/1951
f 3002/3810/1952 2996/3809/1951 2995/3811/1952
f 3002/3810/1952 2645/3808/1951 2996/3809/1951
f 2646/3812/1953 2995/3811/1952 2717/3813/1953
f 2646/3812/1953 3002/3810/1952 2995/3811/1952
f 2641/3814/1910 2717/3813/1953 2967/3815/1944
f 2641/3814/1910 2646/3812/1953 2717/3813/1953
f 2787/3816/1954 2946/3765/1921 3005/3817/1955
f 2787/3816/1954 3007/3764/1921 2946/3765/1921
f 3008/3818/1956 3005/3817/1955 3004/3819/1956
f 3008/3818/1956 2787/3816/1954 3005/3817/1955
f 2788/3820/1957 3004/3819/1956 2556/3821/1957
f 2788/3820/1957 3008/3818/1956 3004/3819/1956
f 3009/3822/1958 2556/3821/1957 2555/3823/1958
f 3009/3822/1958 2788/3820/1957 2556/3821/1957
f 2789/3824/1959 2555/3823/1958 2554/3825/1959
f 2789/3824/1959 3009/3822/1958 2555/3823/1958
f 2790/3826/1960 2554/3825/1959 2553/3827/1960
f 2790/3826/1960 2789/3824/1959 2554/3825/1959
f 2791/3828/1961 2553/3827/1960 3003/3829/1961
f 2791/3828/1961 2790/3826/1960 2553/3827/1960
f 3006/2943/1820 3003/3829/1961 2623/2942/1820
f 3006/2943/1820 2791/3828/1961 3003/3829/1961
f 2625/3785/1921 2961/3784/1921 2725/3830/1954
f 2626/3831/1955 2725/3830/1954 3012/3832/1956
f 2626/3831/1955 2625/3785/1921 2725/3830/1954
f 3014/3833/1956 3012/3832/1956 3011/3834/1957
f 3014/3833/1956 2626/3831/1955 3012/3832/1956
f 3015/3835/1957 3011/3834/1957 2724/3836/1958
f 3015/3835/1957 3014/3833/1956 3011/3834/1957
f 3016/3837/1958 3015/3835/1957 2724/3836/1958
f 2627/3838/1959 2724/3836/1958 2723/3839/1959
f 2627/3838/1959 3016/3837/1958 2724/3836/1958
f 3017/3840/1960 2723/3839/1959 2722/3841/1960
f 3017/3840/1960 2627/3838/1959 2723/3839/1959
f 2628/3842/1961 2722/3841/1960 3010/3843/1961
f 2628/3842/1961 3017/3840/1960 2722/3841/1960
f 3013/2981/1820 3010/3843/1961 2607/2980/1820
f 3013/2981/1820 2628/3842/1961 3010/3843/1961
f 3171/2941/1962 3026/2942/1821 3018/2943/1821
f 3171/2941/1962 3258/2944/1962 3026/2942/1821
f 3172/2945/1963 3027/2946/1963 3258/2944/1962
f 3172/2945/1963 3258/2944/1962 3171/2941/1962
f 3019/2947/1964 3259/2948/1964 3027/2946/1963
f 3019/2947/1964 3027/2946/1963 3172/2945/1963
f 3020/2949/1965 3028/2950/1965 3259/2948/1964
f 3020/2949/1965 3259/2948/1964 3019/2947/1964
f 3173/2952/1966 3029/2951/1966 3028/2950/1965
f 3173/2952/1966 3260/2954/1967 3029/2951/1966
f 3173/2952/1966 3028/2950/1965 3020/2949/1965
f 3174/2953/1967 3260/2954/1967 3173/2952/1966
f 3175/2956/1968 3261/2955/1968 3260/2954/1967
f 3175/2956/1968 3260/2954/1967 3174/2953/1967
f 3176/2957/1969 3030/2958/1969 3261/2955/1968
f 3176/2957/1969 3262/2959/1804 3030/2958/1969
f 3176/2957/1969 3261/2955/1968 3175/2956/1968
f 3021/2960/1804 3262/2959/1804 3176/2957/1969
f 3177/2961/1970 3263/2962/1970 3262/2959/1804
f 3177/2961/1970 3264/2964/1971 3263/2962/1970
f 3177/2961/1970 3262/2959/1804 3021/2960/1804
f 3022/2963/1971 3264/2964/1971 3177/2961/1970
f 3023/2965/1972 3031/2966/1972 3264/2964/1971
f 3023/2965/1972 3264/2964/1971 3022/2963/1971
f 3024/2967/1973 3032/2968/1973 3031/2966/1972
f 3024/2967/1973 3031/2966/1972 3023/2965/1972
f 3178/2969/1974 3033/2970/1974 3032/2968/1973
f 3178/2969/1974 3034/2971/1975 3033/2970/1974
f 3178/2969/1974 3032/2968/1973 3024/2967/1973
f 3179/2972/1975 3034/2971/1975 3178/2969/1974
f 3025/2973/1976 3034/2971/1975 3179/2972/1975
f 3025/2973/1976 3035/2974/1976 3034/2971/1975
f 3180/2976/1977 3035/2974/1976 3025/2973/1976
f 3180/2976/1977 3036/2975/1977 3035/2974/1976
f 3443/2977/1815 3036/2975/1977 3180/2976/1977
f 3443/2977/1815 3265/2978/1815 3036/2975/1977
f 3038/2941/1962 3442/2942/1821 3037/2943/1821
f 3038/2941/1962 3054/2944/1962 3442/2942/1821
f 3039/2945/1963 3277/2946/1963 3054/2944/1962
f 3039/2945/1963 3054/2944/1962 3038/2941/1962
f 3040/2947/1964 3278/2948/1964 3277/2946/1963
f 3040/2947/1964 3277/2946/1963 3039/2945/1963
f 3041/2949/1965 3279/2950/1965 3278/2948/1964
f 3041/2949/1965 3278/2948/1964 3040/2947/1964
f 3042/2952/1966 3280/2951/1966 3279/2950/1965
f 3042/2952/1966 3055/2954/1967 3280/2951/1966
f 3042/2952/1966 3279/2950/1965 3041/2949/1965
f 3043/2953/1967 3055/2954/1967 3042/2952/1966
f 3044/2956/1968 3056/2955/1968 3055/2954/1967
f 3044/2956/1968 3055/2954/1967 3043/2953/1967
f 3045/2957/1969 3281/2958/1969 3056/2955/1968
f 3045/2957/1969 3057/2959/1804 3281/2958/1969
f 3045/2957/1969 3056/2955/1968 3044/2956/1968
f 3046/2960/1804 3057/2959/1804 3045/2957/1969
f 3047/2961/1970 3058/2962/1970 3057/2959/1804
f 3047/2961/1970 3282/2964/1971 3058/2962/1970
f 3047/2961/1970 3057/2959/1804 3046/2960/1804
f 3048/2963/1971 3282/2964/1971 3047/2961/1970
f 3049/2965/1972 3283/2966/1972 3282/2964/1971
f 3049/2965/1972 3282/2964/1971 3048/2963/1971
f 3050/2967/1973 3284/2968/1973 3283/2966/1972
f 3050/2967/1973 3283/2966/1972 3049/2965/1972
f 3193/2969/1974 3059/2970/1974 3284/2968/1973
f 3193/2969/1974 3285/2971/1975 3059/2970/1974
f 3193/2969/1974 3284/2968/1973 3050/2967/1973
f 3051/2972/1975 3285/2971/1975 3193/2969/1974
f 3052/2973/1976 3285/2971/1975 3051/2972/1975
f 3052/2973/1976 3060/2974/1976 3285/2971/1975
f 3053/2976/1977 3060/2974/1976 3052/2973/1976
f 3053/2976/1977 3286/2975/1977 3060/2974/1976
f 3181/2977/1815 3286/2975/1977 3053/2976/1977
f 3181/2977/1815 3436/2978/1815 3286/2975/1977
f 3061/2941/1978 3070/2942/1821 3202/2943/1821
f 3061/2941/1978 3071/2944/1962 3070/2942/1821
f 3062/2945/1963 3302/2946/1963 3071/2944/1962
f 3062/2945/1963 3071/2944/1962 3061/2941/1978
f 3203/2947/1964 3303/2948/1964 3302/2946/1963
f 3203/2947/1964 3302/2946/1963 3062/2945/1963
f 3063/2949/1965 3072/2950/1965 3303/2948/1964
f 3063/2949/1965 3073/2951/1966 3072/2950/1965
f 3063/2949/1965 3303/2948/1964 3203/2947/1964
f 3064/2952/1966 3073/2951/1966 3063/2949/1965
f 3204/2953/1967 3074/2954/1967 3073/2951/1966
f 3204/2953/1967 3073/2951/1966 3064/2952/1966
f 3205/2956/1968 3304/2955/1968 3074/2954/1967
f 3205/2956/1968 3074/2954/1967 3204/2953/1967
f 3065/2957/1969 3075/2958/1969 3304/2955/1968
f 3065/2957/1969 3076/2959/1804 3075/2958/1969
f 3065/2957/1969 3304/2955/1968 3205/2956/1968
f 3206/2960/1804 3076/2959/1804 3065/2957/1969
f 3207/2961/1970 3077/2962/1970 3076/2959/1804
f 3207/2961/1970 3078/2964/1971 3077/2962/1970
f 3207/2961/1970 3076/2959/1804 3206/2960/1804
f 3066/2963/1971 3078/2964/1971 3207/2961/1970
f 3067/2965/1972 3079/2966/1972 3078/2964/1971
f 3067/2965/1972 3080/2968/1973 3079/2966/1972
f 3067/2965/1972 3078/2964/1971 3066/2963/1971
f 3068/2967/1973 3080/2968/1973 3067/2965/1972
f 3208/2969/1974 3081/2970/1974 3080/2968/1973
f 3208/2969/1974 3080/2968/1973 3068/2967/1973
f 3209/2972/1975 3081/2970/1974 3208/2969/1974
f 3209/2972/1975 3305/2971/1975 3081/2970/1974
f 3210/2973/1976 3305/2971/1975 3209/2972/1975
f 3210/2973/1976 3306/2974/1976 3305/2971/1975
f 3069/2976/1977 3306/2974/1976 3210/2973/1976
f 3069/2976/1977 3307/2975/1977 3306/2974/1976
f 3197/2977/1815 3307/2975/1977 3069/2976/1977
f 3197/2977/1815 3421/2978/1815 3307/2975/1977
f 3215/2941/1962 3407/2942/1821 3395/2943/1821
f 3215/2941/1962 3319/2944/1962 3407/2942/1821
f 3082/2945/1963 3089/2946/1963 3319/2944/1962
f 3082/2945/1963 3319/2944/1962 3215/2941/1962
f 3216/2947/1964 3320/2948/1964 3089/2946/1963
f 3216/2947/1964 3089/2946/1963 3082/2945/1963
f 3083/2949/1965 3090/2950/1965 3320/2948/1964
f 3083/2949/1965 3320/2948/1964 3216/2947/1964
f 3084/2952/1966 3091/2951/1966 3090/2950/1965
f 3084/2952/1966 3321/2954/1967 3091/2951/1966
f 3084/2952/1966 3090/2950/1965 3083/2949/1965
f 3085/2953/1967 3321/2954/1967 3084/2952/1966
f 3217/2956/1968 3092/2955/1968 3321/2954/1967
f 3217/2956/1968 3321/2954/1967 3085/2953/1967
f 3086/2957/1969 3322/2958/1969 3092/2955/1968
f 3086/2957/1969 3093/2959/1804 3322/2958/1969
f 3086/2957/1969 3092/2955/1968 3217/2956/1968
f 3087/2960/1804 3093/2959/1804 3086/2957/1969
f 3088/2961/1970 3323/2962/1970 3093/2959/1804
f 3088/2961/1970 3324/2964/1971 3323/2962/1970
f 3088/2961/1970 3093/2959/1804 3087/2960/1804
f 3218/2963/1971 3324/2964/1971 3088/2961/1970
f 3219/2965/1972 3325/2966/1972 3324/2964/1971
f 3219/2965/1972 3324/2964/1971 3218/2963/1971
f 3220/2967/1973 3326/2968/1973 3325/2966/1972
f 3220/2967/1973 3325/2966/1972 3219/2965/1972
f 3221/2969/1974 3327/2970/1974 3326/2968/1973
f 3221/2969/1974 3328/2971/1975 3327/2970/1974
f 3221/2969/1974 3326/2968/1973 3220/2967/1973
f 3222/2972/1975 3328/2971/1975 3221/2969/1974
f 3223/2973/1976 3328/2971/1975 3222/2972/1975
f 3223/2973/1976 3094/2974/1976 3328/2971/1975
f 3224/2976/1977 3094/2974/1976 3223/2973/1976
f 3224/2976/1977 3329/2975/1977 3094/2974/1976
f 3381/2977/1815 3329/2975/1977 3224/2976/1977
f 3381/2977/1815 3330/2978/1815 3329/2975/1977
f 3228/2941/1978 3103/2942/1821 3227/2943/1821
f 3228/2941/1978 3104/2944/1962 3103/2942/1821
f 3229/2945/1963 3337/2946/1963 3104/2944/1962
f 3229/2945/1963 3104/2944/1962 3228/2941/1978
f 3230/2947/1964 3338/2948/1964 3337/2946/1963
f 3230/2947/1964 3337/2946/1963 3229/2945/1963
f 3231/2949/1965 3339/2950/1965 3338/2948/1964
f 3231/2949/1965 3338/2948/1964 3230/2947/1964
f 3232/2952/1966 3340/2951/1966 3339/2950/1965
f 3232/2952/1966 3105/2954/1967 3340/2951/1966
f 3232/2952/1966 3339/2950/1965 3231/2949/1965
f 3233/2953/1967 3105/2954/1967 3232/2952/1966
f 3095/2956/1968 3341/2955/1968 3105/2954/1967
f 3095/2956/1968 3105/2954/1967 3233/2953/1967
f 3234/2957/1969 3106/2958/1969 3341/2955/1968
f 3234/2957/1969 3107/2959/1804 3106/2958/1969
f 3234/2957/1969 3341/2955/1968 3095/2956/1968
f 3096/2960/1804 3107/2959/1804 3234/2957/1969
f 3097/2961/1970 3342/2962/1970 3107/2959/1804
f 3097/2961/1970 3343/2964/1971 3342/2962/1970
f 3097/2961/1970 3107/2959/1804 3096/2960/1804
f 3098/2963/1971 3343/2964/1971 3097/2961/1970
f 3099/2965/1972 3344/2966/1972 3343/2964/1971
f 3099/2965/1972 3343/2964/1971 3098/2963/1971
f 3100/2967/1973 3108/2968/1973 3344/2966/1972
f 3100/2967/1973 3344/2966/1972 3099/2965/1972
f 3235/2969/1974 3109/2970/1974 3108/2968/1973
f 3235/2969/1974 3345/2971/1975 3109/2970/1974
f 3235/2969/1974 3108/2968/1973 3100/2967/1973
f 3101/2972/1975 3345/2971/1975 3235/2969/1974
f 3236/2973/1976 3345/2971/1975 3101/2972/1975
f 3236/2973/1976 3110/2974/1976 3345/2971/1975
f 3102/2976/1977 3110/2974/1976 3236/2973/1976
f 3102/2976/1977 3346/2975/1977 3110/2974/1976
f 3351/2977/1815 3346/2975/1977 3102/2976/1977
f 3351/2977/1815 3367/2978/1815 3346/2975/1977
f 3248/3678/1977 3130/3679/1815 3161/3681/1977
f 3248/3678/1977 3249/3680/1815 3130/3679/1815
f 3128/3682/1976 3161/3681/1977 3160/3683/1976
f 3128/3682/1976 3248/3678/1977 3161/3681/1977
f 3247/3684/1975 3160/3683/1976 3159/3685/1975
f 3247/3684/1975 3128/3682/1976 3160/3683/1976
f 3246/3686/1974 3158/3687/1974 3123/3689/1973
f 3246/3686/1974 3159/3685/1975 3158/3687/1974
f 3246/3686/1974 3247/3684/1975 3159/3685/1975
f 3245/3688/1973 3246/3686/1974 3123/3689/1973
f 3244/3690/1972 3123/3689/1973 3122/3691/1972
f 3244/3690/1972 3245/3688/1973 3123/3689/1973
f 3127/3692/1971 3122/3691/1972 3157/3693/1971
f 3127/3692/1971 3244/3690/1972 3122/3691/1972
f 3243/3695/1970 3157/3693/1971 3121/3694/1979
f 3243/3695/1970 3127/3692/1971 3157/3693/1971
f 3242/3696/1804 3121/3694/1979 3120/3605/1804
f 3242/3696/1804 3243/3695/1970 3121/3694/1979
f 3241/3697/1969 3120/3605/1804 3119/3698/1969
f 3241/3697/1969 3242/3696/1804 3120/3605/1804
f 3126/3699/1968 3119/3698/1969 3118/3700/1968
f 3126/3699/1968 3241/3697/1969 3119/3698/1969
f 3240/3701/1967 3118/3700/1968 3117/3702/1967
f 3240/3701/1967 3126/3699/1968 3118/3700/1968
f 3239/3703/1966 3117/3702/1967 3116/3704/1966
f 3239/3703/1966 3240/3701/1967 3117/3702/1967
f 3125/3705/1965 3115/3706/1965 3114/3708/1964
f 3125/3705/1965 3116/3704/1966 3115/3706/1965
f 3125/3705/1965 3239/3703/1966 3116/3704/1966
f 3124/3707/1964 3125/3705/1965 3114/3708/1964
f 3238/3709/1963 3114/3708/1964 3113/3710/1963
f 3238/3709/1963 3124/3707/1964 3114/3708/1964
f 3237/3712/1962 3113/3710/1963 3112/3711/1978
f 3237/3712/1962 3238/3709/1963 3113/3710/1963
f 3129/2943/1821 3112/3711/1978 3111/2942/1821
f 3129/2943/1821 3237/3712/1962 3112/3711/1978
f 3144/2941/1980 3129/2943/1821 3111/2942/1821
f 3144/2941/1980 3111/2942/1821 3135/2944/1980
f 3257/2945/1981 3134/2946/1981 3156/2948/1982
f 3257/2945/1981 3135/2944/1980 3134/2946/1981
f 3257/2945/1981 3144/2941/1980 3135/2944/1980
f 3256/2947/1982 3257/2945/1981 3156/2948/1982
f 3143/2949/1983 3156/2948/1982 3133/2950/1983
f 3143/2949/1983 3256/2947/1982 3156/2948/1982
f 3142/2952/1984 3133/2950/1983 3155/2951/1984
f 3142/2952/1984 3143/2949/1983 3133/2950/1983
f 3141/2953/1985 3155/2951/1984 3132/2954/1985
f 3141/2953/1985 3142/2952/1984 3155/2951/1984
f 3255/2956/1986 3132/2954/1985 3154/2955/1986
f 3255/2956/1986 3141/2953/1985 3132/2954/1985
f 3254/2957/1987 3154/2955/1986 3153/2958/1988
f 3254/2957/1987 3255/2956/1986 3154/2955/1986
f 3253/2960/1819 3131/2959/1819 3152/2962/1989
f 3253/2960/1819 3153/2958/1988 3131/2959/1819
f 3253/2960/1819 3254/2957/1987 3153/2958/1988
f 3140/2961/1989 3253/2960/1819 3152/2962/1989
f 3139/2963/1990 3152/2962/1989 3151/2964/1990
f 3139/2963/1990 3140/2961/1989 3152/2962/1989
f 3138/2965/1991 3151/2964/1990 3150/2966/1991
f 3138/2965/1991 3139/2963/1990 3151/2964/1990
f 3137/2967/1992 3150/2966/1991 3149/2968/1992
f 3137/2967/1992 3138/2965/1991 3150/2966/1991
f 3252/2969/1993 3148/2970/1993 3147/2971/1994
f 3252/2969/1993 3149/2968/1992 3148/2970/1993
f 3252/2969/1993 3137/2967/1992 3149/2968/1992
f 3251/2972/1994 3252/2969/1993 3147/2971/1994
f 3250/2973/1995 3147/2971/1994 3146/2974/1995
f 3250/2973/1995 3251/2972/1994 3147/2971/1994
f 3136/2976/1996 3146/2974/1995 3145/2975/1997
f 3136/2976/1996 3250/2973/1995 3146/2974/1995
f 3249/2977/1815 3145/2975/1997 3130/2978/1815
f 3249/2977/1815 3136/2976/1996 3145/2975/1997
f 3041/3844/1795 3149/3845/1795 3150/3846/1795
f 3041/3844/1795 3150/3846/1795 3042/3847/1795
f 3064/3848/1795 3147/3849/1795 3148/3850/1795
f 3064/3848/1795 3063/3851/1795 3147/3849/1795
f 3040/3852/1795 3148/3850/1795 3149/3845/1795
f 3040/3852/1795 3149/3845/1795 3041/3844/1795
f 3043/3853/1795 3150/3846/1795 3151/3854/1795
f 3043/3853/1795 3042/3847/1795 3150/3846/1795
f 3204/3855/1795 3064/3848/1795 3148/3850/1795
f 3204/3855/1795 3148/3850/1795 3040/3852/1795
f 3203/3856/1795 3146/3857/1795 3147/3849/1795
f 3203/3856/1795 3147/3849/1795 3063/3851/1795
f 3044/3858/1795 3151/3854/1795 3152/3859/1795
f 3044/3858/1795 3043/3853/1795 3151/3854/1795
f 3205/3860/1795 3204/3855/1795 3040/3852/1795
f 3205/3860/1795 3040/3852/1795 3039/3861/1795
f 3062/3862/1795 3145/3863/1795 3146/3857/1795
f 3062/3862/1795 3146/3857/1795 3203/3856/1795
f 3045/3864/1795 3152/3859/1795 3131/3865/1795
f 3045/3864/1795 3044/3858/1795 3152/3859/1795
f 3061/3866/1795 3130/3867/1795 3145/3863/1795
f 3061/3866/1795 3145/3863/1795 3062/3862/1795
f 3065/3868/1795 3205/3860/1795 3039/3861/1795
f 3065/3868/1795 3039/3861/1795 3038/3869/1795
f 3046/3870/1795 3045/3864/1795 3131/3865/1795
f 3202/3871/1795 3130/3867/1795 3061/3866/1795
f 3206/3872/1795 3065/3868/1795 3038/3869/1795
f 3206/3872/1795 3038/3869/1795 3037/3873/1795
f 3047/3874/1795 3131/3865/1795 3153/3875/1795
f 3047/3874/1795 3046/3870/1795 3131/3865/1795
f 3207/3876/1795 3037/3873/1795 3435/3877/1795
f 3207/3876/1795 3206/3872/1795 3037/3873/1795
f 3201/3878/1795 3161/3879/1795 3130/3867/1795
f 3201/3878/1795 3130/3867/1795 3202/3871/1795
f 3048/3880/1795 3153/3875/1795 3154/3881/1795
f 3048/3880/1795 3047/3874/1795 3153/3875/1795
f 3420/3882/1795 3160/3883/1795 3161/3879/1795
f 3420/3882/1795 3161/3879/1795 3201/3878/1795
f 3049/3884/1795 3154/3881/1795 3132/3885/1795
f 3049/3884/1795 3048/3880/1795 3154/3881/1795
f 3419/3886/1795 3160/3883/1795 3420/3882/1795
f 3419/3886/1795 3159/3887/1795 3160/3883/1795
f 3050/3888/1795 3049/3884/1795 3132/3885/1795
f 3418/3889/1795 3159/3887/1795 3419/3886/1795
f 3193/3890/1795 3050/3888/1795 3132/3885/1795
f 3417/3891/1795 3159/3887/1795 3418/3889/1795
f 3232/3892/1795 3435/3877/1795 3192/3893/1795
f 3231/3894/1795 3207/3876/1795 3435/3877/1795
f 3231/3894/1795 3066/3895/1795 3207/3876/1795
f 3231/3894/1795 3435/3877/1795 3232/3892/1795
f 3230/3896/1795 3066/3895/1795 3231/3894/1795
f 3230/3896/1795 3067/3897/1795 3066/3895/1795
f 3230/3896/1795 3068/3898/1795 3067/3897/1795
f 3233/3899/1795 3232/3892/1795 3192/3893/1795
f 3233/3899/1795 3434/3900/1795 3433/3901/1795
f 3233/3899/1795 3192/3893/1795 3434/3900/1795
f 3229/3902/1795 3208/3903/1795 3068/3898/1795
f 3229/3902/1795 3209/3904/1795 3208/3903/1795
f 3229/3902/1795 3068/3898/1795 3230/3896/1795
f 3095/3905/1795 3233/3899/1795 3433/3901/1795
f 3095/3905/1795 3191/3906/1795 3432/3907/1795
f 3095/3905/1795 3433/3901/1795 3191/3906/1795
f 3155/3908/1795 3051/3909/1795 3193/3890/1795
f 3155/3908/1795 3193/3890/1795 3132/3885/1795
f 3158/3910/1795 3159/3887/1795 3417/3891/1795
f 3234/3911/1795 3190/3912/1795 3431/3913/1795
f 3234/3911/1795 3432/3907/1795 3190/3912/1795
f 3234/3911/1795 3095/3905/1795 3432/3907/1795
f 3228/3914/1795 3209/3904/1795 3229/3902/1795
f 3228/3914/1795 3210/3915/1795 3209/3904/1795
f 3228/3914/1795 3069/3916/1795 3210/3915/1795
f 3096/3917/1795 3234/3911/1795 3431/3913/1795
f 3096/3917/1795 3189/3918/1795 3430/3919/1795
f 3096/3917/1795 3431/3913/1795 3189/3918/1795
f 3227/3920/1795 3198/3921/1795 3197/3922/1795
f 3227/3920/1795 3069/3916/1795 3228/3914/1795
f 3227/3920/1795 3197/3922/1795 3069/3916/1795
f 3097/3923/1795 3096/3917/1795 3430/3919/1795
f 3097/3923/1795 3188/3924/1795 3187/3925/1795
f 3097/3923/1795 3430/3919/1795 3188/3924/1795
f 3366/3926/1795 3199/3927/1795 3198/3921/1795
f 3366/3926/1795 3408/3928/1795 3199/3927/1795
f 3366/3926/1795 3198/3921/1795 3227/3920/1795
f 3098/3929/1795 3097/3923/1795 3187/3925/1795
f 3098/3929/1795 3186/3930/1795 3185/3931/1795
f 3098/3929/1795 3187/3925/1795 3186/3930/1795
f 3365/3932/1795 3200/3933/1795 3408/3928/1795
f 3365/3932/1795 3409/3934/1795 3200/3933/1795
f 3365/3932/1795 3408/3928/1795 3366/3926/1795
f 3099/3935/1795 3098/3929/1795 3185/3931/1795
f 3099/3935/1795 3184/3936/1795 3183/3937/1795
f 3099/3935/1795 3185/3931/1795 3184/3936/1795
f 3364/3938/1795 3409/3934/1795 3365/3932/1795
f 3364/3938/1795 3410/3939/1795 3409/3934/1795
f 3364/3938/1795 3411/3940/1795 3410/3939/1795
f 3100/3941/1795 3099/3935/1795 3183/3937/1795
f 3100/3941/1795 3183/3937/1795 3182/3942/1795
f 3363/3943/1795 3412/3944/1795 3411/3940/1795
f 3363/3943/1795 3411/3940/1795 3364/3938/1795
f 3235/3945/1795 3100/3941/1795 3182/3942/1795
f 3362/3946/1795 3412/3944/1795 3363/3943/1795
f 3173/3947/1795 3236/3948/1795 3101/3949/1795
f 3173/3947/1795 3020/3950/1795 3236/3948/1795
f 3083/3951/1795 3360/3952/1795 3084/3953/1795
f 3083/3951/1795 3361/3954/1795 3360/3952/1795
f 3019/3955/1795 3102/3956/1795 3236/3948/1795
f 3019/3955/1795 3236/3948/1795 3020/3950/1795
f 3174/3957/1795 3173/3947/1795 3101/3949/1795
f 3216/3958/1795 3361/3954/1795 3083/3951/1795
f 3085/3959/1795 3084/3953/1795 3360/3952/1795
f 3085/3959/1795 3360/3952/1795 3359/3960/1795
f 3175/3961/1795 3101/3949/1795 3235/3945/1795
f 3175/3961/1795 3174/3957/1795 3101/3949/1795
f 3172/3962/1795 3102/3956/1795 3019/3955/1795
f 3082/3963/1795 3361/3954/1795 3216/3958/1795
f 3082/3963/1795 3362/3946/1795 3361/3954/1795
f 3217/3964/1795 3085/3959/1795 3359/3960/1795
f 3171/3965/1795 3351/3966/1795 3102/3956/1795
f 3171/3965/1795 3102/3956/1795 3172/3962/1795
f 3176/3967/1795 3235/3945/1795 3182/3942/1795
f 3176/3967/1795 3175/3961/1795 3235/3945/1795
f 3215/3968/1795 3413/3969/1795 3412/3944/1795
f 3215/3968/1795 3412/3944/1795 3362/3946/1795
f 3215/3968/1795 3362/3946/1795 3082/3963/1795
f 3086/3970/1795 3217/3964/1795 3359/3960/1795
f 3086/3970/1795 3359/3960/1795 3226/3971/1795
f 3021/3972/1795 3181/3973/1795 3053/3974/1795
f 3021/3972/1795 3176/3967/1795 3182/3942/1795
f 3021/3972/1795 3182/3942/1795 3181/3973/1795
f 3018/3975/1795 3351/3966/1795 3171/3965/1795
f 3087/3976/1795 3086/3970/1795 3226/3971/1795
f 3395/3977/1795 3413/3969/1795 3215/3968/1795
f 3177/3978/1795 3021/3972/1795 3053/3974/1795
f 3451/3979/1795 3351/3966/1795 3018/3975/1795
f 3451/3979/1795 3352/3980/1795 3351/3966/1795
f 3088/3981/1795 3087/3976/1795 3226/3971/1795
f 3088/3981/1795 3226/3971/1795 3358/3982/1795
f 3022/3983/1795 3053/3974/1795 3052/3984/1795
f 3022/3983/1795 3177/3978/1795 3053/3974/1795
f 3170/3985/1795 3352/3980/1795 3451/3979/1795
f 3218/3986/1795 3088/3981/1795 3358/3982/1795
f 3023/3987/1795 3052/3984/1795 3051/3909/1795
f 3023/3987/1795 3155/3908/1795 3133/3988/1795
f 3023/3987/1795 3051/3909/1795 3155/3908/1795
f 3023/3987/1795 3022/3983/1795 3052/3984/1795
f 3450/3989/1795 3352/3980/1795 3170/3985/1795
f 3450/3989/1795 3225/3990/1795 3352/3980/1795
f 3219/3991/1795 3218/3986/1795 3358/3982/1795
f 3219/3991/1795 3358/3982/1795 3357/3992/1795
f 3024/3993/1795 3023/3987/1795 3133/3988/1795
f 3449/3994/1795 3225/3990/1795 3450/3989/1795
f 3220/3995/1795 3219/3991/1795 3357/3992/1795
f 3448/3996/1795 3225/3990/1795 3449/3994/1795
f 3448/3996/1795 3353/3997/1795 3225/3990/1795
f 3221/3998/1795 3220/3995/1795 3357/3992/1795
f 3221/3998/1795 3357/3992/1795 3356/3999/1795
f 3447/4000/1795 3353/3997/1795 3448/3996/1795
f 3222/4001/1795 3221/3998/1795 3356/3999/1795
f 3169/4002/1795 3353/3997/1795 3447/4000/1795
f 3169/4002/1795 3354/4003/1795 3353/3997/1795
f 3223/4004/1795 3222/4001/1795 3356/3999/1795
f 3223/4004/1795 3356/3999/1795 3355/4005/1795
f 3168/4006/1795 3354/4003/1795 3169/4002/1795
f 3168/4006/1795 3355/4005/1795 3354/4003/1795
f 3224/4007/1795 3223/4004/1795 3355/4005/1795
f 3224/4007/1795 3355/4005/1795 3168/4006/1795
f 3381/4008/1795 3224/4007/1795 3168/4006/1795
f 3381/4008/1795 3168/4006/1795 3446/4009/1795
f 3196/4010/1795 3414/4011/1795 3413/3969/1795
f 3196/4010/1795 3415/4012/1795 3414/4011/1795
f 3196/4010/1795 3416/4013/1795 3415/4012/1795
f 3196/4010/1795 3417/3891/1795 3416/4013/1795
f 3196/4010/1795 3213/4014/1795 3388/4015/1795
f 3196/4010/1795 3413/3969/1795 3395/3977/1795
f 3196/4010/1795 3389/4016/1795 3213/4014/1795
f 3196/4010/1795 3390/4017/1795 3389/4016/1795
f 3196/4010/1795 3214/4018/1795 3390/4017/1795
f 3196/4010/1795 3391/4019/1795 3214/4018/1795
f 3196/4010/1795 3392/4020/1795 3391/4019/1795
f 3196/4010/1795 3393/4021/1795 3392/4020/1795
f 3196/4010/1795 3394/4022/1795 3393/4021/1795
f 3196/4010/1795 3395/3977/1795 3394/4022/1795
f 3196/4010/1795 3158/3910/1795 3417/3891/1795
f 3195/4023/1795 3196/4010/1795 3388/4015/1795
f 3195/4023/1795 3166/4024/1795 3444/4025/1795
f 3195/4023/1795 3167/4026/1795 3166/4024/1795
f 3195/4023/1795 3445/4027/1795 3167/4026/1795
f 3195/4023/1795 3446/4009/1795 3445/4027/1795
f 3195/4023/1795 3382/4028/1795 3381/4008/1795
f 3195/4023/1795 3211/4029/1795 3382/4028/1795
f 3195/4023/1795 3212/4030/1795 3211/4029/1795
f 3195/4023/1795 3383/4031/1795 3212/4030/1795
f 3195/4023/1795 3384/4032/1795 3383/4031/1795
f 3195/4023/1795 3385/4033/1795 3384/4032/1795
f 3195/4023/1795 3386/4034/1795 3385/4033/1795
f 3195/4023/1795 3387/4035/1795 3386/4034/1795
f 3195/4023/1795 3388/4015/1795 3387/4035/1795
f 3195/4023/1795 3381/4008/1795 3446/4009/1795
f 3156/4036/1795 3024/3993/1795 3133/3988/1795
f 3156/4036/1795 3178/4037/1795 3024/3993/1795
f 3156/4036/1795 3179/4038/1795 3178/4037/1795
f 3194/4039/1795 3122/4040/1795 3123/4041/1795
f 3194/4039/1795 3123/4041/1795 3158/3910/1795
f 3194/4039/1795 3158/3910/1795 3196/4010/1795
f 3134/4042/1795 3179/4038/1795 3156/4036/1795
f 3134/4042/1795 3025/4043/1795 3179/4038/1795
f 3157/4044/1795 3122/4040/1795 3194/4039/1795
f 3135/4045/1795 3025/4043/1795 3134/4042/1795
f 3135/4045/1795 3180/4046/1795 3025/4043/1795
f 3121/4047/1795 3157/4044/1795 3194/4039/1795
f 3111/4048/1795 3180/4046/1795 3135/4045/1795
f 3111/4048/1795 3162/4049/1795 3443/4050/1795
f 3111/4048/1795 3443/4050/1795 3180/4046/1795
f 3120/4051/1795 3194/4039/1795 3428/4052/1795
f 3120/4051/1795 3121/4047/1795 3194/4039/1795
f 3112/4053/1795 3163/4054/1795 3162/4049/1795
f 3112/4053/1795 3162/4049/1795 3111/4048/1795
f 3119/4055/1795 3120/4051/1795 3428/4052/1795
f 3113/4056/1795 3163/4054/1795 3112/4053/1795
f 3113/4056/1795 3164/4057/1795 3163/4054/1795
f 3118/4058/1795 3119/4055/1795 3428/4052/1795
f 3114/4059/1795 3165/4060/1795 3164/4057/1795
f 3114/4059/1795 3444/4025/1795 3165/4060/1795
f 3114/4059/1795 3164/4057/1795 3113/4056/1795
f 3117/4061/1795 3118/4058/1795 3428/4052/1795
f 3115/4062/1795 3428/4052/1795 3195/4023/1795
f 3115/4062/1795 3195/4023/1795 3444/4025/1795
f 3115/4062/1795 3444/4025/1795 3114/4059/1795
f 3116/4063/1795 3428/4052/1795 3115/4062/1795
f 3116/4063/1795 3117/4061/1795 3428/4052/1795
f 3279/3844/1814 3138/3846/1814 3137/3845/1814
f 3280/3847/1814 3138/3846/1814 3279/3844/1814
f 3073/3848/1814 3252/3850/1814 3251/3849/1814
f 3072/3851/1814 3073/3848/1814 3251/3849/1814
f 3278/3852/1814 3137/3845/1814 3252/3850/1814
f 3278/3852/1814 3279/3844/1814 3137/3845/1814
f 3055/3853/1814 3139/3854/1814 3138/3846/1814
f 3055/3853/1814 3138/3846/1814 3280/3847/1814
f 3074/3855/1814 3252/3850/1814 3073/3848/1814
f 3074/3855/1814 3278/3852/1814 3252/3850/1814
f 3303/3856/1814 3251/3849/1814 3250/3857/1814
f 3303/3856/1814 3072/3851/1814 3251/3849/1814
f 3056/3858/1814 3140/3859/1814 3139/3854/1814
f 3056/3858/1814 3139/3854/1814 3055/3853/1814
f 3304/3860/1814 3278/3852/1814 3074/3855/1814
f 3304/3860/1814 3277/3861/1814 3278/3852/1814
f 3302/3862/1814 3250/3857/1814 3136/3863/1814
f 3302/3862/1814 3303/3856/1814 3250/3857/1814
f 3281/3864/1814 3253/3865/1814 3140/3859/1814
f 3281/3864/1814 3140/3859/1814 3056/3858/1814
f 3071/3866/1814 3136/3863/1814 3249/3867/1814
f 3071/3866/1814 3302/3862/1814 3136/3863/1814
f 3075/3868/1814 3054/3869/1814 3277/3861/1814
f 3075/3868/1814 3277/3861/1814 3304/3860/1814
f 3057/3870/1814 3253/3865/1814 3281/3864/1814
f 3076/3872/1814 3442/3873/1814 3054/3869/1814
f 3076/3872/1814 3054/3869/1814 3075/3868/1814
f 3070/3871/1814 3071/3866/1814 3249/3867/1814
f 3058/3874/1814 3254/3875/1814 3253/3865/1814
f 3058/3874/1814 3253/3865/1814 3057/3870/1814
f 3077/3876/1814 3298/3877/1814 3442/3873/1814
f 3077/3876/1814 3442/3873/1814 3076/3872/1814
f 3318/3878/1814 3249/3867/1814 3248/3879/1814
f 3318/3878/1814 3070/3871/1814 3249/3867/1814
f 3282/3880/1814 3255/3881/1814 3254/3875/1814
f 3282/3880/1814 3254/3875/1814 3058/3874/1814
f 3427/3882/1814 3318/3878/1814 3248/3879/1814
f 3427/3882/1814 3248/3879/1814 3128/3883/1814
f 3283/3884/1814 3141/3885/1814 3255/3881/1814
f 3283/3884/1814 3255/3881/1814 3282/3880/1814
f 3317/3886/1814 3427/3882/1814 3128/3883/1814
f 3317/3886/1814 3128/3883/1814 3247/3887/1814
f 3284/3888/1814 3141/3885/1814 3283/3884/1814
f 3316/3889/1814 3317/3886/1814 3247/3887/1814
f 3059/3890/1814 3141/3885/1814 3284/3888/1814
f 3426/3891/1814 3316/3889/1814 3247/3887/1814
f 3340/3892/1814 3297/3893/1814 3298/3877/1814
f 3339/3894/1814 3077/3876/1814 3078/3895/1814
f 3339/3894/1814 3340/3892/1814 3298/3877/1814
f 3339/3894/1814 3298/3877/1814 3077/3876/1814
f 3105/3899/1814 3441/3901/1814 3296/3900/1814
f 3105/3899/1814 3296/3900/1814 3297/3893/1814
f 3105/3899/1814 3297/3893/1814 3340/3892/1814
f 3338/3896/1814 3078/3895/1814 3079/3897/1814
f 3338/3896/1814 3079/3897/1814 3080/3898/1814
f 3338/3896/1814 3339/3894/1814 3078/3895/1814
f 3337/3902/1814 3338/3896/1814 3080/3898/1814
f 3337/3902/1814 3080/3898/1814 3081/3903/1814
f 3337/3902/1814 3081/3903/1814 3305/3904/1814
f 3341/3905/1814 3294/3907/1814 3295/3906/1814
f 3341/3905/1814 3295/3906/1814 3441/3901/1814
f 3341/3905/1814 3441/3901/1814 3105/3899/1814
f 3142/3908/1814 3141/3885/1814 3059/3890/1814
f 3142/3908/1814 3059/3890/1814 3285/3909/1814
f 3246/3910/1814 3426/3891/1814 3247/3887/1814
f 3106/3911/1814 3293/3913/1814 3440/3912/1814
f 3106/3911/1814 3440/3912/1814 3294/3907/1814
f 3106/3911/1814 3294/3907/1814 3341/3905/1814
f 3104/3914/1814 3305/3904/1814 3306/3915/1814
f 3104/3914/1814 3306/3915/1814 3307/3916/1814
f 3104/3914/1814 3337/3902/1814 3305/3904/1814
f 3107/3917/1814 3293/3913/1814 3106/3911/1814
f 3107/3917/1814 3292/3919/1814 3439/3918/1814
f 3107/3917/1814 3439/3918/1814 3293/3913/1814
f 3103/3920/1814 3104/3914/1814 3307/3916/1814
f 3103/3920/1814 3307/3916/1814 3421/3922/1814
f 3103/3920/1814 3421/3922/1814 3308/3921/1814
f 3342/3923/1814 3292/3919/1814 3107/3917/1814
f 3342/3923/1814 3290/3925/1814 3291/3924/1814
f 3342/3923/1814 3291/3924/1814 3292/3919/1814
f 3380/3926/1814 3308/3921/1814 3309/3927/1814
f 3380/3926/1814 3309/3927/1814 3422/3928/1814
f 3380/3926/1814 3103/3920/1814 3308/3921/1814
f 3343/3929/1814 3290/3925/1814 3342/3923/1814
f 3343/3929/1814 3288/3931/1814 3289/3930/1814
f 3343/3929/1814 3289/3930/1814 3290/3925/1814
f 3379/3932/1814 3380/3926/1814 3422/3928/1814
f 3379/3932/1814 3422/3928/1814 3310/3933/1814
f 3379/3932/1814 3310/3933/1814 3423/3934/1814
f 3344/3935/1814 3288/3931/1814 3343/3929/1814
f 3344/3935/1814 3438/3937/1814 3287/3936/1814
f 3344/3935/1814 3287/3936/1814 3288/3931/1814
f 3378/3938/1814 3379/3932/1814 3423/3934/1814
f 3378/3938/1814 3423/3934/1814 3424/3939/1814
f 3378/3938/1814 3424/3939/1814 3311/3940/1814
f 3108/3941/1814 3438/3937/1814 3344/3935/1814
f 3108/3941/1814 3437/3942/1814 3438/3937/1814
f 3377/3943/1814 3378/3938/1814 3311/3940/1814
f 3377/3943/1814 3311/3940/1814 3425/3944/1814
f 3109/3945/1814 3437/3942/1814 3108/3941/1814
f 3350/3946/1814 3377/3943/1814 3425/3944/1814
f 3029/3947/1814 3110/3948/1814 3028/3950/1814
f 3029/3947/1814 3345/3949/1814 3110/3948/1814
f 3090/3951/1814 3375/3952/1814 3376/3954/1814
f 3091/3953/1814 3375/3952/1814 3090/3951/1814
f 3259/3955/1814 3028/3950/1814 3110/3948/1814
f 3259/3955/1814 3110/3948/1814 3346/3956/1814
f 3260/3957/1814 3345/3949/1814 3029/3947/1814
f 3320/3958/1814 3090/3951/1814 3376/3954/1814
f 3321/3959/1814 3374/3960/1814 3375/3952/1814
f 3321/3959/1814 3375/3952/1814 3091/3953/1814
f 3261/3961/1814 3345/3949/1814 3260/3957/1814
f 3261/3961/1814 3109/3945/1814 3345/3949/1814
f 3027/3962/1814 3259/3955/1814 3346/3956/1814
f 3089/3963/1814 3376/3954/1814 3350/3946/1814
f 3089/3963/1814 3320/3958/1814 3376/3954/1814
f 3092/3964/1814 3374/3960/1814 3321/3959/1814
f 3258/3965/1814 3346/3956/1814 3367/3966/1814
f 3258/3965/1814 3027/3962/1814 3346/3956/1814
f 3030/3967/1814 3109/3945/1814 3261/3961/1814
f 3030/3967/1814 3437/3942/1814 3109/3945/1814
f 3319/3968/1814 3425/3944/1814 3312/3969/1814
f 3319/3968/1814 3350/3946/1814 3425/3944/1814
f 3319/3968/1814 3089/3963/1814 3350/3946/1814
f 3322/3970/1814 3349/3971/1814 3374/3960/1814
f 3322/3970/1814 3374/3960/1814 3092/3964/1814
f 3026/3975/1814 3258/3965/1814 3367/3966/1814
f 3262/3972/1814 3286/3974/1814 3436/3973/1814
f 3262/3972/1814 3436/3973/1814 3437/3942/1814
f 3262/3972/1814 3437/3942/1814 3030/3967/1814
f 3407/3977/1814 3319/3968/1814 3312/3969/1814
f 3093/3976/1814 3349/3971/1814 3322/3970/1814
f 3276/3979/1814 3367/3966/1814 3368/3980/1814
f 3276/3979/1814 3026/3975/1814 3367/3966/1814
f 3263/3978/1814 3286/3974/1814 3262/3972/1814
f 3323/3981/1814 3373/3982/1814 3349/3971/1814
f 3323/3981/1814 3349/3971/1814 3093/3976/1814
f 3264/3983/1814 3286/3974/1814 3263/3978/1814
f 3264/3983/1814 3060/3984/1814 3286/3974/1814
f 3275/3985/1814 3276/3979/1814 3368/3980/1814
f 3324/3986/1814 3373/3982/1814 3323/3981/1814
f 3274/3989/1814 3368/3980/1814 3369/3990/1814
f 3274/3989/1814 3275/3985/1814 3368/3980/1814
f 3031/3987/1814 3060/3984/1814 3264/3983/1814
f 3031/3987/1814 3143/3988/1814 3142/3908/1814
f 3031/3987/1814 3142/3908/1814 3285/3909/1814
f 3031/3987/1814 3285/3909/1814 3060/3984/1814
f 3325/3991/1814 3372/3992/1814 3373/3982/1814
f 3325/3991/1814 3373/3982/1814 3324/3986/1814
f 3457/3994/1814 3274/3989/1814 3369/3990/1814
f 3032/3993/1814 3143/3988/1814 3031/3987/1814
f 3326/3995/1814 3372/3992/1814 3325/3991/1814
f 3273/3996/1814 3369/3990/1814 3347/3997/1814
f 3273/3996/1814 3457/3994/1814 3369/3990/1814
f 3327/3998/1814 3371/3999/1814 3372/3992/1814
f 3327/3998/1814 3372/3992/1814 3326/3995/1814
f 3272/4000/1814 3273/3996/1814 3347/3997/1814
f 3328/4001/1814 3371/3999/1814 3327/3998/1814
f 3456/4002/1814 3347/3997/1814 3370/4003/1814
f 3456/4002/1814 3272/4000/1814 3347/3997/1814
f 3094/4004/1814 3348/4005/1814 3371/3999/1814
f 3094/4004/1814 3371/3999/1814 3328/4001/1814
f 3271/4006/1814 3370/4003/1814 3348/4005/1814
f 3271/4006/1814 3456/4002/1814 3370/4003/1814
f 3329/4007/1814 3271/4006/1814 3348/4005/1814
f 3329/4007/1814 3348/4005/1814 3094/4004/1814
f 3330/4008/1814 3271/4006/1814 3329/4007/1814
f 3330/4008/1814 3455/4009/1814 3271/4006/1814
f 3299/4010/1814 3312/3969/1814 3313/4011/1814
f 3299/4010/1814 3313/4011/1814 3314/4012/1814
f 3299/4010/1814 3314/4012/1814 3315/4013/1814
f 3299/4010/1814 3315/4013/1814 3426/3891/1814
f 3299/4010/1814 3400/4015/1814 3401/4014/1814
f 3299/4010/1814 3401/4014/1814 3402/4016/1814
f 3299/4010/1814 3402/4016/1814 3403/4017/1814
f 3299/4010/1814 3403/4017/1814 3404/4018/1814
f 3299/4010/1814 3404/4018/1814 3335/4019/1814
f 3299/4010/1814 3335/4019/1814 3405/4020/1814
f 3299/4010/1814 3405/4020/1814 3406/4021/1814
f 3299/4010/1814 3406/4021/1814 3336/4022/1814
f 3299/4010/1814 3336/4022/1814 3407/3977/1814
f 3299/4010/1814 3407/3977/1814 3312/3969/1814
f 3299/4010/1814 3426/3891/1814 3246/3910/1814
f 3300/4023/1814 3268/4025/1814 3454/4024/1814
f 3300/4023/1814 3454/4024/1814 3269/4026/1814
f 3300/4023/1814 3269/4026/1814 3270/4027/1814
f 3300/4023/1814 3270/4027/1814 3455/4009/1814
f 3300/4023/1814 3330/4008/1814 3331/4028/1814
f 3300/4023/1814 3331/4028/1814 3396/4029/1814
f 3300/4023/1814 3396/4029/1814 3332/4030/1814
f 3300/4023/1814 3332/4030/1814 3333/4031/1814
f 3300/4023/1814 3333/4031/1814 3397/4032/1814
f 3300/4023/1814 3397/4032/1814 3334/4033/1814
f 3300/4023/1814 3334/4033/1814 3398/4034/1814
f 3300/4023/1814 3398/4034/1814 3399/4035/1814
f 3300/4023/1814 3399/4035/1814 3400/4015/1814
f 3300/4023/1814 3455/4009/1814 3330/4008/1814
f 3300/4023/1814 3400/4015/1814 3299/4010/1814
f 3256/4036/1814 3143/3988/1814 3032/3993/1814
f 3256/4036/1814 3032/3993/1814 3033/4037/1814
f 3256/4036/1814 3033/4037/1814 3034/4038/1814
f 3429/4039/1814 3245/4041/1814 3244/4040/1814
f 3429/4039/1814 3246/3910/1814 3245/4041/1814
f 3429/4039/1814 3299/4010/1814 3246/3910/1814
f 3257/4042/1814 3256/4036/1814 3034/4038/1814
f 3257/4042/1814 3034/4038/1814 3035/4043/1814
f 3127/4044/1814 3429/4039/1814 3244/4040/1814
f 3144/4045/1814 3257/4042/1814 3035/4043/1814
f 3144/4045/1814 3035/4043/1814 3036/4046/1814
f 3243/4047/1814 3429/4039/1814 3127/4044/1814
f 3242/4051/1814 3301/4052/1814 3429/4039/1814
f 3242/4051/1814 3429/4039/1814 3243/4047/1814
f 3129/4064/1814 3036/4046/1814 3265/4050/1814
f 3129/4064/1814 3265/4050/1814 3452/4049/1814
f 3129/4064/1814 3144/4045/1814 3036/4046/1814
f 3241/4055/1814 3301/4052/1814 3242/4051/1814
f 3237/4053/1814 3129/4064/1814 3452/4049/1814
f 3237/4053/1814 3452/4049/1814 3453/4054/1814
f 3126/4058/1814 3301/4052/1814 3241/4055/1814
f 3238/4056/1814 3237/4053/1814 3453/4054/1814
f 3238/4056/1814 3453/4054/1814 3266/4057/1814
f 3124/4059/1814 3238/4056/1814 3266/4057/1814
f 3124/4059/1814 3266/4057/1814 3267/4060/1814
f 3124/4059/1814 3267/4060/1814 3268/4025/1814
f 3240/4061/1814 3301/4052/1814 3126/4058/1814
f 3125/4062/1814 3300/4023/1814 3301/4052/1814
f 3125/4062/1814 3268/4025/1814 3300/4023/1814
f 3125/4062/1814 3124/4059/1814 3268/4025/1814
f 3239/4063/1814 3301/4052/1814 3240/4061/1814
f 3239/4063/1814 3125/4062/1814 3301/4052/1814
f 3352/3678/1997 3367/3679/1815 3351/3680/1815
f 3352/3678/1997 3368/3681/1996 3367/3679/1815
f 3225/3682/1995 3369/3683/1995 3368/3681/1996
f 3225/3682/1995 3368/3681/1996 3352/3678/1997
f 3353/3684/1994 3347/3685/1994 3369/3683/1995
f 3353/3684/1994 3370/3687/1993 3347/3685/1994
f 3353/3684/1994 3369/3683/1995 3225/3682/1995
f 3354/3686/1993 3370/3687/1993 3353/3684/1994
f 3355/3688/1992 3348/3689/1992 3370/3687/1993
f 3355/3688/1992 3370/3687/1993 3354/3686/1993
f 3356/3690/1991 3371/3691/1991 3348/3689/1992
f 3356/3690/1991 3348/3689/1992 3355/3688/1992
f 3357/3692/1990 3372/3693/1990 3371/3691/1991
f 3357/3692/1990 3371/3691/1991 3356/3690/1991
f 3358/3695/1989 3373/3694/1989 3372/3693/1990
f 3358/3695/1989 3372/3693/1990 3357/3692/1990
f 3226/3696/1819 3349/3605/1819 3373/3694/1989
f 3226/3696/1819 3373/3694/1989 3358/3695/1989
f 3359/3697/1988 3374/3698/1987 3349/3605/1819
f 3359/3697/1988 3349/3605/1819 3226/3696/1819
f 3360/3699/1986 3375/3700/1986 3374/3698/1987
f 3360/3699/1986 3374/3698/1987 3359/3697/1988
f 3361/3701/1985 3376/3702/1985 3375/3700/1986
f 3361/3701/1985 3375/3700/1986 3360/3699/1986
f 3362/3703/1984 3350/3704/1984 3376/3702/1985
f 3362/3703/1984 3377/3706/1983 3350/3704/1984
f 3362/3703/1984 3376/3702/1985 3361/3701/1985
f 3363/3705/1983 3377/3706/1983 3362/3703/1984
f 3364/3707/1982 3377/3706/1983 3363/3705/1983
f 3364/3707/1982 3378/3708/1982 3377/3706/1983
f 3365/3709/1981 3378/3708/1982 3364/3707/1982
f 3365/3709/1981 3379/3710/1981 3378/3708/1982
f 3366/3712/1980 3379/3710/1981 3365/3709/1981
f 3366/3712/1980 3380/3711/1980 3379/3710/1981
f 3227/2943/1821 3380/3711/1980 3366/3712/1980
f 3227/2943/1821 3103/2942/1821 3380/3711/1980
f 3382/3678/1996 3330/3679/1815 3381/3680/1815
f 3382/3678/1996 3331/3681/1996 3330/3679/1815
f 3211/3682/1995 3396/3683/1995 3331/3681/1996
f 3211/3682/1995 3331/3681/1996 3382/3678/1996
f 3212/3684/1994 3332/3685/1994 3396/3683/1995
f 3212/3684/1994 3333/3687/1993 3332/3685/1994
f 3212/3684/1994 3396/3683/1995 3211/3682/1995
f 3383/3686/1993 3333/3687/1993 3212/3684/1994
f 3384/3688/1992 3397/3689/1992 3333/3687/1993
f 3384/3688/1992 3333/3687/1993 3383/3686/1993
f 3385/3690/1991 3334/3691/1991 3397/3689/1992
f 3385/3690/1991 3397/3689/1992 3384/3688/1992
f 3386/3692/1990 3398/3693/1990 3334/3691/1991
f 3386/3692/1990 3334/3691/1991 3385/3690/1991
f 3387/3695/1989 3399/3694/1989 3398/3693/1990
f 3387/3695/1989 3398/3693/1990 3386/3692/1990
f 3388/3696/1819 3400/3605/1819 3399/3694/1989
f 3388/3696/1819 3399/3694/1989 3387/3695/1989
f 3213/3697/1987 3401/3698/1987 3400/3605/1819
f 3213/3697/1987 3400/3605/1819 3388/3696/1819
f 3389/3699/1986 3402/3700/1986 3401/3698/1987
f 3389/3699/1986 3401/3698/1987 3213/3697/1987
f 3390/3701/1985 3403/3702/1985 3402/3700/1986
f 3390/3701/1985 3402/3700/1986 3389/3699/1986
f 3214/3703/1984 3404/3704/1984 3403/3702/1985
f 3214/3703/1984 3335/3706/1983 3404/3704/1984
f 3214/3703/1984 3403/3702/1985 3390/3701/1985
f 3391/3705/1983 3335/3706/1983 3214/3703/1984
f 3392/3707/1982 3335/3706/1983 3391/3705/1983
f 3392/3707/1982 3405/3708/1982 3335/3706/1983
f 3393/3709/1981 3405/3708/1982 3392/3707/1982
f 3393/3709/1981 3406/3710/1981 3405/3708/1982
f 3394/3712/1980 3406/3710/1981 3393/3709/1981
f 3394/3712/1980 3336/3711/1980 3406/3710/1981
f 3395/2943/1821 3336/3711/1980 3394/3712/1980
f 3395/2943/1821 3407/2942/1821 3336/3711/1980
f 3198/3678/1996 3421/3679/1815 3197/3680/1815
f 3198/3678/1996 3308/3681/1996 3421/3679/1815
f 3199/3682/1995 3309/3683/1995 3308/3681/1996
f 3199/3682/1995 3308/3681/1996 3198/3678/1996
f 3408/3684/1994 3422/3685/1994 3309/3683/1995
f 3408/3684/1994 3309/3683/1995 3199/3682/1995
f 3200/3686/1993 3310/3687/1993 3422/3685/1994
f 3200/3686/1993 3422/3685/1994 3408/3684/1994
f 3409/3688/1992 3423/3689/1992 3310/3687/1993
f 3409/3688/1992 3424/3691/1991 3423/3689/1992
f 3409/3688/1992 3310/3687/1993 3200/3686/1993
f 3410/3690/1991 3424/3691/1991 3409/3688/1992
f 3411/3692/1990 3311/3693/1990 3424/3691/1991
f 3411/3692/1990 3425/3694/1989 3311/3693/1990
f 3411/3692/1990 3424/3691/1991 3410/3690/1991
f 3412/3695/1989 3312/3605/1819 3425/3694/1989
f 3412/3695/1989 3425/3694/1989 3411/3692/1990
f 3413/3696/1819 3312/3605/1819 3412/3695/1989
f 3414/3697/1987 3313/3698/1987 3312/3605/1819
f 3414/3697/1987 3312/3605/1819 3413/3696/1819
f 3415/3699/1986 3314/3700/1986 3313/3698/1987
f 3415/3699/1986 3313/3698/1987 3414/3697/1987
f 3416/3701/1985 3315/3702/1985 3314/3700/1986
f 3416/3701/1985 3314/3700/1986 3415/3699/1986
f 3417/3703/1984 3426/3704/1984 3315/3702/1985
f 3417/3703/1984 3316/3706/1983 3426/3704/1984
f 3417/3703/1984 3315/3702/1985 3416/3701/1985
f 3418/3705/1983 3316/3706/1983 3417/3703/1984
f 3419/3707/1982 3316/3706/1983 3418/3705/1983
f 3419/3707/1982 3317/3708/1982 3316/3706/1983
f 3420/3709/1981 3317/3708/1982 3419/3707/1982
f 3420/3709/1981 3427/3710/1981 3317/3708/1982
f 3201/3712/1980 3427/3710/1981 3420/3709/1981
f 3201/3712/1980 3318/3711/1980 3427/3710/1981
f 3201/3712/1980 3070/2942/1821 3318/3711/1980
f 3202/2943/1821 3070/2942/1821 3201/3712/1980
f 3194/4065/1819 3301/3679/1819 3428/3680/1819
f 3194/4065/1819 3429/4066/1819 3301/3679/1819
f 3428/4067/1815 3300/3679/1815 3195/3680/1815
f 3428/4067/1815 3301/4068/1815 3300/3679/1815
f 3195/3680/1804 3299/4069/1804 3196/4070/1804
f 3195/3680/1804 3300/3679/1804 3299/4069/1804
f 3196/3680/1821 3429/4071/1821 3194/4072/1821
f 3196/3680/1821 3299/3679/1821 3429/4071/1821
f 3182/3678/1996 3436/3679/1815 3181/3680/1815
f 3182/3678/1996 3437/3681/1996 3436/3679/1815
f 3183/3682/1995 3438/3683/1995 3437/3681/1996
f 3183/3682/1995 3437/3681/1996 3182/3678/1996
f 3184/3684/1994 3287/3685/1994 3438/3683/1995
f 3184/3684/1994 3288/3687/1993 3287/3685/1994
f 3184/3684/1994 3438/3683/1995 3183/3682/1995
f 3185/3686/1993 3288/3687/1993 3184/3684/1994
f 3186/3688/1992 3289/3689/1992 3288/3687/1993
f 3186/3688/1992 3288/3687/1993 3185/3686/1993
f 3187/3690/1991 3290/3691/1991 3289/3689/1992
f 3187/3690/1991 3289/3689/1992 3186/3688/1992
f 3188/3692/1990 3291/3693/1990 3290/3691/1991
f 3188/3692/1990 3290/3691/1991 3187/3690/1991
f 3430/3695/1989 3292/3694/1989 3291/3693/1990
f 3430/3695/1989 3291/3693/1990 3188/3692/1990
f 3189/3696/1819 3439/3605/1819 3292/3694/1989
f 3189/3696/1819 3292/3694/1989 3430/3695/1989
f 3431/3697/1987 3293/3698/1987 3439/3605/1819
f 3431/3697/1987 3439/3605/1819 3189/3696/1819
f 3190/3699/1986 3440/3700/1986 3293/3698/1987
f 3190/3699/1986 3293/3698/1987 3431/3697/1987
f 3432/3701/1985 3294/3702/1985 3440/3700/1986
f 3432/3701/1985 3440/3700/1986 3190/3699/1986
f 3191/3703/1984 3295/3704/1984 3294/3702/1985
f 3191/3703/1984 3441/3706/1983 3295/3704/1984
f 3191/3703/1984 3294/3702/1985 3432/3701/1985
f 3433/3705/1983 3441/3706/1983 3191/3703/1984
f 3434/3707/1982 3441/3706/1983 3433/3705/1983
f 3434/3707/1982 3296/3708/1982 3441/3706/1983
f 3192/3709/1981 3296/3708/1982 3434/3707/1982
f 3192/3709/1981 3297/3710/1981 3296/3708/1982
f 3435/3712/1980 3297/3710/1981 3192/3709/1981
f 3435/3712/1980 3298/3711/1980 3297/3710/1981
f 3037/2943/1821 3298/3711/1980 3435/3712/1980
f 3037/2943/1821 3442/2942/1821 3298/3711/1980
f 3162/3678/1997 3265/3679/1815 3443/3680/1815
f 3162/3678/1997 3452/3681/1996 3265/3679/1815
f 3163/3682/1995 3453/3683/1995 3452/3681/1996
f 3163/3682/1995 3452/3681/1996 3162/3678/1997
f 3164/3684/1994 3266/3685/1994 3453/3683/1995
f 3164/3684/1994 3267/3687/1993 3266/3685/1994
f 3164/3684/1994 3453/3683/1995 3163/3682/1995
f 3165/3686/1993 3267/3687/1993 3164/3684/1994
f 3444/3688/1992 3268/3689/1992 3267/3687/1993
f 3444/3688/1992 3267/3687/1993 3165/3686/1993
f 3166/3690/1991 3454/3691/1991 3268/3689/1992
f 3166/3690/1991 3268/3689/1992 3444/3688/1992
f 3167/3692/1990 3269/3693/1990 3454/3691/1991
f 3167/3692/1990 3454/3691/1991 3166/3690/1991
f 3445/3695/1989 3270/3694/1989 3269/3693/1990
f 3445/3695/1989 3269/3693/1990 3167/3692/1990
f 3446/3696/1819 3455/3605/1819 3270/3694/1989
f 3446/3696/1819 3270/3694/1989 3445/3695/1989
f 3168/3697/1987 3271/3698/1987 3455/3605/1819
f 3168/3697/1987 3455/3605/1819 3446/3696/1819
f 3169/3699/1986 3456/3700/1986 3271/3698/1987
f 3169/3699/1986 3271/3698/1987 3168/3697/1987
f 3447/3701/1985 3272/3702/1985 3456/3700/1986
f 3447/3701/1985 3456/3700/1986 3169/3699/1986
f 3448/3703/1984 3273/3704/1984 3272/3702/1985
f 3448/3703/1984 3457/3706/1983 3273/3704/1984
f 3448/3703/1984 3272/3702/1985 3447/3701/1985
f 3449/3705/1983 3457/3706/1983 3448/3703/1984
f 3450/3707/1982 3457/3706/1983 3449/3705/1983
f 3450/3707/1982 3274/3708/1982 3457/3706/1983
f 3170/3709/1981 3274/3708/1982 3450/3707/1982
f 3170/3709/1981 3275/3710/1981 3274/3708/1982
f 3451/3712/1980 3275/3710/1981 3170/3709/1981
f 3451/3712/1980 3276/3711/1980 3275/3710/1981
f 3018/2943/1821 3276/3711/1980 3451/3712/1980
f 3018/2943/1821 3026/2942/1821 3276/3711/1980
f 3458/2941/1962 3701/2942/1821 3593/2943/1821
f 3458/2941/1962 3702/2944/1962 3701/2942/1821
f 3459/2945/1963 3703/2946/1963 3702/2944/1962
f 3459/2945/1963 3702/2944/1962 3458/2941/1962
f 3594/2947/1964 3467/2948/1964 3703/2946/1963
f 3594/2947/1964 3703/2946/1963 3459/2945/1963
f 3460/2949/1965 3468/2950/1965 3467/2948/1964
f 3460/2949/1965 3467/2948/1964 3594/2947/1964
f 3595/2952/1966 3469/2951/1966 3468/2950/1965
f 3595/2952/1966 3470/2954/1967 3469/2951/1966
f 3595/2952/1966 3468/2950/1965 3460/2949/1965
f 3596/2953/1967 3470/2954/1967 3595/2952/1966
f 3461/2956/1968 3471/2955/1968 3470/2954/1967
f 3461/2956/1968 3470/2954/1967 3596/2953/1967
f 3597/2957/1969 3472/2958/1969 3471/2955/1968
f 3597/2957/1969 3473/2959/1804 3472/2958/1969
f 3597/2957/1969 3471/2955/1968 3461/2956/1968
f 3462/2960/1804 3473/2959/1804 3597/2957/1969
f 3598/2961/1970 3704/2962/1970 3473/2959/1804
f 3598/2961/1970 3474/2964/1971 3704/2962/1970
f 3598/2961/1970 3473/2959/1804 3462/2960/1804
f 3599/2963/1971 3474/2964/1971 3598/2961/1970
f 3463/2965/1972 3475/2966/1972 3474/2964/1971
f 3463/2965/1972 3474/2964/1971 3599/2963/1971
f 3464/2967/1973 3705/2968/1973 3475/2966/1972
f 3464/2967/1973 3475/2966/1972 3463/2965/1972
f 3465/2969/1974 3476/2970/1974 3705/2968/1973
f 3465/2969/1974 3706/2971/1975 3476/2970/1974
f 3465/2969/1974 3705/2968/1973 3464/2967/1973
f 3600/2972/1975 3706/2971/1975 3465/2969/1974
f 3601/2973/1976 3706/2971/1975 3600/2972/1975
f 3601/2973/1976 3707/2974/1976 3706/2971/1975
f 3466/2976/1977 3707/2974/1976 3601/2973/1976
f 3466/2976/1977 3708/2975/1977 3707/2974/1976
f 3586/2977/1815 3708/2975/1977 3466/2976/1977
f 3586/2977/1815 3709/2978/1815 3708/2975/1977
f 3478/2941/1962 3723/2942/1821 3477/2943/1821
f 3478/2941/1962 3724/2944/1962 3723/2942/1821
f 3608/2945/1963 3484/2946/1963 3724/2944/1962
f 3608/2945/1963 3724/2944/1962 3478/2941/1962
f 3479/2947/1964 3725/2948/1964 3484/2946/1963
f 3479/2947/1964 3484/2946/1963 3608/2945/1963
f 3480/2949/1965 3726/2950/1965 3725/2948/1964
f 3480/2949/1965 3725/2948/1964 3479/2947/1964
f 3609/2952/1966 3727/2951/1966 3726/2950/1965
f 3609/2952/1966 3728/2954/1967 3727/2951/1966
f 3609/2952/1966 3726/2950/1965 3480/2949/1965
f 3610/2953/1967 3728/2954/1967 3609/2952/1966
f 3481/2956/1968 3729/2955/1968 3728/2954/1967
f 3481/2956/1968 3728/2954/1967 3610/2953/1967
f 3611/2957/1969 3485/2958/1969 3729/2955/1968
f 3611/2957/1969 3730/2959/1804 3485/2958/1969
f 3611/2957/1969 3729/2955/1968 3481/2956/1968
f 3612/2960/1804 3730/2959/1804 3611/2957/1969
f 3613/2961/1970 3731/2962/1970 3730/2959/1804
f 3613/2961/1970 3486/2964/1971 3731/2962/1970
f 3613/2961/1970 3730/2959/1804 3612/2960/1804
f 3614/2963/1971 3486/2964/1971 3613/2961/1970
f 3482/2965/1972 3732/2966/1972 3486/2964/1971
f 3482/2965/1972 3486/2964/1971 3614/2963/1971
f 3615/2967/1973 3733/2968/1973 3732/2966/1972
f 3615/2967/1973 3732/2966/1972 3482/2965/1972
f 3616/2969/1974 3487/2970/1974 3733/2968/1973
f 3616/2969/1974 3488/2971/1975 3487/2970/1974
f 3616/2969/1974 3733/2968/1973 3615/2967/1973
f 3617/2972/1975 3488/2971/1975 3616/2969/1974
f 3618/2973/1976 3488/2971/1975 3617/2972/1975
f 3618/2973/1976 3489/2974/1976 3488/2971/1975
f 3483/2976/1977 3489/2974/1976 3618/2973/1976
f 3483/2976/1977 3490/2975/1977 3489/2974/1976
f 3602/2977/1815 3490/2975/1977 3483/2976/1977
f 3602/2977/1815 3734/2978/1815 3490/2975/1977
f 3630/2941/1978 3858/2942/1821 3629/2943/1821
f 3630/2941/1978 3747/2944/1962 3858/2942/1821
f 3631/2945/1963 3748/2946/1963 3747/2944/1962
f 3631/2945/1963 3747/2944/1962 3630/2941/1978
f 3632/2947/1964 3494/2948/1964 3748/2946/1963
f 3632/2947/1964 3748/2946/1963 3631/2945/1963
f 3633/2949/1965 3749/2950/1965 3494/2948/1964
f 3633/2949/1965 3495/2951/1966 3749/2950/1965
f 3633/2949/1965 3494/2948/1964 3632/2947/1964
f 3634/2952/1966 3495/2951/1966 3633/2949/1965
f 3635/2953/1967 3750/2954/1967 3495/2951/1966
f 3635/2953/1967 3495/2951/1966 3634/2952/1966
f 3491/2956/1968 3496/2955/1968 3750/2954/1967
f 3491/2956/1968 3750/2954/1967 3635/2953/1967
f 3636/2957/1969 3497/2958/1969 3496/2955/1968
f 3636/2957/1969 3751/2959/1804 3497/2958/1969
f 3636/2957/1969 3496/2955/1968 3491/2956/1968
f 3637/2960/1804 3751/2959/1804 3636/2957/1969
f 3638/2961/1970 3498/2962/1970 3751/2959/1804
f 3638/2961/1970 3499/2964/1971 3498/2962/1970
f 3638/2961/1970 3751/2959/1804 3637/2960/1804
f 3492/2963/1971 3499/2964/1971 3638/2961/1970
f 3639/2965/1972 3752/2966/1972 3499/2964/1971
f 3639/2965/1972 3753/2968/1973 3752/2966/1972
f 3639/2965/1972 3499/2964/1971 3492/2963/1971
f 3640/2967/1973 3753/2968/1973 3639/2965/1972
f 3641/2969/1974 3754/2970/1974 3753/2968/1973
f 3641/2969/1974 3753/2968/1973 3640/2967/1973
f 3642/2972/1975 3754/2970/1974 3641/2969/1974
f 3642/2972/1975 3755/2971/1975 3754/2970/1974
f 3643/2973/1976 3755/2971/1975 3642/2972/1975
f 3643/2973/1976 3500/2974/1976 3755/2971/1975
f 3493/2976/1977 3500/2974/1976 3643/2973/1976
f 3493/2976/1977 3501/2975/1977 3500/2974/1976
f 3620/2977/1815 3501/2975/1977 3493/2976/1977
f 3620/2977/1815 3849/2978/1815 3501/2975/1977
f 3649/2941/1962 3765/2942/1821 3648/2943/1821
f 3649/2941/1962 3506/2944/1962 3765/2942/1821
f 3650/2945/1963 3766/2946/1963 3506/2944/1962
f 3650/2945/1963 3506/2944/1962 3649/2941/1962
f 3502/2947/1964 3767/2948/1964 3766/2946/1963
f 3502/2947/1964 3766/2946/1963 3650/2945/1963
f 3503/2949/1965 3768/2950/1965 3767/2948/1964
f 3503/2949/1965 3767/2948/1964 3502/2947/1964
f 3504/2952/1966 3507/2951/1966 3768/2950/1965
f 3504/2952/1966 3508/2954/1967 3507/2951/1966
f 3504/2952/1966 3768/2950/1965 3503/2949/1965
f 3651/2953/1967 3508/2954/1967 3504/2952/1966
f 3505/2956/1968 3509/2955/1968 3508/2954/1967
f 3505/2956/1968 3508/2954/1967 3651/2953/1967
f 3652/2957/1969 3769/2958/1969 3509/2955/1968
f 3652/2957/1969 3770/2959/1804 3769/2958/1969
f 3652/2957/1969 3509/2955/1968 3505/2956/1968
f 3653/2960/1804 3770/2959/1804 3652/2957/1969
f 3654/2961/1970 3510/2962/1970 3770/2959/1804
f 3654/2961/1970 3771/2964/1971 3510/2962/1970
f 3654/2961/1970 3770/2959/1804 3653/2960/1804
f 3655/2963/1971 3771/2964/1971 3654/2961/1970
f 3656/2965/1972 3511/2966/1972 3771/2964/1971
f 3656/2965/1972 3771/2964/1971 3655/2963/1971
f 3657/2967/1973 3772/2968/1973 3511/2966/1972
f 3657/2967/1973 3511/2966/1972 3656/2965/1972
f 3658/2969/1974 3512/2970/1974 3772/2968/1973
f 3658/2969/1974 3513/2971/1975 3512/2970/1974
f 3658/2969/1974 3772/2968/1973 3657/2967/1973
f 3659/2972/1975 3513/2971/1975 3658/2969/1974
f 3660/2973/1976 3513/2971/1975 3659/2972/1975
f 3660/2973/1976 3514/2974/1976 3513/2971/1975
f 3661/2976/1977 3514/2974/1976 3660/2973/1976
f 3661/2976/1977 3515/2975/1977 3514/2974/1976
f 3817/2977/1815 3515/2975/1977 3661/2976/1977
f 3817/2977/1815 3831/2978/1815 3515/2975/1977
f 3517/2941/1978 3782/2942/1821 3671/2943/1821
f 3517/2941/1978 3525/2944/1962 3782/2942/1821
f 3672/2945/1963 3783/2946/1963 3525/2944/1962
f 3672/2945/1963 3525/2944/1962 3517/2941/1978
f 3673/2947/1964 3526/2948/1964 3783/2946/1963
f 3673/2947/1964 3783/2946/1963 3672/2945/1963
f 3518/2949/1965 3784/2950/1965 3526/2948/1964
f 3518/2949/1965 3526/2948/1964 3673/2947/1964
f 3519/2952/1966 3785/2951/1966 3784/2950/1965
f 3519/2952/1966 3527/2954/1967 3785/2951/1966
f 3519/2952/1966 3784/2950/1965 3518/2949/1965
f 3674/2953/1967 3527/2954/1967 3519/2952/1966
f 3675/2956/1968 3528/2955/1968 3527/2954/1967
f 3675/2956/1968 3527/2954/1967 3674/2953/1967
f 3676/2957/1969 3786/2958/1969 3528/2955/1968
f 3676/2957/1969 3529/2959/1804 3786/2958/1969
f 3676/2957/1969 3528/2955/1968 3675/2956/1968
f 3520/2960/1804 3529/2959/1804 3676/2957/1969
f 3521/2961/1970 3530/2962/1970 3529/2959/1804
f 3521/2961/1970 3787/2964/1971 3530/2962/1970
f 3521/2961/1970 3529/2959/1804 3520/2960/1804
f 3522/2963/1971 3787/2964/1971 3521/2961/1970
f 3523/2965/1972 3531/2966/1972 3787/2964/1971
f 3523/2965/1972 3787/2964/1971 3522/2963/1971
f 3524/2967/1973 3788/2968/1973 3531/2966/1972
f 3524/2967/1973 3531/2966/1972 3523/2965/1972
f 3677/2969/1974 3532/2970/1974 3788/2968/1973
f 3677/2969/1974 3789/2971/1975 3532/2970/1974
f 3677/2969/1974 3788/2968/1973 3524/2967/1973
f 3678/2972/1975 3789/2971/1975 3677/2969/1974
f 3679/2973/1976 3789/2971/1975 3678/2972/1975
f 3679/2973/1976 3533/2974/1976 3789/2971/1975
f 3680/2976/1977 3533/2974/1976 3679/2973/1976
f 3680/2976/1977 3790/2975/1998 3533/2974/1976
f 3662/2977/1815 3790/2975/1998 3680/2976/1977
f 3662/2977/1815 3516/2978/1815 3790/2975/1998
f 3692/3678/1977 3543/3679/1815 3542/3681/1977
f 3692/3678/1977 3693/3680/1815 3543/3679/1815
f 3549/3682/1976 3542/3681/1977 3585/3683/1976
f 3549/3682/1976 3692/3678/1977 3542/3681/1977
f 3548/3684/1975 3585/3683/1976 3541/3685/1975
f 3548/3684/1975 3549/3682/1976 3585/3683/1976
f 3691/3686/1974 3540/3687/1974 3539/3689/1973
f 3691/3686/1974 3541/3685/1975 3540/3687/1974
f 3691/3686/1974 3548/3684/1975 3541/3685/1975
f 3690/3688/1973 3691/3686/1974 3539/3689/1973
f 3689/3690/1972 3539/3689/1973 3584/3691/1972
f 3689/3690/1972 3690/3688/1973 3539/3689/1973
f 3688/3692/1971 3584/3691/1972 3583/3693/1971
f 3688/3692/1971 3689/3690/1972 3584/3691/1972
f 3547/3695/1970 3583/3693/1971 3582/3694/1979
f 3547/3695/1970 3688/3692/1971 3583/3693/1971
f 3546/3696/1804 3582/3694/1979 3538/3605/1804
f 3546/3696/1804 3547/3695/1970 3582/3694/1979
f 3687/3697/1969 3538/3605/1804 3581/3698/1969
f 3687/3697/1969 3546/3696/1804 3538/3605/1804
f 3686/3699/1968 3581/3698/1969 3537/3700/1968
f 3686/3699/1968 3687/3697/1969 3581/3698/1969
f 3685/3701/1967 3537/3700/1968 3536/3702/1967
f 3685/3701/1967 3686/3699/1968 3537/3700/1968
f 3545/3703/1966 3536/3702/1967 3535/3704/1966
f 3545/3703/1966 3685/3701/1967 3536/3702/1967
f 3544/3705/1965 3580/3706/1965 3579/3708/1964
f 3544/3705/1965 3535/3704/1966 3580/3706/1965
f 3544/3705/1965 3545/3703/1966 3535/3704/1966
f 3684/3707/1964 3544/3705/1965 3579/3708/1964
f 3683/3709/1963 3579/3708/1964 3578/3710/1963
f 3683/3709/1963 3684/3707/1964 3579/3708/1964
f 3682/3712/1962 3578/3710/1963 3534/3711/1978
f 3682/3712/1962 3683/3709/1963 3578/3710/1963
f 3681/2943/1821 3534/3711/1978 3550/2942/1821
f 3681/2943/1821 3682/3712/1962 3534/3711/1978
f 3700/2941/1980 3681/2943/1821 3550/2942/1821
f 3700/2941/1980 3550/2942/1821 3559/2944/1980
f 3569/2945/1981 3577/2946/1981 3576/2948/1982
f 3569/2945/1981 3559/2944/1980 3577/2946/1981
f 3569/2945/1981 3700/2941/1980 3559/2944/1980
f 3699/2947/1982 3569/2945/1981 3576/2948/1982
f 3568/2949/1983 3576/2948/1982 3558/2950/1983
f 3568/2949/1983 3699/2947/1982 3576/2948/1982
f 3567/2952/1984 3558/2950/1983 3557/2951/1984
f 3567/2952/1984 3568/2949/1983 3558/2950/1983
f 3698/2953/1985 3557/2951/1984 3556/2954/1985
f 3698/2953/1985 3567/2952/1984 3557/2951/1984
f 3697/2956/1986 3556/2954/1985 3555/2955/1986
f 3697/2956/1986 3698/2953/1985 3556/2954/1985
f 3696/2957/1987 3555/2955/1986 3575/2958/1988
f 3696/2957/1987 3697/2956/1986 3555/2955/1986
f 3566/2960/1819 3574/2959/1819 3554/2962/1989
f 3566/2960/1819 3575/2958/1988 3574/2959/1819
f 3566/2960/1819 3696/2957/1987 3575/2958/1988
f 3565/2961/1989 3566/2960/1819 3554/2962/1989
f 3695/2963/1990 3554/2962/1989 3573/2964/1990
f 3695/2963/1990 3565/2961/1989 3554/2962/1989
f 3564/2965/1991 3573/2964/1990 3572/2966/1991
f 3564/2965/1991 3695/2963/1990 3573/2964/1990
f 3563/2967/1992 3572/2966/1991 3553/2968/1992
f 3563/2967/1992 3564/2965/1991 3572/2966/1991
f 3694/2969/1993 3571/2970/1993 3570/2971/1994
f 3694/2969/1993 3553/2968/1992 3571/2970/1993
f 3694/2969/1993 3563/2967/1992 3553/2968/1992
f 3562/2972/1994 3694/2969/1993 3570/2971/1994
f 3561/2973/1995 3570/2971/1994 3552/2974/1995
f 3561/2973/1995 3562/2972/1994 3570/2971/1994
f 3560/2976/1996 3552/2974/1995 3551/2975/1997
f 3560/2976/1996 3561/2973/1995 3552/2974/1995
f 3693/2977/1815 3551/2975/1997 3543/2978/1815
f 3693/2977/1815 3560/2976/1996 3551/2975/1997
f 3480/3844/1795 3553/3845/1795 3572/3846/1795
f 3480/3844/1795 3572/3846/1795 3609/3847/1795
f 3634/3848/1795 3570/3849/1795 3571/3850/1795
f 3634/3848/1795 3633/3851/1795 3570/3849/1795
f 3479/3852/1795 3571/3850/1795 3553/3845/1795
f 3479/3852/1795 3553/3845/1795 3480/3844/1795
f 3610/3853/1795 3572/3846/1795 3573/3854/1795
f 3610/3853/1795 3609/3847/1795 3572/3846/1795
f 3635/3855/1795 3634/3848/1795 3571/3850/1795
f 3635/3855/1795 3571/3850/1795 3479/3852/1795
f 3632/3856/1795 3552/3857/1795 3570/3849/1795
f 3632/3856/1795 3570/3849/1795 3633/3851/1795
f 3481/3858/1795 3573/3854/1795 3554/3859/1795
f 3481/3858/1795 3610/3853/1795 3573/3854/1795
f 3491/3860/1795 3635/3855/1795 3479/3852/1795
f 3491/3860/1795 3479/3852/1795 3608/3861/1795
f 3631/3862/1795 3551/3863/1795 3552/3857/1795
f 3631/3862/1795 3552/3857/1795 3632/3856/1795
f 3611/3864/1795 3554/3859/1795 3574/3865/1795
f 3611/3864/1795 3481/3858/1795 3554/3859/1795
f 3630/3866/1795 3543/3867/1795 3551/3863/1795
f 3630/3866/1795 3551/3863/1795 3631/3862/1795
f 3636/3868/1795 3491/3860/1795 3608/3861/1795
f 3636/3868/1795 3608/3861/1795 3478/3869/1795
f 3612/3870/1795 3611/3864/1795 3574/3865/1795
f 3629/3871/1795 3543/3867/1795 3630/3866/1795
f 3637/3872/1795 3636/3868/1795 3478/3869/1795
f 3637/3872/1795 3478/3869/1795 3477/3873/1795
f 3613/3874/1795 3574/3865/1795 3575/3875/1795
f 3613/3874/1795 3612/3870/1795 3574/3865/1795
f 3638/3876/1795 3477/3873/1795 3874/3877/1795
f 3638/3876/1795 3637/3872/1795 3477/3873/1795
f 3628/3878/1795 3542/3879/1795 3543/3867/1795
f 3628/3878/1795 3543/3867/1795 3629/3871/1795
f 3614/3880/1795 3575/3875/1795 3555/3881/1795
f 3614/3880/1795 3613/3874/1795 3575/3875/1795
f 3627/3882/1795 3585/3883/1795 3542/3879/1795
f 3627/3882/1795 3542/3879/1795 3628/3878/1795
f 3482/3884/1795 3555/3881/1795 3556/3885/1795
f 3482/3884/1795 3614/3880/1795 3555/3881/1795
f 3626/3886/1795 3585/3883/1795 3627/3882/1795
f 3626/3886/1795 3541/3887/1795 3585/3883/1795
f 3615/3888/1795 3482/3884/1795 3556/3885/1795
f 3625/3889/1795 3541/3887/1795 3626/3886/1795
f 3616/3890/1795 3615/3888/1795 3556/3885/1795
f 3624/3891/1795 3541/3887/1795 3625/3889/1795
f 3519/3892/1795 3874/3877/1795 3607/3893/1795
f 3518/3894/1795 3638/3876/1795 3874/3877/1795
f 3518/3894/1795 3492/3895/1795 3638/3876/1795
f 3518/3894/1795 3874/3877/1795 3519/3892/1795
f 3673/3896/1795 3492/3895/1795 3518/3894/1795
f 3673/3896/1795 3639/3897/1795 3492/3895/1795
f 3673/3896/1795 3640/3898/1795 3639/3897/1795
f 3674/3899/1795 3519/3892/1795 3607/3893/1795
f 3674/3899/1795 3873/3900/1795 3606/3901/1795
f 3674/3899/1795 3607/3893/1795 3873/3900/1795
f 3672/3902/1795 3641/3903/1795 3640/3898/1795
f 3672/3902/1795 3642/3904/1795 3641/3903/1795
f 3672/3902/1795 3640/3898/1795 3673/3896/1795
f 3675/3905/1795 3674/3899/1795 3606/3901/1795
f 3675/3905/1795 3872/3906/1795 3871/3907/1795
f 3675/3905/1795 3606/3901/1795 3872/3906/1795
f 3557/3908/1795 3617/3909/1795 3616/3890/1795
f 3557/3908/1795 3616/3890/1795 3556/3885/1795
f 3540/3910/1795 3541/3887/1795 3624/3891/1795
f 3676/3911/1795 3605/3912/1795 3870/3913/1795
f 3676/3911/1795 3871/3907/1795 3605/3912/1795
f 3676/3911/1795 3675/3905/1795 3871/3907/1795
f 3517/3914/1795 3642/3904/1795 3672/3902/1795
f 3517/3914/1795 3643/3915/1795 3642/3904/1795
f 3517/3914/1795 3493/3916/1795 3643/3915/1795
f 3520/3917/1795 3676/3911/1795 3870/3913/1795
f 3520/3917/1795 3869/3918/1795 3604/3919/1795
f 3520/3917/1795 3870/3913/1795 3869/3918/1795
f 3671/3920/1795 3840/3921/1795 3620/3922/1795
f 3671/3920/1795 3493/3916/1795 3517/3914/1795
f 3671/3920/1795 3620/3922/1795 3493/3916/1795
f 3521/3923/1795 3520/3917/1795 3604/3919/1795
f 3521/3923/1795 3868/3924/1795 3867/3925/1795
f 3521/3923/1795 3604/3919/1795 3868/3924/1795
f 3670/3926/1795 3841/3927/1795 3840/3921/1795
f 3670/3926/1795 3842/3928/1795 3841/3927/1795
f 3670/3926/1795 3840/3921/1795 3671/3920/1795
f 3522/3929/1795 3521/3923/1795 3867/3925/1795
f 3522/3929/1795 3866/3930/1795 3865/3931/1795
f 3522/3929/1795 3867/3925/1795 3866/3930/1795
f 3812/3932/1795 3843/3933/1795 3842/3928/1795
f 3812/3932/1795 3844/3934/1795 3843/3933/1795
f 3812/3932/1795 3842/3928/1795 3670/3926/1795
f 3523/3935/1795 3522/3929/1795 3865/3931/1795
f 3523/3935/1795 3864/3936/1795 3603/3937/1795
f 3523/3935/1795 3865/3931/1795 3864/3936/1795
f 3811/3938/1795 3844/3934/1795 3812/3932/1795
f 3811/3938/1795 3845/3939/1795 3844/3934/1795
f 3811/3938/1795 3846/3940/1795 3845/3939/1795
f 3524/3941/1795 3523/3935/1795 3603/3937/1795
f 3524/3941/1795 3603/3937/1795 3863/3942/1795
f 3810/3943/1795 3621/3944/1795 3846/3940/1795
f 3810/3943/1795 3846/3940/1795 3811/3938/1795
f 3677/3945/1795 3524/3941/1795 3863/3942/1795
f 3669/3946/1795 3621/3944/1795 3810/3943/1795
f 3595/3947/1795 3679/3948/1795 3678/3949/1795
f 3595/3947/1795 3460/3950/1795 3679/3948/1795
f 3503/3951/1795 3668/3952/1795 3504/3953/1795
f 3503/3951/1795 3809/3954/1795 3668/3952/1795
f 3594/3955/1795 3680/3956/1795 3679/3948/1795
f 3594/3955/1795 3679/3948/1795 3460/3950/1795
f 3596/3957/1795 3595/3947/1795 3678/3949/1795
f 3502/3958/1795 3809/3954/1795 3503/3951/1795
f 3651/3959/1795 3504/3953/1795 3668/3952/1795
f 3651/3959/1795 3668/3952/1795 3667/3960/1795
f 3461/3961/1795 3678/3949/1795 3677/3945/1795
f 3461/3961/1795 3596/3957/1795 3678/3949/1795
f 3459/3962/1795 3680/3956/1795 3594/3955/1795
f 3650/3963/1795 3809/3954/1795 3502/3958/1795
f 3650/3963/1795 3669/3946/1795 3809/3954/1795
f 3505/3964/1795 3651/3959/1795 3667/3960/1795
f 3458/3965/1795 3662/3966/1795 3680/3956/1795
f 3458/3965/1795 3680/3956/1795 3459/3962/1795
f 3597/3967/1795 3677/3945/1795 3863/3942/1795
f 3597/3967/1795 3461/3961/1795 3677/3945/1795
f 3649/3968/1795 3847/3969/1795 3621/3944/1795
f 3649/3968/1795 3621/3944/1795 3669/3946/1795
f 3649/3968/1795 3669/3946/1795 3650/3963/1795
f 3652/3970/1795 3505/3964/1795 3667/3960/1795
f 3652/3970/1795 3667/3960/1795 3666/3971/1795
f 3462/3972/1795 3602/3973/1795 3483/3974/1795
f 3462/3972/1795 3597/3967/1795 3863/3942/1795
f 3462/3972/1795 3863/3942/1795 3602/3973/1795
f 3593/3975/1795 3662/3966/1795 3458/3965/1795
f 3653/3976/1795 3652/3970/1795 3666/3971/1795
f 3648/3977/1795 3847/3969/1795 3649/3968/1795
f 3598/3978/1795 3462/3972/1795 3483/3974/1795
f 3592/3979/1795 3662/3966/1795 3593/3975/1795
f 3592/3979/1795 3663/3980/1795 3662/3966/1795
f 3654/3981/1795 3653/3976/1795 3666/3971/1795
f 3654/3981/1795 3666/3971/1795 3665/3982/1795
f 3599/3983/1795 3483/3974/1795 3618/3984/1795
f 3599/3983/1795 3598/3978/1795 3483/3974/1795
f 3893/3985/1795 3663/3980/1795 3592/3979/1795
f 3655/3986/1795 3654/3981/1795 3665/3982/1795
f 3463/3987/1795 3618/3984/1795 3617/3909/1795
f 3463/3987/1795 3557/3908/1795 3558/3988/1795
f 3463/3987/1795 3617/3909/1795 3557/3908/1795
f 3463/3987/1795 3599/3983/1795 3618/3984/1795
f 3892/3989/1795 3663/3980/1795 3893/3985/1795
f 3892/3989/1795 3804/3990/1795 3663/3980/1795
f 3656/3991/1795 3655/3986/1795 3665/3982/1795
f 3656/3991/1795 3665/3982/1795 3664/3992/1795
f 3464/3993/1795 3463/3987/1795 3558/3988/1795
f 3891/3994/1795 3804/3990/1795 3892/3989/1795
f 3657/3995/1795 3656/3991/1795 3664/3992/1795
f 3890/3996/1795 3804/3990/1795 3891/3994/1795
f 3890/3996/1795 3805/3997/1795 3804/3990/1795
f 3658/3998/1795 3657/3995/1795 3664/3992/1795
f 3658/3998/1795 3664/3992/1795 3808/3999/1795
f 3889/4000/1795 3805/3997/1795 3890/3996/1795
f 3659/4001/1795 3658/3998/1795 3808/3999/1795
f 3888/4002/1795 3805/3997/1795 3889/4000/1795
f 3888/4002/1795 3806/4003/1795 3805/3997/1795
f 3660/4004/1795 3659/4001/1795 3808/3999/1795
f 3660/4004/1795 3808/3999/1795 3807/4005/1795
f 3887/4006/1795 3806/4003/1795 3888/4002/1795
f 3887/4006/1795 3807/4005/1795 3806/4003/1795
f 3661/4007/1795 3660/4004/1795 3807/4005/1795
f 3661/4007/1795 3807/4005/1795 3887/4006/1795
f 3817/4008/1795 3661/4007/1795 3887/4006/1795
f 3817/4008/1795 3887/4006/1795 3886/4009/1795
f 3619/4010/1795 3848/4011/1795 3847/3969/1795
f 3619/4010/1795 3622/4012/1795 3848/4011/1795
f 3619/4010/1795 3623/4013/1795 3622/4012/1795
f 3619/4010/1795 3624/3891/1795 3623/4013/1795
f 3619/4010/1795 3647/4014/1795 3646/4015/1795
f 3619/4010/1795 3847/3969/1795 3648/3977/1795
f 3619/4010/1795 3824/4016/1795 3647/4014/1795
f 3619/4010/1795 3825/4017/1795 3824/4016/1795
f 3619/4010/1795 3826/4018/1795 3825/4017/1795
f 3619/4010/1795 3827/4019/1795 3826/4018/1795
f 3619/4010/1795 3828/4020/1795 3827/4019/1795
f 3619/4010/1795 3829/4021/1795 3828/4020/1795
f 3619/4010/1795 3830/4022/1795 3829/4021/1795
f 3619/4010/1795 3648/3977/1795 3830/4022/1795
f 3619/4010/1795 3540/3910/1795 3624/3891/1795
f 3861/4023/1795 3619/4010/1795 3646/4015/1795
f 3861/4023/1795 3591/4024/1795 3590/4025/1795
f 3861/4023/1795 3884/4026/1795 3591/4024/1795
f 3861/4023/1795 3885/4027/1795 3884/4026/1795
f 3861/4023/1795 3886/4009/1795 3885/4027/1795
f 3861/4023/1795 3644/4028/1795 3817/4008/1795
f 3861/4023/1795 3818/4029/1795 3644/4028/1795
f 3861/4023/1795 3819/4030/1795 3818/4029/1795
f 3861/4023/1795 3820/4031/1795 3819/4030/1795
f 3861/4023/1795 3645/4032/1795 3820/4031/1795
f 3861/4023/1795 3821/4033/1795 3645/4032/1795
f 3861/4023/1795 3822/4034/1795 3821/4033/1795
f 3861/4023/1795 3823/4035/1795 3822/4034/1795
f 3861/4023/1795 3646/4015/1795 3823/4035/1795
f 3861/4023/1795 3817/4008/1795 3886/4009/1795
f 3576/4036/1795 3464/3993/1795 3558/3988/1795
f 3576/4036/1795 3465/4037/1795 3464/3993/1795
f 3576/4036/1795 3600/4038/1795 3465/4037/1795
f 3862/4039/1795 3584/4040/1795 3539/4041/1795
f 3862/4039/1795 3539/4041/1795 3540/3910/1795
f 3862/4039/1795 3540/3910/1795 3619/4010/1795
f 3577/4042/1795 3600/4038/1795 3576/4036/1795
f 3577/4042/1795 3601/4043/1795 3600/4038/1795
f 3583/4044/1795 3584/4040/1795 3862/4039/1795
f 3559/4045/1795 3601/4043/1795 3577/4042/1795
f 3559/4045/1795 3466/4046/1795 3601/4043/1795
f 3582/4047/1795 3583/4044/1795 3862/4039/1795
f 3550/4048/1795 3466/4046/1795 3559/4045/1795
f 3550/4048/1795 3883/4049/1795 3586/4050/1795
f 3550/4048/1795 3586/4050/1795 3466/4046/1795
f 3538/4051/1795 3862/4039/1795 3860/4052/1795
f 3538/4051/1795 3582/4047/1795 3862/4039/1795
f 3534/4053/1795 3587/4054/1795 3883/4049/1795
f 3534/4053/1795 3883/4049/1795 3550/4048/1795
f 3581/4055/1795 3538/4051/1795 3860/4052/1795
f 3578/4056/1795 3587/4054/1795 3534/4053/1795
f 3578/4056/1795 3588/4057/1795 3587/4054/1795
f 3537/4058/1795 3581/4055/1795 3860/4052/1795
f 3579/4059/1795 3589/4060/1795 3588/4057/1795
f 3579/4059/1795 3590/4025/1795 3589/4060/1795
f 3579/4059/1795 3588/4057/1795 3578/4056/1795
f 3536/4061/1795 3537/4058/1795 3860/4052/1795
f 3580/4062/1795 3860/4052/1795 3861/4023/1795
f 3580/4062/1795 3861/4023/1795 3590/4025/1795
f 3580/4062/1795 3590/4025/1795 3579/4059/1795
f 3535/4063/1795 3860/4052/1795 3580/4062/1795
f 3535/4063/1795 3536/4061/1795 3860/4052/1795
f 3726/3844/1814 3564/3846/1814 3563/3845/1814
f 3727/3847/1814 3564/3846/1814 3726/3844/1814
f 3495/3848/1814 3694/3850/1814 3562/3849/1814
f 3749/3851/1814 3495/3848/1814 3562/3849/1814
f 3725/3852/1814 3563/3845/1814 3694/3850/1814
f 3725/3852/1814 3726/3844/1814 3563/3845/1814
f 3728/3853/1814 3695/3854/1814 3564/3846/1814
f 3728/3853/1814 3564/3846/1814 3727/3847/1814
f 3750/3855/1814 3694/3850/1814 3495/3848/1814
f 3750/3855/1814 3725/3852/1814 3694/3850/1814
f 3494/3856/1814 3562/3849/1814 3561/3857/1814
f 3494/3856/1814 3749/3851/1814 3562/3849/1814
f 3729/3858/1814 3565/3859/1814 3695/3854/1814
f 3729/3858/1814 3695/3854/1814 3728/3853/1814
f 3496/3860/1814 3725/3852/1814 3750/3855/1814
f 3496/3860/1814 3484/3861/1814 3725/3852/1814
f 3748/3862/1814 3561/3857/1814 3560/3863/1814
f 3748/3862/1814 3494/3856/1814 3561/3857/1814
f 3485/3864/1814 3566/3865/1814 3565/3859/1814
f 3485/3864/1814 3565/3859/1814 3729/3858/1814
f 3747/3866/1814 3560/3863/1814 3693/3867/1814
f 3747/3866/1814 3748/3862/1814 3560/3863/1814
f 3497/3868/1814 3724/3869/1814 3484/3861/1814
f 3497/3868/1814 3484/3861/1814 3496/3860/1814
f 3730/3870/1814 3566/3865/1814 3485/3864/1814
f 3751/3872/1814 3723/3873/1814 3724/3869/1814
f 3751/3872/1814 3724/3869/1814 3497/3868/1814
f 3858/3871/1814 3747/3866/1814 3693/3867/1814
f 3731/3874/1814 3696/3875/1814 3566/3865/1814
f 3731/3874/1814 3566/3865/1814 3730/3870/1814
f 3498/3876/1814 3882/3877/1814 3723/3873/1814
f 3498/3876/1814 3723/3873/1814 3751/3872/1814
f 3764/3878/1814 3693/3867/1814 3692/3879/1814
f 3764/3878/1814 3858/3871/1814 3693/3867/1814
f 3486/3880/1814 3697/3881/1814 3696/3875/1814
f 3486/3880/1814 3696/3875/1814 3731/3874/1814
f 3763/3882/1814 3764/3878/1814 3692/3879/1814
f 3763/3882/1814 3692/3879/1814 3549/3883/1814
f 3732/3884/1814 3698/3885/1814 3697/3881/1814
f 3732/3884/1814 3697/3881/1814 3486/3880/1814
f 3857/3886/1814 3763/3882/1814 3549/3883/1814
f 3857/3886/1814 3549/3883/1814 3548/3887/1814
f 3733/3888/1814 3698/3885/1814 3732/3884/1814
f 3856/3889/1814 3857/3886/1814 3548/3887/1814
f 3487/3890/1814 3698/3885/1814 3733/3888/1814
f 3762/3891/1814 3856/3889/1814 3548/3887/1814
f 3785/3892/1814 3743/3893/1814 3882/3877/1814
f 3784/3894/1814 3498/3876/1814 3499/3895/1814
f 3784/3894/1814 3785/3892/1814 3882/3877/1814
f 3784/3894/1814 3882/3877/1814 3498/3876/1814
f 3527/3899/1814 3741/3901/1814 3742/3900/1814
f 3527/3899/1814 3742/3900/1814 3743/3893/1814
f 3527/3899/1814 3743/3893/1814 3785/3892/1814
f 3526/3896/1814 3499/3895/1814 3752/3897/1814
f 3526/3896/1814 3752/3897/1814 3753/3898/1814
f 3526/3896/1814 3784/3894/1814 3499/3895/1814
f 3783/3902/1814 3526/3896/1814 3753/3898/1814
f 3783/3902/1814 3753/3898/1814 3754/3903/1814
f 3783/3902/1814 3754/3903/1814 3755/3904/1814
f 3528/3905/1814 3880/3907/1814 3881/3906/1814
f 3528/3905/1814 3881/3906/1814 3741/3901/1814
f 3528/3905/1814 3741/3901/1814 3527/3899/1814
f 3567/3908/1814 3698/3885/1814 3487/3890/1814
f 3567/3908/1814 3487/3890/1814 3488/3909/1814
f 3691/3910/1814 3762/3891/1814 3548/3887/1814
f 3786/3911/1814 3740/3913/1814 3879/3912/1814
f 3786/3911/1814 3879/3912/1814 3880/3907/1814
f 3786/3911/1814 3880/3907/1814 3528/3905/1814
f 3525/3914/1814 3755/3904/1814 3500/3915/1814
f 3525/3914/1814 3500/3915/1814 3501/3916/1814
f 3525/3914/1814 3783/3902/1814 3755/3904/1814
f 3529/3917/1814 3740/3913/1814 3786/3911/1814
f 3529/3917/1814 3739/3919/1814 3878/3918/1814
f 3529/3917/1814 3878/3918/1814 3740/3913/1814
f 3782/3920/1814 3525/3914/1814 3501/3916/1814
f 3782/3920/1814 3501/3916/1814 3849/3922/1814
f 3782/3920/1814 3849/3922/1814 3850/3921/1814
f 3530/3923/1814 3739/3919/1814 3529/3917/1814
f 3530/3923/1814 3738/3925/1814 3877/3924/1814
f 3530/3923/1814 3877/3924/1814 3739/3919/1814
f 3803/3926/1814 3850/3921/1814 3851/3927/1814
f 3803/3926/1814 3851/3927/1814 3756/3928/1814
f 3803/3926/1814 3782/3920/1814 3850/3921/1814
f 3787/3929/1814 3738/3925/1814 3530/3923/1814
f 3787/3929/1814 3876/3931/1814 3737/3930/1814
f 3787/3929/1814 3737/3930/1814 3738/3925/1814
f 3802/3932/1814 3803/3926/1814 3756/3928/1814
f 3802/3932/1814 3756/3928/1814 3757/3933/1814
f 3802/3932/1814 3757/3933/1814 3852/3934/1814
f 3531/3935/1814 3876/3931/1814 3787/3929/1814
f 3531/3935/1814 3875/3937/1814 3736/3936/1814
f 3531/3935/1814 3736/3936/1814 3876/3931/1814
f 3801/3938/1814 3802/3932/1814 3852/3934/1814
f 3801/3938/1814 3852/3934/1814 3853/3939/1814
f 3801/3938/1814 3853/3939/1814 3854/3940/1814
f 3788/3941/1814 3875/3937/1814 3531/3935/1814
f 3788/3941/1814 3735/3942/1814 3875/3937/1814
f 3800/3943/1814 3801/3938/1814 3854/3940/1814
f 3800/3943/1814 3854/3940/1814 3758/3944/1814
f 3532/3945/1814 3735/3942/1814 3788/3941/1814
f 3799/3946/1814 3800/3943/1814 3758/3944/1814
f 3469/3947/1814 3533/3948/1814 3468/3950/1814
f 3469/3947/1814 3789/3949/1814 3533/3948/1814
f 3768/3951/1814 3816/3952/1814 3798/3954/1814
f 3507/3953/1814 3816/3952/1814 3768/3951/1814
f 3467/3955/1814 3468/3950/1814 3533/3948/1814
f 3467/3955/1814 3533/3948/1814 3790/3956/1814
f 3470/3957/1814 3789/3949/1814 3469/3947/1814
f 3767/3958/1814 3768/3951/1814 3798/3954/1814
f 3508/3959/1814 3815/3960/1814 3816/3952/1814
f 3508/3959/1814 3816/3952/1814 3507/3953/1814
f 3471/3961/1814 3789/3949/1814 3470/3957/1814
f 3471/3961/1814 3532/3945/1814 3789/3949/1814
f 3703/3962/1814 3467/3955/1814 3790/3956/1814
f 3766/3963/1814 3798/3954/1814 3799/3946/1814
f 3766/3963/1814 3767/3958/1814 3798/3954/1814
f 3509/3964/1814 3815/3960/1814 3508/3959/1814
f 3702/3965/1814 3790/3956/1814 3516/3966/1814
f 3702/3965/1814 3703/3962/1814 3790/3956/1814
f 3472/3967/1814 3532/3945/1814 3471/3961/1814
f 3472/3967/1814 3735/3942/1814 3532/3945/1814
f 3506/3968/1814 3758/3944/1814 3855/3969/1814
f 3506/3968/1814 3799/3946/1814 3758/3944/1814
f 3506/3968/1814 3766/3963/1814 3799/3946/1814
f 3769/3970/1814 3797/3971/1814 3815/3960/1814
f 3769/3970/1814 3815/3960/1814 3509/3964/1814
f 3701/3975/1814 3702/3965/1814 3516/3966/1814
f 3473/3972/1814 3490/3974/1814 3734/3973/1814
f 3473/3972/1814 3734/3973/1814 3735/3942/1814
f 3473/3972/1814 3735/3942/1814 3472/3967/1814
f 3765/3977/1814 3506/3968/1814 3855/3969/1814
f 3770/3976/1814 3797/3971/1814 3769/3970/1814
f 3722/3979/1814 3516/3966/1814 3791/3980/1814
f 3722/3979/1814 3701/3975/1814 3516/3966/1814
f 3704/3978/1814 3490/3974/1814 3473/3972/1814
f 3510/3981/1814 3814/3982/1814 3797/3971/1814
f 3510/3981/1814 3797/3971/1814 3770/3976/1814
f 3474/3983/1814 3490/3974/1814 3704/3978/1814
f 3474/3983/1814 3489/3984/1814 3490/3974/1814
f 3721/3985/1814 3722/3979/1814 3791/3980/1814
f 3771/3986/1814 3814/3982/1814 3510/3981/1814
f 3897/3989/1814 3791/3980/1814 3792/3990/1814
f 3897/3989/1814 3721/3985/1814 3791/3980/1814
f 3475/3987/1814 3489/3984/1814 3474/3983/1814
f 3475/3987/1814 3568/3988/1814 3567/3908/1814
f 3475/3987/1814 3567/3908/1814 3488/3909/1814
f 3475/3987/1814 3488/3909/1814 3489/3984/1814
f 3511/3991/1814 3796/3992/1814 3814/3982/1814
f 3511/3991/1814 3814/3982/1814 3771/3986/1814
f 3720/3994/1814 3897/3989/1814 3792/3990/1814
f 3705/3993/1814 3568/3988/1814 3475/3987/1814
f 3772/3995/1814 3796/3992/1814 3511/3991/1814
f 3896/3996/1814 3792/3990/1814 3793/3997/1814
f 3896/3996/1814 3720/3994/1814 3792/3990/1814
f 3512/3998/1814 3795/3999/1814 3796/3992/1814
f 3512/3998/1814 3796/3992/1814 3772/3995/1814
f 3895/4000/1814 3896/3996/1814 3793/3997/1814
f 3513/4001/1814 3795/3999/1814 3512/3998/1814
f 3719/4002/1814 3793/3997/1814 3813/4003/1814
f 3719/4002/1814 3895/4000/1814 3793/3997/1814
f 3514/4004/1814 3794/4005/1814 3795/3999/1814
f 3514/4004/1814 3795/3999/1814 3513/4001/1814
f 3718/4006/1814 3813/4003/1814 3794/4005/1814
f 3718/4006/1814 3719/4002/1814 3813/4003/1814
f 3515/4007/1814 3718/4006/1814 3794/4005/1814
f 3515/4007/1814 3794/4005/1814 3514/4004/1814
f 3831/4008/1814 3718/4006/1814 3515/4007/1814
f 3831/4008/1814 3717/4009/1814 3718/4006/1814
f 3744/4010/1814 3855/3969/1814 3759/4011/1814
f 3744/4010/1814 3759/4011/1814 3760/4012/1814
f 3744/4010/1814 3760/4012/1814 3761/4013/1814
f 3744/4010/1814 3761/4013/1814 3762/3891/1814
f 3744/4010/1814 3776/4015/1814 3837/4014/1814
f 3744/4010/1814 3837/4014/1814 3777/4016/1814
f 3744/4010/1814 3777/4016/1814 3778/4017/1814
f 3744/4010/1814 3778/4017/1814 3779/4018/1814
f 3744/4010/1814 3779/4018/1814 3838/4019/1814
f 3744/4010/1814 3838/4019/1814 3839/4020/1814
f 3744/4010/1814 3839/4020/1814 3780/4021/1814
f 3744/4010/1814 3780/4021/1814 3781/4022/1814
f 3744/4010/1814 3781/4022/1814 3765/3977/1814
f 3744/4010/1814 3765/3977/1814 3855/3969/1814
f 3744/4010/1814 3762/3891/1814 3691/3910/1814
f 3745/4023/1814 3714/4025/1814 3715/4024/1814
f 3745/4023/1814 3715/4024/1814 3894/4026/1814
f 3745/4023/1814 3894/4026/1814 3716/4027/1814
f 3745/4023/1814 3716/4027/1814 3717/4009/1814
f 3745/4023/1814 3831/4008/1814 3832/4028/1814
f 3745/4023/1814 3832/4028/1814 3773/4029/1814
f 3745/4023/1814 3773/4029/1814 3833/4030/1814
f 3745/4023/1814 3833/4030/1814 3834/4031/1814
f 3745/4023/1814 3834/4031/1814 3774/4032/1814
f 3745/4023/1814 3774/4032/1814 3775/4033/1814
f 3745/4023/1814 3775/4033/1814 3835/4034/1814
f 3745/4023/1814 3835/4034/1814 3836/4035/1814
f 3745/4023/1814 3836/4035/1814 3776/4015/1814
f 3745/4023/1814 3717/4009/1814 3831/4008/1814
f 3745/4023/1814 3776/4015/1814 3744/4010/1814
f 3699/4036/1814 3568/3988/1814 3705/3993/1814
f 3699/4036/1814 3705/3993/1814 3476/4037/1814
f 3699/4036/1814 3476/4037/1814 3706/4038/1814
f 3746/4039/1814 3690/4041/1814 3689/4040/1814
f 3746/4039/1814 3691/3910/1814 3690/4041/1814
f 3746/4039/1814 3744/4010/1814 3691/3910/1814
f 3569/4042/1814 3699/4036/1814 3706/4038/1814
f 3569/4042/1814 3706/4038/1814 3707/4043/1814
f 3688/4044/1814 3746/4039/1814 3689/4040/1814
f 3700/4045/1814 3569/4042/1814 3707/4043/1814
f 3700/4045/1814 3707/4043/1814 3708/4046/1814
f 3547/4047/1814 3746/4039/1814 3688/4044/1814
f 3546/4051/1814 3859/4052/1814 3746/4039/1814
f 3546/4051/1814 3746/4039/1814 3547/4047/1814
f 3681/4064/1814 3708/4046/1814 3709/4050/1814
f 3681/4064/1814 3709/4050/1814 3710/4049/1814
f 3681/4064/1814 3700/4045/1814 3708/4046/1814
f 3687/4055/1814 3859/4052/1814 3546/4051/1814
f 3682/4053/1814 3681/4064/1814 3710/4049/1814
f 3682/4053/1814 3710/4049/1814 3711/4054/1814
f 3686/4058/1814 3859/4052/1814 3687/4055/1814
f 3683/4056/1814 3682/4053/1814 3711/4054/1814
f 3683/4056/1814 3711/4054/1814 3712/4057/1814
f 3684/4059/1814 3683/4056/1814 3712/4057/1814
f 3684/4059/1814 3712/4057/1814 3713/4060/1814
f 3684/4059/1814 3713/4060/1814 3714/4025/1814
f 3685/4061/1814 3859/4052/1814 3686/4058/1814
f 3544/4062/1814 3745/4023/1814 3859/4052/1814
f 3544/4062/1814 3714/4025/1814 3745/4023/1814
f 3544/4062/1814 3684/4059/1814 3714/4025/1814
f 3545/4063/1814 3859/4052/1814 3685/4061/1814
f 3545/4063/1814 3544/4062/1814 3859/4052/1814
f 3663/3678/1997 3516/3679/1815 3662/3680/1815
f 3663/3678/1997 3791/3681/1996 3516/3679/1815
f 3804/3682/1995 3792/3683/1995 3791/3681/1996
f 3804/3682/1995 3791/3681/1996 3663/3678/1997
f 3805/3684/1994 3793/3685/1994 3792/3683/1995
f 3805/3684/1994 3813/3687/1993 3793/3685/1994
f 3805/3684/1994 3792/3683/1995 3804/3682/1995
f 3806/3686/1993 3813/3687/1993 3805/3684/1994
f 3807/3688/1992 3794/3689/1992 3813/3687/1993
f 3807/3688/1992 3813/3687/1993 3806/3686/1993
f 3808/3690/1991 3795/3691/1991 3794/3689/1992
f 3808/3690/1991 3794/3689/1992 3807/3688/1992
f 3664/3692/1990 3796/3693/1990 3795/3691/1991
f 3664/3692/1990 3795/3691/1991 3808/3690/1991
f 3665/3695/1989 3814/3694/1989 3796/3693/1990
f 3665/3695/1989 3796/3693/1990 3664/3692/1990
f 3666/3696/1819 3797/3605/1819 3814/3694/1989
f 3666/3696/1819 3814/3694/1989 3665/3695/1989
f 3667/3697/1988 3815/3698/1987 3797/3605/1819
f 3667/3697/1988 3797/3605/1819 3666/3696/1819
f 3668/3699/1986 3816/3700/1986 3815/3698/1987
f 3668/3699/1986 3815/3698/1987 3667/3697/1988
f 3809/3701/1985 3798/3702/1985 3816/3700/1986
f 3809/3701/1985 3816/3700/1986 3668/3699/1986
f 3669/3703/1984 3799/3704/1984 3798/3702/1985
f 3669/3703/1984 3800/3706/1983 3799/3704/1984
f 3669/3703/1984 3798/3702/1985 3809/3701/1985
f 3810/3705/1983 3800/3706/1983 3669/3703/1984
f 3811/3707/1982 3800/3706/1983 3810/3705/1983
f 3811/3707/1982 3801/3708/1982 3800/3706/1983
f 3812/3709/1981 3801/3708/1982 3811/3707/1982
f 3812/3709/1981 3802/3710/1981 3801/3708/1982
f 3670/3712/1980 3802/3710/1981 3812/3709/1981
f 3670/3712/1980 3803/3711/1999 3802/3710/1981
f 3671/2943/1821 3803/3711/1999 3670/3712/1980
f 3671/2943/1821 3782/2942/1821 3803/3711/1999
f 3644/3678/1996 3831/3679/1815 3817/3680/1815
f 3644/3678/1996 3832/3681/1996 3831/3679/1815
f 3818/3682/1995 3773/3683/1995 3832/3681/1996
f 3818/3682/1995 3832/3681/1996 3644/3678/1996
f 3819/3684/1994 3833/3685/1994 3773/3683/1995
f 3819/3684/1994 3834/3687/1993 3833/3685/1994
f 3819/3684/1994 3773/3683/1995 3818/3682/1995
f 3820/3686/1993 3834/3687/1993 3819/3684/1994
f 3645/3688/1992 3774/3689/1992 3834/3687/1993
f 3645/3688/1992 3834/3687/1993 3820/3686/1993
f 3821/3690/1991 3775/3691/1991 3774/3689/1992
f 3821/3690/1991 3774/3689/1992 3645/3688/1992
f 3822/3692/1990 3835/3693/1990 3775/3691/1991
f 3822/3692/1990 3775/3691/1991 3821/3690/1991
f 3823/3695/1989 3836/3694/1989 3835/3693/1990
f 3823/3695/1989 3835/3693/1990 3822/3692/1990
f 3646/3696/1819 3776/3605/1819 3836/3694/1989
f 3646/3696/1819 3836/3694/1989 3823/3695/1989
f 3647/3697/1987 3837/3698/1987 3776/3605/1819
f 3647/3697/1987 3776/3605/1819 3646/3696/1819
f 3824/3699/1986 3777/3700/1986 3837/3698/1987
f 3824/3699/1986 3837/3698/1987 3647/3697/1987
f 3825/3701/1985 3778/3702/1985 3777/3700/1986
f 3825/3701/1985 3777/3700/1986 3824/3699/1986
f 3826/3703/1984 3779/3704/1984 3778/3702/1985
f 3826/3703/1984 3838/3706/1983 3779/3704/1984
f 3826/3703/1984 3778/3702/1985 3825/3701/1985
f 3827/3705/1983 3838/3706/1983 3826/3703/1984
f 3828/3707/1982 3838/3706/1983 3827/3705/1983
f 3828/3707/1982 3839/3708/1982 3838/3706/1983
f 3829/3709/1981 3839/3708/1982 3828/3707/1982
f 3829/3709/1981 3780/3710/1981 3839/3708/1982
f 3830/3712/1980 3780/3710/1981 3829/3709/1981
f 3830/3712/1980 3781/3711/1980 3780/3710/1981
f 3648/2943/1821 3781/3711/1980 3830/3712/1980
f 3648/2943/1821 3765/2942/1821 3781/3711/1980
f 3840/3678/1996 3849/3679/1815 3620/3680/1815
f 3840/3678/1996 3850/3681/1996 3849/3679/1815
f 3841/3682/1995 3851/3683/1995 3850/3681/1996
f 3841/3682/1995 3850/3681/1996 3840/3678/1996
f 3842/3684/1994 3756/3685/1994 3851/3683/1995
f 3842/3684/1994 3851/3683/1995 3841/3682/1995
f 3843/3686/1993 3757/3687/1993 3756/3685/1994
f 3843/3686/1993 3756/3685/1994 3842/3684/1994
f 3844/3688/1992 3852/3689/1992 3757/3687/1993
f 3844/3688/1992 3853/3691/1991 3852/3689/1992
f 3844/3688/1992 3757/3687/1993 3843/3686/1993
f 3845/3690/1991 3853/3691/1991 3844/3688/1992
f 3846/3692/1990 3854/3693/1990 3853/3691/1991
f 3846/3692/1990 3758/3694/1989 3854/3693/1990
f 3846/3692/1990 3853/3691/1991 3845/3690/1991
f 3621/3695/1989 3855/3605/1819 3758/3694/1989
f 3621/3695/1989 3758/3694/1989 3846/3692/1990
f 3847/3696/1819 3855/3605/1819 3621/3695/1989
f 3848/3697/1987 3759/3698/1987 3855/3605/1819
f 3848/3697/1987 3855/3605/1819 3847/3696/1819
f 3622/3699/1986 3760/3700/1986 3759/3698/1987
f 3622/3699/1986 3759/3698/1987 3848/3697/1987
f 3623/3701/1985 3761/3702/1985 3760/3700/1986
f 3623/3701/1985 3760/3700/1986 3622/3699/1986
f 3624/3703/1984 3762/3704/1984 3761/3702/1985
f 3624/3703/1984 3856/3706/1983 3762/3704/1984
f 3624/3703/1984 3761/3702/1985 3623/3701/1985
f 3625/3705/1983 3856/3706/1983 3624/3703/1984
f 3626/3707/1982 3856/3706/1983 3625/3705/1983
f 3626/3707/1982 3857/3708/1982 3856/3706/1983
f 3627/3709/1981 3857/3708/1982 3626/3707/1982
f 3627/3709/1981 3763/3710/1981 3857/3708/1982
f 3628/3712/1980 3763/3710/1981 3627/3709/1981
f 3628/3712/1980 3764/3711/1980 3763/3710/1981
f 3628/3712/1980 3858/2942/1821 3764/3711/1980
f 3629/2943/1821 3858/2942/1821 3628/3712/1980
f 3862/4065/1819 3859/3679/1819 3860/3680/1819
f 3862/4065/1819 3746/4066/1819 3859/3679/1819
f 3860/4067/1815 3745/3679/1815 3861/3680/1815
f 3860/4067/1815 3859/4068/1815 3745/3679/1815
f 3861/3680/1804 3744/4069/1804 3619/4070/1804
f 3861/3680/1804 3745/3679/1804 3744/4069/1804
f 3619/3680/1821 3746/4071/1821 3862/4072/1821
f 3619/3680/1821 3744/3679/1821 3746/4071/1821
f 3863/3678/1996 3734/3679/1815 3602/3680/1815
f 3863/3678/1996 3735/3681/1996 3734/3679/1815
f 3603/3682/1995 3875/3683/1995 3735/3681/1996
f 3603/3682/1995 3735/3681/1996 3863/3678/1996
f 3864/3684/1994 3736/3685/1994 3875/3683/1995
f 3864/3684/1994 3876/3687/1993 3736/3685/1994
f 3864/3684/1994 3875/3683/1995 3603/3682/1995
f 3865/3686/1993 3876/3687/1993 3864/3684/1994
f 3866/3688/1992 3737/3689/1992 3876/3687/1993
f 3866/3688/1992 3876/3687/1993 3865/3686/1993
f 3867/3690/1991 3738/3691/1991 3737/3689/1992
f 3867/3690/1991 3737/3689/1992 3866/3688/1992
f 3868/3692/1990 3877/3693/1990 3738/3691/1991
f 3868/3692/1990 3738/3691/1991 3867/3690/1991
f 3604/3695/1989 3739/3694/1989 3877/3693/1990
f 3604/3695/1989 3877/3693/1990 3868/3692/1990
f 3869/3696/1819 3878/3605/1819 3739/3694/1989
f 3869/3696/1819 3739/3694/1989 3604/3695/1989
f 3870/3697/1987 3740/3698/1987 3878/3605/1819
f 3870/3697/1987 3878/3605/1819 3869/3696/1819
f 3605/3699/1986 3879/3700/1986 3740/3698/1987
f 3605/3699/1986 3740/3698/1987 3870/3697/1987
f 3871/3701/1985 3880/3702/1985 3879/3700/1986
f 3871/3701/1985 3879/3700/1986 3605/3699/1986
f 3872/3703/1984 3881/3704/1984 3880/3702/1985
f 3872/3703/1984 3741/3706/1983 3881/3704/1984
f 3872/3703/1984 3880/3702/1985 3871/3701/1985
f 3606/3705/1983 3741/3706/1983 3872/3703/1984
f 3873/3707/1982 3741/3706/1983 3606/3705/1983
f 3873/3707/1982 3742/3708/1982 3741/3706/1983
f 3607/3709/1981 3742/3708/1982 3873/3707/1982
f 3607/3709/1981 3743/3710/1981 3742/3708/1982
f 3874/3712/1980 3743/3710/1981 3607/3709/1981
f 3874/3712/1980 3882/3711/1980 3743/3710/1981
f 3477/2943/1821 3882/3711/1980 3874/3712/1980
f 3477/2943/1821 3723/2942/1821 3882/3711/1980
f 3883/3678/1997 3709/3679/1815 3586/3680/1815
f 3883/3678/1997 3710/3681/1996 3709/3679/1815
f 3587/3682/1995 3711/3683/1995 3710/3681/1996
f 3587/3682/1995 3710/3681/1996 3883/3678/1997
f 3588/3684/1994 3712/3685/1994 3711/3683/1995
f 3588/3684/1994 3713/3687/1993 3712/3685/1994
f 3588/3684/1994 3711/3683/1995 3587/3682/1995
f 3589/3686/1993 3713/3687/1993 3588/3684/1994
f 3590/3688/1992 3714/3689/1992 3713/3687/1993
f 3590/3688/1992 3713/3687/1993 3589/3686/1993
f 3591/3690/1991 3715/3691/1991 3714/3689/1992
f 3591/3690/1991 3714/3689/1992 3590/3688/1992
f 3884/3692/1990 3894/3693/1990 3715/3691/1991
f 3884/3692/1990 3715/3691/1991 3591/3690/1991
f 3885/3695/1989 3716/3694/1989 3894/3693/1990
f 3885/3695/1989 3894/3693/1990 3884/3692/1990
f 3886/3696/1819 3717/3605/1819 3716/3694/1989
f 3886/3696/1819 3716/3694/1989 3885/3695/1989
f 3887/3697/1987 3718/3698/1987 3717/3605/1819
f 3887/3697/1987 3717/3605/1819 3886/3696/1819
f 3888/3699/1986 3719/3700/1986 3718/3698/1987
f 3888/3699/1986 3718/3698/1987 3887/3697/1987
f 3889/3701/1985 3895/3702/1985 3719/3700/1986
f 3889/3701/1985 3719/3700/1986 3888/3699/1986
f 3890/3703/1984 3896/3704/1984 3895/3702/1985
f 3890/3703/1984 3720/3706/1983 3896/3704/1984
f 3890/3703/1984 3895/3702/1985 3889/3701/1985
f 3891/3705/1983 3720/3706/1983 3890/3703/1984
f 3892/3707/1982 3720/3706/1983 3891/3705/1983
f 3892/3707/1982 3897/3708/1982 3720/3706/1983
f 3893/3709/1981 3897/3708/1982 3892/3707/1982
f 3893/3709/1981 3721/3710/1981 3897/3708/1982
f 3592/3712/1980 3721/3710/1981 3893/3709/1981
f 3592/3712/1980 3722/3711/1980 3721/3710/1981
f 3593/2943/1821 3722/3711/1980 3592/3712/1980
f 3593/2943/1821 3701/2942/1821 3722/3711/1980
o Circumference.005
v -1.084832 16.199997 43.240494
v -1.597862 16.199997 44.129089
v -2.049012 16.199997 44.389557
v -2.301570 16.199995 44.457230
v -2.562042 16.199995 44.480019
v -2.822515 16.199995 44.457230
v -3.312042 16.199995 44.279060
v -3.526224 16.199995 44.129089
v -3.711109 16.199995 43.944199
v -3.861082 16.199995 43.730019
v -3.971581 16.199995 43.493050
v -4.039255 16.199995 43.240494
v -1.084834 19.699997 43.240494
v -2.049015 19.699997 44.389557
v -2.301573 19.699995 44.457230
v -2.562045 19.699995 44.480019
v -3.861084 19.699995 43.730019
v -3.971584 19.699995 43.493050
v -4.039257 19.699995 43.240494
v -8.084831 16.199993 36.240494
v -8.152503 16.199993 36.493050
v -8.412976 16.199993 36.944199
v -8.812043 16.199993 37.279060
v -9.301571 16.199991 37.457230
v -9.822515 16.199991 37.457230
v -10.075073 16.199991 37.389557
v -10.312043 16.199991 37.279060
v -10.526224 16.199991 37.129089
v -10.711110 16.199991 36.944199
v -10.861081 16.199991 36.730019
v -10.971582 16.199991 36.493050
v -8.062045 19.699993 35.980019
v -8.084833 19.699993 36.240494
v -8.152505 19.699993 36.493050
v -8.412978 19.699993 36.944199
v -8.812045 19.699993 37.279060
v -9.301573 19.699991 37.457230
v -9.562045 19.699991 37.480019
v -9.822517 19.699991 37.457230
v -10.312045 19.699991 37.279060
v -10.526226 19.699991 37.129089
v -10.861083 19.699991 36.730019
v -1.062044 16.199997 28.980021
v -1.152505 16.199997 29.493052
v -1.412977 16.199997 29.944201
v -1.812044 16.199997 30.279062
v -2.049012 16.199997 30.389559
v -2.301570 16.199997 30.457232
v -2.562042 16.199997 30.480021
v -3.075073 16.199997 30.389559
v -3.711109 16.199997 29.944201
v -3.861082 16.199997 29.730021
v -3.971581 16.199995 29.493052
v -4.039255 16.199995 29.240496
v -1.062046 19.699997 28.980021
v -1.263007 19.699997 29.730021
v -1.597864 19.699997 30.129091
v -2.562045 19.699997 30.480021
v -2.822518 19.699997 30.457232
v -3.075076 19.699997 30.389559
v -3.861084 19.699997 29.730021
v -3.971584 19.699995 29.493052
v -4.039257 19.699995 29.240496
v 5.937956 16.200003 35.980019
v 5.915168 16.200003 36.240494
v 5.847497 16.200003 36.493050
v 5.736996 16.200003 36.730019
v 5.587024 16.200001 36.944199
v 4.950987 16.200001 37.389557
v 4.177485 16.200001 37.457230
v 3.288891 16.200001 36.944199
v 3.138918 16.200001 36.730019
v 5.915166 19.700003 36.240494
v 5.847494 19.700003 36.493050
v 5.587021 19.700001 36.944199
v 4.950985 19.700001 37.389557
v 4.437954 19.700001 37.480019
v 4.177482 19.700001 37.457230
v 3.687955 19.700001 37.279060
v 3.473773 19.700001 37.129089
v 3.288888 19.700001 36.944199
v -4.062043 14.319994 35.980019
v -1.062042 14.319996 35.980019
v -1.152503 14.319996 36.493050
v -1.412975 14.319996 36.944199
v -1.597860 14.319996 37.129089
v -1.812042 14.319996 37.279060
v -2.301569 14.319995 37.457230
v -2.562041 14.319995 37.480019
v -3.312041 14.319995 37.279060
v -3.526223 14.319995 37.129089
v -3.861080 14.319994 36.730019
v -3.971580 14.319994 36.493050
v -1.263007 19.699997 36.730019
v -2.049015 19.699997 37.389557
v -2.822518 19.699997 37.457230
v -3.075076 19.699995 37.389557
v -3.312045 19.699995 37.279060
v -3.526227 19.699995 37.129089
v -3.861084 19.699995 36.730019
v -4.039257 19.699995 36.240494
v -6.790658 14.319993 34.440933
v -4.812043 14.319994 32.082909
v -3.343458 14.319995 31.548388
v -2.562041 14.319996 31.480021
v 0.330503 14.319998 32.532822
v 0.885158 14.319998 33.087479
v -6.993679 16.199993 35.198601
v -6.790659 16.199993 34.440933
v -5.454587 16.199995 32.532822
v -4.812044 16.199995 32.082909
v -4.101133 16.199995 31.751406
v -3.343460 16.199997 31.548388
v -2.562042 16.199997 31.480021
v -1.780627 16.199997 31.548388
v -1.022953 16.199997 31.751406
v 1.335071 16.199999 33.730019
v 1.666573 16.199999 34.440933
v 1.869591 16.199999 35.198601
v -0.825562 16.199999 26.131945
v 6.098210 16.200003 30.980021
v 6.834884 16.200003 32.559822
v -10.222489 19.699991 29.552149
v -7.562046 19.699993 27.319765
v -5.982247 19.699995 26.583094
v -4.298527 19.699995 26.131945
v -0.825564 19.699999 26.131945
v 0.858156 19.699999 26.583094
v 3.865831 19.700001 28.319574
v 6.098208 19.700003 30.980021
v 6.834881 19.700003 32.559822
v 7.437954 19.700003 35.980019
v -12.562043 16.199989 35.980019
v -12.562045 19.699989 35.980019
v 7.286035 16.200003 37.716499
v 6.834884 16.200003 39.400223
v 6.098210 16.200001 40.980019
v 5.098402 16.200001 42.407898
v 3.865834 16.200001 43.640465
v -0.825562 16.199997 45.828094
v -2.562042 16.199995 45.980019
v -5.982244 16.199993 45.376945
v -7.562044 16.199993 44.640274
v -8.989919 16.199991 43.640465
v -11.222297 16.199991 40.980019
v -11.958969 16.199989 39.400223
v 6.098208 19.700001 40.980019
v 2.437955 19.699999 44.640274
v -4.298527 19.699995 45.828094
v -5.982247 19.699993 45.376945
v -10.222489 19.699991 42.407898
v -11.222299 19.699991 40.980019
v -12.410123 19.699989 37.716499
v 7.437956 16.200003 35.980019
v 2.437958 16.199999 44.640274
v 0.858158 16.199997 45.376945
v -4.298524 16.199995 45.828094
v -10.222487 16.199991 42.407898
v -12.410121 16.199989 37.716499
v -12.410121 16.199989 34.243538
v -11.958969 16.199991 32.559822
v -11.222297 16.199991 30.980021
v -10.222487 16.199991 29.552149
v -8.989919 16.199993 28.319574
v -7.562044 16.199993 27.319765
v -5.982244 16.199995 26.583094
v -4.298524 16.199995 26.131945
v -2.562042 16.199997 25.980021
v 0.858158 16.199999 26.583094
v 2.437958 16.200001 27.319765
v 3.865834 16.200001 28.319574
v 5.098402 16.200003 29.552149
v 7.286035 16.200003 34.243538
v -4.062044 16.199995 42.980019
v -3.971581 16.199995 42.466988
v -3.861082 16.199995 42.230019
v -3.711109 16.199995 42.015839
v -3.312042 16.199995 41.680984
v -2.822515 16.199995 41.502808
v -2.301570 16.199997 41.502808
v -1.597862 16.199997 41.830956
v -1.062044 16.199997 42.980019
v -1.152505 16.199997 43.493050
v -1.263005 16.199997 43.730019
v -1.412977 16.199997 43.944199
v -1.812044 16.199997 44.279060
v -3.075073 16.199995 44.389557
v -10.861081 16.199991 35.230019
v -10.711110 16.199991 35.015839
v -10.075073 16.199991 34.570480
v -9.301571 16.199991 34.502808
v -8.812043 16.199993 34.680984
v -8.263005 16.199993 35.230019
v -8.263005 16.199993 36.730019
v -8.597861 16.199993 37.129089
v -9.049013 16.199991 37.389557
v -9.562043 16.199991 37.480019
v -11.039254 16.199991 36.240494
v -4.062044 16.199995 28.980021
v -3.971581 16.199997 28.466990
v -3.861082 16.199997 28.230021
v -2.562042 16.199997 27.480021
v -2.049012 16.199997 27.570482
v -1.812044 16.199997 27.680986
v -1.597862 16.199997 27.830957
v -1.084832 16.199997 29.240496
v -1.263005 16.199997 29.730021
v -1.597862 16.199997 30.129091
v -2.822515 16.199997 30.457232
v -3.312042 16.199997 30.279062
v -3.526224 16.199997 30.129091
v 2.960746 16.200001 35.719551
v 3.028419 16.200001 35.466988
v 3.138918 16.200001 35.230019
v 3.288891 16.200001 35.015839
v 3.473776 16.200001 34.830956
v 3.687958 16.200001 34.680984
v 3.924927 16.200001 34.570480
v 4.177485 16.200001 34.502808
v 4.437956 16.200001 34.480019
v 4.950987 16.200001 34.570480
v 5.847497 16.200003 35.466988
v 5.402139 16.200001 37.129089
v 5.187956 16.200001 37.279060
v 4.698430 16.200001 37.457230
v 4.437956 16.200001 37.480019
v 3.924927 16.200001 37.389557
v 3.687958 16.200001 37.279060
v 3.473776 16.200001 37.129089
v 3.028419 16.200001 36.493050
v 2.960746 16.200001 36.240494
v 1.937956 16.199999 35.980019
v 1.869591 16.199999 36.761436
v 0.885156 16.199999 38.872566
v -4.101133 16.199995 40.208641
v -6.790659 16.199993 37.519112
v -7.062044 16.199993 35.980019
v -6.459157 16.199993 33.730019
v -6.009243 16.199995 33.087479
v -0.312044 16.199999 32.082909
v 0.330501 16.199999 32.532822
v 0.885156 16.199999 33.087479
v -12.410123 19.699989 34.243538
v -11.958971 19.699991 32.559822
v -11.222299 19.699991 30.980021
v -8.989921 19.699993 28.319574
v -2.562045 19.699997 25.980021
v 2.437955 19.700001 27.319765
v 5.098399 19.700003 29.552149
v 7.286032 19.700003 34.243538
v 7.286032 19.700003 37.716499
v 6.834881 19.700003 39.400223
v 5.098399 19.700001 42.407898
v 3.865831 19.700001 43.640465
v 0.858156 19.699997 45.376945
v -0.825564 19.699997 45.828094
v -2.562045 19.699995 45.980019
v -7.562046 19.699993 44.640274
v -8.989921 19.699991 43.640465
v -11.958971 19.699989 39.400223
v -1.152507 19.699997 43.493050
v -1.263007 19.699997 43.730019
v -1.412979 19.699997 43.944199
v -1.597864 19.699997 44.129089
v -1.812046 19.699997 44.279060
v -2.822518 19.699995 44.457230
v -3.075076 19.699995 44.389557
v -3.312045 19.699995 44.279060
v -3.526227 19.699995 44.129089
v -3.711112 19.699995 43.944199
v -4.062046 19.699995 42.980019
v -4.039257 19.699995 42.719551
v -3.971584 19.699995 42.466988
v -3.861084 19.699995 42.230019
v -2.822518 19.699995 41.502808
v -2.301573 19.699997 41.502808
v -8.263007 19.699993 36.730019
v -8.597863 19.699993 37.129089
v -9.049015 19.699991 37.389557
v -10.075075 19.699991 37.389557
v -10.711112 19.699991 36.944199
v -10.971584 19.699991 36.493050
v -11.039256 19.699991 36.240494
v -11.062045 19.699991 35.980019
v -11.039256 19.699991 35.719551
v -10.526226 19.699991 34.830956
v -10.075075 19.699991 34.570480
v -9.822517 19.699991 34.502808
v -9.562045 19.699991 34.480019
v -9.301573 19.699991 34.502808
v -8.263007 19.699993 35.230019
v -8.152505 19.699993 35.466988
v -8.084833 19.699993 35.719551
v -1.084834 19.699997 29.240496
v -1.152507 19.699997 29.493052
v -1.412979 19.699997 29.944201
v -1.812046 19.699997 30.279062
v -2.049015 19.699997 30.389559
v -2.301573 19.699997 30.457232
v -3.312045 19.699997 30.279062
v -3.526227 19.699997 30.129091
v -3.711112 19.699997 29.944201
v -3.971584 19.699997 28.466990
v -3.861084 19.699997 28.230021
v -3.711112 19.699997 28.015841
v -3.312045 19.699997 27.680986
v -3.075076 19.699997 27.570482
v -2.822518 19.699997 27.502810
v -2.562045 19.699997 27.480021
v -2.301573 19.699997 27.502810
v -2.049015 19.699997 27.570482
v -1.812046 19.699997 27.680986
v -1.597864 19.699997 27.830957
v -1.412979 19.699997 28.015841
v 5.736993 19.700003 36.730019
v 5.402136 19.700001 37.129089
v 5.187954 19.700001 37.279060
v 4.698427 19.700001 37.457230
v 3.924924 19.700001 37.389557
v 3.138916 19.700001 36.730019
v 3.028416 19.700001 36.493050
v 2.960743 19.700001 36.240494
v 2.937955 19.700001 35.980019
v 2.960743 19.700001 35.719551
v 3.028416 19.700001 35.466988
v 3.473773 19.700001 34.830956
v 3.687955 19.700001 34.680984
v 4.437954 19.700001 34.480019
v 4.950985 19.700001 34.570480
v 5.187954 19.700001 34.680984
v 5.587021 19.700003 35.015839
v -1.062046 19.699997 35.980019
v -1.084834 19.699997 36.240494
v -1.152507 19.699997 36.493050
v -1.412979 19.699997 36.944199
v -1.597864 19.699997 37.129089
v -1.812046 19.699997 37.279060
v -2.301573 19.699997 37.457230
v -2.562045 19.699997 37.480019
v -3.711112 19.699995 36.944199
v -3.971584 19.699995 36.493050
v -4.062046 19.699995 35.980019
v -4.039257 19.699995 35.719551
v -3.861084 19.699995 35.230019
v -3.711112 19.699995 35.015839
v -3.526227 19.699995 34.830956
v -3.312045 19.699995 34.680984
v -3.075076 19.699997 34.570480
v -2.301573 19.699997 34.502808
v -2.049015 19.699997 34.570480
v -1.812046 19.699997 34.680984
v -1.412979 19.699997 35.015839
v 1.937958 14.319998 35.980019
v 1.666575 14.319998 37.519112
v 0.330503 14.319997 39.427223
v -1.022951 14.319996 40.208641
v -1.780625 14.319996 40.411652
v -2.562041 14.319995 40.480019
v -3.343458 14.319995 40.411652
v -4.812043 14.319994 39.877136
v -5.454587 14.319993 39.427223
v -6.009243 14.319993 38.872566
v -6.993678 14.319992 36.761436
v 1.666573 16.199999 37.519112
v 1.335071 16.199999 38.230019
v 0.330501 16.199999 39.427223
v -0.312044 16.199997 39.877136
v -1.022953 16.199997 40.208641
v -1.780627 16.199997 40.411652
v -2.562042 16.199997 40.480019
v -3.343460 16.199995 40.411652
v -4.812044 16.199995 39.877136
v -5.454587 16.199995 39.427223
v -6.009243 16.199993 38.872566
v -6.459157 16.199993 38.230019
v -6.993679 16.199993 36.761436
v 1.869593 14.319998 36.761436
v 1.335073 14.319998 38.230019
v 0.885158 14.319998 38.872566
v -0.312042 14.319997 39.877136
v -4.101132 14.319994 40.208641
v -6.459157 14.319993 38.230019
v -6.790658 14.319992 37.519112
v -7.062043 14.319992 35.980019
v -6.993678 14.319992 35.198601
v -6.459157 14.319993 33.730019
v -6.009243 14.319993 33.087479
v -5.454587 14.319994 32.532822
v -4.101132 14.319995 31.751406
v -1.780625 14.319996 31.548388
v -1.022951 14.319997 31.751406
v -0.312042 14.319997 32.082909
v 1.335073 14.319998 33.730019
v 1.666575 14.319998 34.440933
v 1.869593 14.319998 35.198601
v -3.711108 14.319995 35.015839
v -3.526223 14.319995 34.830956
v -3.075072 14.319995 34.570480
v -2.822514 14.319995 34.502808
v -2.562041 14.319996 34.480019
v -2.049011 14.319996 34.570480
v -1.812042 14.319996 34.680984
v -1.597860 14.319996 34.830956
v -1.412975 14.319996 35.015839
v -1.263003 14.319996 35.230019
v -1.152503 14.319996 35.466988
v -1.084830 14.319996 36.240494
v -1.263003 14.319996 36.730019
v -2.049011 14.319996 37.389557
v -2.822514 14.319995 37.457230
v -3.075072 14.319995 37.389557
v -3.711108 14.319995 36.944199
v -4.039254 14.319994 36.240494
v -4.039254 14.319994 35.719551
v -3.971580 14.319994 35.466988
v -3.861080 14.319995 35.230019
v -3.312041 14.319995 34.680984
v -2.301569 14.319996 34.502808
v -1.084830 14.319996 35.719551
v -3.971584 19.699995 35.466988
v -2.822518 19.699997 34.502808
v -2.562045 19.699997 34.480019
v -1.597864 19.699997 34.830956
v -1.263007 19.699997 35.230019
v -1.152507 19.699997 35.466988
v -1.084834 19.699997 35.719551
v 2.937958 16.200001 35.980019
v 4.698430 16.200001 34.502808
v 5.187956 16.200001 34.680984
v 5.402139 16.200001 34.830956
v 5.587024 16.200003 35.015839
v 5.736996 16.200003 35.230019
v 5.915168 16.200003 35.719551
v 3.138916 19.700001 35.230019
v 3.288888 19.700001 35.015839
v 3.924924 19.700001 34.570480
v 4.177482 19.700001 34.502808
v 4.698427 19.700001 34.502808
v 5.402136 19.700001 34.830956
v 5.736993 19.700003 35.230019
v 5.847494 19.700003 35.466988
v 5.915166 19.700003 35.719551
v 5.937954 19.700003 35.980019
v -4.039255 16.199995 28.719553
v -3.711109 16.199997 28.015841
v -3.526224 16.199997 27.830957
v -3.312042 16.199997 27.680986
v -3.075073 16.199997 27.570482
v -2.822515 16.199997 27.502810
v -2.301570 16.199997 27.502810
v -1.412977 16.199997 28.015841
v -1.263005 16.199997 28.230021
v -1.152505 16.199997 28.466990
v -1.084832 16.199997 28.719553
v -4.062046 19.699995 28.980021
v -4.039257 19.699995 28.719553
v -3.526227 19.699997 27.830957
v -1.263007 19.699997 28.230021
v -1.152507 19.699997 28.466990
v -1.084834 19.699997 28.719553
v -11.062043 16.199991 35.980019
v -11.039254 16.199991 35.719551
v -10.971582 16.199991 35.466988
v -10.526224 16.199991 34.830956
v -10.312043 16.199991 34.680984
v -9.822515 16.199991 34.502808
v -9.562043 16.199991 34.480019
v -9.049013 16.199993 34.570480
v -8.597861 16.199993 34.830956
v -8.412976 16.199993 35.015839
v -8.152503 16.199993 35.466988
v -8.084831 16.199993 35.719551
v -8.062043 16.199993 35.980019
v -10.971584 19.699991 35.466988
v -10.861083 19.699991 35.230019
v -10.711112 19.699991 35.015839
v -10.312045 19.699991 34.680984
v -9.049015 19.699993 34.570480
v -8.812045 19.699993 34.680984
v -8.597863 19.699993 34.830956
v -8.412978 19.699993 35.015839
v -4.039255 16.199995 42.719551
v -3.526224 16.199995 41.830956
v -3.075073 16.199995 41.570480
v -2.562042 16.199995 41.480019
v -2.049012 16.199997 41.570480
v -1.812044 16.199997 41.680984
v -1.412977 16.199997 42.015839
v -1.263005 16.199997 42.230019
v -1.152505 16.199997 42.466988
v -1.084832 16.199997 42.719551
v -3.711112 19.699995 42.015839
v -3.526227 19.699995 41.830956
v -3.312045 19.699995 41.680984
v -3.075076 19.699995 41.570480
v -2.562045 19.699995 41.480019
v -2.049015 19.699997 41.570480
v -1.812046 19.699997 41.680984
v -1.597864 19.699997 41.830956
v -1.412979 19.699997 42.015839
v -1.263007 19.699997 42.230019
v -1.152507 19.699997 42.466988
v -1.084834 19.699997 42.719551
v -1.062046 19.699997 42.980019
vn -0.9848 -0.0000 -0.1736
vn -1.0000 -0.0000 -0.0000
vn -0.9397 -0.0000 -0.3420
vn -0.8660 -0.0000 -0.5000
vn -0.7660 -0.0000 -0.6428
vn -0.6428 -0.0000 -0.7660
vn -0.5000 -0.0000 -0.8660
vn -0.3420 -0.0000 -0.9397
vn -0.1736 -0.0000 -0.9848
vn -0.0000 -0.0000 -1.0000
vn 0.1736 -0.0000 -0.9848
vn 0.3420 -0.0000 -0.9397
vn 0.5000 -0.0000 -0.8660
vn 0.6428 -0.0000 -0.7660
vn 0.7660 -0.0000 -0.6428
vn 0.8660 -0.0000 -0.5000
vn 0.9397 -0.0000 -0.3420
vn 0.9848 -0.0000 -0.1737
vn 1.0000 -0.0000 -0.0000
vn 0.1737 -0.0000 -0.9848
vn 0.9848 -0.0000 -0.1736
vn -0.1737 -0.0000 -0.9848
vn -0.9848 -0.0000 -0.1737
vn -0.9848 -0.0000 0.1736
vn -0.9397 -0.0000 0.3420
vn -0.8660 -0.0000 0.5000
vn -0.7660 -0.0000 0.6428
vn -0.6428 -0.0000 0.7660
vn -0.5000 -0.0000 0.8660
vn -0.3420 -0.0000 0.9397
vn -0.1736 -0.0000 0.9848
vn -0.0000 -0.0000 1.0000
vn 0.1736 -0.0000 0.9848
vn 0.3420 -0.0000 0.9397
vn 0.5000 -0.0000 0.8660
vn 0.6428 -0.0000 0.7660
vn 0.7660 -0.0000 0.6428
vn 0.8660 -0.0000 0.5000
vn 0.9397 -0.0000 0.3420
vn 0.9848 -0.0000 0.1736
vn -0.0000 -1.0000 -0.0000
vn -0.0000 1.0000 -0.0000
vn -0.9848 -0.0000 0.1737
vn 0.1737 -0.0000 0.9848
vt 3.316126 3.500000
vt 3.141593 0.000000
vt 3.141593 3.500000
vt 3.316126 0.000000
vt 3.490659 3.500000
vt 3.490659 0.000000
vt 3.665191 3.500000
vt 3.665191 0.000000
vt 3.839724 3.500000
vt 3.839724 0.000000
vt 4.014257 0.000000
vt 4.014257 3.500000
vt 4.188790 0.000000
vt 4.188790 3.500000
vt 4.363323 0.000000
vt 4.363323 3.500000
vt 4.537856 3.500000
vt 4.537856 0.000000
vt 4.712389 0.000000
vt 4.712389 3.500000
vt 4.886922 3.500000
vt 4.886922 0.000000
vt 5.061455 3.500000
vt 5.061455 0.000000
vt 5.235988 0.000000
vt 5.235988 3.500000
vt 5.410521 3.500000
vt 5.410521 0.000000
vt 5.585053 3.500000
vt 5.585053 0.000000
vt 5.759586 3.500000
vt 5.759586 0.000000
vt 5.934119 3.500000
vt 5.934119 0.000000
vt 6.108653 0.000000
vt 6.108653 3.500000
vt 6.283185 3.500000
vt 6.283185 0.000000
vt 3.316126 5.380000
vt 3.141593 5.380000
vt 3.490659 5.380000
vt 3.665191 5.380000
vt 3.839724 5.380000
vt 4.014257 5.380000
vt 4.188790 5.380000
vt 4.363323 5.380000
vt 4.537856 5.380000
vt 4.712389 5.380000
vt 4.886922 5.380000
vt 5.061455 5.380000
vt 5.235988 5.380000
vt 5.410521 5.380000
vt 5.585053 5.380000
vt 5.759586 5.380000
vt 5.934119 5.380000
vt 6.108653 5.380000
vt 6.283185 5.380000
vt 0.174533 1.880000
vt 0.000000 0.000000
vt 0.174533 0.000000
vt 0.000000 1.880000
vt 0.349066 1.880000
vt 0.349066 0.000000
vt 0.523599 1.880000
vt 0.523599 0.000000
vt 0.698132 1.880000
vt 0.698132 0.000000
vt 0.872665 0.000000
vt 0.872665 1.880000
vt 1.047198 1.880000
vt 1.047198 0.000000
vt 1.221730 1.880000
vt 1.221730 0.000000
vt 1.396263 1.880000
vt 1.396263 0.000000
vt 1.570796 1.880000
vt 1.570796 0.000000
vt 1.745329 1.880000
vt 1.745329 0.000000
vt 1.919862 1.880000
vt 1.919862 0.000000
vt 2.094395 1.880000
vt 2.094395 0.000000
vt 2.268928 0.000000
vt 2.268928 1.880000
vt 2.443461 1.880000
vt 2.443461 0.000000
vt 2.617994 1.880000
vt 2.617994 0.000000
vt 2.792527 1.880000
vt 2.792527 0.000000
vt 2.967060 1.880000
vt 2.967060 0.000000
vt 3.141593 1.880000
vt 0.174533 3.500000
vt 0.000000 3.500000
vt 0.349066 3.500000
vt 0.523599 3.500000
vt 0.698132 3.500000
vt 0.872665 3.500000
vt 1.047198 3.500000
vt 1.221730 3.500000
vt 1.396263 3.500000
vt 1.570796 3.500000
vt 1.745329 3.500000
vt 1.919862 3.500000
vt 2.094395 3.500000
vt 2.268928 3.500000
vt 2.443461 3.500000
vt 2.617994 3.500000
vt 2.792527 3.500000
vt 2.967060 3.500000
vt -1.149067 -7.964181
vt -3.420202 -9.396926
vt -1.736482 -9.848078
vt -0.964181 -8.149067
vt -7.964181 -1.149067
vt -9.848078 -1.736482
vt -9.396926 -3.420202
vt -8.149067 -0.964181
vt -0.750000 -8.299038
vt -1.299038 -7.750000
vt -7.750000 -1.299038
vt -8.299038 -0.750000
vt -0.513030 -8.409539
vt -0.000000 -10.000000
vt -1.409539 -7.513030
vt -7.513030 -1.409539
vt -8.409539 -0.513030
vt -10.000000 0.000000
vt -0.260472 -8.477212
vt -1.477212 -7.260472
vt -5.000000 -8.660254
vt -7.260472 -1.477212
vt -8.660254 -5.000000
vt -8.477212 -0.260472
vt -0.000000 -8.500000
vt -1.500000 -7.000000
vt -7.000000 -1.500000
vt -8.500000 0.000000
vt 0.260472 -8.477212
vt -1.477212 -6.739528
vt -6.427876 -7.660444
vt -6.739528 -1.477212
vt -7.660444 -6.427876
vt -8.477212 0.260472
vt 0.513030 -8.409539
vt 1.736482 -9.848078
vt -8.409539 0.513030
vt -9.848078 1.736482
vt 0.750000 -8.299038
vt -8.299038 0.750000
vt 0.964181 -8.149067
vt -8.149067 0.964181
vt 1.149067 -7.964181
vt -7.964181 1.149067
vt -2.892544 -3.447200
vt -3.447200 -2.892544
vt -2.250000 -3.897114
vt -1.409539 -6.486970
vt -1.299038 -6.250000
vt -3.897114 -2.250000
vt -6.486970 -1.409539
vt -6.250000 -1.299038
vt 3.420202 -9.396926
vt 1.299038 -7.750000
vt 1.409539 -7.513030
vt -9.396926 3.420202
vt -7.750000 1.299038
vt -7.513030 1.409539
vt 1.477212 -7.260472
vt -7.260472 1.477212
vt -1.539091 -4.228617
vt -1.149067 -6.035819
vt -0.964181 -5.850934
vt -4.228617 -1.539091
vt -6.035819 -1.149067
vt -5.850934 -0.964181
vt -0.781417 -4.431635
vt -0.513030 -5.590461
vt -0.260472 -5.522789
vt -0.750000 -5.700962
vt -4.431635 -0.781417
vt -5.700962 -0.750000
vt -5.590461 -0.513030
vt -5.522789 -0.260472
vt -0.000000 -4.500000
vt 0.000000 -5.500000
vt 0.260472 -5.522789
vt -4.500000 0.000000
vt -5.522789 0.260472
vt -5.500000 0.000000
vt 5.000000 -8.660254
vt 1.477212 -6.739528
vt 1.500000 -7.000000
vt -8.660254 5.000000
vt -7.000000 1.500000
vt -6.739528 1.477212
vt 0.781417 -4.431635
vt 0.750000 -5.700962
vt 0.964181 -5.850934
vt 0.513030 -5.590461
vt -4.431635 0.781417
vt -5.590461 0.513030
vt -5.700962 0.750000
vt -5.850934 0.964181
vt 1.539091 -4.228617
vt 1.149067 -6.035819
vt 1.299038 -6.250000
vt -4.228617 1.539091
vt -6.035819 1.149067
vt -6.250000 1.299038
vt 2.250000 -3.897114
vt 1.409539 -6.486970
vt -3.897114 2.250000
vt -6.486970 1.409539
vt 6.427876 -7.660444
vt -7.660444 6.427876
vt 2.892544 -3.447200
vt -3.447200 2.892544
vt -2.892544 3.447200
vt 7.660444 -6.427876
vt 3.447200 -2.892544
vt -6.427876 7.660444
vt 5.850934 -0.964181
vt 4.431635 -0.781417
vt 4.228617 -1.539091
vt 6.035819 -1.149067
vt -0.964181 5.850934
vt -1.539091 4.228617
vt -0.781417 4.431635
vt -1.149067 6.035819
vt 5.700962 -0.750000
vt 6.250000 -1.299038
vt 3.897114 -2.250000
vt -1.299038 6.250000
vt -2.250000 3.897114
vt -0.750000 5.700962
vt 6.486970 -1.409539
vt 5.590461 -0.513030
vt -1.409539 6.486970
vt -0.513030 5.590461
vt 6.739528 -1.477212
vt 8.660254 -5.000000
vt 5.522789 -0.260472
vt 4.500000 -0.000000
vt -0.260472 5.522789
vt 0.000000 4.500000
vt -1.477212 6.739528
vt -5.000000 8.660254
vt 7.000000 -1.500000
vt 5.500000 -0.000000
vt 0.000000 5.500000
vt -1.500000 7.000000
vt 7.260472 -1.477212
vt 5.522789 0.260472
vt 4.431635 0.781417
vt 0.260472 5.522789
vt 0.781417 4.431635
vt -1.477212 7.260472
vt 9.396926 -3.420202
vt -3.420202 9.396926
vt 7.513030 -1.409539
vt 5.590461 0.513030
vt 0.513030 5.590461
vt -1.409539 7.513030
vt 7.750000 -1.299038
vt 5.700962 0.750000
vt 0.750000 5.700962
vt -1.299038 7.750000
vt 7.964181 -1.149067
vt 5.850934 0.964181
vt 4.228617 1.539091
vt 0.964181 5.850934
vt 1.539091 4.228617
vt -1.149067 7.964181
vt 6.035819 1.149067
vt 1.149067 6.035819
vt 6.250000 1.299038
vt 3.897114 2.250000
vt 1.299038 6.250000
vt 2.250000 3.897114
vt 6.486970 1.409539
vt 1.409539 6.486970
vt 9.848078 -1.736482
vt 8.149067 -0.964181
vt 8.299038 -0.750000
vt 8.409539 -0.513030
vt -1.736482 9.848078
vt -0.750000 8.299038
vt -0.513030 8.409539
vt -0.964181 8.149067
vt 6.739528 1.477212
vt 3.447200 2.892544
vt 1.477212 6.739528
vt 2.892544 3.447200
vt 10.000000 -0.000000
vt 8.477212 -0.260472
vt 8.500000 -0.000000
vt 8.477212 0.260472
vt 8.409539 0.513030
vt 0.000000 10.000000
vt 0.260472 8.477212
vt 0.513030 8.409539
vt 0.000000 8.500000
vt -0.260472 8.477212
vt 9.848078 1.736482
vt 8.299038 0.750000
vt 8.149067 0.964181
vt 7.964181 1.149067
vt 1.736482 9.848078
vt 0.964181 8.149067
vt 1.149067 7.964181
vt 0.750000 8.299038
vt 9.396926 3.420202
vt 7.750000 1.299038
vt 7.513030 1.409539
vt 7.260472 1.477212
vt 3.420202 9.396926
vt 1.409539 7.513030
vt 1.477212 7.260472
vt 1.299038 7.750000
vt 5.000000 8.660254
vt 1.500000 7.000000
vt 8.660254 5.000000
vt 7.000000 1.500000
vt 7.660444 6.427876
vt 6.427876 7.660444
vt -1.149067 -0.964181
vt -0.964181 -1.149067
vt -0.750000 -1.299038
vt -1.299038 -0.750000
vt -1.409539 -0.513030
vt -0.513030 -1.409539
vt -0.260472 -1.477212
vt -1.477212 -0.260472
vt -0.000000 -1.500000
vt -1.500000 0.000000
vt 0.260472 -1.477212
vt -1.477212 0.260472
vt 0.513030 -1.409539
vt -1.409539 0.513030
vt 0.750000 -1.299038
vt -1.299038 0.750000
vt 0.964181 -1.149067
vt -1.149067 0.964181
vt 1.149067 -0.964181
vt -0.964181 1.149067
vt 1.299038 -0.750000
vt -0.750000 1.299038
vt 1.409539 -0.513030
vt -0.513030 1.409539
vt 1.477212 -0.260472
vt 0.000000 1.500000
vt -0.260472 1.477212
vt 1.500000 0.000000
vt 1.477212 0.260472
vt 0.260472 1.477212
vt 1.409539 0.513030
vt 0.750000 1.299038
vt 0.513030 1.409539
vt 1.299038 0.750000
vt 1.149067 0.964181
vt 0.964181 1.149067
vt 3.316126 1.880000
vt 3.490659 1.880000
vt 3.665191 1.880000
vt 3.839724 1.880000
vt 4.014257 1.880000
vt 4.188790 1.880000
vt 4.363323 1.880000
vt 4.537856 1.880000
vt 4.712389 1.880000
vt 4.886922 1.880000
vt 5.061455 1.880000
vt 5.235988 1.880000
vt 5.410521 1.880000
vt 5.585053 1.880000
vt 5.759586 1.880000
vt 5.934119 1.880000
vt 6.108653 1.880000
vt 6.283185 1.880000
vt 0.174533 5.380000
vt 0.000000 5.380000
vt 0.349066 5.380000
vt 0.523599 5.380000
vt 0.698132 5.380000
vt 0.872665 5.380000
vt 1.047198 5.380000
vt 1.221730 5.380000
vt 1.396263 5.380000
vt 1.570796 5.380000
vt 1.745329 5.380000
vt 1.919862 5.380000
vt 2.094395 5.380000
vt 2.268928 5.380000
vt 2.443461 5.380000
vt 2.617994 5.380000
vt 2.792527 5.380000
vt 2.967060 5.380000
s 1
usemtl mat_5.001
f 3898/4073/2000 4401/4074/2001 4079/4075/2001
f 3898/4073/2000 3910/4076/2000 4401/4074/2001
f 4080/4077/2002 4158/4078/2002 3910/4076/2000
f 4080/4077/2002 3910/4076/2000 3898/4073/2000
f 4081/4079/2003 4159/4080/2003 4158/4078/2002
f 4081/4079/2003 4158/4078/2002 4080/4077/2002
f 4082/4081/2004 4160/4082/2004 4159/4080/2003
f 4082/4081/2004 4161/4083/2005 4160/4082/2004
f 4082/4081/2004 4159/4080/2003 4081/4079/2003
f 3899/4084/2005 4162/4085/2006 4161/4083/2005
f 3899/4084/2005 4161/4083/2005 4082/4081/2004
f 4083/4086/2006 3911/4087/2007 4162/4085/2006
f 4083/4086/2006 4162/4085/2006 3899/4084/2005
f 3900/4088/2007 3911/4087/2007 4083/4086/2006
f 3901/4089/2008 3912/4090/2008 3911/4087/2007
f 3901/4089/2008 3913/4091/2009 3912/4090/2008
f 3901/4089/2008 3911/4087/2007 3900/4088/2007
f 3902/4092/2009 3913/4091/2009 3901/4089/2008
f 3903/4093/2010 4163/4094/2010 3913/4091/2009
f 3903/4093/2010 3913/4091/2009 3902/4092/2009
f 4084/4095/2011 4164/4096/2011 4163/4094/2010
f 4084/4095/2011 4165/4097/2012 4164/4096/2011
f 4084/4095/2011 4163/4094/2010 3903/4093/2010
f 3904/4098/2012 4165/4097/2012 4084/4095/2011
f 3905/4099/2013 4166/4100/2013 4165/4097/2012
f 3905/4099/2013 4165/4097/2012 3904/4098/2012
f 3906/4101/2014 4167/4102/2014 4166/4100/2013
f 3906/4101/2014 4166/4100/2013 3905/4099/2013
f 3907/4103/2015 4167/4102/2014 3906/4101/2014
f 3907/4103/2015 3914/4104/2015 4167/4102/2014
f 3908/4105/2016 3914/4104/2015 3907/4103/2015
f 3908/4105/2016 3915/4106/2016 3914/4104/2015
f 3908/4105/2016 3916/4107/2017 3915/4106/2016
f 3909/4108/2017 3916/4107/2017 3908/4105/2016
f 4071/4109/2018 3916/4107/2017 3909/4108/2017
f 4071/4109/2018 4168/4110/2018 3916/4107/2017
f 3917/4073/2000 3929/4074/2001 4370/4075/2001
f 3917/4073/2000 3930/4076/2000 3929/4074/2001
f 3918/4077/2002 3931/4078/2002 3930/4076/2000
f 3918/4077/2002 3930/4076/2000 3917/4073/2000
f 4091/4079/2003 4174/4080/2003 3931/4078/2002
f 4091/4079/2003 3931/4078/2002 3918/4077/2002
f 3919/4081/2004 3932/4082/2004 4174/4080/2003
f 3919/4081/2004 4175/4083/2005 3932/4082/2004
f 3919/4081/2004 4174/4080/2003 4091/4079/2003
f 4092/4084/2005 3933/4085/2006 4175/4083/2005
f 4092/4084/2005 4175/4083/2005 3919/4081/2004
f 3920/4086/2006 4176/4087/2007 3933/4085/2006
f 3920/4086/2006 3933/4085/2006 4092/4084/2005
f 4093/4088/2007 4176/4087/2007 3920/4086/2006
f 3921/4089/2008 3934/4090/2008 4176/4087/2007
f 3921/4089/2008 3935/4091/2009 3934/4090/2008
f 3921/4089/2008 4176/4087/2007 4093/4088/2007
f 4094/4092/2009 3935/4091/2009 3921/4089/2008
f 3922/4093/2010 3936/4094/2019 3935/4091/2009
f 3922/4093/2010 3935/4091/2009 4094/4092/2009
f 3923/4095/2011 4177/4096/2011 3936/4094/2019
f 3923/4095/2011 3937/4097/2012 4177/4096/2011
f 3923/4095/2011 3936/4094/2019 3922/4093/2010
f 3924/4098/2012 3937/4097/2012 3923/4095/2011
f 3925/4099/2013 3938/4100/2013 3937/4097/2012
f 3925/4099/2013 3937/4097/2012 3924/4098/2012
f 3926/4101/2014 4178/4102/2014 3938/4100/2013
f 3926/4101/2014 3938/4100/2013 3925/4099/2013
f 3927/4103/2015 4178/4102/2014 3926/4101/2014
f 3927/4103/2015 3939/4104/2015 4178/4102/2014
f 3928/4105/2016 3939/4104/2015 3927/4103/2015
f 3928/4105/2016 4179/4106/2016 3939/4104/2015
f 3928/4105/2016 4180/4107/2020 4179/4106/2016
f 4095/4108/2017 4180/4107/2020 3928/4105/2016
f 4358/4109/2018 4180/4107/2020 4095/4108/2017
f 4358/4109/2018 4181/4110/2018 4180/4107/2020
f 4103/4073/2000 3952/4074/2001 3940/4075/2001
f 4103/4073/2000 4191/4076/2000 3952/4074/2001
f 3941/4077/2002 4192/4078/2002 4191/4076/2000
f 3941/4077/2002 4191/4076/2000 4103/4073/2000
f 4104/4079/2003 3953/4080/2003 4192/4078/2002
f 4104/4079/2003 4192/4078/2002 3941/4077/2002
f 3942/4081/2004 4193/4082/2004 3953/4080/2003
f 3942/4081/2004 3954/4083/2005 4193/4082/2004
f 3942/4081/2004 3953/4080/2003 4104/4079/2003
f 4105/4084/2005 4194/4085/2006 3954/4083/2005
f 4105/4084/2005 3954/4083/2005 3942/4081/2004
f 3943/4086/2006 4195/4087/2007 4194/4085/2006
f 3943/4086/2006 4194/4085/2006 4105/4084/2005
f 3944/4088/2007 4195/4087/2007 3943/4086/2006
f 3945/4089/2008 4196/4090/2008 4195/4087/2007
f 3945/4089/2008 3955/4091/2009 4196/4090/2008
f 3945/4089/2008 4195/4087/2007 3944/4088/2007
f 3946/4092/2009 3955/4091/2009 3945/4089/2008
f 4106/4093/2010 3956/4094/2010 3955/4091/2009
f 4106/4093/2010 3955/4091/2009 3946/4092/2009
f 3947/4095/2011 3957/4096/2011 3956/4094/2010
f 3947/4095/2011 4197/4097/2012 3957/4096/2011
f 3947/4095/2011 3956/4094/2010 4106/4093/2010
f 4107/4098/2012 4197/4097/2012 3947/4095/2011
f 4108/4099/2013 4198/4100/2013 4197/4097/2012
f 4108/4099/2013 4197/4097/2012 4107/4098/2012
f 3948/4101/2014 4199/4102/2014 4198/4100/2013
f 3948/4101/2014 4198/4100/2013 4108/4099/2013
f 3949/4103/2015 4199/4102/2014 3948/4101/2014
f 3949/4103/2015 3958/4104/2015 4199/4102/2014
f 3950/4105/2016 3958/4104/2015 3949/4103/2015
f 3950/4105/2016 3959/4106/2016 3958/4104/2015
f 3950/4105/2016 3960/4107/2017 3959/4106/2016
f 3951/4108/2017 3960/4107/2017 3950/4105/2016
f 4096/4109/2018 3960/4107/2017 3951/4108/2017
f 4096/4109/2018 4352/4110/2018 3960/4107/2017
f 3962/4073/2000 4340/4074/2001 3961/4075/2001
f 3962/4073/2000 3970/4076/2000 4340/4074/2001
f 3963/4077/2002 3971/4078/2002 3970/4076/2000
f 3963/4077/2002 3970/4076/2000 3962/4073/2000
f 3964/4079/2003 4212/4080/2003 3971/4078/2002
f 3964/4079/2003 3971/4078/2002 3963/4077/2002
f 3965/4081/2004 3972/4082/2004 4212/4080/2003
f 3965/4081/2004 4213/4083/2005 3972/4082/2004
f 3965/4081/2004 4212/4080/2003 3964/4079/2003
f 4120/4084/2005 4214/4085/2006 4213/4083/2005
f 4120/4084/2005 4213/4083/2005 3965/4081/2004
f 4121/4086/2006 3973/4087/2007 4214/4085/2006
f 4121/4086/2006 4214/4085/2006 4120/4084/2005
f 3966/4088/2007 3973/4087/2007 4121/4086/2006
f 4122/4089/2008 4215/4090/2008 3973/4087/2007
f 4122/4089/2008 3974/4091/2009 4215/4090/2008
f 4122/4089/2008 3973/4087/2007 3966/4088/2007
f 4123/4092/2009 3974/4091/2009 4122/4089/2008
f 3967/4093/2010 3975/4094/2019 3974/4091/2009
f 3967/4093/2010 3974/4091/2009 4123/4092/2009
f 4124/4095/2011 4216/4096/2011 3975/4094/2019
f 4124/4095/2011 3976/4097/2012 4216/4096/2011
f 4124/4095/2011 3975/4094/2019 3967/4093/2010
f 4125/4098/2012 3976/4097/2012 4124/4095/2011
f 4126/4099/2013 3977/4100/2013 3976/4097/2012
f 4126/4099/2013 3976/4097/2012 4125/4098/2012
f 3968/4101/2014 3978/4102/2014 3977/4100/2013
f 3968/4101/2014 3977/4100/2013 4126/4099/2013
f 3969/4103/2015 3978/4102/2014 3968/4101/2014
f 3969/4103/2015 4217/4104/2015 3978/4102/2014
f 4127/4105/2016 4217/4104/2015 3969/4103/2015
f 4127/4105/2016 4218/4106/2016 4217/4104/2015
f 4127/4105/2016 4219/4107/2020 4218/4106/2016
f 4128/4108/2020 4219/4107/2020 4127/4105/2016
f 4324/4109/2018 4219/4107/2020 4128/4108/2020
f 4324/4109/2018 4220/4110/2018 4219/4107/2020
f 4304/4111/2000 4229/4074/2001 3980/4112/2001
f 4304/4111/2000 4230/4076/2000 4229/4074/2001
f 3981/4113/2002 4231/4078/2002 4230/4076/2000
f 3981/4113/2002 4230/4076/2000 4304/4111/2000
f 4305/4114/2003 3991/4080/2003 4231/4078/2002
f 4305/4114/2003 4232/4082/2004 3991/4080/2003
f 4305/4114/2003 4231/4078/2002 3981/4113/2002
f 3982/4115/2004 4232/4082/2004 4305/4114/2003
f 3983/4116/2005 4233/4083/2005 4232/4082/2004
f 3983/4116/2005 4232/4082/2004 3982/4115/2004
f 3984/4117/2006 4234/4085/2006 4233/4083/2005
f 3984/4117/2006 4233/4083/2005 3983/4116/2005
f 4306/4118/2007 3992/4087/2007 4234/4085/2006
f 4306/4118/2007 4235/4090/2008 3992/4087/2007
f 4306/4118/2007 4234/4085/2006 3984/4117/2006
f 3985/4119/2008 4235/4090/2008 4306/4118/2007
f 3986/4120/2009 4236/4091/2009 4235/4090/2008
f 3986/4120/2009 4235/4090/2008 3985/4119/2008
f 4307/4121/2010 3993/4094/2010 4236/4091/2009
f 4307/4121/2010 4236/4091/2009 3986/4120/2009
f 4308/4122/2011 3994/4096/2011 3993/4094/2010
f 4308/4122/2011 3993/4094/2010 4307/4121/2010
f 3987/4123/2012 3995/4097/2012 3994/4096/2011
f 3987/4123/2012 3994/4096/2011 4308/4122/2011
f 3988/4124/2013 3996/4100/2013 3995/4097/2012
f 3988/4124/2013 3995/4097/2012 3987/4123/2012
f 4309/4125/2014 4237/4102/2014 3996/4100/2013
f 4309/4125/2014 3996/4100/2013 3988/4124/2013
f 3989/4126/2015 4237/4102/2014 4309/4125/2014
f 3989/4126/2015 3997/4104/2015 4237/4102/2014
f 3990/4127/2016 3997/4104/2015 3989/4126/2015
f 3990/4127/2016 4238/4106/2016 3997/4104/2015
f 4310/4128/2017 4238/4106/2016 3990/4127/2016
f 4310/4128/2017 3998/4107/2017 4238/4106/2016
f 3979/4129/2018 3998/4107/2017 4310/4128/2017
f 3979/4129/2018 4239/4110/2018 3998/4107/2017
f 4016/4130/2017 4250/4131/2018 4292/4132/2020
f 4016/4130/2017 4129/4133/2018 4250/4131/2018
f 4015/4134/2016 4292/4132/2020 4291/4135/2016
f 4015/4134/2016 4016/4130/2017 4292/4132/2020
f 4014/4136/2015 4291/4135/2016 4290/4137/2015
f 4014/4136/2015 4015/4134/2016 4291/4135/2016
f 4139/4138/2014 4004/4139/2014 4003/4140/2013
f 4139/4138/2014 4290/4137/2015 4004/4139/2014
f 4139/4138/2014 4014/4136/2015 4290/4137/2015
f 4138/4141/2013 4139/4138/2014 4003/4140/2013
f 4137/4142/2012 4003/4140/2013 4289/4143/2012
f 4137/4142/2012 4138/4141/2013 4003/4140/2013
f 4013/4144/2011 4289/4143/2012 4288/4145/2011
f 4013/4144/2011 4137/4142/2012 4289/4143/2012
f 4012/4146/2010 4288/4145/2011 4287/4147/2019
f 4012/4146/2010 4013/4144/2011 4288/4145/2011
f 4011/4148/2009 4287/4147/2019 4002/4149/2009
f 4011/4148/2009 4012/4146/2010 4287/4147/2019
f 4010/4150/2021 4002/4149/2009 4001/4151/2008
f 4010/4150/2021 4011/4148/2009 4002/4149/2009
f 4009/4152/2007 4001/4151/2008 4286/4153/2007
f 4009/4152/2007 4010/4150/2021 4001/4151/2008
f 4008/4154/2006 4000/4155/2006 4285/4156/2005
f 4008/4154/2006 4286/4153/2007 4000/4155/2006
f 4008/4154/2006 4009/4152/2007 4286/4153/2007
f 4007/4157/2005 4008/4154/2006 4285/4156/2005
f 4136/4158/2004 4007/4157/2005 4285/4156/2005
f 4136/4158/2004 4285/4156/2005 4284/4159/2004
f 4135/4160/2003 4284/4159/2004 4283/4161/2003
f 4135/4160/2003 4136/4158/2004 4284/4159/2004
f 4006/4162/2002 4283/4161/2003 3999/4163/2002
f 4006/4162/2002 4135/4160/2003 4283/4161/2003
f 4005/4164/2000 3999/4163/2002 4282/4165/2022
f 4005/4164/2000 4006/4162/2002 3999/4163/2002
f 4134/4166/2001 4282/4165/2022 4281/4074/2001
f 4134/4166/2001 4005/4164/2000 4282/4165/2022
f 4147/4167/2020 4051/4131/2018 4070/4132/2020
f 4147/4167/2020 4029/4168/2018 4051/4131/2018
f 4028/4169/2016 4070/4132/2020 4019/4135/2016
f 4028/4169/2016 4147/4167/2020 4070/4132/2020
f 4027/4170/2015 4019/4135/2016 4018/4137/2015
f 4027/4170/2015 4028/4169/2016 4019/4135/2016
f 4146/4171/2014 4018/4137/2015 4069/4139/2014
f 4146/4171/2014 4027/4170/2015 4018/4137/2015
f 4026/4172/2013 4069/4139/2014 4068/4140/2013
f 4026/4172/2013 4146/4171/2014 4069/4139/2014
f 4145/4173/2012 4067/4143/2012 4066/4145/2011
f 4145/4173/2012 4068/4140/2013 4067/4143/2012
f 4145/4173/2012 4026/4172/2013 4068/4140/2013
f 4025/4174/2011 4145/4173/2012 4066/4145/2011
f 4024/4175/2010 4066/4145/2011 4017/4147/2010
f 4024/4175/2010 4025/4174/2011 4066/4145/2011
f 4144/4176/2009 4017/4147/2010 4065/4149/2009
f 4144/4176/2009 4024/4175/2010 4017/4147/2010
f 4023/4177/2008 4064/4151/2008 4063/4153/2007
f 4023/4177/2008 4065/4149/2009 4064/4151/2008
f 4023/4177/2008 4144/4176/2009 4065/4149/2009
f 4022/4178/2007 4023/4177/2008 4063/4153/2007
f 4021/4179/2006 4063/4153/2007 4062/4155/2006
f 4021/4179/2006 4022/4178/2007 4063/4153/2007
f 4143/4180/2005 4062/4155/2006 4061/4156/2005
f 4143/4180/2005 4021/4179/2006 4062/4155/2006
f 4020/4181/2004 4061/4156/2005 4060/4159/2004
f 4020/4181/2004 4143/4180/2005 4061/4156/2005
f 4142/4182/2003 4060/4159/2004 4059/4161/2003
f 4142/4182/2003 4020/4181/2004 4060/4159/2004
f 4141/4183/2002 4059/4161/2003 4058/4163/2002
f 4141/4183/2002 4142/4182/2003 4059/4161/2003
f 4140/4184/2000 4058/4163/2002 4057/4165/2000
f 4140/4184/2000 4141/4183/2002 4058/4163/2002
f 4031/4075/2001 4057/4165/2000 4030/4074/2001
f 4031/4075/2001 4140/4184/2000 4057/4165/2000
f 4050/4073/2023 4031/4075/2001 4030/4074/2001
f 4050/4073/2023 4030/4074/2001 4056/4076/2023
f 4157/4077/2024 4056/4076/2023 4043/4078/2024
f 4157/4077/2024 4050/4073/2023 4056/4076/2023
f 4049/4079/2025 4043/4078/2024 4042/4080/2025
f 4049/4079/2025 4157/4077/2024 4043/4078/2024
f 4048/4081/2026 4042/4080/2025 4055/4082/2026
f 4048/4081/2026 4049/4079/2025 4042/4080/2025
f 4156/4084/2027 4041/4083/2027 4040/4085/2028
f 4156/4084/2027 4055/4082/2026 4041/4083/2027
f 4156/4084/2027 4048/4081/2026 4055/4082/2026
f 4155/4086/2028 4156/4084/2027 4040/4085/2028
f 4047/4088/2029 4039/4087/2029 4054/4090/2030
f 4047/4088/2029 4040/4085/2028 4039/4087/2029
f 4047/4088/2029 4155/4086/2028 4040/4085/2028
f 4046/4089/2030 4047/4088/2029 4054/4090/2030
f 4154/4092/2031 4054/4090/2030 4038/4091/2031
f 4154/4092/2031 4046/4089/2030 4054/4090/2030
f 4153/4093/2032 4038/4091/2031 4037/4094/2032
f 4153/4093/2032 4154/4092/2031 4038/4091/2031
f 4152/4095/2033 4037/4094/2032 4053/4096/2033
f 4152/4095/2033 4153/4093/2032 4037/4094/2032
f 4045/4098/2034 4052/4097/2034 4036/4100/2035
f 4045/4098/2034 4053/4096/2033 4052/4097/2034
f 4045/4098/2034 4152/4095/2033 4053/4096/2033
f 4151/4099/2035 4045/4098/2034 4036/4100/2035
f 4150/4101/2036 4151/4099/2035 4036/4100/2035
f 4150/4101/2036 4036/4100/2035 4035/4102/2036
f 4044/4103/2037 4035/4102/2036 4034/4104/2037
f 4044/4103/2037 4150/4101/2036 4035/4102/2036
f 4149/4105/2038 4034/4104/2037 4033/4106/2038
f 4149/4105/2038 4044/4103/2037 4034/4104/2037
f 4148/4108/2039 4033/4106/2038 4032/4107/2039
f 4148/4108/2039 4149/4105/2038 4033/4106/2038
f 4029/4109/2018 4032/4107/2039 4051/4110/2018
f 4029/4109/2018 4148/4108/2039 4032/4107/2039
f 4082/4185/2040 4053/4186/2040 4037/4187/2040
f 3899/4188/2040 4082/4185/2040 4037/4187/2040
f 4120/4189/2040 4032/4190/2040 4033/4191/2040
f 3965/4192/2040 4032/4190/2040 4120/4189/2040
f 4083/4193/2040 3899/4188/2040 4037/4187/2040
f 4081/4194/2040 4053/4186/2040 4082/4185/2040
f 4121/4195/2040 4120/4189/2040 4033/4191/2040
f 3964/4196/2040 4032/4190/2040 3965/4192/2040
f 3900/4197/2040 4037/4187/2040 4038/4198/2040
f 3900/4197/2040 4083/4193/2040 4037/4187/2040
f 4080/4199/2040 4053/4186/2040 4081/4194/2040
f 3966/4200/2040 4121/4195/2040 4033/4191/2040
f 3963/4201/2040 4051/4202/2040 4032/4190/2040
f 3963/4201/2040 4032/4190/2040 3964/4196/2040
f 3901/4203/2040 3900/4197/2040 4038/4198/2040
f 3898/4204/2040 4052/4205/2040 4053/4186/2040
f 3898/4204/2040 4053/4186/2040 4080/4199/2040
f 4122/4206/2040 4033/4191/2040 4034/4207/2040
f 4122/4206/2040 3966/4200/2040 4033/4191/2040
f 3962/4208/2040 4051/4202/2040 3963/4201/2040
f 3902/4209/2040 3901/4203/2040 4038/4198/2040
f 4079/4210/2040 4052/4205/2040 3898/4204/2040
f 4123/4211/2040 4122/4206/2040 4034/4207/2040
f 3961/4212/2040 4051/4202/2040 3962/4208/2040
f 3903/4213/2040 3902/4209/2040 4038/4198/2040
f 4388/4214/2040 4036/4215/2040 4052/4205/2040
f 4388/4214/2040 4052/4205/2040 4079/4210/2040
f 3967/4216/2040 4034/4207/2040 4035/4217/2040
f 3967/4216/2040 4123/4211/2040 4034/4207/2040
f 4330/4218/2040 4051/4202/2040 3961/4212/2040
f 4084/4219/2040 4038/4198/2040 4054/4220/2040
f 4084/4219/2040 3903/4213/2040 4038/4198/2040
f 4119/4221/2040 4070/4222/2040 4051/4202/2040
f 4119/4221/2040 4051/4202/2040 4330/4218/2040
f 3904/4223/2040 4084/4219/2040 4054/4220/2040
f 4329/4224/2040 4070/4222/2040 4119/4221/2040
f 3905/4225/2040 3904/4223/2040 4054/4220/2040
f 4328/4226/2040 4070/4222/2040 4329/4224/2040
f 3906/4227/2040 3905/4225/2040 4054/4220/2040
f 4327/4228/2040 4070/4222/2040 4328/4226/2040
f 4263/4229/2040 4036/4215/2040 4388/4214/2040
f 4131/4230/2040 4035/4217/2040 4036/4215/2040
f 4131/4230/2040 4036/4215/2040 4263/4229/2040
f 4131/4230/2040 3967/4216/2040 4035/4217/2040
f 4264/4231/2040 4263/4229/2040 4388/4214/2040
f 4264/4231/2040 4387/4232/2040 4386/4233/2040
f 4264/4231/2040 4388/4214/2040 4387/4232/2040
f 4262/4234/2040 3967/4216/2040 4131/4230/2040
f 4262/4234/2040 4124/4235/2040 3967/4216/2040
f 4262/4234/2040 4125/4236/2040 4124/4235/2040
f 4039/4237/2040 3906/4227/2040 4054/4220/2040
f 4039/4237/2040 3907/4238/2040 3906/4227/2040
f 4039/4237/2040 3908/4239/2040 3907/4238/2040
f 4019/4240/2040 4070/4222/2040 4327/4228/2040
f 4019/4240/2040 4326/4241/2040 4118/4242/2040
f 4019/4240/2040 4327/4228/2040 4326/4241/2040
f 3909/4243/2040 3908/4239/2040 4039/4237/2040
f 4325/4244/2040 4019/4240/2040 4118/4242/2040
f 4265/4245/2040 4264/4231/2040 4386/4233/2040
f 4265/4245/2040 4385/4246/2040 4078/4247/2040
f 4265/4245/2040 4386/4233/2040 4385/4246/2040
f 4261/4248/2040 4125/4236/2040 4262/4234/2040
f 4261/4248/2040 4126/4249/2040 4125/4236/2040
f 4261/4248/2040 3968/4250/2040 4126/4249/2040
f 4266/4251/2040 4383/4252/2040 4077/4253/2040
f 4266/4251/2040 4384/4254/2040 4383/4252/2040
f 4266/4251/2040 4078/4247/2040 4384/4254/2040
f 4266/4251/2040 4265/4245/2040 4078/4247/2040
f 4130/4255/2040 3969/4256/2040 3968/4250/2040
f 4130/4255/2040 4127/4257/2040 3969/4256/2040
f 4130/4255/2040 4128/4258/2040 4127/4257/2040
f 4130/4255/2040 3968/4250/2040 4261/4248/2040
f 4267/4259/2040 4382/4260/2040 4076/4261/2040
f 4267/4259/2040 4077/4253/2040 4382/4260/2040
f 4267/4259/2040 4266/4251/2040 4077/4253/2040
f 4129/4262/2040 4109/4263/2040 4324/4264/2040
f 4129/4262/2040 4128/4258/2040 4130/4255/2040
f 4129/4262/2040 4324/4264/2040 4128/4258/2040
f 4040/4265/2040 4379/4266/2040 4071/4267/2040
f 4040/4265/2040 3909/4243/2040 4039/4237/2040
f 4040/4265/2040 4071/4267/2040 3909/4243/2040
f 4018/4268/2040 4117/4269/2040 4116/4270/2040
f 4018/4268/2040 4325/4244/2040 4117/4269/2040
f 4018/4268/2040 4019/4240/2040 4325/4244/2040
f 4268/4271/2040 4075/4272/2040 4380/4273/2040
f 4268/4271/2040 4381/4274/2040 4075/4272/2040
f 4268/4271/2040 4076/4261/2040 4381/4274/2040
f 4268/4271/2040 4267/4259/2040 4076/4261/2040
f 4016/4275/2040 4110/4276/2040 4109/4263/2040
f 4016/4275/2040 4111/4277/2040 4110/4276/2040
f 4016/4275/2040 4112/4278/2040 4111/4277/2040
f 4016/4275/2040 4109/4263/2040 4129/4262/2040
f 4132/4279/2040 4074/4280/2040 4073/4281/2040
f 4132/4279/2040 4380/4273/2040 4074/4280/2040
f 4132/4279/2040 4268/4271/2040 4380/4273/2040
f 4015/4282/2040 4112/4278/2040 4016/4275/2040
f 4015/4282/2040 4113/4283/2040 4112/4278/2040
f 4015/4282/2040 4114/4284/2040 4113/4283/2040
f 4269/4285/2040 4132/4279/2040 4073/4281/2040
f 4269/4285/2040 4072/4286/2040 4379/4266/2040
f 4269/4285/2040 4073/4281/2040 4072/4286/2040
f 4014/4287/2040 4114/4284/2040 4015/4282/2040
f 4014/4287/2040 4115/4288/2040 4114/4284/2040
f 4014/4287/2040 4116/4270/2040 4115/4288/2040
f 4041/4289/2040 4379/4266/2040 4040/4265/2040
f 4069/4290/2040 4018/4268/2040 4116/4270/2040
f 4270/4291/2040 4269/4285/2040 4379/4266/2040
f 4270/4291/2040 4379/4266/2040 4041/4289/2040
f 4139/4292/2040 4116/4270/2040 4014/4287/2040
f 4139/4292/2040 4069/4290/2040 4116/4270/2040
f 4138/4293/2040 4069/4290/2040 4139/4292/2040
f 4055/4294/2040 4270/4291/2040 4041/4289/2040
f 4055/4294/2040 4271/4295/2040 4270/4291/2040
f 4068/4296/2040 4069/4290/2040 4138/4293/2040
f 3919/4297/2040 4273/4298/2040 4133/4299/2040
f 4092/4300/2040 3919/4297/2040 4133/4299/2040
f 4105/4301/2040 4013/4302/2040 4012/4303/2040
f 3942/4304/2040 4013/4302/2040 4105/4301/2040
f 4091/4305/2040 4273/4298/2040 3919/4297/2040
f 3920/4306/2040 4092/4300/2040 4133/4299/2040
f 3920/4306/2040 4133/4299/2040 4272/4307/2040
f 4104/4308/2040 4137/4309/2040 4013/4302/2040
f 4104/4308/2040 4013/4302/2040 3942/4304/2040
f 3943/4310/2040 4105/4301/2040 4012/4303/2040
f 4093/4311/2040 3920/4306/2040 4272/4307/2040
f 3918/4312/2040 4273/4298/2040 4091/4305/2040
f 3941/4313/2040 4137/4309/2040 4104/4308/2040
f 3944/4314/2040 3943/4310/2040 4012/4303/2040
f 3921/4315/2040 4055/4294/2040 4042/4316/2040
f 3921/4315/2040 4271/4295/2040 4055/4294/2040
f 3921/4315/2040 4093/4311/2040 4272/4307/2040
f 3921/4315/2040 4272/4307/2040 4271/4295/2040
f 3917/4317/2040 4273/4298/2040 3918/4312/2040
f 3917/4317/2040 4134/4318/2040 4273/4298/2040
f 3945/4319/2040 4012/4303/2040 4011/4320/2040
f 3945/4319/2040 3944/4314/2040 4012/4303/2040
f 4103/4321/2040 4138/4293/2040 4137/4309/2040
f 4103/4321/2040 4067/4322/2040 4068/4296/2040
f 4103/4321/2040 4068/4296/2040 4138/4293/2040
f 4103/4321/2040 4137/4309/2040 3941/4313/2040
f 4094/4323/2040 3921/4315/2040 4042/4316/2040
f 4370/4324/2040 4134/4318/2040 3917/4317/2040
f 3946/4325/2040 3945/4319/2040 4011/4320/2040
f 3940/4326/2040 4067/4322/2040 4103/4321/2040
f 3922/4327/2040 4094/4323/2040 4042/4316/2040
f 4369/4328/2040 4134/4318/2040 4370/4324/2040
f 4369/4328/2040 4005/4329/2040 4134/4318/2040
f 4106/4330/2040 4011/4320/2040 4010/4331/2040
f 4106/4330/2040 3946/4325/2040 4011/4320/2040
f 4351/4332/2040 4067/4322/2040 3940/4326/2040
f 4043/4333/2040 3922/4327/2040 4042/4316/2040
f 4066/4334/2040 4067/4322/2040 4351/4332/2040
f 3923/4335/2040 3922/4327/2040 4043/4333/2040
f 4368/4336/2040 4005/4329/2040 4369/4328/2040
f 3947/4337/2040 4106/4330/2040 4010/4331/2040
f 4350/4338/2040 4066/4334/2040 4351/4332/2040
f 3924/4339/2040 3923/4335/2040 4043/4333/2040
f 4090/4340/2040 4005/4329/2040 4368/4336/2040
f 4107/4341/2040 3947/4337/2040 4010/4331/2040
f 4349/4342/2040 4066/4334/2040 4350/4338/2040
f 3925/4343/2040 3924/4339/2040 4043/4333/2040
f 4367/4344/2040 4005/4329/2040 4090/4340/2040
f 4367/4344/2040 4006/4345/2040 4005/4329/2040
f 4108/4346/2040 4010/4331/2040 4009/4347/2040
f 4108/4346/2040 4107/4341/2040 4010/4331/2040
f 4348/4348/2040 4066/4334/2040 4349/4342/2040
f 4366/4349/2040 4006/4345/2040 4367/4344/2040
f 3948/4350/2040 4108/4346/2040 4009/4347/2040
f 4089/4351/2040 4006/4345/2040 4366/4349/2040
f 4089/4351/2040 4135/4352/2040 4006/4345/2040
f 3949/4353/2040 4009/4347/2040 4008/4354/2040
f 3949/4353/2040 3948/4350/2040 4009/4347/2040
f 4365/4355/2040 4135/4352/2040 4089/4351/2040
f 3950/4356/2040 3949/4353/2040 4008/4354/2040
f 4056/4357/2040 3926/4358/2040 3925/4343/2040
f 4056/4357/2040 3927/4359/2040 3926/4358/2040
f 4056/4357/2040 3928/4360/2040 3927/4359/2040
f 4056/4357/2040 3925/4343/2040 4043/4333/2040
f 4017/4361/2040 4101/4362/2040 4100/4363/2040
f 4017/4361/2040 4102/4364/2040 4101/4362/2040
f 4017/4361/2040 4348/4348/2040 4102/4364/2040
f 4017/4361/2040 4066/4334/2040 4348/4348/2040
f 4088/4365/2040 4136/4366/2040 4135/4352/2040
f 4088/4365/2040 4135/4352/2040 4365/4355/2040
f 3951/4367/2040 4008/4354/2040 4007/4368/2040
f 3951/4367/2040 3950/4356/2040 4008/4354/2040
f 4030/4369/2040 4095/4370/2040 3928/4360/2040
f 4030/4369/2040 4358/4371/2040 4095/4370/2040
f 4030/4369/2040 4359/4372/2040 4358/4371/2040
f 4030/4369/2040 4360/4373/2040 4359/4372/2040
f 4030/4369/2040 3928/4360/2040 4056/4357/2040
f 4065/4374/2040 4346/4375/2040 4345/4376/2040
f 4065/4374/2040 4099/4377/2040 4346/4375/2040
f 4065/4374/2040 4347/4378/2040 4099/4377/2040
f 4065/4374/2040 4100/4363/2040 4347/4378/2040
f 4065/4374/2040 4017/4361/2040 4100/4363/2040
f 4057/4379/2040 4085/4380/2040 4360/4373/2040
f 4057/4379/2040 4086/4381/2040 4085/4380/2040
f 4057/4379/2040 4361/4382/2040 4086/4381/2040
f 4057/4379/2040 4360/4373/2040 4030/4369/2040
f 4064/4383/2040 4065/4374/2040 4345/4376/2040
f 4064/4383/2040 4343/4384/2040 4342/4385/2040
f 4064/4383/2040 4344/4386/2040 4343/4384/2040
f 4064/4383/2040 4345/4376/2040 4344/4386/2040
f 4058/4387/2040 4361/4382/2040 4057/4379/2040
f 4058/4387/2040 4362/4388/2040 4361/4382/2040
f 4058/4387/2040 4087/4389/2040 4362/4388/2040
f 4058/4387/2040 4363/4390/2040 4087/4389/2040
f 4063/4391/2040 4097/4392/2040 4341/4393/2040
f 4063/4391/2040 4098/4394/2040 4097/4392/2040
f 4063/4391/2040 4342/4385/2040 4098/4394/2040
f 4063/4391/2040 4064/4383/2040 4342/4385/2040
f 4062/4395/2040 4341/4393/2040 4096/4396/2040
f 4062/4395/2040 4063/4391/2040 4341/4393/2040
f 4062/4395/2040 4096/4396/2040 3951/4367/2040
f 4059/4397/2040 4363/4390/2040 4058/4387/2040
f 4059/4397/2040 4364/4398/2040 4363/4390/2040
f 4059/4397/2040 4088/4365/2040 4364/4398/2040
f 4060/4399/2040 4136/4366/2040 4088/4365/2040
f 4060/4399/2040 4088/4365/2040 4059/4397/2040
f 4061/4400/2040 4007/4368/2040 4136/4366/2040
f 4061/4400/2040 4062/4395/2040 3951/4367/2040
f 4061/4400/2040 3951/4367/2040 4007/4368/2040
f 4061/4400/2040 4136/4366/2040 4060/4399/2040
f 4160/4185/2041 4153/4187/2041 4152/4186/2041
f 4160/4185/2041 4161/4188/2041 4153/4187/2041
f 4213/4189/2041 4149/4191/2041 4148/4190/2041
f 3972/4192/2041 4213/4189/2041 4148/4190/2041
f 4162/4193/2041 4153/4187/2041 4161/4188/2041
f 4159/4194/2041 4160/4185/2041 4152/4186/2041
f 4214/4195/2041 4149/4191/2041 4213/4189/2041
f 4212/4196/2041 3972/4192/2041 4148/4190/2041
f 3911/4197/2041 4154/4198/2041 4153/4187/2041
f 3911/4197/2041 4153/4187/2041 4162/4193/2041
f 4158/4199/2041 4159/4194/2041 4152/4186/2041
f 3973/4200/2041 4149/4191/2041 4214/4195/2041
f 3971/4201/2041 4148/4190/2041 4029/4202/2041
f 3971/4201/2041 4212/4196/2041 4148/4190/2041
f 3912/4203/2041 4154/4198/2041 3911/4197/2041
f 3910/4204/2041 4152/4186/2041 4045/4205/2041
f 3910/4204/2041 4158/4199/2041 4152/4186/2041
f 4215/4206/2041 4044/4207/2041 4149/4191/2041
f 4215/4206/2041 4149/4191/2041 3973/4200/2041
f 3970/4208/2041 3971/4201/2041 4029/4202/2041
f 3913/4209/2041 4154/4198/2041 3912/4203/2041
f 4401/4210/2041 3910/4204/2041 4045/4205/2041
f 3974/4211/2041 4044/4207/2041 4215/4206/2041
f 4340/4212/2041 3970/4208/2041 4029/4202/2041
f 4163/4213/2041 4154/4198/2041 3913/4209/2041
f 4400/4214/2041 4045/4205/2041 4151/4215/2041
f 4400/4214/2041 4401/4210/2041 4045/4205/2041
f 3975/4216/2041 4150/4217/2041 4044/4207/2041
f 3975/4216/2041 4044/4207/2041 3974/4211/2041
f 4339/4218/2041 4340/4212/2041 4029/4202/2041
f 4164/4219/2041 4046/4220/2041 4154/4198/2041
f 4164/4219/2041 4154/4198/2041 4163/4213/2041
f 4399/4232/2041 4400/4214/2041 4151/4215/2041
f 4216/4235/2041 4150/4217/2041 3975/4216/2041
f 4338/4221/2041 4029/4202/2041 4147/4222/2041
f 4338/4221/2041 4339/4218/2041 4029/4202/2041
f 4165/4223/2041 4046/4220/2041 4164/4219/2041
f 4398/4233/2041 4151/4215/2041 4150/4217/2041
f 4398/4233/2041 4399/4232/2041 4151/4215/2041
f 3976/4236/2041 4398/4233/2041 4150/4217/2041
f 3976/4236/2041 4150/4217/2041 4216/4235/2041
f 4337/4224/2041 4338/4221/2041 4147/4222/2041
f 4166/4225/2041 4046/4220/2041 4165/4223/2041
f 3977/4249/2041 4398/4233/2041 3976/4236/2041
f 3977/4249/2041 4397/4246/2041 4398/4233/2041
f 4228/4226/2041 4337/4224/2041 4147/4222/2041
f 4167/4227/2041 4046/4220/2041 4166/4225/2041
f 3978/4250/2041 4396/4247/2041 4397/4246/2041
f 3978/4250/2041 4397/4246/2041 3977/4249/2041
f 4336/4228/2041 4228/4226/2041 4147/4222/2041
f 4047/4237/2041 4167/4227/2041 3914/4238/2041
f 4047/4237/2041 3914/4238/2041 3915/4239/2041
f 4047/4237/2041 4046/4220/2041 4167/4227/2041
f 4028/4240/2041 4226/4242/2041 4227/4241/2041
f 4028/4240/2041 4227/4241/2041 4336/4228/2041
f 4028/4240/2041 4336/4228/2041 4147/4222/2041
f 3916/4243/2041 4047/4237/2041 3915/4239/2041
f 4335/4244/2041 4226/4242/2041 4028/4240/2041
f 4155/4265/2041 4047/4237/2041 3916/4243/2041
f 4155/4265/2041 3916/4243/2041 4168/4267/2041
f 4155/4265/2041 4168/4267/2041 4169/4266/2041
f 4027/4268/2041 4335/4244/2041 4028/4240/2041
f 4027/4268/2041 4334/4270/2041 4225/4269/2041
f 4027/4268/2041 4225/4269/2041 4335/4244/2041
f 4232/4401/2041 4233/4402/2041 4396/4247/2041
f 4232/4401/2041 4396/4247/2041 3978/4250/2041
f 4234/4403/2041 4396/4247/2041 4233/4402/2041
f 4234/4403/2041 4394/4252/2041 4395/4254/2041
f 4234/4403/2041 4395/4254/2041 4396/4247/2041
f 3991/4404/2041 4232/4401/2041 3978/4250/2041
f 3991/4404/2041 3978/4250/2041 4217/4256/2041
f 4231/4405/2041 4217/4256/2041 4218/4257/2041
f 4231/4405/2041 3991/4404/2041 4217/4256/2041
f 3992/4406/2041 4394/4252/2041 4234/4403/2041
f 4235/4407/2041 4173/4253/2041 4394/4252/2041
f 4235/4407/2041 4394/4252/2041 3992/4406/2041
f 4230/4408/2041 4231/4405/2041 4218/4257/2041
f 4230/4408/2041 4218/4257/2041 4219/4258/2041
f 4236/4409/2041 4173/4253/2041 4235/4407/2041
f 4236/4409/2041 4393/4260/2041 4173/4253/2041
f 4229/4410/2041 4219/4258/2041 4220/4264/2041
f 4229/4410/2041 4230/4408/2041 4219/4258/2041
f 4156/4289/2041 4169/4266/2041 4170/4286/2041
f 4156/4289/2041 4170/4286/2041 4171/4281/2041
f 4156/4289/2041 4155/4265/2041 4169/4266/2041
f 4146/4290/2041 4224/4284/2041 4333/4288/2041
f 4146/4290/2041 4333/4288/2041 4334/4270/2041
f 4146/4290/2041 4334/4270/2041 4027/4268/2041
f 3993/4411/2041 4393/4260/2041 4236/4409/2041
f 3993/4411/2041 4172/4261/2041 4393/4260/2041
f 4323/4412/2041 4229/4410/2041 4220/4264/2041
f 4323/4412/2041 4220/4264/2041 4221/4263/2041
f 3994/4413/2041 4172/4261/2041 3993/4411/2041
f 3994/4413/2041 4392/4274/2041 4172/4261/2041
f 4322/4414/2041 4221/4263/2041 4222/4276/2041
f 4322/4414/2041 4323/4412/2041 4221/4263/2041
f 3995/4415/2041 4392/4274/2041 3994/4413/2041
f 3995/4415/2041 4390/4273/2041 4391/4272/2041
f 3995/4415/2041 4391/4272/2041 4392/4274/2041
f 4321/4416/2041 4322/4414/2041 4222/4276/2041
f 4321/4416/2041 4222/4276/2041 4331/4277/2041
f 3996/4417/2041 4390/4273/2041 3995/4415/2041
f 4249/4418/2041 4321/4416/2041 4331/4277/2041
f 4249/4418/2041 4331/4277/2041 4332/4278/2041
f 4237/4419/2041 4390/4273/2041 3996/4417/2041
f 4026/4296/2041 4224/4284/2041 4146/4290/2041
f 3932/4297/2041 4389/4280/2041 4390/4273/2041
f 3932/4297/2041 4390/4273/2041 4237/4419/2041
f 4175/4300/2041 4389/4280/2041 3932/4297/2041
f 4193/4304/2041 4320/4420/2041 4249/4418/2041
f 4193/4304/2041 4249/4418/2041 4332/4278/2041
f 4193/4304/2041 4332/4278/2041 4223/4283/2041
f 4193/4304/2041 3954/4301/2041 4320/4420/2041
f 4174/4305/2041 3932/4297/2041 4237/4419/2041
f 4174/4305/2041 4237/4419/2041 3997/4421/2041
f 3933/4306/2041 4156/4289/2041 4171/4281/2041
f 3933/4306/2041 4048/4294/2041 4156/4289/2041
f 3933/4306/2041 4389/4280/2041 4175/4300/2041
f 3933/4306/2041 4171/4281/2041 4389/4280/2041
f 4194/4310/2041 4248/4422/2041 4320/4420/2041
f 4194/4310/2041 4320/4420/2041 3954/4301/2041
f 3953/4308/2041 4224/4284/2041 4026/4296/2041
f 3953/4308/2041 4223/4283/2041 4224/4284/2041
f 3953/4308/2041 4193/4304/2041 4223/4283/2041
f 3931/4312/2041 4174/4305/2041 3997/4421/2041
f 3931/4312/2041 3997/4421/2041 4238/4423/2041
f 4176/4311/2041 4048/4294/2041 3933/4306/2041
f 4192/4313/2041 3953/4308/2041 4026/4296/2041
f 4195/4314/2041 4247/4424/2041 4248/4422/2041
f 4195/4314/2041 4248/4422/2041 4194/4310/2041
f 3934/4315/2041 4049/4316/2041 4048/4294/2041
f 3934/4315/2041 4048/4294/2041 4176/4311/2041
f 3930/4317/2041 3931/4312/2041 4238/4423/2041
f 3930/4317/2041 4238/4423/2041 3998/4425/2041
f 4196/4319/2041 4319/4426/2041 4246/4427/2041
f 4196/4319/2041 4246/4427/2041 4247/4424/2041
f 4196/4319/2041 4247/4424/2041 4195/4314/2041
f 4191/4321/2041 4026/4296/2041 4145/4322/2041
f 4191/4321/2041 4192/4313/2041 4026/4296/2041
f 3935/4323/2041 4049/4316/2041 3934/4315/2041
f 3929/4324/2041 3930/4317/2041 3998/4425/2041
f 3929/4324/2041 3998/4425/2041 4239/4428/2041
f 3955/4325/2041 4319/4426/2041 4196/4319/2041
f 3952/4326/2041 4191/4321/2041 4145/4322/2041
f 3936/4327/2041 4049/4316/2041 3935/4323/2041
f 4190/4328/2041 3929/4324/2041 4239/4428/2041
f 4190/4328/2041 4239/4428/2041 4240/4429/2041
f 3956/4330/2041 4318/4430/2041 4319/4426/2041
f 3956/4330/2041 4319/4426/2041 3955/4325/2041
f 4357/4332/2041 3952/4326/2041 4145/4322/2041
f 4157/4333/2041 4049/4316/2041 3936/4327/2041
f 4025/4334/2041 4357/4332/2041 4145/4322/2041
f 4177/4335/2041 4157/4333/2041 3936/4327/2041
f 4189/4336/2041 4190/4328/2041 4240/4429/2041
f 4189/4336/2041 4240/4429/2041 4317/4431/2041
f 3957/4337/2041 4244/4432/2041 4245/4433/2041
f 3957/4337/2041 4245/4433/2041 4318/4430/2041
f 3957/4337/2041 4318/4430/2041 3956/4330/2041
f 4356/4338/2041 4357/4332/2041 4025/4334/2041
f 3937/4339/2041 4157/4333/2041 4177/4335/2041
f 4188/4340/2041 4189/4336/2041 4317/4431/2041
f 4188/4340/2041 4317/4431/2041 4241/4434/2041
f 4197/4341/2041 4244/4432/2041 3957/4337/2041
f 4355/4342/2041 4356/4338/2041 4025/4334/2041
f 3938/4343/2041 4157/4333/2041 3937/4339/2041
f 4378/4344/2041 4241/4434/2041 4242/4435/2041
f 4378/4344/2041 4188/4340/2041 4241/4434/2041
f 4198/4346/2041 4242/4435/2041 4243/4436/2041
f 4198/4346/2041 4243/4436/2041 4244/4432/2041
f 4198/4346/2041 4244/4432/2041 4197/4341/2041
f 4211/4348/2041 4355/4342/2041 4025/4334/2041
f 4377/4349/2041 4378/4344/2041 4242/4435/2041
f 4199/4350/2041 4377/4349/2041 4242/4435/2041
f 4199/4350/2041 4242/4435/2041 4198/4346/2041
f 3958/4353/2041 4376/4351/2041 4377/4349/2041
f 3958/4353/2041 4377/4349/2041 4199/4350/2041
f 4050/4357/2041 4157/4333/2041 3938/4343/2041
f 4050/4357/2041 3938/4343/2041 4178/4358/2041
f 4050/4357/2041 4178/4358/2041 3939/4359/2041
f 4050/4357/2041 3939/4359/2041 4179/4360/2041
f 4024/4361/2041 4208/4363/2041 4209/4362/2041
f 4024/4361/2041 4209/4362/2041 4210/4364/2041
f 4024/4361/2041 4210/4364/2041 4211/4348/2041
f 4024/4361/2041 4211/4348/2041 4025/4334/2041
f 4144/4374/2041 4204/4376/2041 4205/4375/2041
f 4144/4374/2041 4205/4375/2041 4206/4377/2041
f 4144/4374/2041 4206/4377/2041 4207/4378/2041
f 4144/4374/2041 4207/4378/2041 4208/4363/2041
f 4144/4374/2041 4208/4363/2041 4024/4361/2041
f 4031/4369/2041 4050/4357/2041 4179/4360/2041
f 4031/4369/2041 4179/4360/2041 4180/4370/2041
f 4031/4369/2041 4180/4370/2041 4181/4371/2041
f 4031/4369/2041 4181/4371/2041 4182/4372/2041
f 4031/4369/2041 4182/4372/2041 4371/4373/2041
f 4140/4379/2041 4031/4369/2041 4371/4373/2041
f 4140/4379/2041 4371/4373/2041 4372/4380/2041
f 4140/4379/2041 4372/4380/2041 4373/4381/2041
f 4140/4379/2041 4373/4381/2041 4183/4382/2041
f 4023/4383/2041 4204/4376/2041 4144/4374/2041
f 4023/4383/2041 4202/4385/2041 4354/4384/2041
f 4023/4383/2041 4354/4384/2041 4203/4386/2041
f 4023/4383/2041 4203/4386/2041 4204/4376/2041
f 4022/4391/2041 4353/4393/2041 4200/4392/2041
f 4022/4391/2041 4200/4392/2041 4201/4394/2041
f 4022/4391/2041 4201/4394/2041 4202/4385/2041
f 4022/4391/2041 4202/4385/2041 4023/4383/2041
f 4141/4387/2041 4140/4379/2041 4183/4382/2041
f 4141/4387/2041 4183/4382/2041 4374/4388/2041
f 4141/4387/2041 4374/4388/2041 4184/4389/2041
f 4141/4387/2041 4184/4389/2041 4185/4390/2041
f 4142/4397/2041 4141/4387/2041 4185/4390/2041
f 4142/4397/2041 4185/4390/2041 4186/4398/2041
f 4142/4397/2041 4186/4398/2041 4187/4365/2041
f 4021/4395/2041 4353/4393/2041 4022/4391/2041
f 4021/4395/2041 3960/4367/2041 4352/4396/2041
f 4021/4395/2041 4352/4396/2041 4353/4393/2041
f 4020/4399/2041 4187/4365/2041 4375/4355/2041
f 4020/4399/2041 4375/4355/2041 4376/4351/2041
f 4020/4399/2041 4142/4397/2041 4187/4365/2041
f 4020/4399/2041 4376/4351/2041 3958/4353/2041
f 4143/4400/2041 3960/4367/2041 4021/4395/2041
f 4143/4400/2041 3958/4353/2041 3959/4356/2041
f 4143/4400/2041 3959/4356/2041 3960/4367/2041
f 4143/4400/2041 4020/4399/2041 3958/4353/2041
f 4273/4437/2042 4134/4166/2001 4281/4074/2001
f 4273/4437/2042 4281/4074/2001 4260/4076/2023
f 4133/4438/2024 4280/4078/2024 4279/4080/2025
f 4133/4438/2024 4260/4076/2023 4280/4078/2024
f 4133/4438/2024 4273/4437/2042 4260/4076/2023
f 4272/4439/2025 4133/4438/2024 4279/4080/2025
f 4271/4440/2026 4279/4080/2025 4259/4082/2026
f 4271/4440/2026 4272/4439/2025 4279/4080/2025
f 4270/4441/2027 4259/4082/2026 4258/4083/2027
f 4270/4441/2027 4271/4440/2026 4259/4082/2026
f 4269/4442/2028 4258/4083/2027 4257/4085/2028
f 4269/4442/2028 4270/4441/2027 4258/4083/2027
f 4132/4443/2029 4278/4087/2029 4256/4090/2030
f 4132/4443/2029 4257/4085/2028 4278/4087/2029
f 4132/4443/2029 4269/4442/2028 4257/4085/2028
f 4268/4444/2030 4132/4443/2029 4256/4090/2030
f 4267/4445/2031 4256/4090/2030 4255/4091/2031
f 4267/4445/2031 4268/4444/2030 4256/4090/2030
f 4266/4446/2032 4255/4091/2031 4254/4094/2032
f 4266/4446/2032 4267/4445/2031 4255/4091/2031
f 4265/4447/2033 4254/4094/2032 4253/4096/2033
f 4265/4447/2033 4266/4446/2032 4254/4094/2032
f 4264/4448/2034 4277/4097/2034 4252/4100/2035
f 4264/4448/2034 4253/4096/2033 4277/4097/2034
f 4264/4448/2034 4265/4447/2033 4253/4096/2033
f 4263/4449/2035 4264/4448/2034 4252/4100/2035
f 4131/4450/2036 4263/4449/2035 4252/4100/2035
f 4131/4450/2036 4252/4100/2035 4276/4102/2036
f 4262/4451/2037 4276/4102/2036 4275/4104/2037
f 4262/4451/2037 4131/4450/2036 4276/4102/2036
f 4261/4452/2038 4275/4104/2037 4251/4106/2038
f 4261/4452/2038 4262/4451/2037 4275/4104/2037
f 4130/4453/2039 4251/4106/2038 4274/4107/2039
f 4130/4453/2039 4261/4452/2038 4251/4106/2038
f 4129/4454/2018 4274/4107/2039 4250/4110/2018
f 4129/4454/2018 4130/4453/2039 4274/4107/2039
f 3982/4401/2040 4276/4230/2040 4252/4229/2040
f 3982/4401/2040 4252/4229/2040 3983/4402/2040
f 3984/4403/2040 4252/4229/2040 4277/4231/2040
f 3984/4403/2040 3983/4402/2040 4252/4229/2040
f 4305/4404/2040 4275/4234/2040 4276/4230/2040
f 4305/4404/2040 4276/4230/2040 3982/4401/2040
f 4306/4406/2040 4277/4231/2040 4253/4245/2040
f 4306/4406/2040 3984/4403/2040 4277/4231/2040
f 3981/4405/2040 4251/4248/2040 4275/4234/2040
f 3981/4405/2040 4275/4234/2040 4305/4404/2040
f 3985/4407/2040 4253/4245/2040 4254/4251/2040
f 3985/4407/2040 4306/4406/2040 4253/4245/2040
f 4304/4408/2040 4274/4255/2040 4251/4248/2040
f 4304/4408/2040 4251/4248/2040 3981/4405/2040
f 3986/4409/2040 4254/4251/2040 4255/4259/2040
f 3986/4409/2040 3985/4407/2040 4254/4251/2040
f 3980/4410/2040 4250/4262/2040 4274/4255/2040
f 3980/4410/2040 4274/4255/2040 4304/4408/2040
f 4307/4411/2040 4255/4259/2040 4256/4271/2040
f 4307/4411/2040 3986/4409/2040 4255/4259/2040
f 4316/4412/2040 4250/4262/2040 3980/4410/2040
f 4316/4412/2040 4292/4275/2040 4250/4262/2040
f 4308/4413/2040 4256/4271/2040 4278/4279/2040
f 4308/4413/2040 4307/4411/2040 4256/4271/2040
f 4303/4414/2040 4292/4275/2040 4316/4412/2040
f 4303/4414/2040 4291/4282/2040 4292/4275/2040
f 3987/4415/2040 4278/4279/2040 4257/4285/2040
f 3987/4415/2040 4308/4413/2040 4278/4279/2040
f 4302/4416/2040 4004/4292/2040 4290/4287/2040
f 4302/4416/2040 4290/4287/2040 4291/4282/2040
f 4302/4416/2040 4291/4282/2040 4303/4414/2040
f 3988/4417/2040 4257/4285/2040 4258/4291/2040
f 3988/4417/2040 3987/4415/2040 4257/4285/2040
f 4301/4418/2040 4004/4292/2040 4302/4416/2040
f 4259/4295/2040 3988/4417/2040 4258/4291/2040
f 4259/4295/2040 4309/4419/2040 3988/4417/2040
f 4003/4293/2040 4004/4292/2040 4301/4418/2040
f 4003/4293/2040 4301/4418/2040 4300/4420/2040
f 4279/4307/2040 4309/4419/2040 4259/4295/2040
f 4279/4307/2040 3989/4421/2040 4309/4419/2040
f 4289/4309/2040 4300/4420/2040 4299/4422/2040
f 4289/4309/2040 4003/4293/2040 4300/4420/2040
f 4280/4299/2040 3989/4421/2040 4279/4307/2040
f 4280/4299/2040 3990/4423/2040 3989/4421/2040
f 4288/4302/2040 4299/4422/2040 4298/4424/2040
f 4288/4302/2040 4289/4309/2040 4299/4422/2040
f 4260/4298/2040 4310/4425/2040 3990/4423/2040
f 4260/4298/2040 3990/4423/2040 4280/4299/2040
f 4287/4303/2040 4298/4424/2040 4315/4427/2040
f 4287/4303/2040 4288/4302/2040 4298/4424/2040
f 4281/4318/2040 3979/4428/2040 4310/4425/2040
f 4281/4318/2040 4310/4425/2040 4260/4298/2040
f 4002/4320/2040 4297/4426/2040 4296/4430/2040
f 4002/4320/2040 4315/4427/2040 4297/4426/2040
f 4002/4320/2040 4287/4303/2040 4315/4427/2040
f 4282/4329/2040 4311/4429/2040 3979/4428/2040
f 4282/4329/2040 4312/4431/2040 4311/4429/2040
f 4282/4329/2040 3979/4428/2040 4281/4318/2040
f 4001/4331/2040 4296/4430/2040 4295/4433/2040
f 4001/4331/2040 4002/4320/2040 4296/4430/2040
f 4286/4347/2040 4001/4331/2040 4295/4433/2040
f 4286/4347/2040 4295/4433/2040 4314/4432/2040
f 3999/4345/2040 4312/4431/2040 4282/4329/2040
f 4283/4352/2040 4312/4431/2040 3999/4345/2040
f 4283/4352/2040 4313/4434/2040 4312/4431/2040
f 4283/4352/2040 4293/4435/2040 4313/4434/2040
f 4000/4354/2040 4286/4347/2040 4314/4432/2040
f 4284/4366/2040 4293/4435/2040 4283/4352/2040
f 4285/4368/2040 4000/4354/2040 4314/4432/2040
f 4285/4368/2040 4293/4435/2040 4284/4366/2040
f 4285/4368/2040 4294/4436/2040 4293/4435/2040
f 4285/4368/2040 4314/4432/2040 4294/4436/2040
f 4311/4455/2039 4239/4131/2018 3979/4456/2018
f 4311/4455/2039 4240/4132/2039 4239/4131/2018
f 4312/4457/2038 4317/4135/2038 4240/4132/2039
f 4312/4457/2038 4240/4132/2039 4311/4455/2039
f 4313/4458/2037 4241/4137/2037 4317/4135/2038
f 4313/4458/2037 4317/4135/2038 4312/4457/2038
f 4293/4459/2036 4242/4139/2036 4241/4137/2037
f 4293/4459/2036 4243/4140/2035 4242/4139/2036
f 4293/4459/2036 4241/4137/2037 4313/4458/2037
f 4294/4460/2035 4243/4140/2035 4293/4459/2036
f 4314/4461/2034 4244/4143/2034 4243/4140/2035
f 4314/4461/2034 4245/4145/2033 4244/4143/2034
f 4314/4461/2034 4243/4140/2035 4294/4460/2035
f 4295/4462/2033 4245/4145/2033 4314/4461/2034
f 4296/4463/2032 4318/4147/2032 4245/4145/2033
f 4296/4463/2032 4245/4145/2033 4295/4462/2033
f 4297/4464/2031 4319/4149/2031 4318/4147/2032
f 4297/4464/2031 4246/4151/2030 4319/4149/2031
f 4297/4464/2031 4318/4147/2032 4296/4463/2032
f 4315/4465/2030 4246/4151/2030 4297/4464/2031
f 4298/4466/2029 4247/4153/2029 4246/4151/2030
f 4298/4466/2029 4246/4151/2030 4315/4465/2030
f 4299/4467/2028 4248/4155/2028 4247/4153/2029
f 4299/4467/2028 4247/4153/2029 4298/4466/2029
f 4300/4468/2027 4320/4156/2027 4248/4155/2028
f 4300/4468/2027 4248/4155/2028 4299/4467/2028
f 4301/4469/2026 4249/4159/2026 4320/4156/2027
f 4301/4469/2026 4320/4156/2027 4300/4468/2027
f 4302/4470/2025 4249/4159/2026 4301/4469/2026
f 4302/4470/2025 4321/4161/2025 4249/4159/2026
f 4303/4471/2024 4321/4161/2025 4302/4470/2025
f 4303/4471/2024 4322/4163/2024 4321/4161/2025
f 4316/4472/2023 4322/4163/2024 4303/4471/2024
f 4316/4472/2023 4323/4165/2023 4322/4163/2024
f 3980/4112/2001 4323/4165/2023 4316/4472/2023
f 3980/4112/2001 4229/4074/2001 4323/4165/2023
f 4109/4167/2039 4220/4131/2018 4324/4168/2018
f 4109/4167/2039 4221/4132/2039 4220/4131/2018
f 4110/4169/2038 4222/4135/2038 4221/4132/2039
f 4110/4169/2038 4221/4132/2039 4109/4167/2039
f 4111/4170/2037 4331/4137/2037 4222/4135/2038
f 4111/4170/2037 4222/4135/2038 4110/4169/2038
f 4112/4171/2036 4332/4139/2036 4331/4137/2037
f 4112/4171/2036 4331/4137/2037 4111/4170/2037
f 4113/4172/2035 4223/4140/2035 4332/4139/2036
f 4113/4172/2035 4332/4139/2036 4112/4171/2036
f 4114/4173/2034 4224/4143/2034 4223/4140/2035
f 4114/4173/2034 4223/4140/2035 4113/4172/2035
f 4115/4174/2033 4333/4145/2033 4224/4143/2034
f 4115/4174/2033 4224/4143/2034 4114/4173/2034
f 4116/4175/2043 4334/4147/2032 4333/4145/2033
f 4116/4175/2043 4333/4145/2033 4115/4174/2033
f 4117/4176/2031 4225/4149/2031 4334/4147/2032
f 4117/4176/2031 4334/4147/2032 4116/4175/2043
f 4325/4177/2030 4335/4151/2030 4225/4149/2031
f 4325/4177/2030 4226/4153/2029 4335/4151/2030
f 4325/4177/2030 4225/4149/2031 4117/4176/2031
f 4118/4178/2029 4226/4153/2029 4325/4177/2030
f 4326/4179/2028 4227/4155/2028 4226/4153/2029
f 4326/4179/2028 4226/4153/2029 4118/4178/2029
f 4327/4180/2027 4336/4156/2027 4227/4155/2028
f 4327/4180/2027 4228/4159/2026 4336/4156/2027
f 4327/4180/2027 4227/4155/2028 4326/4179/2028
f 4328/4181/2026 4228/4159/2026 4327/4180/2027
f 4329/4182/2025 4228/4159/2026 4328/4181/2026
f 4329/4182/2025 4337/4161/2025 4228/4159/2026
f 4119/4183/2024 4337/4161/2025 4329/4182/2025
f 4119/4183/2024 4338/4163/2024 4337/4161/2025
f 4330/4184/2023 4338/4163/2024 4119/4183/2024
f 4330/4184/2023 4339/4165/2023 4338/4163/2024
f 3961/4075/2001 4339/4165/2023 4330/4184/2023
f 3961/4075/2001 4340/4074/2001 4339/4165/2023
f 4341/4167/2039 4352/4131/2018 4096/4168/2018
f 4341/4167/2039 4353/4132/2039 4352/4131/2018
f 4097/4169/2038 4200/4135/2038 4353/4132/2039
f 4097/4169/2038 4353/4132/2039 4341/4167/2039
f 4098/4170/2037 4201/4137/2037 4200/4135/2038
f 4098/4170/2037 4200/4135/2038 4097/4169/2038
f 4342/4171/2036 4202/4139/2036 4201/4137/2037
f 4342/4171/2036 4201/4137/2037 4098/4170/2037
f 4343/4172/2035 4354/4140/2035 4202/4139/2036
f 4343/4172/2035 4202/4139/2036 4342/4171/2036
f 4344/4173/2034 4203/4143/2034 4354/4140/2035
f 4344/4173/2034 4354/4140/2035 4343/4172/2035
f 4345/4174/2033 4204/4145/2033 4203/4143/2034
f 4345/4174/2033 4203/4143/2034 4344/4173/2034
f 4346/4175/2032 4205/4147/2032 4204/4145/2033
f 4346/4175/2032 4204/4145/2033 4345/4174/2033
f 4099/4176/2031 4206/4149/2031 4205/4147/2032
f 4099/4176/2031 4205/4147/2032 4346/4175/2032
f 4347/4177/2030 4207/4151/2030 4206/4149/2031
f 4347/4177/2030 4208/4153/2029 4207/4151/2030
f 4347/4177/2030 4206/4149/2031 4099/4176/2031
f 4100/4178/2029 4208/4153/2029 4347/4177/2030
f 4101/4179/2028 4209/4155/2028 4208/4153/2029
f 4101/4179/2028 4208/4153/2029 4100/4178/2029
f 4102/4180/2027 4210/4156/2027 4209/4155/2028
f 4102/4180/2027 4211/4159/2026 4210/4156/2027
f 4102/4180/2027 4209/4155/2028 4101/4179/2028
f 4348/4181/2026 4211/4159/2026 4102/4180/2027
f 4349/4182/2025 4211/4159/2026 4348/4181/2026
f 4349/4182/2025 4355/4161/2025 4211/4159/2026
f 4350/4183/2024 4355/4161/2025 4349/4182/2025
f 4350/4183/2024 4356/4163/2024 4355/4161/2025
f 4351/4184/2023 4356/4163/2024 4350/4183/2024
f 4351/4184/2023 4357/4165/2023 4356/4163/2024
f 3940/4075/2001 4357/4165/2023 4351/4184/2023
f 3940/4075/2001 3952/4074/2001 4357/4165/2023
f 4359/4167/2039 4181/4131/2018 4358/4168/2018
f 4359/4167/2039 4182/4132/2039 4181/4131/2018
f 4360/4169/2038 4371/4135/2038 4182/4132/2039
f 4360/4169/2038 4182/4132/2039 4359/4167/2039
f 4085/4170/2037 4372/4137/2037 4371/4135/2038
f 4085/4170/2037 4371/4135/2038 4360/4169/2038
f 4086/4171/2036 4373/4139/2036 4372/4137/2037
f 4086/4171/2036 4372/4137/2037 4085/4170/2037
f 4361/4172/2035 4183/4140/2035 4373/4139/2036
f 4361/4172/2035 4373/4139/2036 4086/4171/2036
f 4362/4173/2034 4374/4143/2034 4183/4140/2035
f 4362/4173/2034 4183/4140/2035 4361/4172/2035
f 4087/4174/2033 4184/4145/2033 4374/4143/2034
f 4087/4174/2033 4374/4143/2034 4362/4173/2034
f 4363/4175/2043 4185/4147/2032 4184/4145/2033
f 4363/4175/2043 4184/4145/2033 4087/4174/2033
f 4364/4176/2031 4186/4149/2031 4185/4147/2032
f 4364/4176/2031 4185/4147/2032 4363/4175/2043
f 4088/4177/2030 4187/4151/2030 4186/4149/2031
f 4088/4177/2030 4375/4153/2029 4187/4151/2030
f 4088/4177/2030 4186/4149/2031 4364/4176/2031
f 4365/4178/2029 4375/4153/2029 4088/4177/2030
f 4089/4179/2028 4376/4155/2028 4375/4153/2029
f 4089/4179/2028 4375/4153/2029 4365/4178/2029
f 4366/4180/2027 4377/4156/2027 4376/4155/2028
f 4366/4180/2027 4378/4159/2026 4377/4156/2027
f 4366/4180/2027 4376/4155/2028 4089/4179/2028
f 4367/4181/2026 4378/4159/2026 4366/4180/2027
f 4090/4182/2025 4378/4159/2026 4367/4181/2026
f 4090/4182/2025 4188/4161/2025 4378/4159/2026
f 4368/4183/2024 4188/4161/2025 4090/4182/2025
f 4368/4183/2024 4189/4163/2024 4188/4161/2025
f 4369/4184/2023 4189/4163/2024 4368/4183/2024
f 4369/4184/2023 4190/4165/2023 4189/4163/2024
f 4370/4075/2001 4190/4165/2023 4369/4184/2023
f 4370/4075/2001 3929/4074/2001 4190/4165/2023
f 4379/4167/2039 4168/4131/2018 4071/4168/2018
f 4379/4167/2039 4169/4132/2039 4168/4131/2018
f 4072/4169/2038 4170/4135/2038 4169/4132/2039
f 4072/4169/2038 4169/4132/2039 4379/4167/2039
f 4073/4170/2037 4171/4137/2037 4170/4135/2038
f 4073/4170/2037 4170/4135/2038 4072/4169/2038
f 4074/4171/2036 4389/4139/2036 4171/4137/2037
f 4074/4171/2036 4171/4137/2037 4073/4170/2037
f 4380/4172/2035 4390/4140/2035 4389/4139/2036
f 4380/4172/2035 4389/4139/2036 4074/4171/2036
f 4075/4173/2034 4391/4143/2034 4390/4140/2035
f 4075/4173/2034 4390/4140/2035 4380/4172/2035
f 4381/4174/2033 4392/4145/2033 4391/4143/2034
f 4381/4174/2033 4391/4143/2034 4075/4173/2034
f 4076/4175/2032 4172/4147/2032 4392/4145/2033
f 4076/4175/2032 4392/4145/2033 4381/4174/2033
f 4382/4176/2031 4393/4149/2031 4172/4147/2032
f 4382/4176/2031 4172/4147/2032 4076/4175/2032
f 4077/4177/2030 4173/4151/2030 4393/4149/2031
f 4077/4177/2030 4394/4153/2029 4173/4151/2030
f 4077/4177/2030 4393/4149/2031 4382/4176/2031
f 4383/4178/2029 4394/4153/2029 4077/4177/2030
f 4384/4179/2028 4395/4155/2028 4394/4153/2029
f 4384/4179/2028 4394/4153/2029 4383/4178/2029
f 4078/4180/2027 4396/4156/2027 4395/4155/2028
f 4078/4180/2027 4397/4159/2026 4396/4156/2027
f 4078/4180/2027 4395/4155/2028 4384/4179/2028
f 4385/4181/2026 4397/4159/2026 4078/4180/2027
f 4386/4182/2025 4397/4159/2026 4385/4181/2026
f 4386/4182/2025 4398/4161/2025 4397/4159/2026
f 4387/4183/2024 4398/4161/2025 4386/4182/2025
f 4387/4183/2024 4399/4163/2024 4398/4161/2025
f 4388/4184/2023 4399/4163/2024 4387/4183/2024
f 4388/4184/2023 4400/4165/2023 4399/4163/2024
f 4079/4075/2001 4400/4165/2023 4388/4184/2023
f 4079/4075/2001 4401/4074/2001 4400/4165/2023
o Circumference.006
v -7.000001 1.499995 5.380020
v -7.260471 -1.477217 1.880020
v -7.513029 -1.409544 1.880020
v -7.749999 -1.299043 1.880020
v -7.964180 -1.149072 1.880020
v -8.149066 -0.964186 1.880020
v -8.299037 -0.750006 1.880020
v -8.409539 -0.513036 1.880020
v -8.477212 -0.260478 1.880020
v -8.500000 -0.000006 1.880020
v -8.477212 0.260466 1.880020
v -8.409539 0.513024 1.880020
v -8.299039 0.749994 1.880020
v -8.149068 0.964176 1.880020
v -7.964182 1.149062 1.880020
v -7.750001 1.299033 1.880020
v -7.513031 1.409534 1.880020
v -7.260473 1.477207 1.880020
v -7.749999 -1.299044 5.380020
v -7.964180 -1.149073 5.380020
v -8.149066 -0.964187 5.380020
v -8.299037 -0.750006 5.380020
v -8.500000 -0.000006 5.380020
v -8.409539 0.513024 5.380020
v -7.964182 1.149061 5.380020
v -0.000006 8.500000 5.380021
v -0.000006 8.500000 1.880021
v -0.000004 5.500000 1.880020
v -0.513034 5.590460 1.880021
v -0.750004 5.700962 1.880021
v -0.964185 5.850933 1.880021
v -1.409544 7.513029 1.880021
v -1.299043 7.749999 1.880021
v -1.149072 7.964180 1.880021
v -0.964186 8.149066 1.880021
v -0.750005 8.299037 1.880021
v -0.513035 8.409539 1.880021
v -0.260478 8.477212 1.880021
v -0.750004 5.700961 5.380021
v -0.964185 5.850933 5.380021
v -1.409543 6.486969 5.380021
v -1.477216 6.739527 5.380021
v -1.477217 7.260470 5.380021
v -0.750005 8.299037 5.380021
v 6.999999 1.500004 5.380020
v 6.999999 1.500004 1.880020
v 7.000001 -1.499996 1.880020
v 6.250001 -1.299034 1.880020
v 5.850935 -0.964177 1.880020
v 5.700963 -0.749996 1.880020
v 5.590461 -0.513026 1.880020
v 5.522789 -0.260469 1.880020
v 5.500000 0.000003 1.880020
v 5.522789 0.260475 1.880020
v 5.590460 0.513034 1.880020
v 5.700962 0.750004 1.880020
v 6.035818 1.149071 1.880020
v 6.249999 1.299042 1.880020
v 6.486969 1.409543 1.880020
v 6.739527 1.477216 1.880020
v 7.000001 -1.499996 5.380020
v 6.739529 -1.477208 5.380020
v 6.250001 -1.299034 5.380020
v 6.035820 -1.149063 5.380020
v 5.850935 -0.964178 5.380020
v 5.700963 -0.749997 5.380020
v 5.590461 -0.513027 5.380020
v 5.500000 0.000003 5.380020
v 5.522789 0.260475 5.380020
v 5.590460 0.513033 5.380020
v 5.700962 0.750003 5.380020
v 5.850934 0.964184 5.380020
v 0.000004 -5.500000 5.380020
v 0.000004 -5.500000 1.880020
v 0.000006 -8.500000 1.880020
v -1.299033 -7.750001 1.880020
v -1.409534 -7.513031 1.880020
v -1.477207 -7.260473 1.880020
v -1.499995 -7.000001 1.880020
v -1.409535 -6.486971 1.880020
v -1.299034 -6.250001 1.880020
v -1.149063 -6.035820 1.880020
v -0.964177 -5.850935 1.880020
v -0.260468 -5.522789 1.880020
v -1.149062 -7.964182 5.380020
v -1.299033 -7.750001 5.380020
v -1.409534 -7.513031 5.380020
v -1.499995 -7.000001 5.380020
v -1.299034 -6.250001 5.380020
v -1.149063 -6.035820 5.380020
v -0.964177 -5.850935 5.380020
v -0.000001 1.500000 0.000019
v -0.260471 -1.477212 0.000019
v -0.964180 -1.149068 0.000019
v -1.149066 -0.964182 0.000019
v -1.477212 -0.260473 0.000019
v -1.409539 0.513029 0.000019
v -1.149068 0.964180 0.000019
v -0.964182 1.149066 0.000019
v -0.750001 1.299038 0.000019
v -0.513031 1.409539 0.000019
v -0.260473 1.477212 0.000019
v -0.964180 -1.149068 5.380020
v -1.149066 -0.964182 5.380020
v -1.299038 -0.750001 5.380020
v -1.409539 -0.513031 5.380020
v -1.477212 -0.260473 5.380020
v -1.500000 -0.000001 5.380020
v -1.409539 0.513029 5.380020
v -1.149068 0.964180 5.380020
v -0.964182 1.149066 5.380020
v -0.750001 1.299037 5.380020
v -0.513031 1.409538 5.380020
v 0.781414 4.431635 0.000019
v 4.431634 0.781420 0.000019
v 4.500000 0.000003 0.000019
v 4.431635 -0.781414 0.000019
v 4.228618 -1.539088 0.000019
v 3.897115 -2.249997 0.000019
v 2.892546 -3.447198 0.000019
v 2.250003 -3.897113 0.000019
v 1.539094 -4.228616 0.000019
v 0.781420 -4.431634 0.000019
v 3.447198 2.892546 1.880020
v 4.431635 -0.781414 1.880020
v 4.228618 -1.539088 1.880020
v 3.897115 -2.249998 1.880020
v 3.447202 -2.892542 1.880020
v 2.250003 -3.897113 1.880020
v 0.781420 -4.431634 1.880020
v 1.736476 9.848079 1.880021
v 3.420196 9.396928 1.880021
v 4.999994 8.660256 1.880021
v 6.427871 7.660448 1.880021
v 8.660251 5.000006 1.880020
v 9.396924 3.420208 1.880020
v 9.848077 1.736488 1.880020
v 9.848079 -1.736476 1.880020
v 9.396928 -3.420196 1.880020
v 8.660256 -4.999994 1.880020
v 7.660448 -6.427871 1.880020
v 6.427881 -7.660440 1.880020
v 1.736488 -9.848077 1.880019
v 7.660439 6.427881 5.380021
v 10.000000 0.000006 5.380020
v 9.848079 -1.736476 5.380020
v 7.660448 -6.427871 5.380020
v 6.427881 -7.660440 5.380020
v 3.420208 -9.396924 5.380020
v 1.736488 -9.848077 5.380019
v -0.000007 10.000000 1.880021
v -0.000007 10.000000 5.380021
v -3.420196 -9.396928 1.880019
v -4.999994 -8.660257 1.880020
v -6.427871 -7.660448 1.880020
v -9.396924 -3.420208 1.880020
v -9.848077 -1.736489 1.880020
v -10.000000 -0.000007 1.880020
v -9.396928 3.420196 1.880020
v -8.660256 4.999994 1.880020
v -7.660448 6.427871 1.880021
v -6.427881 7.660439 1.880021
v -5.000006 8.660250 1.880021
v -3.420208 9.396924 1.880021
v -3.420196 -9.396929 5.380020
v -7.660439 -6.427881 5.380020
v -8.660251 -5.000006 5.380020
v -9.396924 -3.420208 5.380020
v -8.660256 4.999994 5.380021
v -3.420208 9.396923 5.380021
v -1.736488 9.848076 5.380021
v 0.000007 -10.000000 1.880019
v -1.736476 -9.848079 1.880019
v -7.660439 -6.427881 1.880020
v -8.660251 -5.000006 1.880020
v -9.848079 1.736475 1.880020
v -1.736488 9.848077 1.880021
v 7.660439 6.427881 1.880021
v 10.000000 0.000006 1.880020
v 5.000006 -8.660251 1.880020
v 3.420208 -9.396924 1.880019
v -5.700963 0.749996 1.880020
v -5.590461 0.513026 1.880020
v -5.500000 -0.000004 1.880020
v -5.590460 -0.513034 1.880020
v -5.700962 -0.750004 1.880020
v -6.486969 -1.409543 1.880020
v -6.739527 -1.477216 1.880020
v 0.964176 8.149068 1.880021
v 1.299033 7.750000 1.880021
v 1.499995 7.000001 1.880021
v 1.477208 6.739529 1.880021
v 1.409535 6.486971 1.880021
v 0.749996 5.700963 1.880021
v 0.513026 5.590461 1.880021
v 0.260468 5.522789 1.880020
v -0.260476 5.522789 1.880020
v -1.149071 6.035818 1.880021
v -1.299042 6.249999 1.880021
v -1.409543 6.486969 1.880021
v -1.477216 6.739527 1.880021
v -1.500005 6.999999 1.880021
v -1.477217 7.260471 1.880021
v 7.749999 1.299043 1.880020
v 8.299037 0.750005 1.880020
v 6.739529 -1.477208 1.880020
v 6.486971 -1.409535 1.880020
v 6.035820 -1.149063 1.880020
v 5.850934 0.964185 1.880020
v 0.260476 -5.522789 1.880020
v 0.513034 -5.590461 1.880020
v 1.409543 -6.486969 1.880020
v 1.500005 -6.999999 1.880020
v 1.409544 -7.513029 1.880020
v 1.299043 -7.750000 1.880020
v 1.149072 -7.964180 1.880020
v -0.260466 -8.477212 1.880020
v -0.513025 -8.409539 1.880020
v -0.749995 -8.299039 1.880020
v -0.964176 -8.149068 1.880020
v -1.149062 -7.964182 1.880020
v -1.477208 -6.739529 1.880020
v -0.749996 -5.700963 1.880020
v -0.513026 -5.590461 1.880020
v -0.781414 -4.431635 1.880020
v -2.249997 -3.897116 1.880020
v -3.897113 -2.250003 1.880020
v -4.228616 -1.539094 1.880020
v -4.228618 1.539088 1.880020
v -3.897115 2.249997 1.880020
v -3.447202 2.892542 1.880020
v -1.539094 4.228616 1.880020
v 0.781414 4.431635 1.880020
v 1.539088 4.228618 1.880020
v 2.249997 3.897115 1.880020
v 2.892542 3.447202 1.880020
v 3.897113 2.250002 1.880020
v 4.228616 1.539094 1.880020
v 4.431634 0.781420 1.880020
v 4.500000 0.000003 1.880020
v 2.892546 -3.447198 1.880020
v 1.539094 -4.228616 1.880020
v 1.736476 9.848079 5.380021
v 3.420196 9.396928 5.380021
v 4.999994 8.660256 5.380021
v 6.427871 7.660448 5.380021
v 8.660251 5.000005 5.380021
v 9.396924 3.420208 5.380021
v 9.848077 1.736488 5.380020
v 9.396928 -3.420196 5.380020
v 8.660256 -4.999995 5.380020
v 5.000006 -8.660251 5.380020
v 0.000007 -10.000000 5.380019
v -1.736476 -9.848080 5.380019
v -4.999994 -8.660257 5.380020
v -6.427871 -7.660449 5.380020
v -9.848077 -1.736489 5.380020
v -10.000000 -0.000007 5.380020
v -9.848079 1.736475 5.380020
v -9.396928 3.420196 5.380021
v -7.660448 6.427871 5.380021
v -6.427881 7.660439 5.380021
v -5.000006 8.660250 5.380021
v -6.999999 -1.500005 5.380020
v -7.260471 -1.477217 5.380020
v -7.513029 -1.409544 5.380020
v -8.409539 -0.513036 5.380020
v -8.477212 -0.260478 5.380020
v -8.477212 0.260466 5.380020
v -8.299039 0.749994 5.380020
v -8.149068 0.964175 5.380020
v -7.750001 1.299033 5.380020
v -7.513031 1.409534 5.380020
v -7.260473 1.477207 5.380020
v -5.590461 0.513026 5.380020
v -5.590460 -0.513034 5.380020
v -5.850934 -0.964185 5.380020
v -6.035818 -1.149071 5.380020
v -6.739527 -1.477217 5.380020
v -0.000004 5.500000 5.380021
v -0.260476 5.522789 5.380021
v -0.513034 5.590460 5.380021
v -1.149071 6.035818 5.380021
v -1.299042 6.249999 5.380021
v -1.500005 6.999999 5.380021
v -1.409544 7.513029 5.380021
v -1.299043 7.749999 5.380021
v -1.149072 7.964180 5.380021
v -0.964186 8.149066 5.380021
v -0.513035 8.409538 5.380021
v -0.260478 8.477211 5.380021
v 1.477207 7.260472 5.380021
v 1.499995 7.000000 5.380021
v 1.477208 6.739529 5.380021
v 1.409535 6.486970 5.380021
v 1.299034 6.250000 5.380021
v 0.964177 5.850934 5.380021
v 0.749996 5.700962 5.380021
v 0.513026 5.590461 5.380021
v 0.260468 5.522789 5.380021
v 6.486971 -1.409535 5.380020
v 5.522789 -0.260469 5.380020
v 6.035818 1.149071 5.380020
v 6.249999 1.299042 5.380020
v 6.486969 1.409543 5.380020
v 6.739527 1.477216 5.380020
v 7.513029 1.409544 5.380020
v 7.964180 1.149072 5.380020
v 8.149066 0.964186 5.380020
v 8.299037 0.750005 5.380020
v 8.409539 0.513035 5.380020
v 8.477212 0.260477 5.380020
v 8.500000 0.000005 5.380020
v 8.477212 -0.260467 5.380020
v 8.299039 -0.749995 5.380020
v 7.750001 -1.299033 5.380020
v 7.513031 -1.409534 5.380020
v 7.260473 -1.477208 5.380020
v 0.000006 -8.500000 5.380020
v -0.260466 -8.477213 5.380020
v -0.513025 -8.409540 5.380020
v -0.749995 -8.299039 5.380020
v -0.964176 -8.149068 5.380020
v -1.477207 -7.260473 5.380020
v -1.477208 -6.739530 5.380020
v -1.409535 -6.486971 5.380020
v -0.749996 -5.700963 5.380020
v -0.513026 -5.590462 5.380020
v -0.260468 -5.522789 5.380020
v 0.260476 -5.522789 5.380020
v 0.513034 -5.590461 5.380020
v 0.750004 -5.700962 5.380020
v 0.964185 -5.850934 5.380020
v 1.149071 -6.035819 5.380020
v 1.299042 -6.250000 5.380020
v 1.409543 -6.486969 5.380020
v 1.477216 -6.739528 5.380020
v 1.500005 -7.000000 5.380020
v 1.477217 -7.260471 5.380020
v 1.409544 -7.513030 5.380020
v 0.964186 -8.149067 5.380020
v 0.750005 -8.299038 5.380020
v 0.260478 -8.477212 5.380020
v -0.260471 -1.477213 5.380020
v -0.513029 -1.409540 5.380020
v -0.749999 -1.299039 5.380020
v -1.477212 0.260471 5.380020
v -1.299039 0.749999 5.380020
v -0.260473 1.477211 5.380020
v -0.000001 1.500000 5.380020
v 0.260471 1.477212 5.380020
v 1.149066 0.964181 5.380020
v -0.000003 4.500000 0.000019
v -0.000003 4.500000 1.880020
v 0.000003 -4.500000 0.000019
v -2.249997 -3.897115 0.000019
v -3.447198 -2.892546 0.000019
v -4.228616 -1.539094 0.000019
v -4.500000 -0.000003 0.000019
v -4.228618 1.539088 0.000019
v -3.897115 2.249997 0.000019
v -2.250003 3.897113 0.000019
v 0.000003 -4.500000 1.880020
v -1.539088 -4.228618 1.880020
v -2.892542 -3.447202 1.880020
v -3.447198 -2.892546 1.880020
v -4.431634 -0.781420 1.880020
v -4.500000 -0.000003 1.880020
v -4.431635 0.781414 1.880020
v -2.892546 3.447198 1.880020
v -2.250003 3.897112 1.880020
v -0.781420 4.431634 1.880020
v -0.781414 -4.431635 0.000019
v -1.539088 -4.228618 0.000019
v -2.892542 -3.447202 0.000019
v -3.897113 -2.250003 0.000019
v -4.431634 -0.781420 0.000019
v -4.431635 0.781414 0.000019
v -3.447202 2.892542 0.000019
v -2.892546 3.447198 0.000019
v -1.539094 4.228616 0.000019
v -0.781420 4.431634 0.000019
v 1.539088 4.228618 0.000019
v 2.249997 3.897115 0.000019
v 2.892542 3.447202 0.000019
v 3.447198 2.892546 0.000019
v 3.897113 2.250003 0.000019
v 4.228616 1.539094 0.000019
v 3.447202 -2.892542 0.000019
v 0.513029 1.409539 0.000019
v 1.409539 0.513031 0.000019
v 0.964182 -1.149066 0.000019
v 0.260473 -1.477212 0.000019
v 0.000001 -1.500000 0.000019
v -0.513029 -1.409539 0.000019
v -0.749999 -1.299039 0.000019
v -1.299038 -0.750001 0.000019
v -1.409539 -0.513031 0.000019
v -1.500000 -0.000001 0.000019
v -1.477212 0.260471 0.000019
v -1.299039 0.749999 0.000019
v 0.260471 1.477212 0.000019
v 0.749999 1.299039 0.000019
v 0.964180 1.149068 0.000019
v 1.149066 0.964182 0.000019
v 1.299038 0.750001 0.000019
v 1.477212 0.260473 0.000019
v 1.500000 0.000001 0.000019
v 1.477212 -0.260471 0.000019
v 1.409539 -0.513029 0.000019
v 1.299039 -0.749999 0.000019
v 1.149068 -0.964180 0.000019
v 0.750001 -1.299038 0.000019
v 0.513031 -1.409539 0.000019
v 0.513029 1.409539 5.380020
v 0.749999 1.299038 5.380020
v 0.964180 1.149067 5.380020
v 1.299038 0.750000 5.380020
v 1.409539 0.513031 5.380020
v 1.477212 0.260473 5.380020
v 1.500000 0.000001 5.380020
v 1.477212 -0.260471 5.380020
v 1.409539 -0.513029 5.380020
v 1.299039 -0.750000 5.380020
v 1.149068 -0.964181 5.380020
v 0.964182 -1.149067 5.380020
v 0.750001 -1.299038 5.380020
v 0.513031 -1.409539 5.380020
v 0.260473 -1.477212 5.380020
v 0.000001 -1.500000 5.380020
v 0.750004 -5.700962 1.880020
v 0.964185 -5.850934 1.880020
v 1.149071 -6.035819 1.880020
v 1.299042 -6.250000 1.880020
v 1.477216 -6.739527 1.880020
v 1.477217 -7.260471 1.880020
v 0.964186 -8.149066 1.880020
v 0.750005 -8.299038 1.880020
v 0.513035 -8.409539 1.880020
v 0.260478 -8.477212 1.880020
v 1.299043 -7.750000 5.380020
v 1.149072 -7.964180 5.380020
v 0.513035 -8.409539 5.380020
v 7.260471 1.477217 1.880020
v 7.513029 1.409544 1.880020
v 7.964180 1.149072 1.880020
v 8.149066 0.964186 1.880020
v 8.409539 0.513035 1.880020
v 8.477212 0.260477 1.880020
v 8.500000 0.000005 1.880020
v 8.477212 -0.260467 1.880020
v 8.409539 -0.513025 1.880020
v 8.299039 -0.749995 1.880020
v 8.149068 -0.964176 1.880020
v 7.964182 -1.149062 1.880020
v 7.750001 -1.299033 1.880020
v 7.513031 -1.409534 1.880020
v 7.260473 -1.477207 1.880020
v 7.260471 1.477216 5.380020
v 7.749999 1.299043 5.380020
v 8.409539 -0.513025 5.380020
v 8.149068 -0.964176 5.380020
v 7.964182 -1.149062 5.380020
v 0.260466 8.477212 1.880021
v 0.513025 8.409539 1.880021
v 0.749995 8.299038 1.880021
v 1.149062 7.964181 1.880021
v 1.409534 7.513031 1.880021
v 1.477207 7.260473 1.880021
v 1.299034 6.250000 1.880021
v 1.149063 6.035820 1.880021
v 0.964177 5.850935 1.880021
v 0.260466 8.477212 5.380021
v 0.513025 8.409539 5.380021
v 0.749995 8.299038 5.380021
v 0.964176 8.149067 5.380021
v 1.149062 7.964181 5.380021
v 1.299033 7.750000 5.380021
v 1.409534 7.513031 5.380021
v 1.149063 6.035820 5.380021
v -7.000001 1.499995 1.880020
v -6.739529 1.477207 1.880020
v -6.486971 1.409535 1.880020
v -6.250001 1.299034 1.880020
v -6.035820 1.149063 1.880020
v -5.850935 0.964177 1.880020
v -5.522789 0.260468 1.880020
v -5.522789 -0.260476 1.880020
v -5.850934 -0.964185 1.880020
v -6.035818 -1.149071 1.880020
v -6.249999 -1.299042 1.880020
v -6.999999 -1.500005 1.880020
v -6.739529 1.477207 5.380020
v -6.486971 1.409534 5.380020
v -6.250001 1.299034 5.380020
v -6.035820 1.149063 5.380020
v -5.850935 0.964177 5.380020
v -5.700963 0.749996 5.380020
v -5.522789 0.260468 5.380020
v -5.500000 -0.000004 5.380020
v -5.522789 -0.260476 5.380020
v -5.700962 -0.750004 5.380020
v -6.249999 -1.299043 5.380020
v -6.486969 -1.409544 5.380020
vn 0.1736 0.9848 -0.0000
vn -0.0000 1.0000 -0.0000
vn 0.3420 0.9397 -0.0000
vn 0.5000 0.8660 -0.0000
vn 0.6428 0.7660 -0.0000
vn 0.7660 0.6428 -0.0000
vn 0.8660 0.5000 -0.0000
vn 0.9397 0.3420 -0.0000
vn 0.9848 0.1736 -0.0000
vn 1.0000 -0.0000 -0.0000
vn 0.9848 -0.1736 -0.0000
vn 0.9397 -0.3420 -0.0000
vn 0.8660 -0.5000 -0.0000
vn 0.7660 -0.6428 -0.0000
vn 0.6428 -0.7660 -0.0000
vn 0.5000 -0.8660 -0.0000
vn 0.3420 -0.9397 -0.0000
vn 0.1736 -0.9848 -0.0000
vn -0.0000 -1.0000 -0.0000
vn 0.1737 -0.9848 -0.0000
vn 0.9848 0.1737 -0.0000
vn -0.1737 0.9848 -0.0000
vn -0.1736 0.9848 -0.0000
vn -0.3420 0.9397 -0.0000
vn -0.5000 0.8660 -0.0000
vn -0.6428 0.7660 -0.0000
vn -0.7660 0.6428 -0.0000
vn -0.8660 0.5000 -0.0000
vn -0.9397 0.3420 -0.0000
vn -0.9848 0.1736 -0.0000
vn -1.0000 -0.0000 -0.0000
vn -0.9848 -0.1737 -0.0000
vn -0.9848 -0.1736 -0.0000
vn -0.9397 -0.3420 -0.0000
vn -0.8660 -0.5000 -0.0000
vn -0.7660 -0.6428 -0.0000
vn -0.6428 -0.7660 -0.0000
vn -0.5000 -0.8660 -0.0000
vn -0.3420 -0.9397 -0.0000
vn -0.1736 -0.9848 -0.0000
vn -0.0000 -0.0000 -1.0000
vn -0.0000 -0.0000 1.0000
vt 3.316126 3.500000
vt 3.141593 0.000000
vt 3.141593 3.500000
vt 3.316126 0.000000
vt 3.490659 3.500000
vt 3.490659 0.000000
vt 3.665191 3.500000
vt 3.665191 0.000000
vt 3.839724 3.500000
vt 3.839724 0.000000
vt 4.014257 0.000000
vt 4.014257 3.500000
vt 4.188790 0.000000
vt 4.188790 3.500000
vt 4.363323 0.000000
vt 4.363323 3.500000
vt 4.537856 3.500000
vt 4.537856 0.000000
vt 4.712389 0.000000
vt 4.712389 3.500000
vt 4.886922 3.500000
vt 4.886922 0.000000
vt 5.061455 3.500000
vt 5.061455 0.000000
vt 5.235988 0.000000
vt 5.235988 3.500000
vt 5.410521 3.500000
vt 5.410521 0.000000
vt 5.585053 3.500000
vt 5.585053 0.000000
vt 5.759586 3.500000
vt 5.759586 0.000000
vt 5.934119 3.500000
vt 5.934119 0.000000
vt 6.108653 0.000000
vt 6.108653 3.500000
vt 6.283185 3.500000
vt 6.283185 0.000000
vt 3.316126 5.380000
vt 3.141593 5.380000
vt 3.490659 5.380000
vt 3.665191 5.380000
vt 3.839724 5.380000
vt 4.014257 5.380000
vt 4.188790 5.380000
vt 4.363323 5.380000
vt 4.537856 5.380000
vt 4.712389 5.380000
vt 4.886922 5.380000
vt 5.061455 5.380000
vt 5.235988 5.380000
vt 5.410521 5.380000
vt 5.585053 5.380000
vt 5.759586 5.380000
vt 5.934119 5.380000
vt 6.108653 5.380000
vt 6.283185 5.380000
vt 0.174533 1.880000
vt 0.000000 0.000000
vt 0.174533 0.000000
vt 0.000000 1.880000
vt 0.349066 1.880000
vt 0.349066 0.000000
vt 0.523599 1.880000
vt 0.523599 0.000000
vt 0.698132 1.880000
vt 0.698132 0.000000
vt 0.872665 0.000000
vt 0.872665 1.880000
vt 1.047198 1.880000
vt 1.047198 0.000000
vt 1.221730 1.880000
vt 1.221730 0.000000
vt 1.396263 1.880000
vt 1.396263 0.000000
vt 1.570796 1.880000
vt 1.570796 0.000000
vt 1.745329 1.880000
vt 1.745329 0.000000
vt 1.919862 1.880000
vt 1.919862 0.000000
vt 2.094395 1.880000
vt 2.094395 0.000000
vt 2.268928 0.000000
vt 2.268928 1.880000
vt 2.443461 1.880000
vt 2.443461 0.000000
vt 2.617994 1.880000
vt 2.617994 0.000000
vt 2.792527 1.880000
vt 2.792527 0.000000
vt 2.967060 1.880000
vt 2.967060 0.000000
vt 3.141593 1.880000
vt 0.174533 3.500000
vt 0.000000 3.500000
vt 0.349066 3.500000
vt 0.523599 3.500000
vt 0.698132 3.500000
vt 0.872665 3.500000
vt 1.047198 3.500000
vt 1.221730 3.500000
vt 1.396263 3.500000
vt 1.570796 3.500000
vt 1.745329 3.500000
vt 1.919862 3.500000
vt 2.094395 3.500000
vt 2.268928 3.500000
vt 2.443461 3.500000
vt 2.617994 3.500000
vt 2.792527 3.500000
vt 2.967060 3.500000
vt -1.149067 -7.964181
vt -3.420202 -9.396926
vt -1.736482 -9.848078
vt -0.964181 -8.149067
vt -7.964181 -1.149067
vt -9.848078 -1.736482
vt -9.396926 -3.420202
vt -8.149067 -0.964181
vt -0.750000 -8.299038
vt -1.299038 -7.750000
vt -7.750000 -1.299038
vt -8.299038 -0.750000
vt -0.513030 -8.409539
vt -0.000000 -10.000000
vt -1.409539 -7.513030
vt -7.513030 -1.409539
vt -8.409539 -0.513030
vt -10.000000 0.000000
vt -0.260472 -8.477212
vt -1.477212 -7.260472
vt -5.000000 -8.660254
vt -7.260472 -1.477212
vt -8.660254 -5.000000
vt -8.477212 -0.260472
vt -0.000000 -8.500000
vt -1.500000 -7.000000
vt -7.000000 -1.500000
vt -8.500000 0.000000
vt 0.260472 -8.477212
vt -1.477212 -6.739528
vt -6.427876 -7.660444
vt -6.739528 -1.477212
vt -7.660444 -6.427876
vt -8.477212 0.260472
vt 0.513030 -8.409539
vt 1.736482 -9.848078
vt -8.409539 0.513030
vt -9.848078 1.736482
vt 0.750000 -8.299038
vt -8.299038 0.750000
vt 0.964181 -8.149067
vt -8.149067 0.964181
vt 1.149067 -7.964181
vt -7.964181 1.149067
vt -2.892544 -3.447200
vt -3.447200 -2.892544
vt -2.250000 -3.897114
vt -1.409539 -6.486970
vt -1.299038 -6.250000
vt -3.897114 -2.250000
vt -6.486970 -1.409539
vt -6.250000 -1.299038
vt 3.420202 -9.396926
vt 1.299038 -7.750000
vt 1.409539 -7.513030
vt -9.396926 3.420202
vt -7.750000 1.299038
vt -7.513030 1.409539
vt 1.477212 -7.260472
vt -7.260472 1.477212
vt -1.539091 -4.228617
vt -1.149067 -6.035819
vt -0.964181 -5.850934
vt -4.228617 -1.539091
vt -6.035819 -1.149067
vt -5.850934 -0.964181
vt -0.781417 -4.431635
vt -0.513030 -5.590461
vt -0.260472 -5.522789
vt -0.750000 -5.700962
vt -4.431635 -0.781417
vt -5.700962 -0.750000
vt -5.590461 -0.513030
vt -5.522789 -0.260472
vt -0.000000 -4.500000
vt 0.000000 -5.500000
vt 0.260472 -5.522789
vt -4.500000 0.000000
vt -5.522789 0.260472
vt -5.500000 0.000000
vt 5.000000 -8.660254
vt 1.477212 -6.739528
vt 1.500000 -7.000000
vt -8.660254 5.000000
vt -7.000000 1.500000
vt -6.739528 1.477212
vt 0.781417 -4.431635
vt 0.750000 -5.700962
vt 0.964181 -5.850934
vt 0.513030 -5.590461
vt -4.431635 0.781417
vt -5.590461 0.513030
vt -5.700962 0.750000
vt -5.850934 0.964181
vt 1.539091 -4.228617
vt 1.149067 -6.035819
vt 1.299038 -6.250000
vt -4.228617 1.539091
vt -6.035819 1.149067
vt -6.250000 1.299038
vt 2.250000 -3.897114
vt 1.409539 -6.486970
vt -3.897114 2.250000
vt -6.486970 1.409539
vt 6.427876 -7.660444
vt -7.660444 6.427876
vt 2.892544 -3.447200
vt -3.447200 2.892544
vt -2.892544 3.447200
vt 7.660444 -6.427876
vt 3.447200 -2.892544
vt -6.427876 7.660444
vt 5.850934 -0.964181
vt 4.431635 -0.781417
vt 4.228617 -1.539091
vt 6.035819 -1.149067
vt -0.964181 5.850934
vt -1.539091 4.228617
vt -0.781417 4.431635
vt -1.149067 6.035819
vt 5.700962 -0.750000
vt 6.250000 -1.299038
vt 3.897114 -2.250000
vt -1.299038 6.250000
vt -2.250000 3.897114
vt -0.750000 5.700962
vt 6.486970 -1.409539
vt 5.590461 -0.513030
vt -1.409539 6.486970
vt -0.513030 5.590461
vt 6.739528 -1.477212
vt 8.660254 -5.000000
vt 5.522789 -0.260472
vt 4.500000 -0.000000
vt -0.260472 5.522789
vt 0.000000 4.500000
vt -1.477212 6.739528
vt -5.000000 8.660254
vt 7.000000 -1.500000
vt 5.500000 -0.000000
vt 0.000000 5.500000
vt -1.500000 7.000000
vt 7.260472 -1.477212
vt 5.522789 0.260472
vt 4.431635 0.781417
vt 0.260472 5.522789
vt 0.781417 4.431635
vt -1.477212 7.260472
vt 9.396926 -3.420202
vt -3.420202 9.396926
vt 7.513030 -1.409539
vt 5.590461 0.513030
vt 0.513030 5.590461
vt -1.409539 7.513030
vt 7.750000 -1.299038
vt 5.700962 0.750000
vt 0.750000 5.700962
vt -1.299038 7.750000
vt 7.964181 -1.149067
vt 5.850934 0.964181
vt 4.228617 1.539091
vt 0.964181 5.850934
vt 1.539091 4.228617
vt -1.149067 7.964181
vt 6.035819 1.149067
vt 1.149067 6.035819
vt 6.250000 1.299038
vt 3.897114 2.250000
vt 1.299038 6.250000
vt 2.250000 3.897114
vt 6.486970 1.409539
vt 1.409539 6.486970
vt 9.848078 -1.736482
vt 8.149067 -0.964181
vt 8.299038 -0.750000
vt 8.409539 -0.513030
vt -1.736482 9.848078
vt -0.750000 8.299038
vt -0.513030 8.409539
vt -0.964181 8.149067
vt 6.739528 1.477212
vt 3.447200 2.892544
vt 1.477212 6.739528
vt 2.892544 3.447200
vt 10.000000 -0.000000
vt 8.477212 -0.260472
vt 8.500000 -0.000000
vt 8.477212 0.260472
vt 8.409539 0.513030
vt 0.000000 10.000000
vt 0.260472 8.477212
vt 0.513030 8.409539
vt 0.000000 8.500000
vt -0.260472 8.477212
vt 9.848078 1.736482
vt 8.299038 0.750000
vt 8.149067 0.964181
vt 7.964181 1.149067
vt 1.736482 9.848078
vt 0.964181 8.149067
vt 1.149067 7.964181
vt 0.750000 8.299038
vt 9.396926 3.420202
vt 7.750000 1.299038
vt 7.513030 1.409539
vt 7.260472 1.477212
vt 3.420202 9.396926
vt 1.409539 7.513030
vt 1.477212 7.260472
vt 1.299038 7.750000
vt 5.000000 8.660254
vt 1.500000 7.000000
vt 8.660254 5.000000
vt 7.000000 1.500000
vt 7.660444 6.427876
vt 6.427876 7.660444
vt -1.149067 -0.964181
vt -0.964181 -1.149067
vt -0.750000 -1.299038
vt -1.299038 -0.750000
vt -1.409539 -0.513030
vt -0.513030 -1.409539
vt -0.260472 -1.477212
vt -1.477212 -0.260472
vt -0.000000 -1.500000
vt -1.500000 0.000000
vt 0.260472 -1.477212
vt -1.477212 0.260472
vt 0.513030 -1.409539
vt -1.409539 0.513030
vt 0.750000 -1.299038
vt -1.299038 0.750000
vt 0.964181 -1.149067
vt -1.149067 0.964181
vt 1.149067 -0.964181
vt -0.964181 1.149067
vt 1.299038 -0.750000
vt -0.750000 1.299038
vt 1.409539 -0.513030
vt -0.513030 1.409539
vt 1.477212 -0.260472
vt 0.000000 1.500000
vt -0.260472 1.477212
vt 1.500000 0.000000
vt 1.477212 0.260472
vt 0.260472 1.477212
vt 1.409539 0.513030
vt 0.750000 1.299038
vt 0.513030 1.409539
vt 1.299038 0.750000
vt 1.149067 0.964181
vt 0.964181 1.149067
vt 3.316126 1.880000
vt 3.490659 1.880000
vt 3.665191 1.880000
vt 3.839724 1.880000
vt 4.014257 1.880000
vt 4.188790 1.880000
vt 4.363323 1.880000
vt 4.537856 1.880000
vt 4.712389 1.880000
vt 4.886922 1.880000
vt 5.061455 1.880000
vt 5.235988 1.880000
vt 5.410521 1.880000
vt 5.585053 1.880000
vt 5.759586 1.880000
vt 5.934119 1.880000
vt 6.108653 1.880000
vt 6.283185 1.880000
vt 0.174533 5.380000
vt 0.000000 5.380000
vt 0.349066 5.380000
vt 0.523599 5.380000
vt 0.698132 5.380000
vt 0.872665 5.380000
vt 1.047198 5.380000
vt 1.221730 5.380000
vt 1.396263 5.380000
vt 1.570796 5.380000
vt 1.745329 5.380000
vt 1.919862 5.380000
vt 2.094395 5.380000
vt 2.268928 5.380000
vt 2.443461 5.380000
vt 2.617994 5.380000
vt 2.792527 5.380000
vt 2.967060 5.380000
s 1
usemtl mat_5.001
f 4403/4473/2044 4665/4474/2045 4893/4475/2045
f 4403/4473/2044 4666/4476/2044 4665/4474/2045
f 4404/4477/2046 4667/4478/2046 4666/4476/2044
f 4404/4477/2046 4666/4476/2044 4403/4473/2044
f 4405/4479/2047 4420/4480/2047 4667/4478/2046
f 4405/4479/2047 4667/4478/2046 4404/4477/2046
f 4406/4481/2048 4421/4482/2048 4420/4480/2047
f 4406/4481/2048 4422/4483/2049 4421/4482/2048
f 4406/4481/2048 4420/4480/2047 4405/4479/2047
f 4407/4484/2049 4423/4485/2050 4422/4483/2049
f 4407/4484/2049 4422/4483/2049 4406/4481/2048
f 4408/4486/2050 4668/4487/2051 4423/4485/2050
f 4408/4486/2050 4423/4485/2050 4407/4484/2049
f 4409/4488/2051 4668/4487/2051 4408/4486/2050
f 4410/4489/2052 4669/4490/2052 4668/4487/2051
f 4410/4489/2052 4424/4491/2053 4669/4490/2052
f 4410/4489/2052 4668/4487/2051 4409/4488/2051
f 4411/4492/2053 4424/4491/2053 4410/4489/2052
f 4412/4493/2054 4670/4494/2054 4424/4491/2053
f 4412/4493/2054 4424/4491/2053 4411/4492/2053
f 4413/4495/2055 4425/4496/2055 4670/4494/2054
f 4413/4495/2055 4671/4497/2056 4425/4496/2055
f 4413/4495/2055 4670/4494/2054 4412/4493/2054
f 4414/4498/2056 4671/4497/2056 4413/4495/2055
f 4415/4499/2057 4672/4500/2057 4671/4497/2056
f 4415/4499/2057 4671/4497/2056 4414/4498/2056
f 4416/4501/2058 4426/4502/2058 4672/4500/2057
f 4416/4501/2058 4672/4500/2057 4415/4499/2057
f 4417/4503/2059 4426/4502/2058 4416/4501/2058
f 4417/4503/2059 4673/4504/2059 4426/4502/2058
f 4418/4505/2060 4673/4504/2059 4417/4503/2059
f 4418/4505/2060 4674/4506/2060 4673/4504/2059
f 4418/4505/2060 4675/4507/2061 4674/4506/2060
f 4419/4508/2061 4675/4507/2061 4418/4505/2060
f 4882/4509/2062 4675/4507/2061 4419/4508/2061
f 4882/4509/2062 4402/4510/2062 4675/4507/2061
f 4598/4473/2044 4681/4474/2045 4429/4475/2045
f 4598/4473/2044 4682/4476/2044 4681/4474/2045
f 4430/4477/2046 4683/4478/2046 4682/4476/2044
f 4430/4477/2046 4682/4476/2044 4598/4473/2044
f 4431/4479/2047 4440/4480/2047 4683/4478/2046
f 4431/4479/2047 4683/4478/2046 4430/4477/2046
f 4432/4481/2048 4441/4482/2048 4440/4480/2047
f 4432/4481/2048 4684/4483/2049 4441/4482/2048
f 4432/4481/2048 4440/4480/2047 4431/4479/2047
f 4599/4484/2049 4685/4485/2050 4684/4483/2049
f 4599/4484/2049 4684/4483/2049 4432/4481/2048
f 4600/4486/2050 4442/4487/2051 4685/4485/2050
f 4600/4486/2050 4685/4485/2050 4599/4484/2049
f 4601/4488/2051 4442/4487/2051 4600/4486/2050
f 4602/4489/2052 4443/4490/2052 4442/4487/2051
f 4602/4489/2052 4686/4491/2053 4443/4490/2052
f 4602/4489/2052 4442/4487/2051 4601/4488/2051
f 4603/4492/2053 4686/4491/2053 4602/4489/2052
f 4604/4493/2054 4444/4494/2054 4686/4491/2053
f 4604/4493/2054 4686/4491/2053 4603/4492/2053
f 4433/4495/2055 4687/4496/2055 4444/4494/2054
f 4433/4495/2055 4688/4497/2056 4687/4496/2055
f 4433/4495/2055 4444/4494/2054 4604/4493/2054
f 4434/4498/2056 4688/4497/2056 4433/4495/2055
f 4435/4499/2057 4689/4500/2057 4688/4497/2056
f 4435/4499/2057 4688/4497/2056 4434/4498/2056
f 4436/4501/2058 4690/4502/2058 4689/4500/2057
f 4436/4501/2058 4689/4500/2057 4435/4499/2057
f 4437/4503/2059 4690/4502/2058 4436/4501/2058
f 4437/4503/2059 4445/4504/2059 4690/4502/2058
f 4438/4505/2060 4445/4504/2059 4437/4503/2059
f 4438/4505/2060 4691/4506/2060 4445/4504/2059
f 4438/4505/2060 4692/4507/2061 4691/4506/2060
f 4439/4508/2061 4692/4507/2061 4438/4505/2060
f 4428/4509/2062 4692/4507/2061 4439/4508/2061
f 4428/4509/2062 4427/4510/2062 4692/4507/2061
f 4607/4473/2044 4462/4474/2045 4448/4475/2045
f 4607/4473/2044 4463/4476/2044 4462/4474/2045
f 4608/4477/2046 4702/4478/2046 4463/4476/2044
f 4608/4477/2046 4463/4476/2044 4607/4473/2044
f 4449/4479/2047 4464/4480/2047 4702/4478/2046
f 4449/4479/2047 4702/4478/2046 4608/4477/2046
f 4609/4481/2048 4465/4482/2048 4464/4480/2047
f 4609/4481/2048 4466/4483/2049 4465/4482/2048
f 4609/4481/2048 4464/4480/2047 4449/4479/2047
f 4450/4484/2049 4467/4485/2050 4466/4483/2049
f 4450/4484/2049 4466/4483/2049 4609/4481/2048
f 4451/4486/2050 4468/4487/2051 4467/4485/2050
f 4451/4486/2050 4467/4485/2050 4450/4484/2049
f 4452/4488/2051 4468/4487/2051 4451/4486/2050
f 4453/4489/2052 4703/4490/2052 4468/4487/2051
f 4453/4489/2052 4469/4491/2053 4703/4490/2052
f 4453/4489/2052 4468/4487/2051 4452/4488/2051
f 4454/4492/2053 4469/4491/2053 4453/4489/2052
f 4455/4493/2054 4470/4494/2054 4469/4491/2053
f 4455/4493/2054 4469/4491/2053 4454/4492/2053
f 4456/4495/2055 4471/4496/2055 4470/4494/2054
f 4456/4495/2055 4472/4497/2056 4471/4496/2055
f 4456/4495/2055 4470/4494/2054 4455/4493/2054
f 4457/4498/2056 4472/4497/2056 4456/4495/2055
f 4610/4499/2057 4473/4500/2057 4472/4497/2056
f 4610/4499/2057 4472/4497/2056 4457/4498/2056
f 4458/4501/2058 4704/4502/2058 4473/4500/2057
f 4458/4501/2058 4473/4500/2057 4610/4499/2057
f 4459/4503/2059 4704/4502/2058 4458/4501/2058
f 4459/4503/2059 4705/4504/2059 4704/4502/2058
f 4460/4505/2060 4705/4504/2059 4459/4503/2059
f 4460/4505/2060 4706/4506/2060 4705/4504/2059
f 4460/4505/2060 4707/4507/2061 4706/4506/2060
f 4461/4508/2061 4707/4507/2061 4460/4505/2060
f 4447/4509/2062 4707/4507/2061 4461/4508/2061
f 4447/4509/2062 4446/4510/2062 4707/4507/2061
f 4618/4473/2044 4720/4474/2045 4476/4475/2045
f 4618/4473/2044 4721/4476/2044 4720/4474/2045
f 4619/4477/2046 4722/4478/2046 4721/4476/2044
f 4619/4477/2046 4721/4476/2044 4618/4473/2044
f 4620/4479/2047 4723/4480/2047 4722/4478/2046
f 4620/4479/2047 4722/4478/2046 4619/4477/2046
f 4621/4481/2048 4724/4482/2048 4723/4480/2047
f 4621/4481/2048 4486/4483/2049 4724/4482/2048
f 4621/4481/2048 4723/4480/2047 4620/4479/2047
f 4622/4484/2049 4487/4485/2050 4486/4483/2049
f 4622/4484/2049 4486/4483/2049 4621/4481/2048
f 4477/4486/2050 4488/4487/2051 4487/4485/2050
f 4477/4486/2050 4487/4485/2050 4622/4484/2049
f 4478/4488/2051 4488/4487/2051 4477/4486/2050
f 4479/4489/2052 4725/4490/2052 4488/4487/2051
f 4479/4489/2052 4489/4491/2053 4725/4490/2052
f 4479/4489/2052 4488/4487/2051 4478/4488/2051
f 4480/4492/2053 4489/4491/2053 4479/4489/2052
f 4623/4493/2054 4726/4494/2054 4489/4491/2053
f 4623/4493/2054 4489/4491/2053 4480/4492/2053
f 4481/4495/2055 4727/4496/2055 4726/4494/2054
f 4481/4495/2055 4490/4497/2056 4727/4496/2055
f 4481/4495/2055 4726/4494/2054 4623/4493/2054
f 4482/4498/2056 4490/4497/2056 4481/4495/2055
f 4483/4499/2057 4491/4500/2057 4490/4497/2056
f 4483/4499/2057 4490/4497/2056 4482/4498/2056
f 4484/4501/2058 4492/4502/2058 4491/4500/2057
f 4484/4501/2058 4491/4500/2057 4483/4499/2057
f 4624/4503/2059 4492/4502/2058 4484/4501/2058
f 4624/4503/2059 4728/4504/2059 4492/4502/2058
f 4625/4505/2060 4728/4504/2059 4624/4503/2059
f 4625/4505/2060 4729/4506/2060 4728/4504/2059
f 4625/4505/2060 4730/4507/2061 4729/4506/2060
f 4485/4508/2061 4730/4507/2061 4625/4505/2060
f 4475/4509/2062 4730/4507/2061 4485/4508/2061
f 4475/4509/2062 4474/4510/2062 4730/4507/2061
f 4494/4511/2044 4831/4474/2045 4795/4512/2045
f 4494/4511/2044 4745/4476/2044 4831/4474/2045
f 4796/4513/2046 4746/4478/2046 4745/4476/2044
f 4796/4513/2046 4745/4476/2044 4494/4511/2044
f 4797/4514/2047 4747/4480/2047 4746/4478/2046
f 4797/4514/2047 4504/4482/2048 4747/4480/2047
f 4797/4514/2047 4746/4478/2046 4796/4513/2046
f 4495/4515/2048 4504/4482/2048 4797/4514/2047
f 4496/4516/2049 4505/4483/2049 4504/4482/2048
f 4496/4516/2049 4504/4482/2048 4495/4515/2048
f 4798/4517/2050 4506/4485/2050 4505/4483/2049
f 4798/4517/2050 4505/4483/2049 4496/4516/2049
f 4799/4518/2051 4507/4487/2051 4506/4485/2050
f 4799/4518/2051 4508/4490/2052 4507/4487/2051
f 4799/4518/2051 4506/4485/2050 4798/4517/2050
f 4497/4519/2052 4508/4490/2052 4799/4518/2051
f 4800/4520/2053 4509/4491/2053 4508/4490/2052
f 4800/4520/2053 4508/4490/2052 4497/4519/2052
f 4801/4521/2054 4748/4494/2054 4509/4491/2053
f 4801/4521/2054 4509/4491/2053 4800/4520/2053
f 4498/4522/2055 4510/4496/2055 4748/4494/2054
f 4498/4522/2055 4748/4494/2054 4801/4521/2054
f 4802/4523/2056 4749/4497/2056 4510/4496/2055
f 4802/4523/2056 4510/4496/2055 4498/4522/2055
f 4499/4524/2057 4511/4500/2057 4749/4497/2056
f 4499/4524/2057 4749/4497/2056 4802/4523/2056
f 4500/4525/2058 4512/4502/2058 4511/4500/2057
f 4500/4525/2058 4511/4500/2057 4499/4524/2057
f 4501/4526/2059 4512/4502/2058 4500/4525/2058
f 4501/4526/2059 4513/4504/2059 4512/4502/2058
f 4502/4527/2060 4513/4504/2059 4501/4526/2059
f 4502/4527/2060 4514/4506/2060 4513/4504/2059
f 4503/4528/2061 4514/4506/2060 4502/4527/2060
f 4503/4528/2061 4750/4507/2061 4514/4506/2060
f 4493/4529/2062 4750/4507/2061 4503/4528/2061
f 4493/4529/2062 4751/4510/2062 4750/4507/2061
f 4531/4530/2063 4756/4531/2062 4524/4532/2061
f 4531/4530/2063 4764/4533/2062 4756/4531/2062
f 4643/4534/2060 4524/4532/2061 4523/4535/2060
f 4643/4534/2060 4531/4530/2063 4524/4532/2061
f 4530/4536/2059 4523/4535/2060 4522/4537/2059
f 4530/4536/2059 4643/4534/2060 4523/4535/2060
f 4642/4538/2058 4521/4539/2058 4790/4540/2057
f 4642/4538/2058 4522/4537/2059 4521/4539/2058
f 4642/4538/2058 4530/4536/2059 4522/4537/2059
f 4529/4541/2057 4642/4538/2058 4790/4540/2057
f 4528/4542/2056 4790/4540/2057 4520/4543/2056
f 4528/4542/2056 4529/4541/2057 4790/4540/2057
f 4527/4544/2055 4520/4543/2056 4519/4545/2055
f 4527/4544/2055 4528/4542/2056 4520/4543/2056
f 4526/4546/2054 4519/4545/2055 4518/4547/2054
f 4526/4546/2054 4527/4544/2055 4519/4545/2055
f 4641/4548/2053 4518/4547/2054 4517/4549/2053
f 4641/4548/2053 4526/4546/2054 4518/4547/2054
f 4640/4550/2064 4517/4549/2053 4516/4551/2052
f 4640/4550/2064 4641/4548/2053 4517/4549/2053
f 4639/4552/2051 4516/4551/2052 4789/4553/2051
f 4639/4552/2051 4640/4550/2064 4516/4551/2052
f 4638/4554/2050 4788/4555/2050 4787/4556/2049
f 4638/4554/2050 4789/4553/2051 4788/4555/2050
f 4638/4554/2050 4639/4552/2051 4789/4553/2051
f 4525/4557/2049 4638/4554/2050 4787/4556/2049
f 4637/4558/2048 4525/4557/2049 4787/4556/2049
f 4637/4558/2048 4787/4556/2049 4786/4559/2048
f 4636/4560/2047 4786/4559/2048 4785/4561/2047
f 4636/4560/2047 4637/4558/2048 4786/4559/2048
f 4635/4562/2046 4785/4561/2047 4784/4563/2046
f 4635/4562/2046 4636/4560/2047 4785/4561/2047
f 4634/4564/2044 4784/4563/2046 4515/4565/2044
f 4634/4564/2044 4635/4562/2046 4784/4563/2046
f 4755/4566/2045 4515/4565/2044 4754/4474/2045
f 4755/4566/2045 4634/4564/2044 4515/4565/2044
f 4551/4567/2063 4573/4531/2062 4544/4532/2061
f 4551/4567/2063 4654/4568/2062 4573/4531/2062
f 4550/4569/2060 4544/4532/2061 4582/4535/2060
f 4550/4569/2060 4551/4567/2063 4544/4532/2061
f 4653/4570/2059 4582/4535/2060 4581/4537/2059
f 4653/4570/2059 4550/4569/2060 4582/4535/2060
f 4549/4571/2058 4581/4537/2059 4543/4539/2058
f 4549/4571/2058 4653/4570/2059 4581/4537/2059
f 4548/4572/2057 4543/4539/2058 4542/4540/2057
f 4548/4572/2057 4549/4571/2058 4543/4539/2058
f 4652/4573/2056 4541/4543/2056 4540/4545/2055
f 4652/4573/2056 4542/4540/2057 4541/4543/2056
f 4652/4573/2056 4548/4572/2057 4542/4540/2057
f 4651/4574/2055 4652/4573/2056 4540/4545/2055
f 4547/4575/2054 4540/4545/2055 4539/4547/2054
f 4547/4575/2054 4651/4574/2055 4540/4545/2055
f 4546/4576/2053 4539/4547/2054 4580/4549/2053
f 4546/4576/2053 4547/4575/2054 4539/4547/2054
f 4650/4577/2052 4538/4551/2052 4537/4553/2051
f 4650/4577/2052 4580/4549/2053 4538/4551/2052
f 4650/4577/2052 4546/4576/2053 4580/4549/2053
f 4649/4578/2051 4650/4577/2052 4537/4553/2051
f 4648/4579/2050 4537/4553/2051 4536/4555/2050
f 4648/4579/2050 4649/4578/2051 4537/4553/2051
f 4545/4580/2049 4536/4555/2050 4579/4556/2049
f 4545/4580/2049 4648/4579/2050 4536/4555/2050
f 4647/4581/2048 4579/4556/2049 4535/4559/2048
f 4647/4581/2048 4545/4580/2049 4579/4556/2049
f 4646/4582/2047 4535/4559/2048 4534/4561/2047
f 4646/4582/2047 4647/4581/2048 4535/4559/2048
f 4645/4583/2046 4534/4561/2047 4533/4563/2046
f 4645/4583/2046 4646/4582/2047 4534/4561/2047
f 4644/4584/2044 4533/4563/2046 4532/4565/2044
f 4644/4584/2044 4645/4583/2046 4533/4563/2046
f 4553/4475/2045 4532/4565/2044 4552/4474/2045
f 4553/4475/2045 4644/4584/2044 4532/4565/2044
f 4572/4473/2065 4553/4475/2045 4552/4474/2045
f 4572/4473/2065 4552/4474/2045 4578/4476/2066
f 4571/4477/2067 4578/4476/2066 4565/4478/2067
f 4571/4477/2067 4572/4473/2065 4578/4476/2066
f 4664/4479/2068 4565/4478/2067 4564/4480/2068
f 4664/4479/2068 4571/4477/2067 4565/4478/2067
f 4663/4481/2069 4564/4480/2068 4563/4482/2069
f 4663/4481/2069 4664/4479/2068 4564/4480/2068
f 4662/4484/2070 4562/4483/2070 4561/4485/2071
f 4662/4484/2070 4563/4482/2069 4562/4483/2070
f 4662/4484/2070 4663/4481/2069 4563/4482/2069
f 4570/4486/2071 4662/4484/2070 4561/4485/2071
f 4661/4488/2072 4560/4487/2072 4577/4490/2073
f 4661/4488/2072 4561/4485/2071 4560/4487/2072
f 4661/4488/2072 4570/4486/2071 4561/4485/2071
f 4660/4489/2073 4661/4488/2072 4577/4490/2073
f 4659/4492/2074 4577/4490/2073 4559/4491/2074
f 4659/4492/2074 4660/4489/2073 4577/4490/2073
f 4658/4493/2075 4559/4491/2074 4558/4494/2076
f 4658/4493/2075 4659/4492/2074 4559/4491/2074
f 4569/4495/2077 4558/4494/2076 4557/4496/2077
f 4569/4495/2077 4658/4493/2075 4558/4494/2076
f 4568/4498/2078 4576/4497/2078 4575/4500/2079
f 4568/4498/2078 4557/4496/2077 4576/4497/2078
f 4568/4498/2078 4569/4495/2077 4557/4496/2077
f 4567/4499/2079 4568/4498/2078 4575/4500/2079
f 4657/4501/2080 4567/4499/2079 4575/4500/2079
f 4657/4501/2080 4575/4500/2079 4556/4502/2080
f 4656/4503/2081 4556/4502/2080 4555/4504/2081
f 4656/4503/2081 4657/4501/2080 4556/4502/2080
f 4566/4505/2082 4555/4504/2081 4554/4506/2082
f 4566/4505/2082 4656/4503/2081 4555/4504/2081
f 4655/4508/2083 4554/4506/2082 4574/4507/2083
f 4655/4508/2083 4566/4505/2082 4554/4506/2082
f 4654/4509/2062 4574/4507/2083 4573/4510/2062
f 4654/4509/2062 4655/4508/2083 4574/4507/2083
f 4406/4585/2084 4557/4586/2084 4558/4587/2084
f 4407/4588/2084 4406/4585/2084 4558/4587/2084
f 4622/4589/2084 4574/4590/2084 4554/4591/2084
f 4621/4592/2084 4574/4590/2084 4622/4589/2084
f 4408/4593/2084 4407/4588/2084 4558/4587/2084
f 4405/4594/2084 4557/4586/2084 4406/4585/2084
f 4477/4595/2084 4622/4589/2084 4554/4591/2084
f 4620/4596/2084 4574/4590/2084 4621/4592/2084
f 4409/4597/2084 4558/4587/2084 4559/4598/2084
f 4409/4597/2084 4408/4593/2084 4558/4587/2084
f 4404/4599/2084 4557/4586/2084 4405/4594/2084
f 4478/4600/2084 4477/4595/2084 4554/4591/2084
f 4619/4601/2084 4573/4602/2084 4574/4590/2084
f 4619/4601/2084 4574/4590/2084 4620/4596/2084
f 4410/4603/2084 4409/4597/2084 4559/4598/2084
f 4403/4604/2084 4576/4605/2084 4557/4586/2084
f 4403/4604/2084 4557/4586/2084 4404/4599/2084
f 4479/4606/2084 4554/4591/2084 4555/4607/2084
f 4479/4606/2084 4478/4600/2084 4554/4591/2084
f 4618/4608/2084 4573/4602/2084 4619/4601/2084
f 4411/4609/2084 4410/4603/2084 4559/4598/2084
f 4893/4610/2084 4576/4605/2084 4403/4604/2084
f 4480/4611/2084 4479/4606/2084 4555/4607/2084
f 4476/4612/2084 4573/4602/2084 4618/4608/2084
f 4412/4613/2084 4411/4609/2084 4559/4598/2084
f 4589/4614/2084 4575/4615/2084 4576/4605/2084
f 4589/4614/2084 4576/4605/2084 4893/4610/2084
f 4623/4616/2084 4555/4607/2084 4556/4617/2084
f 4623/4616/2084 4480/4611/2084 4555/4607/2084
f 4841/4618/2084 4573/4602/2084 4476/4612/2084
f 4413/4619/2084 4559/4598/2084 4577/4620/2084
f 4413/4619/2084 4412/4613/2084 4559/4598/2084
f 4840/4621/2084 4544/4622/2084 4573/4602/2084
f 4840/4621/2084 4573/4602/2084 4841/4618/2084
f 4414/4623/2084 4413/4619/2084 4577/4620/2084
f 4839/4624/2084 4544/4622/2084 4840/4621/2084
f 4415/4625/2084 4414/4623/2084 4577/4620/2084
f 4838/4626/2084 4544/4622/2084 4839/4624/2084
f 4416/4627/2084 4415/4625/2084 4577/4620/2084
f 4617/4628/2084 4544/4622/2084 4838/4626/2084
f 4767/4629/2084 4575/4615/2084 4589/4614/2084
f 4766/4630/2084 4556/4617/2084 4575/4615/2084
f 4766/4630/2084 4575/4615/2084 4767/4629/2084
f 4766/4630/2084 4623/4616/2084 4556/4617/2084
f 4628/4631/2084 4767/4629/2084 4589/4614/2084
f 4628/4631/2084 4588/4632/2084 4892/4633/2084
f 4628/4631/2084 4589/4614/2084 4588/4632/2084
f 4627/4634/2084 4623/4616/2084 4766/4630/2084
f 4627/4634/2084 4481/4635/2084 4623/4616/2084
f 4627/4634/2084 4482/4636/2084 4481/4635/2084
f 4560/4637/2084 4416/4627/2084 4577/4620/2084
f 4560/4637/2084 4417/4638/2084 4416/4627/2084
f 4560/4637/2084 4418/4639/2084 4417/4638/2084
f 4582/4640/2084 4544/4622/2084 4617/4628/2084
f 4582/4640/2084 4616/4641/2084 4615/4642/2084
f 4582/4640/2084 4617/4628/2084 4616/4641/2084
f 4419/4643/2084 4418/4639/2084 4560/4637/2084
f 4837/4644/2084 4582/4640/2084 4615/4642/2084
f 4629/4645/2084 4628/4631/2084 4892/4633/2084
f 4629/4645/2084 4891/4646/2084 4890/4647/2084
f 4629/4645/2084 4892/4633/2084 4891/4646/2084
f 4765/4648/2084 4482/4636/2084 4627/4634/2084
f 4765/4648/2084 4483/4649/2084 4482/4636/2084
f 4765/4648/2084 4484/4650/2084 4483/4649/2084
f 4768/4651/2084 4586/4652/2084 4889/4653/2084
f 4768/4651/2084 4587/4654/2084 4586/4652/2084
f 4768/4651/2084 4890/4647/2084 4587/4654/2084
f 4768/4651/2084 4629/4645/2084 4890/4647/2084
f 4626/4655/2084 4624/4656/2084 4484/4650/2084
f 4626/4655/2084 4625/4657/2084 4624/4656/2084
f 4626/4655/2084 4485/4658/2084 4625/4657/2084
f 4626/4655/2084 4484/4650/2084 4765/4648/2084
f 4769/4659/2084 4585/4660/2084 4888/4661/2084
f 4769/4659/2084 4889/4653/2084 4585/4660/2084
f 4769/4659/2084 4768/4651/2084 4889/4653/2084
f 4764/4662/2084 4611/4663/2084 4475/4664/2084
f 4764/4662/2084 4485/4658/2084 4626/4655/2084
f 4764/4662/2084 4475/4664/2084 4485/4658/2084
f 4561/4665/2084 4883/4666/2084 4882/4667/2084
f 4561/4665/2084 4419/4643/2084 4560/4637/2084
f 4561/4665/2084 4882/4667/2084 4419/4643/2084
f 4581/4668/2084 4614/4669/2084 4836/4670/2084
f 4581/4668/2084 4837/4644/2084 4614/4669/2084
f 4581/4668/2084 4582/4640/2084 4837/4644/2084
f 4770/4671/2084 4583/4672/2084 4887/4673/2084
f 4770/4671/2084 4584/4674/2084 4583/4672/2084
f 4770/4671/2084 4888/4661/2084 4584/4674/2084
f 4770/4671/2084 4769/4659/2084 4888/4661/2084
f 4531/4675/2084 4612/4676/2084 4611/4663/2084
f 4531/4675/2084 4832/4677/2084 4612/4676/2084
f 4531/4675/2084 4833/4678/2084 4832/4677/2084
f 4531/4675/2084 4611/4663/2084 4764/4662/2084
f 4630/4679/2084 4886/4680/2084 4885/4681/2084
f 4630/4679/2084 4887/4673/2084 4886/4680/2084
f 4630/4679/2084 4770/4671/2084 4887/4673/2084
f 4643/4682/2084 4833/4678/2084 4531/4675/2084
f 4643/4682/2084 4834/4683/2084 4833/4678/2084
f 4643/4682/2084 4835/4684/2084 4834/4683/2084
f 4631/4685/2084 4630/4679/2084 4885/4681/2084
f 4631/4685/2084 4884/4686/2084 4883/4666/2084
f 4631/4685/2084 4885/4681/2084 4884/4686/2084
f 4530/4687/2084 4835/4684/2084 4643/4682/2084
f 4530/4687/2084 4613/4688/2084 4835/4684/2084
f 4530/4687/2084 4836/4670/2084 4613/4688/2084
f 4562/4689/2084 4883/4666/2084 4561/4665/2084
f 4543/4690/2084 4581/4668/2084 4836/4670/2084
f 4632/4691/2084 4631/4685/2084 4883/4666/2084
f 4632/4691/2084 4883/4666/2084 4562/4689/2084
f 4642/4692/2084 4836/4670/2084 4530/4687/2084
f 4642/4692/2084 4543/4690/2084 4836/4670/2084
f 4529/4693/2084 4543/4690/2084 4642/4692/2084
f 4563/4694/2084 4632/4691/2084 4562/4689/2084
f 4563/4694/2084 4771/4695/2084 4632/4691/2084
f 4542/4696/2084 4543/4690/2084 4529/4693/2084
f 4432/4697/2084 4773/4698/2084 4633/4699/2084
f 4599/4700/2084 4432/4697/2084 4633/4699/2084
f 4450/4701/2084 4527/4702/2084 4526/4703/2084
f 4609/4704/2084 4527/4702/2084 4450/4701/2084
f 4431/4705/2084 4773/4698/2084 4432/4697/2084
f 4600/4706/2084 4599/4700/2084 4633/4699/2084
f 4600/4706/2084 4633/4699/2084 4772/4707/2084
f 4449/4708/2084 4528/4709/2084 4527/4702/2084
f 4449/4708/2084 4527/4702/2084 4609/4704/2084
f 4451/4710/2084 4450/4701/2084 4526/4703/2084
f 4601/4711/2084 4600/4706/2084 4772/4707/2084
f 4430/4712/2084 4773/4698/2084 4431/4705/2084
f 4608/4713/2084 4528/4709/2084 4449/4708/2084
f 4452/4714/2084 4451/4710/2084 4526/4703/2084
f 4602/4715/2084 4563/4694/2084 4564/4716/2084
f 4602/4715/2084 4771/4695/2084 4563/4694/2084
f 4602/4715/2084 4601/4711/2084 4772/4707/2084
f 4602/4715/2084 4772/4707/2084 4771/4695/2084
f 4598/4717/2084 4773/4698/2084 4430/4712/2084
f 4598/4717/2084 4755/4718/2084 4773/4698/2084
f 4453/4719/2084 4526/4703/2084 4641/4720/2084
f 4453/4719/2084 4452/4714/2084 4526/4703/2084
f 4607/4721/2084 4529/4693/2084 4528/4709/2084
f 4607/4721/2084 4541/4722/2084 4542/4696/2084
f 4607/4721/2084 4542/4696/2084 4529/4693/2084
f 4607/4721/2084 4528/4709/2084 4608/4713/2084
f 4603/4723/2084 4602/4715/2084 4564/4716/2084
f 4429/4724/2084 4755/4718/2084 4598/4717/2084
f 4454/4725/2084 4453/4719/2084 4641/4720/2084
f 4448/4726/2084 4541/4722/2084 4607/4721/2084
f 4604/4727/2084 4603/4723/2084 4564/4716/2084
f 4597/4728/2084 4755/4718/2084 4429/4724/2084
f 4597/4728/2084 4634/4729/2084 4755/4718/2084
f 4455/4730/2084 4641/4720/2084 4640/4731/2084
f 4455/4730/2084 4454/4725/2084 4641/4720/2084
f 4859/4732/2084 4541/4722/2084 4448/4726/2084
f 4565/4733/2084 4604/4727/2084 4564/4716/2084
f 4540/4734/2084 4541/4722/2084 4859/4732/2084
f 4433/4735/2084 4604/4727/2084 4565/4733/2084
f 4596/4736/2084 4634/4729/2084 4597/4728/2084
f 4456/4737/2084 4455/4730/2084 4640/4731/2084
f 4858/4738/2084 4540/4734/2084 4859/4732/2084
f 4434/4739/2084 4433/4735/2084 4565/4733/2084
f 4595/4740/2084 4634/4729/2084 4596/4736/2084
f 4457/4741/2084 4456/4737/2084 4640/4731/2084
f 4857/4742/2084 4540/4734/2084 4858/4738/2084
f 4435/4743/2084 4434/4739/2084 4565/4733/2084
f 4873/4744/2084 4634/4729/2084 4595/4740/2084
f 4873/4744/2084 4635/4745/2084 4634/4729/2084
f 4610/4746/2084 4640/4731/2084 4639/4747/2084
f 4610/4746/2084 4457/4741/2084 4640/4731/2084
f 4856/4748/2084 4540/4734/2084 4857/4742/2084
f 4872/4749/2084 4635/4745/2084 4873/4744/2084
f 4458/4750/2084 4610/4746/2084 4639/4747/2084
f 4871/4751/2084 4635/4745/2084 4872/4749/2084
f 4871/4751/2084 4636/4752/2084 4635/4745/2084
f 4459/4753/2084 4639/4747/2084 4638/4754/2084
f 4459/4753/2084 4458/4750/2084 4639/4747/2084
f 4594/4755/2084 4636/4752/2084 4871/4751/2084
f 4460/4756/2084 4459/4753/2084 4638/4754/2084
f 4578/4757/2084 4436/4758/2084 4435/4743/2084
f 4578/4757/2084 4437/4759/2084 4436/4758/2084
f 4578/4757/2084 4438/4760/2084 4437/4759/2084
f 4578/4757/2084 4435/4743/2084 4565/4733/2084
f 4539/4761/2084 4854/4762/2084 4853/4763/2084
f 4539/4761/2084 4855/4764/2084 4854/4762/2084
f 4539/4761/2084 4856/4748/2084 4855/4764/2084
f 4539/4761/2084 4540/4734/2084 4856/4748/2084
f 4593/4765/2084 4637/4766/2084 4636/4752/2084
f 4593/4765/2084 4636/4752/2084 4594/4755/2084
f 4461/4767/2084 4638/4754/2084 4525/4768/2084
f 4461/4767/2084 4460/4756/2084 4638/4754/2084
f 4552/4769/2084 4439/4770/2084 4438/4760/2084
f 4552/4769/2084 4428/4771/2084 4439/4770/2084
f 4552/4769/2084 4865/4772/2084 4428/4771/2084
f 4552/4769/2084 4866/4773/2084 4865/4772/2084
f 4552/4769/2084 4438/4760/2084 4578/4757/2084
f 4580/4774/2084 4850/4775/2084 4849/4776/2084
f 4580/4774/2084 4851/4777/2084 4850/4775/2084
f 4580/4774/2084 4852/4778/2084 4851/4777/2084
f 4580/4774/2084 4853/4763/2084 4852/4778/2084
f 4580/4774/2084 4539/4761/2084 4853/4763/2084
f 4532/4779/2084 4867/4780/2084 4866/4773/2084
f 4532/4779/2084 4590/4781/2084 4867/4780/2084
f 4532/4779/2084 4868/4782/2084 4590/4781/2084
f 4532/4779/2084 4866/4773/2084 4552/4769/2084
f 4538/4783/2084 4580/4774/2084 4849/4776/2084
f 4538/4783/2084 4848/4784/2084 4847/4785/2084
f 4538/4783/2084 4606/4786/2084 4848/4784/2084
f 4538/4783/2084 4849/4776/2084 4606/4786/2084
f 4533/4787/2084 4868/4782/2084 4532/4779/2084
f 4533/4787/2084 4591/4788/2084 4868/4782/2084
f 4533/4787/2084 4869/4789/2084 4591/4788/2084
f 4533/4787/2084 4870/4790/2084 4869/4789/2084
f 4537/4791/2084 4846/4792/2084 4845/4793/2084
f 4537/4791/2084 4605/4794/2084 4846/4792/2084
f 4537/4791/2084 4847/4785/2084 4605/4794/2084
f 4537/4791/2084 4538/4783/2084 4847/4785/2084
f 4536/4795/2084 4845/4793/2084 4447/4796/2084
f 4536/4795/2084 4537/4791/2084 4845/4793/2084
f 4536/4795/2084 4447/4796/2084 4461/4767/2084
f 4534/4797/2084 4870/4790/2084 4533/4787/2084
f 4534/4797/2084 4592/4798/2084 4870/4790/2084
f 4534/4797/2084 4593/4765/2084 4592/4798/2084
f 4535/4799/2084 4637/4766/2084 4593/4765/2084
f 4535/4799/2084 4593/4765/2084 4534/4797/2084
f 4579/4800/2084 4525/4768/2084 4637/4766/2084
f 4579/4800/2084 4536/4795/2084 4461/4767/2084
f 4579/4800/2084 4461/4767/2084 4525/4768/2084
f 4579/4800/2084 4637/4766/2084 4535/4799/2084
f 4421/4585/2085 4658/4587/2085 4569/4586/2085
f 4421/4585/2085 4422/4588/2085 4658/4587/2085
f 4486/4589/2085 4566/4591/2085 4655/4590/2085
f 4724/4592/2085 4486/4589/2085 4655/4590/2085
f 4423/4593/2085 4658/4587/2085 4422/4588/2085
f 4420/4594/2085 4421/4585/2085 4569/4586/2085
f 4487/4595/2085 4566/4591/2085 4486/4589/2085
f 4723/4596/2085 4724/4592/2085 4655/4590/2085
f 4668/4597/2085 4659/4598/2085 4658/4587/2085
f 4668/4597/2085 4658/4587/2085 4423/4593/2085
f 4667/4599/2085 4420/4594/2085 4569/4586/2085
f 4488/4600/2085 4566/4591/2085 4487/4595/2085
f 4722/4601/2085 4655/4590/2085 4654/4602/2085
f 4722/4601/2085 4723/4596/2085 4655/4590/2085
f 4669/4603/2085 4659/4598/2085 4668/4597/2085
f 4666/4604/2085 4569/4586/2085 4568/4605/2085
f 4666/4604/2085 4667/4599/2085 4569/4586/2085
f 4725/4606/2085 4656/4607/2085 4566/4591/2085
f 4725/4606/2085 4566/4591/2085 4488/4600/2085
f 4721/4608/2085 4722/4601/2085 4654/4602/2085
f 4424/4609/2085 4659/4598/2085 4669/4603/2085
f 4665/4610/2085 4666/4604/2085 4568/4605/2085
f 4489/4611/2085 4656/4607/2085 4725/4606/2085
f 4720/4612/2085 4721/4608/2085 4654/4602/2085
f 4670/4613/2085 4659/4598/2085 4424/4609/2085
f 4680/4614/2085 4568/4605/2085 4567/4615/2085
f 4680/4614/2085 4665/4610/2085 4568/4605/2085
f 4726/4616/2085 4657/4617/2085 4656/4607/2085
f 4726/4616/2085 4656/4607/2085 4489/4611/2085
f 4744/4618/2085 4720/4612/2085 4654/4602/2085
f 4425/4619/2085 4660/4620/2085 4659/4598/2085
f 4425/4619/2085 4659/4598/2085 4670/4613/2085
f 4905/4632/2085 4680/4614/2085 4567/4615/2085
f 4727/4635/2085 4657/4617/2085 4726/4616/2085
f 4844/4621/2085 4654/4602/2085 4551/4622/2085
f 4844/4621/2085 4744/4618/2085 4654/4602/2085
f 4671/4623/2085 4660/4620/2085 4425/4619/2085
f 4904/4633/2085 4567/4615/2085 4657/4617/2085
f 4904/4633/2085 4905/4632/2085 4567/4615/2085
f 4490/4636/2085 4904/4633/2085 4657/4617/2085
f 4490/4636/2085 4657/4617/2085 4727/4635/2085
f 4743/4624/2085 4844/4621/2085 4551/4622/2085
f 4672/4625/2085 4660/4620/2085 4671/4623/2085
f 4491/4649/2085 4904/4633/2085 4490/4636/2085
f 4491/4649/2085 4679/4646/2085 4904/4633/2085
f 4742/4626/2085 4743/4624/2085 4551/4622/2085
f 4426/4627/2085 4660/4620/2085 4672/4625/2085
f 4492/4650/2085 4678/4647/2085 4679/4646/2085
f 4492/4650/2085 4679/4646/2085 4491/4649/2085
f 4843/4628/2085 4742/4626/2085 4551/4622/2085
f 4661/4637/2085 4426/4627/2085 4673/4638/2085
f 4661/4637/2085 4673/4638/2085 4674/4639/2085
f 4661/4637/2085 4660/4620/2085 4426/4627/2085
f 4550/4640/2085 4741/4642/2085 4842/4641/2085
f 4550/4640/2085 4842/4641/2085 4843/4628/2085
f 4550/4640/2085 4843/4628/2085 4551/4622/2085
f 4675/4643/2085 4661/4637/2085 4674/4639/2085
f 4740/4644/2085 4741/4642/2085 4550/4640/2085
f 4570/4665/2085 4661/4637/2085 4675/4643/2085
f 4570/4665/2085 4675/4643/2085 4402/4667/2085
f 4570/4665/2085 4402/4667/2085 4894/4666/2085
f 4653/4668/2085 4740/4644/2085 4550/4640/2085
f 4653/4668/2085 4738/4670/2085 4739/4669/2085
f 4653/4668/2085 4739/4669/2085 4740/4644/2085
f 4504/4801/2085 4505/4802/2085 4678/4647/2085
f 4504/4801/2085 4678/4647/2085 4492/4650/2085
f 4506/4803/2085 4678/4647/2085 4505/4802/2085
f 4506/4803/2085 4677/4652/2085 4903/4654/2085
f 4506/4803/2085 4903/4654/2085 4678/4647/2085
f 4747/4804/2085 4504/4801/2085 4492/4650/2085
f 4747/4804/2085 4492/4650/2085 4728/4656/2085
f 4746/4805/2085 4728/4656/2085 4729/4657/2085
f 4746/4805/2085 4747/4804/2085 4728/4656/2085
f 4507/4806/2085 4677/4652/2085 4506/4803/2085
f 4508/4807/2085 4902/4653/2085 4677/4652/2085
f 4508/4807/2085 4677/4652/2085 4507/4806/2085
f 4745/4808/2085 4746/4805/2085 4729/4657/2085
f 4745/4808/2085 4729/4657/2085 4730/4658/2085
f 4509/4809/2085 4902/4653/2085 4508/4807/2085
f 4509/4809/2085 4901/4660/2085 4902/4653/2085
f 4831/4810/2085 4730/4658/2085 4474/4664/2085
f 4831/4810/2085 4745/4808/2085 4730/4658/2085
f 4662/4689/2085 4894/4666/2085 4895/4686/2085
f 4662/4689/2085 4895/4686/2085 4896/4681/2085
f 4662/4689/2085 4570/4665/2085 4894/4666/2085
f 4549/4690/2085 4736/4684/2085 4737/4688/2085
f 4549/4690/2085 4737/4688/2085 4738/4670/2085
f 4549/4690/2085 4738/4670/2085 4653/4668/2085
f 4748/4811/2085 4901/4660/2085 4509/4809/2085
f 4748/4811/2085 4900/4661/2085 4901/4660/2085
f 4830/4812/2085 4831/4810/2085 4474/4664/2085
f 4830/4812/2085 4474/4664/2085 4731/4663/2085
f 4510/4813/2085 4900/4661/2085 4748/4811/2085
f 4510/4813/2085 4676/4674/2085 4900/4661/2085
f 4829/4814/2085 4731/4663/2085 4732/4676/2085
f 4829/4814/2085 4830/4812/2085 4731/4663/2085
f 4749/4815/2085 4676/4674/2085 4510/4813/2085
f 4749/4815/2085 4898/4673/2085 4899/4672/2085
f 4749/4815/2085 4899/4672/2085 4676/4674/2085
f 4828/4816/2085 4829/4814/2085 4732/4676/2085
f 4828/4816/2085 4732/4676/2085 4733/4677/2085
f 4511/4817/2085 4898/4673/2085 4749/4815/2085
f 4827/4818/2085 4828/4816/2085 4733/4677/2085
f 4827/4818/2085 4733/4677/2085 4734/4678/2085
f 4512/4819/2085 4898/4673/2085 4511/4817/2085
f 4548/4696/2085 4736/4684/2085 4549/4690/2085
f 4441/4697/2085 4897/4680/2085 4898/4673/2085
f 4441/4697/2085 4898/4673/2085 4512/4819/2085
f 4684/4700/2085 4897/4680/2085 4441/4697/2085
f 4465/4704/2085 4826/4820/2085 4827/4818/2085
f 4465/4704/2085 4827/4818/2085 4734/4678/2085
f 4465/4704/2085 4734/4678/2085 4735/4683/2085
f 4465/4704/2085 4466/4701/2085 4826/4820/2085
f 4440/4705/2085 4441/4697/2085 4512/4819/2085
f 4440/4705/2085 4512/4819/2085 4513/4821/2085
f 4685/4706/2085 4662/4689/2085 4896/4681/2085
f 4685/4706/2085 4663/4694/2085 4662/4689/2085
f 4685/4706/2085 4897/4680/2085 4684/4700/2085
f 4685/4706/2085 4896/4681/2085 4897/4680/2085
f 4467/4710/2085 4825/4822/2085 4826/4820/2085
f 4467/4710/2085 4826/4820/2085 4466/4701/2085
f 4464/4708/2085 4736/4684/2085 4548/4696/2085
f 4464/4708/2085 4735/4683/2085 4736/4684/2085
f 4464/4708/2085 4465/4704/2085 4735/4683/2085
f 4683/4712/2085 4440/4705/2085 4513/4821/2085
f 4683/4712/2085 4513/4821/2085 4514/4823/2085
f 4442/4711/2085 4663/4694/2085 4685/4706/2085
f 4702/4713/2085 4464/4708/2085 4548/4696/2085
f 4468/4714/2085 4824/4824/2085 4825/4822/2085
f 4468/4714/2085 4825/4822/2085 4467/4710/2085
f 4443/4715/2085 4664/4716/2085 4663/4694/2085
f 4443/4715/2085 4663/4694/2085 4442/4711/2085
f 4682/4717/2085 4683/4712/2085 4514/4823/2085
f 4682/4717/2085 4514/4823/2085 4750/4825/2085
f 4703/4719/2085 4822/4826/2085 4823/4827/2085
f 4703/4719/2085 4823/4827/2085 4824/4824/2085
f 4703/4719/2085 4824/4824/2085 4468/4714/2085
f 4463/4721/2085 4548/4696/2085 4652/4722/2085
f 4463/4721/2085 4702/4713/2085 4548/4696/2085
f 4686/4723/2085 4664/4716/2085 4443/4715/2085
f 4681/4724/2085 4682/4717/2085 4750/4825/2085
f 4681/4724/2085 4750/4825/2085 4751/4828/2085
f 4469/4725/2085 4822/4826/2085 4703/4719/2085
f 4462/4726/2085 4463/4721/2085 4652/4722/2085
f 4444/4727/2085 4664/4716/2085 4686/4723/2085
f 4701/4728/2085 4681/4724/2085 4751/4828/2085
f 4701/4728/2085 4751/4828/2085 4752/4829/2085
f 4470/4730/2085 4821/4830/2085 4822/4826/2085
f 4470/4730/2085 4822/4826/2085 4469/4725/2085
f 4719/4732/2085 4462/4726/2085 4652/4722/2085
f 4571/4733/2085 4664/4716/2085 4444/4727/2085
f 4651/4734/2085 4719/4732/2085 4652/4722/2085
f 4687/4735/2085 4571/4733/2085 4444/4727/2085
f 4700/4736/2085 4701/4728/2085 4752/4829/2085
f 4700/4736/2085 4752/4829/2085 4816/4831/2085
f 4471/4737/2085 4819/4832/2085 4820/4833/2085
f 4471/4737/2085 4820/4833/2085 4821/4830/2085
f 4471/4737/2085 4821/4830/2085 4470/4730/2085
f 4718/4738/2085 4719/4732/2085 4651/4734/2085
f 4688/4739/2085 4571/4733/2085 4687/4735/2085
f 4699/4740/2085 4700/4736/2085 4816/4831/2085
f 4699/4740/2085 4816/4831/2085 4817/4834/2085
f 4472/4741/2085 4819/4832/2085 4471/4737/2085
f 4717/4742/2085 4718/4738/2085 4651/4734/2085
f 4689/4743/2085 4571/4733/2085 4688/4739/2085
f 4698/4744/2085 4817/4834/2085 4818/4835/2085
f 4698/4744/2085 4699/4740/2085 4817/4834/2085
f 4473/4746/2085 4818/4835/2085 4753/4836/2085
f 4473/4746/2085 4753/4836/2085 4819/4832/2085
f 4473/4746/2085 4819/4832/2085 4472/4741/2085
f 4864/4748/2085 4717/4742/2085 4651/4734/2085
f 4881/4749/2085 4698/4744/2085 4818/4835/2085
f 4704/4750/2085 4881/4749/2085 4818/4835/2085
f 4704/4750/2085 4818/4835/2085 4473/4746/2085
f 4705/4753/2085 4697/4751/2085 4881/4749/2085
f 4705/4753/2085 4881/4749/2085 4704/4750/2085
f 4572/4757/2085 4571/4733/2085 4689/4743/2085
f 4572/4757/2085 4689/4743/2085 4690/4758/2085
f 4572/4757/2085 4690/4758/2085 4445/4759/2085
f 4572/4757/2085 4445/4759/2085 4691/4760/2085
f 4547/4761/2085 4862/4763/2085 4716/4762/2085
f 4547/4761/2085 4716/4762/2085 4863/4764/2085
f 4547/4761/2085 4863/4764/2085 4864/4748/2085
f 4547/4761/2085 4864/4748/2085 4651/4734/2085
f 4546/4774/2085 4712/4776/2085 4713/4775/2085
f 4546/4774/2085 4713/4775/2085 4714/4777/2085
f 4546/4774/2085 4714/4777/2085 4715/4778/2085
f 4546/4774/2085 4715/4778/2085 4862/4763/2085
f 4546/4774/2085 4862/4763/2085 4547/4761/2085
f 4553/4769/2085 4572/4757/2085 4691/4760/2085
f 4553/4769/2085 4691/4760/2085 4692/4770/2085
f 4553/4769/2085 4692/4770/2085 4427/4771/2085
f 4553/4769/2085 4427/4771/2085 4874/4772/2085
f 4553/4769/2085 4874/4772/2085 4875/4773/2085
f 4644/4779/2085 4553/4769/2085 4875/4773/2085
f 4644/4779/2085 4875/4773/2085 4876/4780/2085
f 4644/4779/2085 4876/4780/2085 4877/4781/2085
f 4644/4779/2085 4877/4781/2085 4878/4782/2085
f 4650/4783/2085 4712/4776/2085 4546/4774/2085
f 4650/4783/2085 4709/4785/2085 4710/4784/2085
f 4650/4783/2085 4710/4784/2085 4711/4786/2085
f 4650/4783/2085 4711/4786/2085 4712/4776/2085
f 4649/4791/2085 4860/4793/2085 4708/4792/2085
f 4649/4791/2085 4708/4792/2085 4861/4794/2085
f 4649/4791/2085 4861/4794/2085 4709/4785/2085
f 4649/4791/2085 4709/4785/2085 4650/4783/2085
f 4645/4787/2085 4644/4779/2085 4878/4782/2085
f 4645/4787/2085 4878/4782/2085 4879/4788/2085
f 4645/4787/2085 4879/4788/2085 4880/4789/2085
f 4645/4787/2085 4880/4789/2085 4693/4790/2085
f 4646/4797/2085 4645/4787/2085 4693/4790/2085
f 4646/4797/2085 4693/4790/2085 4694/4798/2085
f 4646/4797/2085 4694/4798/2085 4695/4765/2085
f 4648/4795/2085 4860/4793/2085 4649/4791/2085
f 4648/4795/2085 4707/4767/2085 4446/4796/2085
f 4648/4795/2085 4446/4796/2085 4860/4793/2085
f 4647/4799/2085 4695/4765/2085 4696/4755/2085
f 4647/4799/2085 4696/4755/2085 4697/4751/2085
f 4647/4799/2085 4646/4797/2085 4695/4765/2085
f 4647/4799/2085 4697/4751/2085 4705/4753/2085
f 4545/4800/2085 4707/4767/2085 4648/4795/2085
f 4545/4800/2085 4705/4753/2085 4706/4756/2085
f 4545/4800/2085 4706/4756/2085 4707/4767/2085
f 4545/4800/2085 4647/4799/2085 4705/4753/2085
f 4773/4837/2065 4755/4566/2045 4754/4474/2045
f 4773/4837/2065 4754/4474/2045 4783/4476/2066
f 4633/4838/2067 4782/4478/2067 4763/4480/2068
f 4633/4838/2067 4783/4476/2066 4782/4478/2067
f 4633/4838/2067 4773/4837/2065 4783/4476/2066
f 4772/4839/2068 4633/4838/2067 4763/4480/2068
f 4771/4840/2069 4763/4480/2068 4781/4482/2069
f 4771/4840/2069 4772/4839/2068 4763/4480/2068
f 4632/4841/2070 4781/4482/2069 4780/4483/2070
f 4632/4841/2070 4771/4840/2069 4781/4482/2069
f 4631/4842/2071 4780/4483/2070 4762/4485/2071
f 4631/4842/2071 4632/4841/2070 4780/4483/2070
f 4630/4843/2072 4761/4487/2072 4779/4490/2073
f 4630/4843/2072 4762/4485/2071 4761/4487/2072
f 4630/4843/2072 4631/4842/2071 4762/4485/2071
f 4770/4844/2073 4630/4843/2072 4779/4490/2073
f 4769/4845/2074 4779/4490/2073 4760/4491/2074
f 4769/4845/2074 4770/4844/2073 4779/4490/2073
f 4768/4846/2075 4760/4491/2074 4778/4494/2076
f 4768/4846/2075 4769/4845/2074 4760/4491/2074
f 4629/4847/2077 4778/4494/2076 4759/4496/2077
f 4629/4847/2077 4768/4846/2075 4778/4494/2076
f 4628/4848/2078 4777/4497/2078 4758/4500/2079
f 4628/4848/2078 4759/4496/2077 4777/4497/2078
f 4628/4848/2078 4629/4847/2077 4759/4496/2077
f 4767/4849/2079 4628/4848/2078 4758/4500/2079
f 4766/4850/2080 4767/4849/2079 4758/4500/2079
f 4766/4850/2080 4758/4500/2079 4776/4502/2080
f 4627/4851/2081 4776/4502/2080 4757/4504/2081
f 4627/4851/2081 4766/4850/2080 4776/4502/2080
f 4765/4852/2082 4757/4504/2081 4775/4506/2082
f 4765/4852/2082 4627/4851/2081 4757/4504/2081
f 4626/4853/2083 4775/4506/2082 4774/4507/2083
f 4626/4853/2083 4765/4852/2082 4775/4506/2082
f 4764/4854/2062 4774/4507/2083 4756/4510/2062
f 4764/4854/2062 4626/4853/2083 4774/4507/2083
f 4495/4801/2084 4776/4630/2084 4758/4629/2084
f 4495/4801/2084 4758/4629/2084 4496/4802/2084
f 4798/4803/2084 4758/4629/2084 4777/4631/2084
f 4798/4803/2084 4496/4802/2084 4758/4629/2084
f 4797/4804/2084 4757/4634/2084 4776/4630/2084
f 4797/4804/2084 4776/4630/2084 4495/4801/2084
f 4799/4806/2084 4777/4631/2084 4759/4645/2084
f 4799/4806/2084 4798/4803/2084 4777/4631/2084
f 4796/4805/2084 4775/4648/2084 4757/4634/2084
f 4796/4805/2084 4757/4634/2084 4797/4804/2084
f 4497/4807/2084 4759/4645/2084 4778/4651/2084
f 4497/4807/2084 4799/4806/2084 4759/4645/2084
f 4494/4808/2084 4774/4655/2084 4775/4648/2084
f 4494/4808/2084 4775/4648/2084 4796/4805/2084
f 4800/4809/2084 4778/4651/2084 4760/4659/2084
f 4800/4809/2084 4497/4807/2084 4778/4651/2084
f 4795/4810/2084 4756/4662/2084 4774/4655/2084
f 4795/4810/2084 4774/4655/2084 4494/4808/2084
f 4801/4811/2084 4760/4659/2084 4779/4671/2084
f 4801/4811/2084 4800/4809/2084 4760/4659/2084
f 4794/4812/2084 4756/4662/2084 4795/4810/2084
f 4794/4812/2084 4524/4675/2084 4756/4662/2084
f 4498/4813/2084 4779/4671/2084 4761/4679/2084
f 4498/4813/2084 4801/4811/2084 4779/4671/2084
f 4815/4814/2084 4524/4675/2084 4794/4812/2084
f 4815/4814/2084 4523/4682/2084 4524/4675/2084
f 4802/4815/2084 4761/4679/2084 4762/4685/2084
f 4802/4815/2084 4498/4813/2084 4761/4679/2084
f 4814/4816/2084 4521/4692/2084 4522/4687/2084
f 4814/4816/2084 4522/4687/2084 4523/4682/2084
f 4814/4816/2084 4523/4682/2084 4815/4814/2084
f 4499/4817/2084 4762/4685/2084 4780/4691/2084
f 4499/4817/2084 4802/4815/2084 4762/4685/2084
f 4793/4818/2084 4521/4692/2084 4814/4816/2084
f 4781/4695/2084 4499/4817/2084 4780/4691/2084
f 4781/4695/2084 4500/4819/2084 4499/4817/2084
f 4790/4693/2084 4521/4692/2084 4793/4818/2084
f 4790/4693/2084 4793/4818/2084 4813/4820/2084
f 4763/4707/2084 4500/4819/2084 4781/4695/2084
f 4763/4707/2084 4501/4821/2084 4500/4819/2084
f 4520/4709/2084 4813/4820/2084 4812/4822/2084
f 4520/4709/2084 4790/4693/2084 4813/4820/2084
f 4782/4699/2084 4501/4821/2084 4763/4707/2084
f 4782/4699/2084 4502/4823/2084 4501/4821/2084
f 4519/4702/2084 4812/4822/2084 4811/4824/2084
f 4519/4702/2084 4520/4709/2084 4812/4822/2084
f 4783/4698/2084 4503/4825/2084 4502/4823/2084
f 4783/4698/2084 4502/4823/2084 4782/4699/2084
f 4518/4703/2084 4811/4824/2084 4810/4827/2084
f 4518/4703/2084 4519/4702/2084 4811/4824/2084
f 4754/4718/2084 4493/4828/2084 4503/4825/2084
f 4754/4718/2084 4503/4825/2084 4783/4698/2084
f 4517/4720/2084 4809/4826/2084 4808/4830/2084
f 4517/4720/2084 4810/4827/2084 4809/4826/2084
f 4517/4720/2084 4518/4703/2084 4810/4827/2084
f 4515/4729/2084 4803/4829/2084 4493/4828/2084
f 4515/4729/2084 4791/4831/2084 4803/4829/2084
f 4515/4729/2084 4493/4828/2084 4754/4718/2084
f 4516/4731/2084 4808/4830/2084 4792/4833/2084
f 4516/4731/2084 4517/4720/2084 4808/4830/2084
f 4789/4747/2084 4516/4731/2084 4792/4833/2084
f 4789/4747/2084 4792/4833/2084 4807/4832/2084
f 4784/4745/2084 4791/4831/2084 4515/4729/2084
f 4785/4752/2084 4791/4831/2084 4784/4745/2084
f 4785/4752/2084 4804/4834/2084 4791/4831/2084
f 4785/4752/2084 4805/4835/2084 4804/4834/2084
f 4788/4754/2084 4789/4747/2084 4807/4832/2084
f 4786/4766/2084 4805/4835/2084 4785/4752/2084
f 4787/4768/2084 4788/4754/2084 4807/4832/2084
f 4787/4768/2084 4805/4835/2084 4786/4766/2084
f 4787/4768/2084 4806/4836/2084 4805/4835/2084
f 4787/4768/2084 4807/4832/2084 4806/4836/2084
f 4803/4855/2083 4751/4531/2062 4493/4856/2062
f 4803/4855/2083 4752/4532/2083 4751/4531/2062
f 4791/4857/2082 4816/4535/2082 4752/4532/2083
f 4791/4857/2082 4752/4532/2083 4803/4855/2083
f 4804/4858/2081 4817/4537/2081 4816/4535/2082
f 4804/4858/2081 4816/4535/2082 4791/4857/2082
f 4805/4859/2080 4818/4539/2080 4817/4537/2081
f 4805/4859/2080 4753/4540/2079 4818/4539/2080
f 4805/4859/2080 4817/4537/2081 4804/4858/2081
f 4806/4860/2079 4753/4540/2079 4805/4859/2080
f 4807/4861/2078 4819/4543/2078 4753/4540/2079
f 4807/4861/2078 4820/4545/2077 4819/4543/2078
f 4807/4861/2078 4753/4540/2079 4806/4860/2079
f 4792/4862/2077 4820/4545/2077 4807/4861/2078
f 4808/4863/2076 4821/4547/2076 4820/4545/2077
f 4808/4863/2076 4820/4545/2077 4792/4862/2077
f 4809/4864/2074 4822/4549/2074 4821/4547/2076
f 4809/4864/2074 4823/4551/2073 4822/4549/2074
f 4809/4864/2074 4821/4547/2076 4808/4863/2076
f 4810/4865/2073 4823/4551/2073 4809/4864/2074
f 4811/4866/2072 4824/4553/2072 4823/4551/2073
f 4811/4866/2072 4823/4551/2073 4810/4865/2073
f 4812/4867/2071 4825/4555/2071 4824/4553/2072
f 4812/4867/2071 4824/4553/2072 4811/4866/2072
f 4813/4868/2070 4826/4556/2070 4825/4555/2071
f 4813/4868/2070 4825/4555/2071 4812/4867/2071
f 4793/4869/2069 4827/4559/2069 4826/4556/2070
f 4793/4869/2069 4826/4556/2070 4813/4868/2070
f 4814/4870/2068 4827/4559/2069 4793/4869/2069
f 4814/4870/2068 4828/4561/2068 4827/4559/2069
f 4815/4871/2067 4828/4561/2068 4814/4870/2068
f 4815/4871/2067 4829/4563/2067 4828/4561/2068
f 4794/4872/2066 4829/4563/2067 4815/4871/2067
f 4794/4872/2066 4830/4565/2066 4829/4563/2067
f 4795/4512/2045 4830/4565/2066 4794/4872/2066
f 4795/4512/2045 4831/4474/2045 4830/4565/2066
f 4611/4567/2083 4474/4531/2062 4475/4568/2062
f 4611/4567/2083 4731/4532/2083 4474/4531/2062
f 4612/4569/2082 4732/4535/2082 4731/4532/2083
f 4612/4569/2082 4731/4532/2083 4611/4567/2083
f 4832/4570/2081 4733/4537/2081 4732/4535/2082
f 4832/4570/2081 4732/4535/2082 4612/4569/2082
f 4833/4571/2080 4734/4539/2080 4733/4537/2081
f 4833/4571/2080 4733/4537/2081 4832/4570/2081
f 4834/4572/2079 4735/4540/2079 4734/4539/2080
f 4834/4572/2079 4734/4539/2080 4833/4571/2080
f 4835/4573/2078 4736/4543/2078 4735/4540/2079
f 4835/4573/2078 4735/4540/2079 4834/4572/2079
f 4613/4574/2077 4737/4545/2077 4736/4543/2078
f 4613/4574/2077 4736/4543/2078 4835/4573/2078
f 4836/4575/2076 4738/4547/2076 4737/4545/2077
f 4836/4575/2076 4737/4545/2077 4613/4574/2077
f 4614/4576/2074 4739/4549/2074 4738/4547/2076
f 4614/4576/2074 4738/4547/2076 4836/4575/2076
f 4837/4577/2073 4740/4551/2073 4739/4549/2074
f 4837/4577/2073 4741/4553/2072 4740/4551/2073
f 4837/4577/2073 4739/4549/2074 4614/4576/2074
f 4615/4578/2072 4741/4553/2072 4837/4577/2073
f 4616/4579/2071 4842/4555/2071 4741/4553/2072
f 4616/4579/2071 4741/4553/2072 4615/4578/2072
f 4617/4580/2070 4843/4556/2070 4842/4555/2071
f 4617/4580/2070 4742/4559/2069 4843/4556/2070
f 4617/4580/2070 4842/4555/2071 4616/4579/2071
f 4838/4581/2069 4742/4559/2069 4617/4580/2070
f 4839/4582/2068 4742/4559/2069 4838/4581/2069
f 4839/4582/2068 4743/4561/2068 4742/4559/2069
f 4840/4583/2067 4743/4561/2068 4839/4582/2068
f 4840/4583/2067 4844/4563/2067 4743/4561/2068
f 4841/4584/2066 4844/4563/2067 4840/4583/2067
f 4841/4584/2066 4744/4565/2066 4844/4563/2067
f 4476/4475/2045 4744/4565/2066 4841/4584/2066
f 4476/4475/2045 4720/4474/2045 4744/4565/2066
f 4845/4567/2083 4446/4531/2062 4447/4568/2062
f 4845/4567/2083 4860/4532/2083 4446/4531/2062
f 4846/4569/2082 4708/4535/2082 4860/4532/2083
f 4846/4569/2082 4860/4532/2083 4845/4567/2083
f 4605/4570/2081 4861/4537/2081 4708/4535/2082
f 4605/4570/2081 4708/4535/2082 4846/4569/2082
f 4847/4571/2080 4709/4539/2080 4861/4537/2081
f 4847/4571/2080 4861/4537/2081 4605/4570/2081
f 4848/4572/2079 4710/4540/2079 4709/4539/2080
f 4848/4572/2079 4709/4539/2080 4847/4571/2080
f 4606/4573/2078 4711/4543/2078 4710/4540/2079
f 4606/4573/2078 4710/4540/2079 4848/4572/2079
f 4849/4574/2077 4712/4545/2077 4711/4543/2078
f 4849/4574/2077 4711/4543/2078 4606/4573/2078
f 4850/4575/2076 4713/4547/2076 4712/4545/2077
f 4850/4575/2076 4712/4545/2077 4849/4574/2077
f 4851/4576/2074 4714/4549/2074 4713/4547/2076
f 4851/4576/2074 4713/4547/2076 4850/4575/2076
f 4852/4577/2073 4715/4551/2073 4714/4549/2074
f 4852/4577/2073 4862/4553/2072 4715/4551/2073
f 4852/4577/2073 4714/4549/2074 4851/4576/2074
f 4853/4578/2072 4862/4553/2072 4852/4577/2073
f 4854/4579/2071 4716/4555/2071 4862/4553/2072
f 4854/4579/2071 4862/4553/2072 4853/4578/2072
f 4855/4580/2070 4863/4556/2070 4716/4555/2071
f 4855/4580/2070 4864/4559/2069 4863/4556/2070
f 4855/4580/2070 4716/4555/2071 4854/4579/2071
f 4856/4581/2069 4864/4559/2069 4855/4580/2070
f 4857/4582/2068 4864/4559/2069 4856/4581/2069
f 4857/4582/2068 4717/4561/2068 4864/4559/2069
f 4858/4583/2067 4717/4561/2068 4857/4582/2068
f 4858/4583/2067 4718/4563/2067 4717/4561/2068
f 4859/4584/2066 4718/4563/2067 4858/4583/2067
f 4859/4584/2066 4719/4565/2066 4718/4563/2067
f 4448/4475/2045 4719/4565/2066 4859/4584/2066
f 4448/4475/2045 4462/4474/2045 4719/4565/2066
f 4865/4567/2083 4427/4531/2062 4428/4568/2062
f 4865/4567/2083 4874/4532/2083 4427/4531/2062
f 4866/4569/2082 4875/4535/2082 4874/4532/2083
f 4866/4569/2082 4874/4532/2083 4865/4567/2083
f 4867/4570/2081 4876/4537/2081 4875/4535/2082
f 4867/4570/2081 4875/4535/2082 4866/4569/2082
f 4590/4571/2080 4877/4539/2080 4876/4537/2081
f 4590/4571/2080 4876/4537/2081 4867/4570/2081
f 4868/4572/2079 4878/4540/2079 4877/4539/2080
f 4868/4572/2079 4877/4539/2080 4590/4571/2080
f 4591/4573/2078 4879/4543/2078 4878/4540/2079
f 4591/4573/2078 4878/4540/2079 4868/4572/2079
f 4869/4574/2077 4880/4545/2077 4879/4543/2078
f 4869/4574/2077 4879/4543/2078 4591/4573/2078
f 4870/4575/2076 4693/4547/2076 4880/4545/2077
f 4870/4575/2076 4880/4545/2077 4869/4574/2077
f 4592/4576/2074 4694/4549/2074 4693/4547/2076
f 4592/4576/2074 4693/4547/2076 4870/4575/2076
f 4593/4577/2073 4695/4551/2073 4694/4549/2074
f 4593/4577/2073 4696/4553/2072 4695/4551/2073
f 4593/4577/2073 4694/4549/2074 4592/4576/2074
f 4594/4578/2072 4696/4553/2072 4593/4577/2073
f 4871/4579/2071 4697/4555/2071 4696/4553/2072
f 4871/4579/2071 4696/4553/2072 4594/4578/2072
f 4872/4580/2070 4881/4556/2070 4697/4555/2071
f 4872/4580/2070 4698/4559/2069 4881/4556/2070
f 4872/4580/2070 4697/4555/2071 4871/4579/2071
f 4873/4581/2069 4698/4559/2069 4872/4580/2070
f 4595/4582/2068 4698/4559/2069 4873/4581/2069
f 4595/4582/2068 4699/4561/2068 4698/4559/2069
f 4596/4583/2067 4699/4561/2068 4595/4582/2068
f 4596/4583/2067 4700/4563/2067 4699/4561/2068
f 4597/4584/2066 4700/4563/2067 4596/4583/2067
f 4597/4584/2066 4701/4565/2066 4700/4563/2067
f 4429/4475/2045 4701/4565/2066 4597/4584/2066
f 4429/4475/2045 4681/4474/2045 4701/4565/2066
f 4883/4567/2083 4402/4531/2062 4882/4568/2062
f 4883/4567/2083 4894/4532/2083 4402/4531/2062
f 4884/4569/2082 4895/4535/2082 4894/4532/2083
f 4884/4569/2082 4894/4532/2083 4883/4567/2083
f 4885/4570/2081 4896/4537/2081 4895/4535/2082
f 4885/4570/2081 4895/4535/2082 4884/4569/2082
f 4886/4571/2080 4897/4539/2080 4896/4537/2081
f 4886/4571/2080 4896/4537/2081 4885/4570/2081
f 4887/4572/2079 4898/4540/2079 4897/4539/2080
f 4887/4572/2079 4897/4539/2080 4886/4571/2080
f 4583/4573/2078 4899/4543/2078 4898/4540/2079
f 4583/4573/2078 4898/4540/2079 4887/4572/2079
f 4584/4574/2077 4676/4545/2077 4899/4543/2078
f 4584/4574/2077 4899/4543/2078 4583/4573/2078
f 4888/4575/2076 4900/4547/2076 4676/4545/2077
f 4888/4575/2076 4676/4545/2077 4584/4574/2077
f 4585/4576/2074 4901/4549/2074 4900/4547/2076
f 4585/4576/2074 4900/4547/2076 4888/4575/2076
f 4889/4577/2073 4902/4551/2073 4901/4549/2074
f 4889/4577/2073 4677/4553/2072 4902/4551/2073
f 4889/4577/2073 4901/4549/2074 4585/4576/2074
f 4586/4578/2072 4677/4553/2072 4889/4577/2073
f 4587/4579/2071 4903/4555/2071 4677/4553/2072
f 4587/4579/2071 4677/4553/2072 4586/4578/2072
f 4890/4580/2070 4678/4556/2070 4903/4555/2071
f 4890/4580/2070 4679/4559/2069 4678/4556/2070
f 4890/4580/2070 4903/4555/2071 4587/4579/2071
f 4891/4581/2069 4679/4559/2069 4890/4580/2070
f 4892/4582/2068 4679/4559/2069 4891/4581/2069
f 4892/4582/2068 4904/4561/2068 4679/4559/2069
f 4588/4583/2067 4904/4561/2068 4892/4582/2068
f 4588/4583/2067 4905/4563/2067 4904/4561/2068
f 4589/4584/2066 4905/4563/2067 4588/4583/2067
f 4589/4584/2066 4680/4565/2066 4905/4563/2067
f 4893/4475/2045 4680/4565/2066 4589/4584/2066
f 4893/4475/2045 4665/4474/2045 4680/4565/2066
