# Blender 4.3.2
# www.blender.org
mtllib xarm-sbase.mtl
o Servo_6
v -31.450001 8.049996 45.057499
v -30.540674 8.574998 19.557501
v -30.924999 10.009323 45.057499
v -30.415953 9.282328 45.057499
v -30.400000 9.099997 45.057499
v -30.415953 8.917665 45.057499
v -30.540674 8.574996 45.057499
v -30.645653 8.425069 45.057499
v -30.775072 8.295650 45.057499
v -30.924999 8.190669 45.057499
v -31.450001 -10.150003 45.057499
v -30.924999 -8.190675 19.557501
v -30.645653 -8.425075 19.557501
v -30.415953 -8.917671 19.557501
v -30.400000 -9.100002 19.557501
v -30.645653 -9.774929 19.557501
v -30.924999 -10.009329 19.557501
v -31.090879 -10.086679 19.557501
v -31.267670 -10.134050 19.557501
v -31.090879 -8.113327 45.057499
v -30.924999 -8.190677 45.057499
v -30.540674 -8.575004 45.057499
v -30.463324 -8.740883 45.057499
v -30.415953 -8.917673 45.057499
v -30.400000 -9.100004 45.057499
v -30.415953 -9.282335 45.057499
v -30.463324 -9.459125 45.057499
v -30.645653 -9.774931 45.057499
v -30.775072 -9.904350 45.057499
v -30.924999 -10.009331 45.057499
v -31.090879 -10.086681 45.057499
v -31.267670 -10.134052 45.057499
v 8.750000 -10.150003 45.057499
v 8.750000 -8.050002 19.557501
v 8.932330 -8.065954 19.557501
v 9.109121 -8.113325 19.557501
v 9.275000 -8.190675 19.557501
v 9.554347 -8.425075 19.557501
v 9.800000 -9.100002 19.557501
v 9.784048 -9.282333 19.557501
v 9.736677 -9.459123 19.557501
v 9.659327 -9.625002 19.557501
v 9.424927 -9.904348 19.557501
v 9.275000 -10.009329 19.557501
v 8.932330 -10.134050 19.557501
v 9.275000 -8.190677 45.057499
v 9.554347 -8.425076 45.057499
v 9.659327 -8.575004 45.057499
v 9.736677 -8.740883 45.057499
v 9.784048 -8.917673 45.057499
v 9.659327 -9.625004 45.057499
v 9.554347 -9.774931 45.057499
v 9.424927 -9.904350 45.057499
v 9.275000 -10.009331 45.057499
v 9.109121 -10.086681 45.057499
v 8.932330 -10.134052 45.057499
v 8.932330 10.134047 19.557501
v 9.424927 9.904345 19.557501
v 9.659327 9.624998 19.557501
v 9.784048 9.282330 19.557501
v 9.784048 8.917667 19.557501
v 9.659327 8.574998 19.557501
v 9.275000 8.190671 19.557501
v 8.750000 10.149996 45.057499
v 8.932330 10.134045 45.057499
v 9.109121 10.086674 45.057499
v 9.275000 10.009323 45.057499
v 9.736677 9.459117 45.057499
v 9.784048 9.282328 45.057499
v 9.800000 9.099997 45.057499
v 9.784048 8.917665 45.057499
v -2.600000 -4.503335 46.557499
v -3.342496 -3.983435 46.557499
v -3.983431 -3.342499 46.557499
v -4.503332 -2.600003 46.557499
v -5.121000 0.902968 46.557499
v -3.983431 3.342492 46.557499
v -3.342496 3.983428 46.557499
v 0.000000 -5.000003 46.357498
v -0.868241 4.924036 46.357498
v -1.710101 4.698460 46.357498
v -3.213938 3.830218 46.357498
v -4.330127 2.499996 46.357498
v -4.924039 0.868237 46.357498
v -5.000000 -0.000003 46.357498
v -4.924039 -0.868245 46.357498
v -4.698463 -1.710104 46.357498
v -3.830222 -3.213942 46.357498
v -3.213938 -3.830225 46.357498
v -2.500000 -4.330130 46.357498
v -0.868241 -4.924042 46.357498
v 0.000000 5.099997 46.530704
v 0.000000 5.026792 46.457500
v -0.885606 5.022517 46.530704
v -0.872894 4.950424 46.457500
v -1.744303 4.792428 46.530704
v -1.719265 4.723639 46.457500
v -2.550000 4.416726 46.530704
v -2.513397 4.353329 46.457500
v -3.278217 3.906823 46.530704
v -3.231162 3.850744 46.457500
v -3.906827 3.278214 46.530704
v -3.850748 3.231158 46.457500
v -4.416729 2.549996 46.530704
v -4.353332 2.513393 46.457500
v -4.792432 1.744300 46.530704
v -4.723642 1.719262 46.457500
v -5.022520 0.885602 46.530704
v -4.950427 0.872890 46.457500
v -5.100000 -0.000004 46.530704
v -5.026795 -0.000004 46.457500
v -5.022520 -0.885610 46.530704
v -4.950427 -0.872898 46.457500
v -4.792432 -1.744306 46.530704
v -4.723642 -1.719268 46.457500
v -4.416729 -2.550004 46.530704
v -4.353332 -2.513401 46.457500
v -3.906827 -3.278221 46.530704
v -3.850748 -3.231166 46.457500
v -3.278217 -3.906831 46.530704
v -3.231162 -3.850752 46.457500
v -2.550000 -4.416732 46.530704
v -2.513397 -4.353335 46.457500
v -1.744303 -4.792435 46.530704
v -1.719265 -4.723645 46.457500
v -0.885606 -5.022523 46.530704
v -0.872894 -4.950430 46.457500
v -6.700034 -6.803119 46.557499
v -6.113899 -7.102342 46.557499
v -5.863162 -7.316995 46.557499
v -5.477168 -7.850003 46.557499
v -7.350000 -6.912135 46.469631
v -7.350000 -7.000003 46.257500
v -6.075567 -7.528854 46.257500
v -7.067959 -7.022236 46.257500
v -5.724349 -7.975388 46.372307
v -5.742139 -7.635623 46.534664
v -5.820967 -7.692708 46.469631
v -5.873638 -7.730850 46.372307
v -5.944446 -7.398070 46.534664
v -6.013355 -7.466802 46.469631
v -6.059399 -7.512726 46.372307
v -6.181475 -7.195151 46.534664
v -6.238764 -7.273832 46.469631
v -6.277043 -7.326405 46.372307
v -6.447372 -7.031879 46.534664
v -6.491624 -7.118564 46.469631
v -6.521193 -7.176486 46.372307
v -6.735567 -6.912287 46.534664
v -6.765690 -7.004835 46.469631
v -6.785819 -7.066673 46.372307
v -7.038941 -6.839329 46.534664
v -7.054192 -6.935454 46.469631
v -7.064381 -6.999683 46.372307
v -27.723101 6.967267 46.372307
v -27.675369 6.794515 46.534664
v -27.659277 6.922660 46.435947
v -27.659277 6.960922 46.369678
v -27.659277 6.980728 46.295761
v 0.260472 -1.477215 44.281502
v 0.513030 -1.409542 44.281502
v 0.750000 -1.299041 44.281502
v 1.299038 -0.750003 44.281502
v 1.409539 -0.513033 44.281502
v 1.477212 -0.260475 44.281502
v 1.500000 -0.000003 44.281502
v 1.409539 0.513027 44.281502
v 0.750000 1.299035 44.281502
v 0.260472 1.477209 44.281502
v 0.964181 -1.149070 41.681499
v 1.149067 -0.964184 41.681499
v 1.477212 0.260469 41.681499
v 1.409539 0.513027 41.681499
v 1.149067 0.964178 41.681499
v 0.513030 1.409536 41.681499
v 0.000000 3.249997 45.307499
v 1.625000 -2.814586 45.307499
v 2.089060 -2.489648 45.307499
v 2.489645 -2.089063 45.307499
v 2.814583 -1.625003 45.307499
v 3.200625 -0.564360 45.307499
v 3.054001 1.111562 45.307499
v 2.814583 1.624997 45.307499
v 2.489645 2.089057 45.307499
v 2.089060 2.489642 45.307499
v 1.111565 3.053998 45.307499
v 0.564357 3.200622 45.307499
v 1.111565 -3.054004 44.281502
v 1.625000 -2.814586 44.281502
v 3.054001 -1.111568 44.281502
v 3.200625 -0.564360 44.281502
v 2.814583 1.624997 44.281502
v 2.489645 2.089057 44.281502
v 2.089060 2.489642 44.281502
v 1.625000 2.814580 44.281502
v 0.564357 3.200622 44.281502
v 0.000000 4.999997 46.357498
v 1.710101 -4.698466 46.357498
v 3.213938 -3.830225 46.357498
v 3.830222 -3.213942 46.357498
v 4.330127 -2.500004 46.357498
v 4.698463 -1.710104 46.357498
v 4.924039 -0.868245 46.357498
v 3.213938 3.830218 46.357498
v 1.710101 4.698460 46.357498
v 0.868241 4.924036 46.357498
v 0.000000 -5.000003 45.307499
v 0.868241 -4.924042 45.307499
v 1.710101 -4.698466 45.307499
v 2.500000 -4.330130 45.307499
v 3.213938 -3.830225 45.307499
v 4.330127 -2.500003 45.307499
v 4.698463 -1.710104 45.307499
v 5.000000 -0.000003 45.307499
v 4.330127 2.499997 45.307499
v 3.830222 3.213935 45.307499
v 3.213938 3.830219 45.307499
v 1.710101 4.698460 45.307499
v -27.106394 6.818351 45.057499
v -27.357559 6.873039 45.057499
v -26.850000 6.799997 46.257500
v -27.357559 6.873039 46.257500
v -27.106394 6.818351 46.257500
v -2.000000 3.464101 17.457500
v -2.571151 3.064177 17.457500
v -3.464102 1.999999 17.457500
v -3.758770 -1.368082 17.457500
v -3.464102 -2.000001 17.457500
v -3.064178 -2.571152 17.457500
v -2.571151 -3.064179 17.457500
v -0.694593 -3.939232 17.457500
v 0.000000 3.912131 17.245367
v 0.000000 3.699999 17.157499
v -1.265475 -3.476864 17.157499
v -3.643789 -0.642499 17.157499
v -3.643789 0.642497 17.157499
v -3.476863 1.265474 17.157499
v -3.204294 1.849999 17.157499
v -2.834364 2.378313 17.157499
v -2.378314 2.834363 17.157499
v -1.850000 3.204293 17.157499
v -1.265475 3.476862 17.157499
v 0.000000 -3.912133 17.245367
v -0.690627 -3.916743 17.342695
v -0.679335 -3.852699 17.245367
v -0.662434 -3.756851 17.180336
v -1.360270 -3.737313 17.342695
v -1.338028 -3.676203 17.245367
v -1.304740 -3.584745 17.180336
v -1.988582 -3.444326 17.342695
v -1.956066 -3.388007 17.245367
v -1.907403 -3.303719 17.180336
v -2.556472 -3.046685 17.342695
v -2.514670 -2.996868 17.245367
v -2.452109 -2.922311 17.180336
v -3.046684 -2.556473 17.342695
v -2.996867 -2.514671 17.245367
v -2.922310 -2.452110 17.180336
v -3.444325 -1.988583 17.342695
v -3.388006 -1.956067 17.245367
v -3.303718 -1.907404 17.180336
v -3.737312 -1.360271 17.342695
v -3.676202 -1.338029 17.245367
v -3.584744 -1.304741 17.180336
v -3.916742 -0.690628 17.342695
v -3.852698 -0.679336 17.245367
v -3.756850 -0.662435 17.180336
v -3.977164 -0.000001 17.342695
v -3.912132 -0.000001 17.245367
v -3.814805 -0.000001 17.180336
v -3.916742 0.690626 17.342695
v -3.852698 0.679334 17.245367
v -3.756850 0.662433 17.180336
v -3.737312 1.360269 17.342695
v -3.676202 1.338027 17.245367
v -3.584744 1.304739 17.180336
v -3.444325 1.988581 17.342695
v -3.388006 1.956065 17.245367
v -3.303718 1.907402 17.180336
v -3.046684 2.556471 17.342695
v -2.996867 2.514669 17.245367
v -2.922310 2.452108 17.180336
v -2.556472 3.046683 17.342695
v -2.514670 2.996866 17.245367
v -2.452109 2.922309 17.180336
v -1.988582 3.444324 17.342695
v -1.956066 3.388005 17.245367
v -1.907403 3.303717 17.180336
v -1.360270 3.737311 17.342695
v -1.338028 3.676201 17.245367
v -1.304740 3.584743 17.180336
v -0.690627 3.916741 17.342695
v -0.679335 3.852697 17.245367
v -0.662434 3.756849 17.180336
v 0.000000 -1.000001 14.557500
v 0.000000 -1.300001 14.257500
v 0.225743 -1.280251 14.257500
v 0.650000 -1.125834 14.257500
v 1.125833 -0.650001 14.257500
v 1.300000 -0.000001 14.257500
v 1.280250 0.225742 14.257500
v 1.221600 0.444625 14.257500
v 1.125833 0.649999 14.257500
v 0.995858 0.835623 14.257500
v 0.835624 0.995857 14.257500
v 0.444626 1.221599 14.257500
v 0.500000 0.866024 14.557500
v 0.939693 0.342019 14.557500
v 0.939693 -0.342021 14.557500
v 0.500000 -0.866026 14.557500
v -0.520945 2.954422 14.557500
v -1.026060 2.819077 14.557500
v -1.928363 2.298132 14.557500
v -2.819078 1.026059 14.557500
v -3.000000 -0.000001 14.557500
v -2.819078 -1.026061 14.557500
v -1.928363 -2.298134 14.557500
v -0.520945 -2.954424 14.557500
v 0.000000 2.977163 14.442695
v 0.000000 2.912131 14.345368
v 0.000000 2.814804 14.280336
v -0.923454 -2.537171 14.257500
v -2.338269 -1.350001 14.257500
v -2.537170 -0.923455 14.257500
v -2.658981 -0.468851 14.257500
v -2.700000 -0.000001 14.257500
v -2.658981 0.468849 14.257500
v -2.537170 0.923453 14.257500
v -1.735527 2.068319 14.257500
v -1.350000 2.338268 14.257500
v -0.468850 2.658980 14.257500
v -0.516979 -2.931935 14.442695
v -0.505686 -2.867891 14.345368
v -0.488786 -2.772043 14.280336
v -1.018250 -2.797620 14.442695
v -0.996008 -2.736510 14.345368
v -0.962720 -2.645052 14.280336
v -1.488582 -2.578301 14.442695
v -1.456066 -2.521981 14.345368
v -1.407403 -2.437694 14.280336
v -1.913684 -2.280641 14.442695
v -1.871882 -2.230824 14.345368
v -1.809322 -2.156267 14.280336
v -2.280640 -1.913685 14.442695
v -2.230823 -1.871883 14.345368
v -2.156266 -1.809323 14.280336
v -2.578300 -1.488583 14.442695
v -2.521980 -1.456067 14.345368
v -2.437693 -1.407404 14.280336
v -2.797619 -1.018251 14.442695
v -2.736509 -0.996009 14.345368
v -2.645051 -0.962721 14.280336
v -2.931934 -0.516980 14.442695
v -2.867890 -0.505687 14.345368
v -2.772042 -0.488787 14.280336
v -2.977164 -0.000001 14.442695
v -2.912132 -0.000001 14.345368
v -2.814805 -0.000001 14.280336
v -2.931934 0.516978 14.442695
v -2.867890 0.505685 14.345368
v -2.772042 0.488785 14.280336
v -2.797619 1.018249 14.442695
v -2.736509 0.996007 14.345368
v -2.645051 0.962719 14.280336
v -2.578300 1.488581 14.442695
v -2.521980 1.456065 14.345368
v -2.437693 1.407402 14.280336
v -2.280640 1.913683 14.442695
v -2.230823 1.871881 14.345368
v -2.156266 1.809321 14.280336
v -1.913684 2.280639 14.442695
v -1.871882 2.230822 14.345368
v -1.809322 2.156265 14.280336
v -1.488582 2.578299 14.442695
v -1.456066 2.521979 14.345368
v -1.407403 2.437692 14.280336
v -1.018250 2.797618 14.442695
v -0.996008 2.736508 14.345368
v -0.962720 2.645050 14.280336
v -0.516979 2.931933 14.442695
v -0.505686 2.867889 14.345368
v -0.488786 2.772041 14.280336
v 0.000000 0.999999 14.557500
v 0.173648 0.984807 14.557500
v 0.342020 0.939692 14.557500
v 0.642788 0.766043 14.557500
v 0.766044 0.642787 14.557500
v 0.866025 0.499999 14.557500
v 0.984808 0.173647 14.557500
v 1.000000 -0.000001 14.557500
v 0.984808 -0.173649 14.557500
v 0.866025 -0.500001 14.557500
v 0.766044 -0.642789 14.557500
v 0.642788 -0.766045 14.557500
v 0.342020 -0.939694 14.557500
v 0.173648 -0.984809 14.557500
v 0.000000 0.999999 18.757500
v 0.342020 0.939692 18.757500
v 0.500000 0.866024 18.757500
v 0.642788 0.766043 18.757500
v 0.866025 0.499999 18.757500
v 1.000000 -0.000001 18.757500
v 0.939693 -0.342021 18.757500
v 0.866025 -0.500001 18.757500
v 0.500000 -0.866026 18.757500
v 0.173648 -0.984809 18.757500
v -1.500000 2.598075 14.557500
v -2.298133 1.928362 14.557500
v -2.598076 1.499999 14.557500
v -2.954423 0.520944 14.557500
v -2.954423 -0.520946 14.557500
v -2.598076 -1.500001 14.557500
v -2.298133 -1.928364 14.557500
v -1.500000 -2.598077 14.557500
v -1.026060 -2.819079 14.557500
v 0.000000 -3.000001 14.557500
v -1.500000 -2.598077 17.157499
v -2.598076 -1.500001 17.157499
v -3.000000 -0.000001 17.157499
v -2.819078 1.026059 17.157499
v -1.928363 2.298132 17.157499
v -0.520945 2.954422 17.157499
v -0.694593 3.939229 17.457500
v -1.368081 3.758769 17.457500
v -3.064178 2.571150 17.457500
v -3.758770 1.368080 17.457500
v -3.939231 0.694592 17.457500
v -4.000000 -0.000001 17.457500
v -3.939231 -0.694594 17.457500
v -2.000000 -3.464103 17.457500
v -1.368081 -3.758771 17.457500
v 0.000000 -4.000001 18.157499
v -2.000000 -3.464103 18.157499
v -3.064178 -2.571152 18.157499
v -3.939231 0.694592 18.157499
v -3.758770 1.368080 18.157499
v -0.694593 3.939229 18.157499
v -31.450001 10.149996 45.057499
v -31.267670 10.134045 45.057499
v -31.090879 10.086674 45.057499
v -30.775072 9.904343 45.057499
v -30.645653 9.774923 45.057499
v -30.540674 9.624996 45.057499
v -30.463324 9.459117 45.057499
v -30.463324 8.740875 45.057499
v -31.090879 8.113319 45.057499
v -31.267670 8.065948 45.057499
v -31.975000 8.190669 45.057499
v -32.436676 8.740875 45.057499
v -32.359325 9.624996 45.057499
v -31.975000 10.009323 45.057499
v -31.632330 10.134045 45.057499
v -31.450001 -8.050004 45.057499
v -31.267670 -8.065956 45.057499
v -30.775072 -8.295657 45.057499
v -30.645653 -8.425076 45.057499
v -30.540674 -9.625004 45.057499
v 8.932330 -8.065956 45.057499
v 9.109121 -8.113327 45.057499
v 9.424927 -8.295657 45.057499
v 9.800000 -9.100004 45.057499
v 9.784048 -9.282335 45.057499
v 9.736677 -9.459125 45.057499
v 8.390879 -10.086681 45.057499
v 8.225000 -10.009331 45.057499
v 7.840673 -9.625004 45.057499
v 7.945653 -8.425076 45.057499
v 8.075073 -8.295657 45.057499
v 8.225000 -8.190677 45.057499
v 9.424927 9.904343 45.057499
v 9.554347 9.774923 45.057499
v 9.659327 9.624996 45.057499
v 9.736677 8.740875 45.057499
v 9.659327 8.574996 45.057499
v 9.554347 8.425069 45.057499
v 9.424927 8.295650 45.057499
v 9.275000 8.190669 45.057499
v 9.109121 8.113319 45.057499
v 8.932330 8.065948 45.057499
v 8.750000 8.049996 45.057499
v 8.567670 8.065948 45.057499
v 8.390879 8.113319 45.057499
v 8.225000 8.190669 45.057499
v 8.075073 8.295650 45.057499
v 7.945653 8.425069 45.057499
v 7.763323 8.740875 45.057499
v 7.840673 9.624996 45.057499
v 7.945653 9.774923 45.057499
v 8.225000 10.009323 45.057499
v 8.390879 10.086674 45.057499
v 8.567670 10.134045 45.057499
v -30.350000 4.937978 45.057499
v -29.549368 -5.428207 45.057499
v -28.470112 -6.223992 45.057499
v -28.045553 -6.745978 45.057499
v -27.714495 -7.331741 45.057499
v -9.346872 -8.150003 45.057499
v -8.593293 -7.498380 45.057499
v -8.355994 -7.307364 45.057499
v -8.089883 -7.159097 45.057499
v -7.502314 -7.006459 45.057499
v -6.897420 -7.057829 45.057499
v -6.344006 -7.307364 45.057499
v -5.905018 -7.726678 45.057499
v -5.744715 -7.985717 45.057499
v -5.477168 -8.150003 45.057499
v -5.353127 -8.150003 45.057499
v 6.276156 -5.780552 45.057499
v 6.849368 -5.428207 45.057499
v 7.473529 -5.176926 45.057499
v 7.627853 5.040850 45.057499
v 6.276156 5.780546 45.057499
v 5.345553 6.745972 45.057499
v 5.014494 7.331735 45.057499
v 4.736331 8.060694 45.057499
v 4.650475 8.126574 45.057499
v 4.544820 8.149996 45.057499
v -25.059065 8.096786 45.057499
v -25.168711 7.957139 45.057499
v -26.242170 6.905729 45.057499
v -26.541521 6.826627 45.057499
v -26.850000 6.799997 45.057499
v -30.265339 5.125497 45.057499
v -27.207842 8.100002 19.557501
v -6.560041 8.100000 18.457500
v -18.939959 -7.800003 18.157499
v -29.355217 -5.344770 18.157499
v -29.921528 -5.080823 18.157499
v -29.358366 5.342907 18.157499
v -28.839844 5.682981 18.157499
v -27.975271 6.566845 18.157499
v -27.645555 7.095877 18.157499
v -27.395765 7.667104 18.157499
v -32.862034 10.962030 19.557501
v -31.450001 8.049998 19.557501
v -31.632330 8.065950 19.557501
v -31.809122 8.113321 19.557501
v -31.975000 8.190671 19.557501
v -32.124928 8.295651 19.557501
v -32.254345 8.425071 19.557501
v -32.359325 8.574998 19.557501
v -32.436676 8.740877 19.557501
v -32.484047 8.917667 19.557501
v -32.500000 9.099998 19.557501
v -32.484047 9.282330 19.557501
v -32.436676 9.459119 19.557501
v -32.359325 9.624998 19.557501
v -32.254345 9.774925 19.557501
v -32.124928 9.904345 19.557501
v -31.975000 10.009325 19.557501
v -31.809122 10.086676 19.557501
v -31.632330 10.134047 19.557501
v -31.450001 10.149998 19.557501
v -31.267670 10.134047 19.557501
v -31.090879 10.086676 19.557501
v -30.924999 10.009325 19.557501
v -30.775072 9.904345 19.557501
v -30.645653 9.774925 19.557501
v -30.540674 9.624998 19.557501
v -30.463324 9.459119 19.557501
v -30.415953 9.282330 19.557501
v -30.400000 9.099998 19.557501
v -30.415953 8.917667 19.557501
v -30.463324 8.740877 19.557501
v -30.645653 8.425071 19.557501
v -30.775072 8.295651 19.557501
v -30.924999 8.190671 19.557501
v -31.090879 8.113321 19.557501
v -31.267670 8.065950 19.557501
v -31.450001 -10.150002 19.557501
v -31.632330 -10.134050 19.557501
v -31.809122 -10.086679 19.557501
v -31.975000 -10.009329 19.557501
v -32.124928 -9.904348 19.557501
v -32.254345 -9.774929 19.557501
v -32.359325 -9.625002 19.557501
v -32.436676 -9.459123 19.557501
v -32.484047 -8.917671 19.557501
v -31.450001 -8.050002 19.557501
v -31.267670 -8.065954 19.557501
v -31.090879 -8.113325 19.557501
v -30.775072 -8.295655 19.557501
v -30.540674 -8.575002 19.557501
v -30.463324 -8.740881 19.557501
v -30.415953 -9.282333 19.557501
v -30.463324 -9.459123 19.557501
v -30.540674 -9.625002 19.557501
v -30.775072 -9.904348 19.557501
v 8.567670 -10.134050 19.557501
v 8.390879 -10.086679 19.557501
v 8.225000 -10.009329 19.557501
v 8.075073 -9.904348 19.557501
v 7.945653 -9.774929 19.557501
v 7.840673 -9.625002 19.557501
v 7.763323 -9.459123 19.557501
v 7.715952 -9.282333 19.557501
v 7.700000 -9.100002 19.557501
v 7.715952 -8.917671 19.557501
v 7.763323 -8.740881 19.557501
v 8.075073 -8.295655 19.557501
v 8.567670 -8.065954 19.557501
v 9.424927 -8.295655 19.557501
v 9.659327 -8.575002 19.557501
v 9.736677 -8.740881 19.557501
v 9.784048 -8.917671 19.557501
v 9.554347 -9.774929 19.557501
v 9.109121 -10.086679 19.557501
v 8.750000 8.049998 19.557501
v 8.390879 8.113321 19.557501
v 7.715952 8.917667 19.557501
v 7.715952 9.282330 19.557501
v 8.390879 10.086676 19.557501
v 9.109121 10.086676 19.557501
v 9.275000 10.009325 19.557501
v 9.554347 9.774925 19.557501
v 9.736677 9.459119 19.557501
v 9.800000 9.099998 19.557501
v 9.736677 8.740877 19.557501
v 9.554347 8.425071 19.557501
v 9.424927 8.295651 19.557501
v 9.109121 8.113321 19.557501
v 8.932330 8.065950 19.557501
v -15.797444 -7.800002 19.557501
v -15.964751 7.991748 19.557501
v -16.093767 8.042002 19.557501
v -16.521935 8.099998 19.557501
v -27.606390 7.902695 19.557501
v -27.358839 8.077098 19.557501
v -29.020468 5.922304 19.557501
v -27.909857 7.237828 19.557501
v -30.261765 5.177999 19.557501
v -30.350004 -4.894513 19.557501
v -30.261770 -5.177994 19.557501
v -27.678623 -7.767057 19.557501
v -27.909950 -7.237576 19.557501
v -28.588297 -6.305247 19.557501
v -29.020863 -5.921983 19.557501
v -29.504538 -5.604938 19.557501
v -27.359777 -8.077100 19.557501
v -27.496170 -8.008385 19.557501
v -27.606712 -7.901801 19.557501
v -16.262751 -8.080148 19.557501
v -15.917823 -7.965602 19.557501
v 4.507843 8.100002 19.557501
v 4.906404 -7.902678 19.557501
v 7.650004 -4.894521 19.557501
v 7.627944 -5.043611 19.557501
v 7.650004 4.894513 19.557501
v 5.265416 7.135898 19.557501
v 4.796169 8.008381 19.557501
v 4.906713 7.901798 19.557501
v -15.550000 -8.600002 19.557501
v 10.662032 -10.962034 20.057501
v 10.662032 10.962029 44.557499
v -33.362034 -10.962036 44.557499
v -32.862034 -11.462036 44.557499
v -16.521935 -8.100002 19.557501
v -27.207842 -8.100006 19.557501
v -27.207842 -8.100005 18.457500
v -27.678625 -7.767058 18.457500
v -28.215681 -6.746377 19.557501
v -29.503654 -5.605496 18.457500
v -28.589827 -6.303681 18.457500
v -28.217070 -6.744710 18.457500
v -30.028166 -5.361232 19.557501
v -30.159678 -5.287620 19.557501
v -30.327946 -5.042687 19.557501
v -30.327282 -5.042447 18.457500
v -30.350004 4.894518 19.557501
v -30.327944 5.043608 19.557501
v -30.158815 5.287948 19.557501
v -30.028154 5.361233 19.557501
v -30.350004 4.894518 18.457500
v -30.158352 5.287412 18.457500
v -30.327461 5.043230 18.457500
v -29.504293 5.605030 19.557501
v -28.588282 6.305259 19.557501
v -28.215364 6.746778 19.557501
v -27.678617 7.767081 19.557501
v -27.678616 7.767079 18.457500
v -27.910383 7.236954 18.457500
v -28.586752 6.306827 18.457500
v -29.018826 5.923738 18.457500
v -27.496159 8.008389 19.557501
v -27.358683 8.076362 18.457500
v -15.550000 8.599998 24.557501
v -9.550000 -8.600002 19.557501
v -15.550000 8.599998 19.557501
v -9.550000 8.599998 24.557501
v -9.550000 8.599998 19.557501
v -9.550000 -8.600002 24.557501
v -15.550000 -8.600002 24.557501
v 4.659779 8.077096 19.557501
v 4.659782 8.076452 18.457500
v 4.978624 7.767055 19.557501
v 5.656878 6.563738 19.557501
v 6.141251 6.067764 19.557501
v 6.703986 5.662870 19.557501
v 6.141251 6.067764 18.457500
v 5.656878 6.563738 18.457500
v 5.265416 7.135898 18.457500
v 7.328179 5.361223 19.557501
v 7.459686 5.287610 19.557501
v 7.561775 5.177986 19.557501
v 7.627947 5.042683 19.557501
v 7.650004 4.894513 18.457500
v 7.627282 5.042441 18.457500
v 7.650004 -4.894521 18.457500
v 7.561765 -5.178002 19.557501
v 7.458815 -5.287951 19.557501
v 7.328154 -5.361236 18.457500
v 7.561788 -5.177969 18.457500
v 7.328154 -5.361236 19.557501
v 6.703968 -5.662884 19.557501
v 6.141240 -6.067776 19.557501
v 5.656872 -6.563747 19.557501
v 5.265415 -7.135902 19.557501
v 4.978625 -7.767055 19.557501
v 4.978625 -7.767055 18.457500
v 6.141240 -6.067776 18.457500
v 4.796171 -8.008383 19.557501
v 4.658845 -8.077099 19.557501
v 4.507843 -8.100006 19.557501
v 4.507843 -8.100005 18.457500
v 4.658689 -8.076362 18.457500
v -8.978067 -8.100002 19.557501
v 4.507843 -7.800005 18.157499
v 5.424890 6.373524 18.157499
v 6.550534 5.405087 18.157499
v 7.350004 4.894514 18.157499
v 6.550514 -5.405102 18.157499
v 5.945580 -5.840363 18.157499
v 5.004066 -6.988605 18.157499
v 4.695768 -7.667094 18.157499
v 0.000000 3.999999 18.157499
v 0.694593 3.939229 18.157499
v 2.000000 3.464101 18.157499
v 3.758770 1.368080 18.157499
v 4.000000 -0.000001 18.157499
v 3.939231 -0.694594 18.157499
v 3.758770 -1.368082 18.157499
v 3.464102 -2.000001 18.157499
v 2.571151 -3.064179 18.157499
v 1.368081 -3.758771 18.157499
v -0.694593 -3.939232 18.157499
v -1.368081 -3.758771 18.157499
v -2.571151 -3.064179 18.157499
v -3.464102 -2.000001 18.157499
v -3.758770 -1.368082 18.157499
v -3.939231 -0.694594 18.157499
v -4.000000 -0.000001 18.157499
v -3.464102 1.999999 18.157499
v -3.064178 2.571150 18.157499
v -2.571151 3.064177 18.157499
v -2.000000 3.464101 18.157499
v -1.368081 3.758769 18.157499
v 0.694593 -3.939232 17.457500
v 1.368081 -3.758771 17.457500
v 2.571151 -3.064179 17.457500
v 3.758770 -1.368082 17.457500
v 3.939231 -0.694594 17.457500
v 4.000000 -0.000001 17.457500
v 3.464102 1.999999 17.457500
v 3.064178 2.571150 17.457500
v 2.000000 3.464101 17.457500
v 1.368081 3.758769 17.457500
v 0.694593 3.939229 17.457500
v 0.000000 3.999999 17.457500
v 1.368081 3.758769 18.157499
v 2.571151 3.064177 18.157499
v 3.064178 2.571150 18.157499
v 3.464102 1.999999 18.157499
v 3.939231 0.694592 18.157499
v 3.064178 -2.571152 18.157499
v 2.000000 -3.464103 18.157499
v 0.694593 -3.939232 18.157499
v 0.000000 -3.700001 17.157499
v -0.642498 -3.643790 17.157499
v -1.850000 -3.204295 17.157499
v -2.378314 -2.834365 17.157499
v -2.834364 -2.378315 17.157499
v -3.204294 -1.850001 17.157499
v -3.476863 -1.265476 17.157499
v -3.700000 -0.000001 17.157499
v -0.642498 3.643788 17.157499
v 2.834364 2.378313 17.157499
v 3.204294 1.849999 17.157499
v 3.476863 1.265474 17.157499
v 3.643789 0.642497 17.157499
v 3.476863 -1.265476 17.157499
v 2.834364 -2.378315 17.157499
v 1.265475 -3.476864 17.157499
v 0.642498 -3.643790 17.157499
v 2.298133 1.928362 17.157499
v 2.598076 1.499999 17.157499
v 2.819078 1.026059 17.157499
v 3.000000 -0.000001 17.157499
v 2.819078 -1.026061 17.157499
v 1.928363 -2.298134 17.157499
v 1.500000 -2.598077 17.157499
v 1.026060 -2.819079 17.157499
v 0.520945 -2.954424 17.157499
v 0.000000 -3.000001 17.157499
v -0.520945 -2.954424 17.157499
v -1.026060 -2.819079 17.157499
v -1.928363 -2.298134 17.157499
v -2.298133 -1.928364 17.157499
v -2.819078 -1.026061 17.157499
v -2.954423 -0.520946 17.157499
v -2.954423 0.520944 17.157499
v -2.598076 1.499999 17.157499
v -2.298133 1.928362 17.157499
v -1.500000 2.598075 17.157499
v -1.026060 2.819077 17.157499
v 0.520945 -2.954424 14.557500
v 1.928363 -2.298134 14.557500
v 2.298133 -1.928364 14.557500
v 2.598076 -1.500001 14.557500
v 2.954423 0.520944 14.557500
v 2.819078 1.026059 14.557500
v 2.598076 1.499999 14.557500
v 2.298133 1.928362 14.557500
v 1.928363 2.298132 14.557500
v 0.000000 2.999999 17.157499
v 0.520945 2.954422 17.157499
v 1.026060 2.819077 17.157499
v 1.500000 2.598075 17.157499
v 1.928363 2.298132 17.157499
v 2.954423 0.520944 17.157499
v 2.954423 -0.520946 17.157499
v 2.598076 -1.500001 17.157499
v 2.298133 -1.928364 17.157499
v 0.000000 -2.700001 14.257500
v -0.468850 -2.658982 14.257500
v -1.350000 -2.338270 14.257500
v -1.735527 -2.068321 14.257500
v -2.068320 -1.735528 14.257500
v -2.338269 1.349999 14.257500
v -2.068320 1.735526 14.257500
v -0.923454 2.537169 14.257500
v 0.468850 2.658980 14.257500
v 1.350000 2.338268 14.257500
v 2.068320 1.735526 14.257500
v 2.700000 -0.000001 14.257500
v 2.537170 -0.923455 14.257500
v 2.068320 -1.735528 14.257500
v 1.735527 -2.068321 14.257500
v 1.350000 -2.338270 14.257500
v 0.923454 -2.537171 14.257500
v 0.468850 -2.658982 14.257500
v 0.444626 -1.221601 14.257500
v 0.835624 -0.995859 14.257500
v 0.995858 -0.835625 14.257500
v 1.221600 -0.444627 14.257500
v 1.280250 -0.225744 14.257500
v 0.650000 1.125832 14.257500
v 0.225743 1.280249 14.257500
v 0.000000 1.299999 14.257500
v -0.225743 1.280249 14.257500
v -0.444626 1.221599 14.257500
v -1.125833 0.649999 14.257500
v -1.221600 0.444625 14.257500
v -1.300000 -0.000001 14.257500
v -1.221600 -0.444627 14.257500
v -1.125833 -0.650001 14.257500
v -0.444626 -1.221601 14.257500
v -0.225743 -1.280251 14.257500
v -0.173648 -0.984809 14.557500
v -0.939693 -0.342021 14.557500
v -0.984808 -0.173649 14.557500
v -1.000000 -0.000001 14.557500
v -0.500000 0.866024 14.557500
v -0.173648 0.984807 14.557500
v 0.000000 -1.000001 18.757500
v -0.173648 -0.984809 18.757500
v -0.342020 -0.939694 18.757500
v -0.642788 -0.766045 18.757500
v -0.766044 -0.642789 18.757500
v -0.939693 0.342019 18.757500
v -0.866025 0.499999 18.757500
v -0.766044 0.642787 18.757500
v -0.642788 0.766043 18.757500
v -0.173648 0.984807 18.757500
v -0.500000 -0.866026 18.757500
v -0.866025 -0.500001 18.757500
v -0.939693 -0.342021 18.757500
v -0.984808 -0.173649 18.757500
v -1.000000 -0.000001 18.757500
v -0.984808 0.173647 18.757500
v -0.500000 0.866024 18.757500
v -0.342020 0.939692 18.757500
v 0.173648 0.984807 18.757500
v 0.766044 0.642787 18.757500
v 0.939693 0.342019 18.757500
v 0.984808 0.173647 18.757500
v 0.984808 -0.173649 18.757500
v 0.766044 -0.642789 18.757500
v 0.642788 -0.766045 18.757500
v 0.342020 -0.939694 18.757500
v 0.000000 2.999999 14.557500
v 0.000000 2.699999 14.257500
v 1.026060 -2.819079 14.557500
v 1.500000 -2.598077 14.557500
v 2.819078 -1.026061 14.557500
v 2.954423 -0.520946 14.557500
v 3.000000 -0.000001 14.557500
v 1.500000 2.598075 14.557500
v 1.026060 2.819077 14.557500
v 0.520945 2.954422 14.557500
v 0.000000 -2.977165 14.442695
v 0.000000 -2.912133 14.345368
v 0.000000 -2.814806 14.280336
v 0.923454 2.537169 14.257500
v 1.735527 2.068319 14.257500
v 2.338269 1.349999 14.257500
v 2.537170 0.923453 14.257500
v 2.658981 0.468849 14.257500
v 2.658981 -0.468851 14.257500
v 2.338269 -1.350001 14.257500
v 0.516979 2.931933 14.442695
v 0.505686 2.867889 14.345368
v 0.488786 2.772041 14.280336
v 1.018250 2.797618 14.442695
v 0.996008 2.736508 14.345368
v 0.962720 2.645050 14.280336
v 1.488582 2.578299 14.442695
v 1.456066 2.521979 14.345368
v 1.407403 2.437692 14.280336
v 1.913684 2.280639 14.442695
v 1.871882 2.230822 14.345368
v 1.809322 2.156265 14.280336
v 2.280640 1.913683 14.442695
v 2.230823 1.871881 14.345368
v 2.156266 1.809321 14.280336
v 2.578300 1.488581 14.442695
v 2.521980 1.456065 14.345368
v 2.437693 1.407402 14.280336
v 2.797619 1.018249 14.442695
v 2.736509 0.996007 14.345368
v 2.645051 0.962719 14.280336
v 2.931934 0.516978 14.442695
v 2.867890 0.505685 14.345368
v 2.772042 0.488785 14.280336
v 2.977164 -0.000001 14.442695
v 2.912132 -0.000001 14.345368
v 2.814805 -0.000001 14.280336
v 2.931934 -0.516980 14.442695
v 2.867890 -0.505687 14.345368
v 2.772042 -0.488787 14.280336
v 2.797619 -1.018251 14.442695
v 2.736509 -0.996009 14.345368
v 2.645051 -0.962721 14.280336
v 2.578300 -1.488583 14.442695
v 2.521980 -1.456067 14.345368
v 2.437693 -1.407404 14.280336
v 2.280640 -1.913685 14.442695
v 2.230823 -1.871883 14.345368
v 2.156266 -1.809323 14.280336
v 1.913684 -2.280641 14.442695
v 1.871882 -2.230824 14.345368
v 1.809322 -2.156267 14.280336
v 1.488582 -2.578301 14.442695
v 1.456066 -2.521981 14.345368
v 1.407403 -2.437694 14.280336
v 1.018250 -2.797620 14.442695
v 0.996008 -2.736510 14.345368
v 0.962720 -2.645052 14.280336
v 0.516979 -2.931935 14.442695
v 0.505686 -2.867891 14.345368
v 0.488786 -2.772043 14.280336
v -0.650000 1.125832 14.257500
v -0.835624 0.995857 14.257500
v -0.995858 0.835623 14.257500
v -1.280250 0.225742 14.257500
v -1.280250 -0.225744 14.257500
v -0.995858 -0.835625 14.257500
v -0.835624 -0.995859 14.257500
v -0.650000 -1.125834 14.257500
v -0.342020 -0.939694 14.557500
v -0.500000 -0.866026 14.557500
v -0.642788 -0.766045 14.557500
v -0.766044 -0.642789 14.557500
v -0.866025 -0.500001 14.557500
v -0.984808 0.173647 14.557500
v -0.939693 0.342019 14.557500
v -0.866025 0.499999 14.557500
v -0.766044 0.642787 14.557500
v -0.642788 0.766043 14.557500
v -0.342020 0.939692 14.557500
v 0.000000 3.977163 17.342695
v 0.000000 3.814804 17.180336
v 0.000000 -4.000001 17.457500
v 2.000000 -3.464103 17.457500
v 3.064178 -2.571152 17.457500
v 3.464102 -2.000001 17.457500
v 3.939231 0.694592 17.457500
v 3.758770 1.368080 17.457500
v 2.571151 3.064177 17.457500
v 0.000000 -3.977165 17.342695
v 0.000000 -3.814806 17.180336
v 0.642498 3.643788 17.157499
v 1.265475 3.476862 17.157499
v 1.850000 3.204293 17.157499
v 2.378314 2.834363 17.157499
v 3.700000 -0.000001 17.157499
v 3.643789 -0.642499 17.157499
v 3.204294 -1.850001 17.157499
v 2.378314 -2.834365 17.157499
v 1.850000 -3.204295 17.157499
v 0.690627 3.916741 17.342695
v 0.679335 3.852697 17.245367
v 0.662434 3.756849 17.180336
v 1.360270 3.737311 17.342695
v 1.338028 3.676201 17.245367
v 1.304740 3.584743 17.180336
v 1.988582 3.444324 17.342695
v 1.956066 3.388005 17.245367
v 1.907403 3.303717 17.180336
v 2.556472 3.046683 17.342695
v 2.514670 2.996866 17.245367
v 2.452109 2.922309 17.180336
v 3.046684 2.556471 17.342695
v 2.996867 2.514669 17.245367
v 2.922310 2.452108 17.180336
v 3.444325 1.988581 17.342695
v 3.388006 1.956065 17.245367
v 3.303718 1.907402 17.180336
v 3.737312 1.360269 17.342695
v 3.676202 1.338027 17.245367
v 3.584744 1.304739 17.180336
v 3.916742 0.690626 17.342695
v 3.852698 0.679334 17.245367
v 3.756850 0.662433 17.180336
v 3.977164 -0.000001 17.342695
v 3.912132 -0.000001 17.245367
v 3.814805 -0.000001 17.180336
v 3.916742 -0.690628 17.342695
v 3.852698 -0.679336 17.245367
v 3.756850 -0.662435 17.180336
v 3.737312 -1.360271 17.342695
v 3.676202 -1.338029 17.245367
v 3.584744 -1.304741 17.180336
v 3.444325 -1.988583 17.342695
v 3.388006 -1.956067 17.245367
v 3.303718 -1.907404 17.180336
v 3.046684 -2.556473 17.342695
v 2.996867 -2.514671 17.245367
v 2.922310 -2.452110 17.180336
v 2.556472 -3.046685 17.342695
v 2.514670 -2.996868 17.245367
v 2.452109 -2.922311 17.180336
v 1.988582 -3.444326 17.342695
v 1.956066 -3.388007 17.245367
v 1.907403 -3.303719 17.180336
v 1.360270 -3.737313 17.342695
v 1.338028 -3.676203 17.245367
v 1.304740 -3.584745 17.180336
v 0.690627 -3.916743 17.342695
v 0.679335 -3.852699 17.245367
v 0.662434 -3.756851 17.180336
v -9.493176 -7.800002 19.462248
v -9.498168 -8.008851 19.557501
v -6.684266 -7.800002 18.184429
v -6.684266 7.800000 18.184429
v -6.644279 -7.800002 18.169569
v -18.815735 7.800000 18.184429
v -6.674809 -7.914806 18.205215
v -9.260450 -8.076276 19.557501
v -6.560041 -8.100001 18.457500
v -6.607580 -8.077165 18.353001
v -6.647881 -8.012133 18.264410
v -6.602590 -7.800002 18.160532
v -6.560041 -7.914806 18.180336
v -6.637022 -7.810136 18.167723
v -6.631776 -7.829715 18.167723
v -6.621641 -7.847270 18.167723
v -6.607308 -7.861601 18.167723
v -6.589755 -7.871737 18.167723
v -6.666107 -7.906067 18.197693
v -6.635041 -7.929905 18.197693
v -6.598864 -7.944890 18.197693
v -6.641220 -7.995986 18.245367
v -6.587729 -8.010318 18.245367
v 4.507843 -8.012135 18.245369
v 4.507843 -7.914809 18.180338
v -6.560041 -8.077165 18.342695
v -6.560041 -8.012133 18.245367
v -6.560041 -7.800002 18.157499
v 4.507843 -8.077166 18.342695
v 4.796199 -8.008362 18.457500
v 4.905796 -7.902465 18.457500
v 4.717946 -7.899808 18.207741
v 4.744198 -7.937505 18.245367
v 4.654521 -8.056365 18.347071
v 4.659327 -8.071247 18.400705
v 4.890764 -7.888432 18.347071
v 4.903278 -7.897810 18.400705
v 7.296920 -5.279106 18.245367
v 7.221516 -5.080829 18.157499
v 5.265415 -7.135902 18.457500
v 5.656872 -6.563747 18.457500
v 6.703968 -5.662884 18.457500
v 4.957094 -7.759446 18.342695
v 4.895778 -7.737776 18.245367
v 4.804013 -7.705348 18.180336
v 5.424883 -6.373534 18.157499
v 5.104078 -7.044975 18.180336
v 5.188864 -7.092765 18.245367
v 5.245516 -7.124697 18.342695
v 5.513660 -6.446329 18.180336
v 5.588922 -6.508039 18.245367
v 5.639209 -6.549274 18.342695
v 6.020454 -5.927392 18.180336
v 6.083930 -6.001171 18.245367
v 6.126343 -6.050468 18.342695
v 6.609238 -5.503751 18.180336
v 6.659021 -5.587382 18.245367
v 6.692286 -5.643262 18.342695
v 7.320036 -5.339890 18.342695
v 7.262324 -5.188136 18.180336
v 7.350004 -4.894518 18.157499
v 7.627168 -4.894521 18.342695
v 7.458352 -5.287415 18.457500
v 7.627461 -5.043233 18.457500
v 7.450950 -5.102986 18.207741
v 7.488581 -5.129334 18.245367
v 7.447453 -5.270085 18.347071
v 7.457160 -5.282346 18.400705
v 7.608407 -5.035488 18.347071
v 7.623359 -5.040071 18.400705
v 7.562136 -4.894520 18.245367
v 7.464809 -4.894519 18.180336
v 7.627168 4.894513 18.342695
v 7.562136 4.894513 18.245367
v 7.464809 4.894514 18.180336
v 7.320065 5.339878 18.342695
v 7.561751 5.178020 18.457500
v 7.459161 5.287292 18.457500
v 7.452266 5.101075 18.207741
v 7.490268 5.126884 18.245367
v 7.607208 5.038423 18.347071
v 7.622118 5.043138 18.400705
v 7.445149 5.272235 18.347071
v 7.454746 5.284583 18.400705
v 7.328179 5.361223 18.457500
v 7.296949 5.279091 18.245367
v 7.262353 5.188122 18.180336
v 7.221543 5.080814 18.157499
v 4.695767 7.667093 18.157499
v 5.004068 6.988596 18.157499
v 5.945592 5.840349 18.157499
v 4.978624 7.767055 18.457500
v 4.895776 7.737781 18.245367
v 4.804011 7.705349 18.180336
v 6.703986 5.662870 18.457500
v 6.609258 5.503736 18.180336
v 6.659041 5.587368 18.245367
v 6.692306 5.643249 18.342695
v 6.020470 5.927374 18.180336
v 6.083945 6.001154 18.245367
v 6.126358 6.050453 18.342695
v 5.513670 6.446312 18.180336
v 5.588932 6.508025 18.245367
v 5.639219 6.549260 18.342695
v 5.104084 7.044962 18.180336
v 5.188870 7.092752 18.245367
v 5.245522 7.124684 18.342695
v 4.957091 7.759448 18.342695
v 4.507843 7.800003 18.157499
v 4.507843 8.100003 18.457500
v 4.507844 8.077168 18.342695
v 4.507844 7.914809 18.180336
v 4.906072 7.901403 18.457500
v 4.796142 8.008401 18.457500
v 4.719869 7.898447 18.207741
v 4.746664 7.935760 18.245367
v 4.888608 7.890810 18.347071
v 4.901038 7.900300 18.400705
v 4.651563 8.057601 18.347071
v 4.656234 8.072526 18.400705
v 4.507845 8.012136 18.245367
v -6.560041 7.800000 18.157499
v -6.560041 8.077164 18.342695
v -6.560041 8.012132 18.245367
v -6.560041 7.914804 18.180336
v -6.644279 7.800000 18.169569
v -6.602590 7.800000 18.160532
v -6.607580 8.077164 18.353001
v -6.589755 7.871735 18.167723
v -6.607308 7.861599 18.167723
v -6.598864 7.944889 18.197693
v -6.621641 7.847268 18.167723
v -6.635041 7.929903 18.197693
v -6.587729 8.010317 18.245367
v -6.631776 7.829713 18.167723
v -6.666107 7.906065 18.197693
v -6.641220 7.995985 18.245367
v -6.637022 7.810134 18.167723
v -8.978067 8.099998 19.557501
v -9.260450 8.076272 19.557501
v -9.498168 8.008847 19.557501
v -6.647881 8.012132 18.264410
v -6.674809 7.914804 18.205215
v -9.493176 7.799999 19.462248
v -15.797444 7.799999 19.557501
v -16.305067 8.086243 19.557501
v -18.852119 8.012132 18.264410
v -18.939959 8.100000 18.457500
v -18.939959 7.800000 18.157499
v -18.939959 8.012132 18.245369
v -18.868223 7.829713 18.167723
v -18.878359 7.847269 18.167723
v -18.892691 7.861600 18.167723
v -18.910246 7.871736 18.167723
v -18.833893 7.906066 18.197693
v -18.864960 7.929904 18.197693
v -18.901138 7.944889 18.197693
v -18.858782 7.995986 18.245369
v -18.912273 8.010318 18.245369
v -27.207842 8.077168 18.342695
v -27.207842 8.100003 18.457500
v -27.207842 8.012136 18.245369
v -27.207842 7.914808 18.180336
v -27.207842 7.800003 18.157499
v -27.595770 7.737798 18.245369
v -27.496187 8.008369 18.457500
v -27.605782 7.902482 18.457500
v -27.417936 7.899813 18.207741
v -27.444189 7.937510 18.245369
v -27.354513 8.056366 18.347073
v -27.359320 8.071248 18.400705
v -27.590750 7.888445 18.347073
v -27.603264 7.897825 18.400705
v -27.657084 7.759470 18.342695
v -27.504007 7.705364 18.180338
v -28.374241 6.095052 18.157499
v -30.028154 5.361235 18.457500
v -30.020037 5.339890 18.342695
v -29.996922 5.279105 18.245367
v -29.962324 5.188133 18.180336
v -28.216522 6.745185 18.457500
v -29.502283 5.606236 18.457500
v -27.611588 7.420871 18.178562
v -27.832905 7.195375 18.245367
v -29.680923 5.302172 18.178564
v -29.460510 5.528823 18.245369
v -27.646210 7.597911 18.243635
v -27.684076 7.612861 18.293337
v -27.801380 7.344549 18.293337
v -27.816267 7.014678 18.178562
v -27.962072 7.099156 18.347071
v -27.980528 6.938182 18.245367
v -27.977274 6.756285 18.178564
v -28.146093 6.692620 18.245369
v -28.116392 6.851373 18.347071
v -28.155096 6.512186 18.178564
v -28.286987 6.617062 18.347073
v -28.327410 6.461714 18.245369
v -28.349438 6.282351 18.178564
v -28.524921 6.244376 18.245369
v -28.473125 6.396800 18.347073
v -28.559982 6.066840 18.178564
v -28.675154 6.189848 18.347073
v -28.738325 6.041121 18.245369
v -28.787077 5.865776 18.178564
v -28.967016 5.852763 18.245369
v -28.892675 5.997088 18.347073
v -29.028536 5.681143 18.178564
v -29.124323 5.819789 18.347073
v -29.208797 5.681273 18.245369
v -29.281212 5.515421 18.178564
v -29.367451 5.660192 18.347073
v -29.608015 5.494236 18.293337
v -29.858335 5.332800 18.243637
v -29.874170 5.370306 18.293337
v -29.921516 5.080824 18.157499
v -30.050005 4.894516 18.157499
v -30.327168 4.894518 18.342695
v -30.164810 4.894516 18.180336
v -30.261787 5.177967 18.457500
v -30.150949 5.102983 18.207741
v -30.188581 5.129332 18.245369
v -30.147453 5.270082 18.347073
v -30.157162 5.282343 18.400705
v -30.308407 5.035485 18.347073
v -30.323359 5.040069 18.400705
v -30.262136 4.894517 18.245369
v -30.050005 -4.894516 18.157499
v -30.164810 -4.894516 18.180336
v -30.350004 -4.894513 18.457500
v -30.327168 -4.894514 18.342695
v -30.262136 -4.894515 18.245369
v -30.020048 -5.339887 18.342695
v -29.962336 -5.188130 18.180336
v -30.261747 -5.178028 18.457500
v -30.159153 -5.287302 18.457500
v -30.243835 -5.017256 18.245369
v -30.077787 -5.105648 18.178562
v -30.279116 -5.107269 18.347073
v -30.180740 -5.199378 18.291306
v -30.154737 -5.284594 18.400705
v -30.028166 -5.361230 18.457500
v -29.996931 -5.279101 18.245369
v -27.644266 -7.098238 18.157499
v -27.971689 -6.572099 18.157499
v -28.372284 -6.097058 18.157499
v -28.834089 -5.687141 18.157499
v -27.657093 -7.759451 18.342695
v -27.595778 -7.737783 18.245369
v -29.019293 -5.923182 18.457500
v -27.911108 -7.235539 18.457500
v -29.679895 -5.302714 18.178574
v -29.459717 -5.529349 18.245386
v -29.278215 -5.517305 18.178574
v -29.366678 -5.660702 18.347073
v -29.205757 -5.683271 18.245369
v -29.023678 -5.684481 18.178564
v -29.122656 -5.820868 18.347073
v -28.964502 -5.854455 18.245369
v -27.611282 -7.421499 18.178564
v -27.832644 -7.195773 18.245369
v -29.857996 -5.332970 18.243645
v -29.873840 -5.370470 18.293348
v -29.608377 -5.494122 18.293348
v -28.784056 -5.867988 18.178564
v -28.892605 -5.996881 18.347073
v -28.737995 -6.041219 18.245369
v -28.559074 -6.067648 18.178564
v -28.525551 -6.243733 18.245369
v -28.676830 -6.188198 18.347073
v -28.348709 -6.283222 18.178564
v -28.474792 -6.395029 18.347073
v -28.327429 -6.461924 18.245369
v -28.153233 -6.514915 18.178564
v -28.144672 -6.694890 18.245369
v -28.287247 -6.617069 18.347073
v -27.974459 -6.760626 18.178564
v -28.115547 -6.852787 18.347073
v -27.978981 -6.940674 18.245369
v -27.814898 -7.017006 18.178564
v -27.961767 -7.099623 18.347073
v -27.801605 -7.343972 18.293337
v -27.646145 -7.598048 18.243637
v -27.684017 -7.612988 18.293337
v -27.504013 -7.705353 18.180336
v -27.395769 -7.667097 18.157499
v -27.207842 -7.800005 18.157499
v -27.207844 -7.914812 18.180336
v -27.606071 -7.901406 18.457500
v -27.496141 -8.008403 18.457500
v -27.359781 -8.076454 18.457500
v -27.419868 -7.898449 18.207743
v -27.446665 -7.935762 18.245369
v -27.588608 -7.890813 18.347073
v -27.601038 -7.900302 18.400705
v -27.351562 -8.057604 18.347073
v -27.356234 -8.072528 18.400705
v -27.207844 -8.077169 18.342695
v -27.207846 -8.012137 18.245369
v -18.939959 -8.100002 18.457500
v -18.939959 -8.012134 18.245369
v -18.815735 -7.800003 18.184429
v -18.929825 -7.876985 18.167723
v -18.910246 -7.871738 18.167723
v -18.892693 -7.861603 18.167723
v -18.901138 -7.944892 18.197693
v -18.878359 -7.847271 18.167723
v -18.864960 -7.929907 18.197693
v -18.912273 -8.010320 18.245369
v -18.868223 -7.829716 18.167723
v -18.833893 -7.906069 18.197693
v -18.858782 -7.995988 18.245369
v -18.810055 -7.875003 18.197693
v -18.852119 -8.012134 18.264410
v -16.070183 -8.034539 19.557501
v -30.327854 5.040850 46.257500
v -30.173529 5.176919 45.057499
v -30.327854 5.040850 45.057499
v -30.350000 -4.937984 45.057499
v -30.173529 -5.176926 45.057499
v -30.265339 -5.125504 46.257500
v -30.327854 -5.040856 46.257500
v -30.327854 -5.040856 45.057499
v -30.265339 -5.125504 45.057499
v -28.976156 -5.780552 45.057499
v -27.486301 -7.964709 45.057499
v -27.486301 -7.964709 46.257500
v -28.470112 -6.223992 46.257500
v -28.976156 -5.780552 46.257500
v -27.436331 -8.060701 46.257500
v -27.436331 -8.060701 45.057499
v -27.350475 -8.126581 45.057499
v -9.222832 -8.150003 45.057499
v -27.244820 -8.150003 45.057499
v -27.244820 -8.150003 46.257500
v -9.346872 -8.150003 46.257500
v -9.065621 -8.105518 45.057499
v -8.955285 -7.985717 45.057499
v -8.794982 -7.726678 45.057499
v -7.802580 -7.057829 45.057499
v -7.197686 -7.006459 45.057499
v -6.610117 -7.159097 45.057499
v -6.106707 -7.498380 45.057499
v -7.907114 -7.088389 46.257500
v -8.409515 -7.344865 46.257500
v -8.624433 -7.528854 46.257500
v -5.892134 -7.744246 46.257500
v -6.290484 -7.344865 46.257500
v -6.531576 -7.196825 46.257500
v -6.792886 -7.088389 46.257500
v -5.634374 -8.105524 45.057499
v -5.634374 -8.105524 46.257500
v 4.786302 -7.964709 46.257500
v 4.544820 -8.150003 46.257500
v 4.544820 -8.150003 45.057499
v 4.650475 -8.126581 45.057499
v 4.736331 -8.060701 45.057499
v 4.786302 -7.964709 45.057499
v 5.014494 -7.331741 45.057499
v 5.345553 -6.745978 45.057499
v 5.770111 -6.223992 45.057499
v 6.849368 -5.428207 46.257500
v 5.770111 -6.223992 46.257500
v 5.345553 -6.745978 46.257500
v 5.014494 -7.331741 46.257500
v 7.600487 -5.087340 45.057499
v 7.600487 -5.087340 46.257500
v 7.650000 -4.937984 45.057499
v 7.650000 4.937978 45.057499
v 7.650000 -4.937984 46.257500
v 7.565338 5.125497 46.257500
v 7.627853 5.040850 46.257500
v 7.650000 4.937978 46.257500
v 7.565338 5.125497 45.057499
v 7.473529 5.176919 45.057499
v 6.849368 5.428201 45.057499
v 5.770111 6.223986 45.057499
v 5.770111 6.223986 46.257500
v 6.276156 5.780546 46.257500
v 4.650475 8.126573 46.257500
v 4.786302 7.964703 45.057499
v -24.798780 8.149996 45.057499
v -24.888496 8.149996 45.057499
v -25.168711 7.957139 46.257500
v -25.059065 8.096786 46.257500
v -25.303755 7.678515 45.057499
v -25.484550 7.427159 45.057499
v -25.705750 7.210504 45.057499
v -25.960806 7.034963 45.057499
v -25.960806 7.034963 46.257500
v -25.705750 7.210504 46.257500
v -25.484550 7.427159 46.257500
v -25.303755 7.678515 46.257500
v -27.598373 6.962945 45.057499
v -27.806940 6.978105 45.057499
v -27.866400 6.953241 46.257500
v -27.976141 6.851259 45.057499
v -27.976141 6.851259 46.257500
v -27.986942 6.834392 45.057499
v -28.322126 6.386191 45.057499
v -28.716587 5.989161 45.057499
v -29.162601 5.651073 45.057499
v -29.651440 5.378548 45.057499
v -30.173529 5.176919 46.257500
v -27.734713 6.671971 46.557499
v -28.189102 6.084739 46.557499
v -28.737740 5.584430 46.557499
v -28.788591 -5.546137 46.557499
v -28.254618 -6.015275 46.557499
v -27.805222 -6.565964 46.557499
v -9.346872 -7.850003 46.557499
v -9.050844 -7.568285 46.557499
v -8.836838 -7.316995 46.557499
v -7.020953 -6.725942 46.557499
v -6.395172 -6.929628 46.557499
v -5.649156 -7.568285 46.557499
v 5.554618 -6.015275 46.557499
v 6.088592 -5.546137 46.557499
v 5.554618 6.015268 46.557499
v 5.105222 6.565958 46.557499
v 4.752682 7.183156 46.557499
v -25.036667 7.540833 46.557499
v -25.233170 7.259901 46.557499
v -25.749062 6.811718 46.557499
v -26.054705 6.656415 46.557499
v -26.381544 6.552914 46.557499
v -27.400705 6.573492 46.557499
v 0.902971 5.120996 46.557499
v 2.600000 4.503329 46.557499
v 3.342496 3.983428 46.557499
v 4.886402 1.778502 46.557499
v 5.121000 0.902968 46.557499
v 5.121000 -0.902975 46.557499
v 4.503332 -2.600003 46.557499
v 3.983431 -3.342499 46.557499
v 3.342496 -3.983435 46.557499
v 2.600000 -4.503335 46.557499
v 1.778505 -4.886405 46.557499
v 0.902971 -5.121003 46.557499
v -0.902971 -5.121003 46.557499
v -1.778505 -4.886405 46.557499
v -4.886402 -1.778508 46.557499
v -5.121000 -0.902975 46.557499
v -5.200000 -0.000004 46.557499
v -4.886402 1.778502 46.557499
v -4.503332 2.599996 46.557499
v -2.600000 4.503329 46.557499
v -1.778505 4.886399 46.557499
v -0.902971 5.120996 46.557499
v -2.500000 4.330123 46.357498
v -3.830222 3.213934 46.357498
v -4.698463 1.710098 46.357498
v -4.330127 -2.500004 46.357498
v -1.710101 -4.698466 46.357498
v -0.868241 4.924036 45.307499
v -1.710101 4.698460 45.307499
v -3.213938 3.830219 45.307499
v -3.830222 3.213935 45.307499
v -4.330127 2.499997 45.307499
v -4.924039 0.868238 45.307499
v -4.698463 -1.710104 45.307499
v -3.830222 -3.213941 45.307499
v -3.213938 -3.830225 45.307499
v -1.710101 -4.698466 45.307499
v 0.000000 4.999997 45.307499
v -2.500000 4.330123 45.307499
v -4.698463 1.710098 45.307499
v -5.000000 -0.000003 45.307499
v -4.924039 -0.868244 45.307499
v -4.330127 -2.500003 45.307499
v -2.500000 -4.330130 45.307499
v -0.868241 -4.924042 45.307499
v 3.830222 -3.213941 45.307499
v 4.924039 -0.868244 45.307499
v 4.924039 0.868238 45.307499
v 4.698463 1.710098 45.307499
v 2.500000 4.330123 45.307499
v 0.868241 4.924036 45.307499
v -0.564357 3.200622 45.307499
v -2.489645 2.089057 45.307499
v -2.814583 1.624997 45.307499
v -3.054001 1.111562 45.307499
v -3.200625 0.564354 45.307499
v -3.054001 -1.111568 45.307499
v -2.814583 -1.625003 45.307499
v -2.489645 -2.089063 45.307499
v -2.089060 -2.489648 45.307499
v -1.625000 -2.814586 45.307499
v -0.564357 -3.200628 45.307499
v 0.564357 -3.200628 45.307499
v 1.111565 -3.054004 45.307499
v 3.054001 -1.111568 45.307499
v 3.250000 -0.000003 45.307499
v 3.200625 0.564354 45.307499
v 1.625000 2.814580 45.307499
v -1.111565 3.053998 45.307499
v -1.625000 2.814580 45.307499
v -2.089060 2.489642 45.307499
v -3.250000 -0.000003 45.307499
v -3.200625 -0.564360 45.307499
v -1.111565 -3.054004 45.307499
v 0.000000 -3.250003 45.307499
v 0.000000 3.249997 44.281502
v -1.111565 3.053998 44.281502
v -2.089060 2.489642 44.281502
v -2.489645 2.089057 44.281502
v -3.054001 1.111562 44.281502
v -3.250000 -0.000003 44.281502
v -2.814583 -1.625003 44.281502
v 0.000000 -3.250003 44.281502
v -0.564357 3.200622 44.281502
v -1.625000 2.814580 44.281502
v -2.814583 1.624997 44.281502
v -3.200625 0.564354 44.281502
v -3.200625 -0.564360 44.281502
v -3.054001 -1.111568 44.281502
v -2.489645 -2.089063 44.281502
v -2.089060 -2.489648 44.281502
v -1.625000 -2.814586 44.281502
v -1.111565 -3.054004 44.281502
v -0.564357 -3.200628 44.281502
v 0.564357 -3.200628 44.281502
v 2.089060 -2.489648 44.281502
v 2.489645 -2.089063 44.281502
v 2.814583 -1.625003 44.281502
v 3.250000 -0.000003 44.281502
v 3.200625 0.564354 44.281502
v 3.054001 1.111562 44.281502
v 1.111565 3.053998 44.281502
v -0.513030 1.409536 44.281502
v -0.750000 1.299035 44.281502
v -1.149067 0.964178 44.281502
v -1.409539 0.513027 44.281502
v -1.477212 0.260469 44.281502
v -1.477212 -0.260475 44.281502
v -1.149067 -0.964184 44.281502
v -0.513030 -1.409542 44.281502
v -0.260472 -1.477215 44.281502
v 0.964181 -1.149070 44.281502
v 1.149067 -0.964184 44.281502
v 1.477212 0.260469 44.281502
v 1.299038 0.749997 44.281502
v 1.149067 0.964178 44.281502
v 0.964181 1.149064 44.281502
v 0.513030 1.409536 44.281502
v 0.000000 1.499997 44.281502
v -0.260472 1.477209 44.281502
v -0.964181 1.149064 44.281502
v -1.299038 0.749997 44.281502
v -1.500000 -0.000003 44.281502
v -1.409539 -0.513033 44.281502
v -1.299038 -0.750003 44.281502
v -0.964181 -1.149070 44.281502
v -0.750000 -1.299041 44.281502
v 0.000000 -1.500003 44.281502
v -0.260472 1.477209 41.681499
v -1.149067 0.964178 41.681499
v -1.500000 -0.000003 41.681499
v -1.477212 -0.260475 41.681499
v -1.409539 -0.513033 41.681499
v -1.299038 -0.750003 41.681499
v -0.964181 -1.149070 41.681499
v 0.000000 -1.500003 41.681499
v 0.000000 1.499997 41.681499
v -0.513030 1.409536 41.681499
v -0.750000 1.299035 41.681499
v -0.964181 1.149064 41.681499
v -1.299038 0.749997 41.681499
v -1.409539 0.513027 41.681499
v -1.477212 0.260469 41.681499
v -1.149067 -0.964184 41.681499
v -0.750000 -1.299041 41.681499
v -0.513030 -1.409542 41.681499
v -0.260472 -1.477215 41.681499
v 0.260472 -1.477215 41.681499
v 0.513030 -1.409542 41.681499
v 0.750000 -1.299041 41.681499
v 1.299038 -0.750003 41.681499
v 1.409539 -0.513033 41.681499
v 1.477212 -0.260475 41.681499
v 1.500000 -0.000003 41.681499
v 1.299038 0.749997 41.681499
v 0.964181 1.149064 41.681499
v 0.750000 1.299035 41.681499
v 0.260472 1.477209 41.681499
v 4.533589 8.062056 46.469704
v -24.798780 7.849997 46.557499
v -24.798780 8.062128 46.469631
v -24.798780 7.964802 46.534664
v -24.798780 8.127160 46.372307
v -24.798780 8.149996 46.257500
v -24.888496 8.127160 46.372307
v 4.544820 8.149996 46.257500
v 4.736331 8.060694 46.257500
v 4.506632 7.849996 46.557499
v 4.704154 7.931525 46.469715
v -24.888496 7.964802 46.534664
v -24.888496 8.062128 46.469631
v -24.888496 8.149996 46.257500
v -25.086637 7.925758 46.469631
v -25.147381 7.948984 46.372307
v -24.977552 7.959627 46.522171
v -24.977552 8.024392 46.484776
v -24.977552 8.077273 46.431896
v -25.058580 7.973560 46.471519
v -24.977552 8.114666 46.367130
v -25.058580 8.024741 46.432243
v -25.058580 8.064013 46.381062
v -25.124273 7.962920 46.404663
v -25.058580 8.088702 46.321461
v -25.124273 7.997160 46.370422
v -25.124273 8.021373 46.328487
v 4.786302 7.964703 46.257500
v 6.692554 5.171368 46.557499
v 6.088592 5.546131 46.557499
v 7.473529 5.176919 46.257500
v 7.437765 5.095974 46.469662
v 5.014494 7.331735 46.257500
v 5.345553 6.745972 46.257500
v 6.849368 5.428201 46.257500
v 4.934558 7.295053 46.469715
v 5.272896 6.696411 46.469715
v 5.706789 6.162948 46.469715
v 6.214905 5.716454 46.469715
v 6.789083 5.360172 46.469715
v -24.888496 7.849997 46.557499
v -24.995729 7.890999 46.534664
v -26.541521 6.826627 46.257500
v -26.242170 6.905729 46.257500
v -27.598373 6.962945 46.257500
v -27.634905 6.883032 46.469631
v -27.607866 6.942176 46.372307
v -25.472763 7.014684 46.557499
v -26.720869 6.503971 46.557499
v -27.063635 6.510891 46.557499
v -27.409779 6.695359 46.534664
v -27.382336 6.788737 46.469631
v -27.363998 6.851129 46.372307
v -27.132772 6.635044 46.534664
v -27.118910 6.731379 46.469631
v -27.109646 6.795748 46.372307
v -26.850000 6.614802 46.534664
v -26.850000 6.712129 46.469631
v -26.727928 6.618559 46.534664
v -26.850000 6.777161 46.372307
v -26.733912 6.715701 46.469631
v -26.509783 6.644172 46.534664
v -26.737911 6.780610 46.372307
v -26.526463 6.740059 46.469631
v -26.537607 6.804129 46.372307
v -26.179634 6.731411 46.534664
v -26.212500 6.823023 46.469631
v -26.234459 6.884233 46.372307
v -25.869320 6.873942 46.534664
v -25.917398 6.958565 46.469631
v -25.949524 7.015107 46.372307
v -25.588022 7.067544 46.534664
v -25.649893 7.142674 46.469631
v -25.691233 7.192876 46.372307
v -25.344065 7.306489 46.534664
v -25.417896 7.369905 46.469631
v -25.467228 7.412279 46.372307
v -25.144669 7.583709 46.534664
v -25.228273 7.633533 46.469631
v -25.284138 7.666826 46.372307
v -27.723103 6.989923 46.257500
v -27.819935 6.751775 46.534664
v -27.956879 6.838992 46.372307
v -27.723101 6.902235 46.469631
v -27.723101 6.804908 46.534664
v -27.797590 6.801312 46.525986
v -27.797590 6.867012 46.488052
v -27.867414 6.821607 46.485271
v -27.797590 6.920656 46.434410
v -27.867414 6.876078 46.443474
v -27.797590 6.958587 46.368710
v -27.867414 6.917875 46.389004
v -27.797590 6.978222 46.295433
v -27.928202 6.863798 46.390781
v -27.867414 6.944149 46.325573
v -27.928202 6.892375 46.341286
v -27.928202 6.907167 46.286076
v 7.562077 4.927170 46.469688
v 7.350000 4.901217 46.557499
v -27.723101 6.690103 46.557499
v -27.902027 6.804057 46.469631
v -27.967743 6.822028 46.372307
v 7.562077 -4.927176 46.469688
v -27.831236 6.734126 46.534664
v -27.913065 6.786819 46.469631
v -27.986942 6.834392 46.257500
v -29.651440 5.378548 46.257500
v -29.162601 5.651073 46.257500
v -28.716587 5.989161 46.257500
v -28.322126 6.386191 46.257500
v -30.137777 5.096001 46.469631
v -29.364265 5.185963 46.557499
v -29.614126 5.298995 46.469631
v -29.641743 5.357872 46.372307
v -29.114552 5.577507 46.469631
v -29.150114 5.631955 46.372307
v -28.807484 5.675621 46.534664
v -28.866610 5.752930 46.469631
v -28.906116 5.804585 46.372307
v -28.594664 5.849761 46.534664
v -28.658739 5.923022 46.469631
v -28.701553 5.971972 46.372307
v -28.273495 6.162573 46.534664
v -28.345039 6.228557 46.469631
v -28.392843 6.272646 46.372307
v 7.473529 -5.176926 46.257500
v 7.437765 -5.095981 46.469662
v 7.350000 -4.901223 46.557499
v 4.752682 -7.183162 46.557499
v 5.105221 -6.565964 46.557499
v 6.692554 -5.171374 46.557499
v 6.276156 -5.780552 46.257500
v 6.809777 -5.349672 46.469715
v 6.223960 -5.709764 46.469715
v 5.707263 -6.162462 46.469715
v 5.280028 -6.685997 46.469715
v 4.944873 -7.272758 46.469715
v -30.049999 4.901217 46.557499
v -30.350000 4.937978 46.257500
v -30.265339 5.125497 46.257500
v -30.262167 4.927181 46.469597
v 4.736331 -8.060701 46.257500
v 4.650475 -8.126581 46.257500
v 4.704154 -7.931531 46.469715
v 4.506632 -7.850003 46.557499
v 4.533589 -8.062064 46.469704
v -30.262167 -4.927187 46.469597
v -30.049999 -4.901223 46.557499
v -30.350000 -4.937984 46.257500
v -30.173529 -5.176926 46.257500
v -5.353127 -8.150003 46.257500
v -5.353127 -8.127168 46.372307
v -5.353127 -8.062136 46.469631
v -5.353127 -7.964808 46.534664
v -5.353127 -7.850003 46.557499
v -30.137777 -5.096007 46.469631
v -27.714495 -7.331741 46.257500
v -28.045553 -6.745978 46.257500
v -29.549368 -5.428207 46.257500
v -27.404234 -7.931564 46.469627
v -29.392553 -5.171374 46.557499
v -27.452682 -7.183162 46.557499
v -27.634632 -7.295095 46.469631
v -27.972963 -6.696463 46.469631
v -28.406849 -6.163012 46.469631
v -28.914953 -5.716527 46.469631
v -29.489120 -5.360251 46.469631
v -5.477168 -8.150003 46.257500
v -5.744715 -7.985717 46.257500
v -5.477168 -8.127168 46.372307
v -5.477168 -8.062136 46.469631
v -5.477168 -7.964808 46.534664
v -5.666353 -7.945967 46.469631
v -5.579554 -7.901939 46.534664
v -5.558731 -8.136234 46.295181
v -5.558731 -8.116728 46.367981
v -5.634148 -8.096943 46.323666
v -5.558731 -8.079044 46.433250
v -5.697740 -8.051606 46.284042
v -5.634148 -8.071404 46.385326
v -5.558731 -8.025753 46.486542
v -5.697740 -8.037867 46.335316
v -5.634148 -8.030776 46.438271
v -5.558731 -7.960485 46.524223
v -5.697740 -8.011326 46.381287
v -5.634148 -7.977829 46.478901
v -27.206633 -7.850003 46.557499
v -27.233603 -8.062162 46.469604
v -27.350475 -8.126581 46.257500
v -7.350000 -6.700003 46.557499
v -7.350000 -6.814808 46.534664
v -7.350000 -6.977167 46.372307
v -8.586102 -7.102342 46.557499
v -8.304828 -6.929628 46.557499
v -7.999966 -6.803119 46.557499
v -7.679048 -6.725942 46.557499
v -9.120446 -7.901939 46.534664
v -7.632041 -7.022236 46.257500
v -8.168424 -7.196825 46.257500
v -8.807866 -7.744246 46.257500
v -7.661059 -6.839329 46.534664
v -7.645809 -6.935454 46.469631
v -7.635619 -6.999683 46.372307
v -7.964433 -6.912287 46.534664
v -7.934309 -7.004835 46.469631
v -7.914182 -7.066673 46.372307
v -8.252628 -7.031879 46.534664
v -8.208376 -7.118564 46.469631
v -8.178807 -7.176486 46.372307
v -8.518525 -7.195151 46.534664
v -8.461236 -7.273832 46.469631
v -8.422957 -7.326405 46.372307
v -8.755554 -7.398070 46.534664
v -8.686645 -7.466802 46.469631
v -8.640601 -7.512726 46.372307
v -8.957860 -7.635623 46.534664
v -8.879033 -7.692708 46.469631
v -8.826362 -7.730850 46.372307
v -8.955285 -7.985717 46.257500
v -9.065621 -8.105518 46.257500
v -9.222832 -8.150003 46.257500
v -8.975651 -7.975388 46.372307
v -9.033648 -7.945967 46.469631
v -9.222832 -8.127168 46.372307
v -9.222832 -8.062136 46.469631
v -9.002260 -8.037867 46.335316
v -9.065851 -8.096943 46.323666
v -9.002260 -8.011326 46.381287
v -9.141270 -8.136234 46.295181
v -9.065851 -8.071404 46.385326
v -9.141270 -8.116728 46.367981
v -9.065851 -8.030776 46.438271
v -9.141270 -8.079044 46.433250
v -9.065851 -7.977829 46.478901
v -9.141270 -8.025753 46.486542
v -9.141270 -7.960485 46.524223
v -9.346872 -7.964808 46.534664
v -9.346872 -8.062136 46.469631
v -9.346872 -8.127168 46.372307
v -9.222832 -7.964808 46.534664
v -9.222832 -7.850003 46.557499
v 0.000000 -5.200003 46.557499
v 0.000000 -5.100003 46.530704
v 0.000000 -5.026798 46.457500
v 0.000000 5.199996 46.557499
v 1.778505 4.886399 46.557499
v 3.983431 3.342492 46.557499
v 4.503332 2.599996 46.557499
v 5.200000 -0.000004 46.557499
v 4.886402 -1.778508 46.557499
v 0.868241 -4.924042 46.357498
v 2.500000 -4.330130 46.357498
v 5.000000 -0.000003 46.357498
v 4.924039 0.868237 46.357498
v 4.698463 1.710098 46.357498
v 4.330127 2.499996 46.357498
v 3.830222 3.213934 46.357498
v 2.500000 4.330123 46.357498
v 0.885606 -5.022523 46.530704
v 0.872894 -4.950430 46.457500
v 1.744303 -4.792435 46.530704
v 1.719265 -4.723645 46.457500
v 2.550000 -4.416732 46.530704
v 2.513397 -4.353335 46.457500
v 3.278217 -3.906831 46.530704
v 3.231162 -3.850752 46.457500
v 3.906827 -3.278221 46.530704
v 3.850748 -3.231166 46.457500
v 4.416729 -2.550004 46.530704
v 4.353332 -2.513401 46.457500
v 4.792432 -1.744306 46.530704
v 4.723642 -1.719268 46.457500
v 5.022520 -0.885610 46.530704
v 4.950427 -0.872898 46.457500
v 5.100000 -0.000004 46.530704
v 5.026795 -0.000004 46.457500
v 5.022520 0.885602 46.530704
v 4.950427 0.872890 46.457500
v 4.792432 1.744300 46.530704
v 4.723642 1.719262 46.457500
v 4.416729 2.549996 46.530704
v 4.353332 2.513393 46.457500
v 3.906827 3.278214 46.530704
v 3.850748 3.231158 46.457500
v 3.278217 3.906823 46.530704
v 3.231162 3.850744 46.457500
v 2.550000 4.416726 46.530704
v 2.513397 4.353329 46.457500
v 1.744303 4.792428 46.530704
v 1.719265 4.723639 46.457500
v 0.885606 5.022517 46.530704
v 0.872894 4.950424 46.457500
v 8.567670 8.065950 19.557501
v 8.225000 8.190671 19.557501
v 8.075073 8.295651 19.557501
v 7.945653 8.425071 19.557501
v 7.840673 8.574998 19.557501
v 7.763323 8.740877 19.557501
v 7.700000 9.099998 19.557501
v 7.763323 9.459119 19.557501
v 7.840673 9.624998 19.557501
v 7.945653 9.774925 19.557501
v 8.075073 9.904345 19.557501
v 8.225000 10.009325 19.557501
v 8.567670 10.134047 19.557501
v 8.750000 10.149998 19.557501
v 7.840673 8.574996 45.057499
v 7.715952 8.917665 45.057499
v 7.700000 9.099997 45.057499
v 7.715952 9.282328 45.057499
v 7.763323 9.459117 45.057499
v 8.075073 9.904343 45.057499
v 8.750000 -10.150002 19.557501
v 7.840673 -8.575002 19.557501
v 7.945653 -8.425075 19.557501
v 8.225000 -8.190675 19.557501
v 8.390879 -8.113325 19.557501
v 8.567670 -10.134052 45.057499
v 8.075073 -9.904350 45.057499
v 7.945653 -9.774931 45.057499
v 7.763323 -9.459125 45.057499
v 7.715952 -9.282335 45.057499
v 7.700000 -9.100004 45.057499
v 7.715952 -8.917673 45.057499
v 7.763323 -8.740883 45.057499
v 7.840673 -8.575004 45.057499
v 8.390879 -8.113327 45.057499
v 8.567670 -8.065956 45.057499
v 8.750000 -8.050004 45.057499
v -32.484047 -9.282333 19.557501
v -32.500000 -9.100002 19.557501
v -32.436676 -8.740881 19.557501
v -32.359325 -8.575002 19.557501
v -32.254345 -8.425075 19.557501
v -32.124928 -8.295655 19.557501
v -31.975000 -8.190675 19.557501
v -31.809122 -8.113325 19.557501
v -31.632330 -8.065954 19.557501
v -31.632330 -10.134052 45.057499
v -31.809122 -10.086681 45.057499
v -31.975000 -10.009331 45.057499
v -32.124928 -9.904350 45.057499
v -32.254345 -9.774931 45.057499
v -32.359325 -9.625004 45.057499
v -32.436676 -9.459125 45.057499
v -32.484047 -9.282335 45.057499
v -32.500000 -9.100004 45.057499
v -32.484047 -8.917673 45.057499
v -32.436676 -8.740883 45.057499
v -32.359325 -8.575004 45.057499
v -32.254345 -8.425076 45.057499
v -32.124928 -8.295657 45.057499
v -31.975000 -8.190677 45.057499
v -31.809122 -8.113327 45.057499
v -31.632330 -8.065956 45.057499
v -31.632330 8.065948 45.057499
v -31.809122 8.113319 45.057499
v -32.124928 8.295650 45.057499
v -32.254345 8.425069 45.057499
v -32.359325 8.574996 45.057499
v -32.484047 8.917665 45.057499
v -32.500000 9.099997 45.057499
v -32.484047 9.282328 45.057499
v -32.436676 9.459117 45.057499
v -32.254345 9.774923 45.057499
v -32.124928 9.904343 45.057499
v -31.809122 10.086674 45.057499
v -32.862034 -11.395049 44.807499
v -32.862034 -11.315590 44.911053
v 10.162032 -11.212036 44.990513
v 10.162032 -11.315590 44.911053
v 10.162032 -11.395049 44.807499
v -32.991444 -11.444999 44.557499
v -33.295044 -11.212036 44.557499
v -33.344994 -11.091446 44.557499
v -32.862034 -11.444999 44.686909
v -32.862034 -11.212036 44.990513
v -32.862034 -11.091446 45.040462
v -32.862034 -10.962036 45.057499
v -32.991444 -10.962036 45.040462
v -33.346432 -11.016615 44.668762
v -33.322140 -11.123035 44.668762
v -33.274780 -11.221383 44.668762
v -33.301224 -11.062279 44.774441
v -33.206722 -11.306726 44.668762
v -33.267906 -11.157495 44.774441
v -33.250492 -11.005805 44.869244
v -33.121380 -11.374784 44.668762
v -33.214237 -11.242908 44.774441
v -33.231010 -11.091147 44.869244
v -33.023033 -11.422146 44.668762
v -33.142906 -11.314240 44.774441
v -33.193031 -11.170016 44.869244
v -33.165962 -11.031406 44.948414
v -32.916611 -11.446435 44.668762
v -33.057491 -11.367908 44.774441
v -33.138451 -11.238456 44.869244
v -33.142906 -11.097298 44.948414
v -33.077610 -10.986326 45.007984
v -32.962276 -11.401226 44.774441
v -33.070011 -11.293035 44.869244
v -33.105766 -11.156406 44.948414
v -33.066799 -11.033688 45.007984
v -32.991142 -11.331016 44.869244
v -33.056404 -11.205769 44.948414
v -33.045723 -11.077456 45.007984
v -32.970505 -10.986794 45.044964
v -32.905800 -11.350494 44.869244
v -32.997295 -11.242908 44.948414
v -33.015434 -11.115438 45.007984
v -32.962276 -11.010310 45.044964
v -32.931404 -11.265965 44.948414
v -32.977451 -11.145726 45.007984
v -32.949020 -11.031406 45.044964
v -32.933685 -11.166803 45.007984
v -32.931404 -11.049024 45.044964
v -32.886322 -11.177614 45.007984
v -32.910305 -11.062279 45.044964
v -32.886791 -11.070507 45.044964
v 10.291442 -10.962036 45.040462
v 10.515586 -10.962036 44.911053
v 10.644996 -10.962036 44.686909
v 10.162032 -10.962036 45.057499
v 10.162032 -11.091446 45.040462
v 10.162032 -11.444999 44.686909
v 10.162032 -11.462036 44.557499
v 10.644996 -11.091446 44.557499
v 10.595045 -11.212036 44.557499
v 10.515586 -11.315590 44.557499
v 10.412032 -11.395049 44.557499
v 10.291442 -11.444999 44.557499
v 10.216611 -11.446435 44.668762
v 10.323031 -11.422146 44.668762
v 10.421379 -11.374784 44.668762
v 10.262275 -11.401226 44.774441
v 10.506721 -11.306726 44.668762
v 10.357491 -11.367908 44.774441
v 10.205801 -11.350494 44.869244
v 10.574780 -11.221383 44.668762
v 10.442905 -11.314240 44.774441
v 10.291143 -11.331016 44.869244
v 10.622142 -11.123035 44.668762
v 10.514235 -11.242908 44.774441
v 10.370012 -11.293035 44.869244
v 10.231402 -11.265965 44.948414
v 10.646431 -11.016615 44.668762
v 10.567905 -11.157495 44.774441
v 10.438452 -11.238456 44.869244
v 10.297294 -11.242908 44.948414
v 10.186322 -11.177614 45.007984
v 10.601222 -11.062279 44.774441
v 10.493031 -11.170016 44.869244
v 10.356402 -11.205769 44.948414
v 10.233684 -11.166803 45.007984
v 10.531012 -11.091147 44.869244
v 10.405765 -11.156406 44.948414
v 10.277452 -11.145726 45.007984
v 10.186790 -11.070507 45.044964
v 10.550490 -11.005805 44.869244
v 10.442905 -11.097298 44.948414
v 10.315434 -11.115438 45.007984
v 10.210306 -11.062279 45.044964
v 10.465961 -11.031406 44.948414
v 10.345722 -11.077456 45.007984
v 10.231402 -11.049024 45.044964
v 10.366800 -11.033688 45.007984
v 10.249020 -11.031406 45.044964
v 10.377610 -10.986326 45.007984
v 10.262275 -11.010310 45.044964
v 10.270503 -10.986794 45.044964
v -33.344994 -10.962036 44.686909
v -33.295044 -10.962036 44.807499
v -33.215588 -10.962036 44.911053
v -33.112034 -10.962036 44.990513
v -33.215588 10.962029 44.911053
v -32.991444 10.962029 45.040462
v -33.112034 -11.395049 44.557499
v -33.215588 -11.315590 44.557499
v -33.362034 -10.962034 20.057501
v -33.295044 -11.212034 20.057501
v -33.344994 -11.091444 20.057501
v 10.162032 -11.444997 19.928091
v 10.162032 -11.212034 19.624487
v -32.862034 -11.462034 20.057501
v -32.862034 -10.962034 19.557501
v -32.862034 -11.315588 19.703947
v -32.862034 -11.395047 19.807501
v 10.662032 -10.962036 44.557499
v 10.644996 -11.091444 20.057501
v 10.515586 -11.315588 20.057501
v 10.291442 -11.444997 20.057501
v 10.412032 -10.962036 44.990513
v 10.595045 -10.962036 44.807499
v 10.291442 10.962029 45.040462
v 10.595045 10.962029 44.807499
v 10.644996 10.962029 44.686909
v -32.862034 11.091438 45.040462
v -32.862034 11.315582 44.911053
v -32.862034 11.444992 44.686909
v -32.862034 11.462029 44.557499
v 10.162032 11.395041 44.807499
v 10.162032 11.212029 44.990513
v 10.162032 11.091438 45.040462
v -33.362034 10.962029 44.557499
v -33.344994 10.962029 44.686909
v -33.295044 10.962029 44.807499
v -33.112034 10.962029 44.990513
v -32.862034 10.962029 45.057499
v -32.862034 11.212029 44.990513
v -32.862034 11.395041 44.807499
v -33.344994 11.091438 44.557499
v -33.112034 11.395041 44.557499
v -32.916611 11.446427 44.668762
v -33.023033 11.422138 44.668762
v -33.121380 11.374776 44.668762
v -32.962276 11.401218 44.774441
v -33.206722 11.306718 44.668762
v -33.057491 11.367901 44.774441
v -32.905800 11.350487 44.869244
v -33.274780 11.221375 44.668762
v -33.142906 11.314232 44.774441
v -32.991142 11.331008 44.869244
v -33.322140 11.123028 44.668762
v -33.214237 11.242901 44.774441
v -33.070011 11.293027 44.869244
v -32.931404 11.265958 44.948414
v -33.346432 11.016607 44.668762
v -33.267906 11.157487 44.774441
v -33.138451 11.238448 44.869244
v -32.997295 11.242901 44.948414
v -32.886322 11.177607 45.007984
v -33.301224 11.062271 44.774441
v -33.193031 11.170009 44.869244
v -33.056404 11.205761 44.948414
v -32.933685 11.166796 45.007984
v -33.231010 11.091140 44.869244
v -33.105766 11.156399 44.948414
v -32.977451 11.145719 45.007984
v -32.886791 11.070499 45.044964
v -33.250492 11.005797 44.869244
v -33.142906 11.097290 44.948414
v -33.015434 11.115430 45.007984
v -32.910305 11.062271 45.044964
v -33.165962 11.031399 44.948414
v -33.045723 11.077449 45.007984
v -32.931404 11.049016 45.044964
v -33.066799 11.033680 45.007984
v -32.949020 11.031399 45.044964
v -33.077610 10.986319 45.007984
v -32.962276 11.010303 45.044964
v -32.970505 10.986787 45.044964
v -32.862034 -11.091444 19.574537
v -32.862034 -11.212034 19.624487
v -32.862034 -11.444997 19.928091
v -32.991444 -11.444997 20.057501
v -33.112034 -11.395047 20.057501
v -33.215588 -11.315588 20.057501
v -33.295044 -10.962034 19.807501
v -33.344994 -10.962034 19.928091
v -32.972595 -10.974491 19.570036
v -32.967049 -10.998781 19.570036
v -32.956238 -11.021229 19.570036
v -33.073536 -11.010308 19.607016
v -32.940704 -11.040708 19.570036
v -33.057491 -11.056162 19.607016
v -33.171818 -10.996939 19.666584
v -32.921227 -11.056241 19.570036
v -33.031643 -11.097296 19.607016
v -33.156284 -11.064997 19.666584
v -32.898781 -11.067051 19.570036
v -32.997295 -11.131646 19.607016
v -33.125996 -11.127892 19.666584
v -33.243149 -11.049022 19.745754
v -32.874489 -11.072596 19.570036
v -32.956161 -11.157493 19.607016
v -33.082470 -11.182471 19.666584
v -33.214237 -11.131646 19.745754
v -33.309685 -11.012472 19.840559
v -32.910305 -11.173537 19.607016
v -33.027889 -11.225996 19.666584
v -33.167664 -11.205767 19.745754
v -33.287239 -11.110820 19.840559
v -32.964996 -11.256285 19.666584
v -33.105766 -11.267665 19.745754
v -33.243469 -11.201707 19.840559
v -33.337276 -11.070505 19.946239
v -32.896938 -11.271819 19.666584
v -33.031643 -11.314238 19.745754
v -33.180573 -11.280575 19.840559
v -33.301224 -11.173537 19.946239
v -32.949020 -11.343149 19.745754
v -33.101704 -11.343471 19.840559
v -33.243149 -11.265964 19.946239
v -33.010818 -11.387239 19.840559
v -33.165962 -11.343149 19.946239
v -32.912472 -11.409686 19.840559
v -33.073536 -11.401224 19.946239
v -32.970505 -11.437277 19.946239
v 10.595045 -11.212034 20.057501
v 10.412032 -11.395047 20.057501
v 10.162032 -11.462034 20.057501
v 10.162032 -11.395047 19.807501
v 10.162032 -11.315588 19.703947
v 10.162032 -11.091444 19.574537
v 10.162032 -10.962034 19.557501
v 10.291442 -10.962034 19.574537
v 10.174490 -11.072596 19.570036
v 10.198779 -11.067051 19.570036
v 10.221227 -11.056241 19.570036
v 10.210306 -11.173537 19.607016
v 10.240705 -11.040708 19.570036
v 10.256160 -11.157493 19.607016
v 10.196937 -11.271819 19.666584
v 10.256240 -11.021229 19.570036
v 10.297294 -11.131646 19.607016
v 10.264996 -11.256285 19.666584
v 10.267050 -10.998781 19.570036
v 10.331644 -11.097296 19.607016
v 10.327890 -11.225996 19.666584
v 10.249020 -11.343149 19.745754
v 10.272593 -10.974491 19.570036
v 10.357491 -11.056162 19.607016
v 10.382469 -11.182471 19.666584
v 10.331644 -11.314238 19.745754
v 10.212471 -11.409686 19.840559
v 10.373535 -11.010308 19.607016
v 10.425995 -11.127892 19.666584
v 10.405765 -11.267665 19.745754
v 10.310818 -11.387239 19.840559
v 10.456284 -11.064997 19.666584
v 10.467663 -11.205767 19.745754
v 10.401705 -11.343471 19.840559
v 10.270503 -11.437277 19.946239
v 10.471817 -10.996939 19.666584
v 10.514235 -11.131646 19.745754
v 10.480573 -11.280575 19.840559
v 10.373535 -11.401224 19.946239
v 10.543147 -11.049022 19.745754
v 10.543468 -11.201707 19.840559
v 10.465961 -11.343149 19.946239
v 10.587237 -11.110820 19.840559
v 10.543147 -11.265964 19.946239
v 10.609684 -11.012472 19.840559
v 10.601222 -11.173537 19.946239
v 10.637275 -11.070505 19.946239
v 10.162032 11.444992 44.686909
v 10.162032 11.315582 44.911053
v 10.162032 10.962029 45.057499
v 10.412032 10.962029 44.990513
v 10.515586 10.962029 44.911053
v 10.291442 11.444992 44.557499
v 10.646431 11.016607 44.668762
v 10.622142 11.123028 44.668762
v 10.574780 11.221375 44.668762
v 10.601222 11.062271 44.774441
v 10.506721 11.306718 44.668762
v 10.567905 11.157487 44.774441
v 10.550490 11.005797 44.869244
v 10.421379 11.374776 44.668762
v 10.514235 11.242901 44.774441
v 10.531012 11.091140 44.869244
v 10.323031 11.422138 44.668762
v 10.442905 11.314232 44.774441
v 10.493031 11.170009 44.869244
v 10.465961 11.031399 44.948414
v 10.216611 11.446427 44.668762
v 10.357491 11.367901 44.774441
v 10.438452 11.238448 44.869244
v 10.442905 11.097290 44.948414
v 10.377610 10.986319 45.007984
v 10.262275 11.401218 44.774441
v 10.370012 11.293027 44.869244
v 10.405765 11.156399 44.948414
v 10.366800 11.033680 45.007984
v 10.291143 11.331008 44.869244
v 10.356402 11.205761 44.948414
v 10.345722 11.077449 45.007984
v 10.270503 10.986787 45.044964
v 10.205801 11.350487 44.869244
v 10.297294 11.242901 44.948414
v 10.315434 11.115430 45.007984
v 10.262275 11.010303 45.044964
v 10.231402 11.265958 44.948414
v 10.277452 11.145719 45.007984
v 10.249020 11.031399 45.044964
v 10.233684 11.166796 45.007984
v 10.231402 11.049016 45.044964
v 10.186322 11.177607 45.007984
v 10.210306 11.062271 45.044964
v 10.186790 11.070499 45.044964
v -33.295044 11.212029 44.557499
v -33.215588 11.315582 44.557499
v -32.991444 11.444992 44.557499
v -33.344994 11.091440 20.057501
v -33.295044 11.212030 20.057501
v -33.215588 11.315584 20.057501
v -32.991444 -10.962034 19.574537
v -33.112034 -10.962034 19.624487
v -33.215588 -10.962034 19.703947
v -33.112034 10.962030 19.624487
v -33.215588 10.962030 19.703947
v -33.295044 10.962030 19.807501
v -33.344994 10.962030 19.928091
v 10.644996 -10.962034 19.928091
v 10.595045 -10.962034 19.807501
v 10.515586 -10.962034 19.703947
v 10.412032 -10.962034 19.624487
v 10.662032 10.962030 20.057501
v 10.595045 10.962030 19.807501
v 10.412032 10.962030 19.624487
v 10.162032 11.462029 44.557499
v 10.412032 11.395041 44.557499
v 10.515586 11.315582 44.557499
v 10.595045 11.212029 44.557499
v 10.644996 11.091438 44.557499
v 10.162032 11.462030 20.057501
v -32.991444 10.962030 19.574537
v -33.362034 10.962030 20.057501
v -33.112034 11.395043 20.057501
v -32.991444 11.444994 20.057501
v -32.862034 11.091440 19.574537
v -32.862034 11.212030 19.624487
v -32.874489 11.072592 19.570036
v -32.898781 11.067047 19.570036
v -32.921227 11.056237 19.570036
v -32.910305 11.173533 19.607016
v -32.940704 11.040704 19.570036
v -32.956161 11.157489 19.607016
v -32.896938 11.271815 19.666584
v -32.956238 11.021225 19.570036
v -32.997295 11.131642 19.607016
v -32.964996 11.256282 19.666584
v -32.967049 10.998777 19.570036
v -33.031643 11.097292 19.607016
v -33.027889 11.225992 19.666584
v -32.949020 11.343145 19.745754
v -32.972595 10.974488 19.570036
v -33.057491 11.056158 19.607016
v -33.082470 11.182467 19.666584
v -33.031643 11.314234 19.745754
v -32.912472 11.409682 19.840559
v -33.073536 11.010304 19.607016
v -33.125996 11.127889 19.666584
v -33.105766 11.267661 19.745754
v -33.010818 11.387236 19.840559
v -33.156284 11.064994 19.666584
v -33.167664 11.205763 19.745754
v -33.101704 11.343467 19.840559
v -32.970505 11.437273 19.946239
v -33.171818 10.996935 19.666584
v -33.214237 11.131642 19.745754
v -33.180573 11.280571 19.840559
v -33.073536 11.401220 19.946239
v -33.243149 11.049018 19.745754
v -33.243469 11.201703 19.840559
v -33.165962 11.343145 19.946239
v -33.287239 11.110816 19.840559
v -33.243149 11.265960 19.946239
v -33.309685 11.012469 19.840559
v -33.301224 11.173533 19.946239
v -33.337276 11.070501 19.946239
v 10.291442 11.444994 20.057501
v 10.412032 11.395043 20.057501
v 10.515586 11.315584 20.057501
v 10.595045 11.212030 20.057501
v 10.644996 11.091440 20.057501
v 10.644996 10.962030 19.928091
v 10.515586 10.962030 19.703947
v 10.291442 10.962030 19.574537
v 10.162032 10.962030 19.557501
v 10.162032 11.395043 19.807501
v 10.162032 11.212030 19.624487
v 10.272593 10.974488 19.570036
v 10.267050 10.998777 19.570036
v 10.256240 11.021225 19.570036
v 10.373535 11.010304 19.607016
v 10.240705 11.040704 19.570036
v 10.357491 11.056158 19.607016
v 10.471817 10.996935 19.666584
v 10.221227 11.056237 19.570036
v 10.331644 11.097292 19.607016
v 10.456284 11.064994 19.666584
v 10.198779 11.067047 19.570036
v 10.297294 11.131642 19.607016
v 10.425995 11.127889 19.666584
v 10.543147 11.049018 19.745754
v 10.174490 11.072592 19.570036
v 10.256160 11.157489 19.607016
v 10.382469 11.182467 19.666584
v 10.514235 11.131642 19.745754
v 10.609684 11.012469 19.840559
v 10.210306 11.173533 19.607016
v 10.327890 11.225992 19.666584
v 10.467663 11.205763 19.745754
v 10.587237 11.110816 19.840559
v 10.264996 11.256282 19.666584
v 10.405765 11.267661 19.745754
v 10.543468 11.201703 19.840559
v 10.637275 11.070501 19.946239
v 10.196937 11.271815 19.666584
v 10.331644 11.314234 19.745754
v 10.480573 11.280571 19.840559
v 10.601222 11.173533 19.946239
v 10.249020 11.343145 19.745754
v 10.401705 11.343467 19.840559
v 10.543147 11.265960 19.946239
v 10.310818 11.387236 19.840559
v 10.465961 11.343145 19.946239
v 10.212471 11.409682 19.840559
v 10.373535 11.401220 19.946239
v 10.270503 11.437273 19.946239
v -32.862034 11.315584 19.703947
v -32.862034 11.395043 19.807501
v -32.862034 11.444994 19.928091
v -32.862034 11.462030 20.057501
v 10.162032 11.444994 19.928091
v 10.162032 11.315584 19.703947
v 10.162032 11.091440 19.574537
vn -0.1736 -0.9848 -0.0000
vn -0.0000 -1.0000 -0.0000
vn -0.3420 -0.9397 -0.0000
vn -0.5000 -0.8660 -0.0000
vn -0.6428 -0.7660 -0.0000
vn -0.7660 -0.6428 -0.0000
vn -0.8660 -0.5000 -0.0000
vn -0.9397 -0.3420 -0.0000
vn -0.9848 -0.1737 -0.0000
vn -1.0000 -0.0000 -0.0000
vn -0.9848 0.1737 -0.0000
vn -0.9397 0.3420 -0.0000
vn -0.8660 0.5000 -0.0000
vn -0.7660 0.6428 -0.0000
vn -0.6428 0.7660 -0.0000
vn -0.5000 0.8660 -0.0000
vn -0.3420 0.9397 -0.0000
vn -0.1737 0.9848 -0.0000
vn -0.1736 0.9848 -0.0000
vn -0.0000 1.0000 -0.0000
vn -0.1737 -0.9848 -0.0000
vn -0.9848 -0.1736 -0.0000
vn -0.9848 0.1736 -0.0000
vn 0.0449 -0.2549 0.9659
vn -0.0000 -0.1234 0.9924
vn 0.0214 -0.1215 0.9924
vn -0.0000 -0.2588 0.9659
vn 0.1497 -0.8492 0.5063
vn 0.1721 -0.9763 0.1315
vn -0.0000 -0.9913 0.1315
vn -0.0000 -0.8624 0.5063
vn -0.0000 -0.7071 0.7071
vn 0.1228 -0.6963 0.7071
vn 0.0885 -0.2432 0.9659
vn 0.0422 -0.1160 0.9924
vn 0.2949 -0.8103 0.5063
vn 0.2418 -0.6645 0.7071
vn 0.3391 -0.9315 0.1315
vn 0.1294 -0.2241 0.9659
vn 0.0617 -0.1069 0.9924
vn 0.4312 -0.7468 0.5063
vn 0.3536 -0.6124 0.7071
vn 0.4957 -0.8585 0.1315
vn 0.1664 -0.1982 0.9659
vn 0.0793 -0.0945 0.9924
vn 0.4545 -0.5416 0.7071
vn 0.5543 -0.6606 0.5063
vn 0.6372 -0.7594 0.1315
vn 0.1983 -0.1664 0.9659
vn 0.0945 -0.0793 0.9924
vn 0.6606 -0.5543 0.5063
vn 0.5417 -0.4545 0.7071
vn 0.7594 -0.6372 0.1315
vn 0.2241 -0.1294 0.9659
vn 0.1069 -0.0617 0.9924
vn 0.7468 -0.4312 0.5063
vn 0.8585 -0.4957 0.1315
vn 0.6124 -0.3535 0.7071
vn 0.2432 -0.0885 0.9659
vn 0.1159 -0.0422 0.9924
vn 0.6645 -0.2418 0.7071
vn 0.8103 -0.2949 0.5063
vn 0.9315 -0.3391 0.1315
vn 0.2549 -0.0449 0.9659
vn 0.1215 -0.0214 0.9924
vn 0.8492 -0.1497 0.5063
vn 0.9763 -0.1721 0.1315
vn 0.6964 -0.1228 0.7071
vn 0.2588 -0.0000 0.9659
vn 0.1234 -0.0000 0.9924
vn 0.7071 -0.0000 0.7071
vn 0.8623 -0.0000 0.5063
vn 0.9913 -0.0000 0.1315
vn 0.2549 0.0450 0.9659
vn 0.1215 0.0214 0.9924
vn 0.8492 0.1497 0.5063
vn 0.9763 0.1721 0.1315
vn 0.6964 0.1228 0.7071
vn 0.2432 0.0885 0.9659
vn 0.1159 0.0422 0.9924
vn 0.8103 0.2949 0.5063
vn 0.9315 0.3390 0.1315
vn 0.6645 0.2418 0.7071
vn 0.2241 0.1294 0.9659
vn 0.1069 0.0617 0.9924
vn 0.7468 0.4312 0.5063
vn 0.8585 0.4957 0.1315
vn 0.6124 0.3536 0.7071
vn 0.1983 0.1664 0.9659
vn 0.0945 0.0793 0.9924
vn 0.6606 0.5543 0.5063
vn 0.7594 0.6372 0.1315
vn 0.5417 0.4545 0.7071
vn 0.1664 0.1982 0.9659
vn 0.0793 0.0945 0.9924
vn 0.4545 0.5417 0.7071
vn 0.5543 0.6606 0.5063
vn 0.6372 0.7594 0.1315
vn 0.4957 0.8585 0.1315
vn 0.1294 0.2241 0.9659
vn 0.0617 0.1068 0.9924
vn 0.4312 0.7468 0.5063
vn 0.3535 0.6124 0.7071
vn 0.3391 0.9315 0.1315
vn 0.0885 0.2432 0.9659
vn 0.0422 0.1159 0.9924
vn 0.2418 0.6645 0.7071
vn 0.2949 0.8103 0.5063
vn 0.0449 0.2549 0.9659
vn 0.0214 0.1215 0.9924
vn -0.0000 0.1234 0.9924
vn -0.0000 0.2588 0.9659
vn 0.1228 0.6964 0.7071
vn 0.1497 0.8492 0.5063
vn -0.0000 0.7071 0.7071
vn -0.0000 0.8624 0.5063
vn -0.0000 0.9913 0.1315
vn 0.1721 0.9763 0.1315
vn -0.8061 -0.5835 0.0982
vn -0.8206 -0.5679 0.0645
vn -0.7949 -0.4720 0.3813
vn -0.0000 -0.3743 0.9273
vn -0.0146 -0.0920 0.9957
vn -0.0000 -0.0931 0.9957
vn -0.0000 -0.9953 0.0966
vn -0.1560 -0.9830 0.0966
vn -0.0000 -0.9224 0.3862
vn -0.3031 -0.2195 0.9273
vn -0.0616 -0.1086 0.9922
vn -0.0754 -0.0546 0.9957
vn -0.2939 -0.2236 0.9293
vn -0.5687 -0.4118 0.7120
vn -0.6058 -0.3755 0.7014
vn -0.7471 -0.5410 0.3862
vn -0.2650 -0.2643 0.9273
vn -0.0659 -0.0658 0.9957
vn -0.4971 -0.4959 0.7120
vn -0.6531 -0.6514 0.3862
vn -0.7048 -0.7027 0.0977
vn -0.2203 -0.3026 0.9273
vn -0.0548 -0.0753 0.9957
vn -0.4133 -0.5676 0.7120
vn -0.5430 -0.7457 0.3862
vn -0.5860 -0.8045 0.0973
vn -0.1702 -0.3334 0.9273
vn -0.0424 -0.0830 0.9957
vn -0.3193 -0.6254 0.7120
vn -0.4194 -0.8216 0.3862
vn -0.4526 -0.8864 0.0970
vn -0.1158 -0.3559 0.9273
vn -0.0288 -0.0886 0.9957
vn -0.2173 -0.6677 0.7120
vn -0.2855 -0.8771 0.3862
vn -0.3081 -0.9464 0.0968
vn -0.0586 -0.3697 0.9273
vn -0.1100 -0.6935 0.7120
vn -0.0000 -0.7022 0.7120
vn -0.1445 -0.9110 0.3862
vn -0.0104 0.3864 0.9223
vn -0.0398 0.1160 0.9925
vn 0.1099 0.3778 0.9193
vn 0.0046 0.6980 0.7161
vn 0.2244 0.6534 0.7230
vn 0.2155 0.7814 0.5857
vn -0.0100 0.9240 0.3823
vn 0.3308 0.8650 0.3773
vn 0.2052 0.9067 0.3684
vn 0.2116 0.9717 0.1053
vn -0.0142 0.9990 0.0434
vn 0.3099 0.9481 0.0709
vn -0.1721 0.9763 0.1315
vn -0.3391 0.9315 0.1315
vn -0.4957 0.8585 0.1315
vn -0.6372 0.7594 0.1315
vn -0.7594 0.6372 0.1315
vn -0.8585 0.4957 0.1315
vn -0.9315 0.3390 0.1315
vn -0.9763 0.1721 0.1315
vn -0.9913 -0.0000 0.1315
vn -0.9763 -0.1721 0.1315
vn -0.9315 -0.3390 0.1315
vn -0.8585 -0.4957 0.1315
vn -0.7594 -0.6372 0.1315
vn -0.6372 -0.7594 0.1315
vn -0.4957 -0.8585 0.1315
vn -0.3390 -0.9315 0.1315
vn -0.1721 -0.9763 0.1315
vn -0.0073 1.0000 -0.0000
vn 0.1418 0.9850 0.0985
vn -0.0006 0.9944 0.1052
vn 0.1424 0.9898 -0.0000
vn 0.2806 0.9548 0.0985
vn 0.2820 0.9594 -0.0000
vn 0.2179 0.9759 -0.0070
vn -0.1607 -0.9114 -0.3789
vn -0.0000 -0.9952 -0.0975
vn -0.1728 -0.9801 -0.0975
vn -0.0000 -0.9254 -0.3789
vn -0.1237 -0.7016 -0.7017
vn -0.0000 -0.7124 -0.7017
vn -0.0680 -0.3859 -0.9200
vn -0.0180 -0.1018 -0.9946
vn -0.0000 -0.1034 -0.9946
vn -0.0000 -0.3918 -0.9200
vn -0.3165 -0.8696 -0.3789
vn -0.3404 -0.9352 -0.0975
vn -0.2437 -0.6695 -0.7017
vn -0.1340 -0.3682 -0.9200
vn -0.0354 -0.0972 -0.9946
vn -0.4627 -0.8014 -0.3789
vn -0.4976 -0.8619 -0.0975
vn -0.3562 -0.6170 -0.7017
vn -0.1959 -0.3394 -0.9200
vn -0.0517 -0.0895 -0.9946
vn -0.5949 -0.7089 -0.3789
vn -0.6397 -0.7624 -0.0975
vn -0.4579 -0.5458 -0.7017
vn -0.2519 -0.3002 -0.9200
vn -0.0665 -0.0792 -0.9946
vn -0.0792 -0.0665 -0.9946
vn -0.7089 -0.5949 -0.3789
vn -0.7624 -0.6397 -0.0975
vn -0.5458 -0.4579 -0.7017
vn -0.3002 -0.2519 -0.9200
vn -0.8015 -0.4627 -0.3789
vn -0.8619 -0.4976 -0.0975
vn -0.6170 -0.3562 -0.7017
vn -0.3394 -0.1959 -0.9200
vn -0.0896 -0.0517 -0.9946
vn -0.8696 -0.3165 -0.3789
vn -0.9352 -0.3404 -0.0975
vn -0.6695 -0.2437 -0.7017
vn -0.3682 -0.1340 -0.9200
vn -0.0972 -0.0354 -0.9946
vn -0.1018 -0.0180 -0.9946
vn -0.9114 -0.1607 -0.3789
vn -0.9801 -0.1728 -0.0975
vn -0.7016 -0.1237 -0.7017
vn -0.3859 -0.0680 -0.9200
vn -0.9254 -0.0000 -0.3789
vn -0.9952 -0.0000 -0.0975
vn -0.7124 -0.0000 -0.7017
vn -0.3919 -0.0000 -0.9200
vn -0.1034 -0.0000 -0.9946
vn -0.9114 0.1607 -0.3789
vn -0.9801 0.1728 -0.0975
vn -0.7016 0.1237 -0.7017
vn -0.3859 0.0680 -0.9200
vn -0.1018 0.0180 -0.9946
vn -0.8696 0.3165 -0.3789
vn -0.9352 0.3404 -0.0975
vn -0.6695 0.2437 -0.7017
vn -0.3682 0.1340 -0.9200
vn -0.0972 0.0354 -0.9946
vn -0.0896 0.0517 -0.9946
vn -0.8015 0.4627 -0.3789
vn -0.8619 0.4976 -0.0975
vn -0.6170 0.3562 -0.7017
vn -0.3394 0.1959 -0.9200
vn -0.7089 0.5949 -0.3789
vn -0.7624 0.6397 -0.0975
vn -0.5458 0.4579 -0.7017
vn -0.3002 0.2519 -0.9200
vn -0.0792 0.0665 -0.9946
vn -0.5949 0.7089 -0.3789
vn -0.6397 0.7624 -0.0975
vn -0.4579 0.5458 -0.7017
vn -0.2519 0.3002 -0.9200
vn -0.0665 0.0792 -0.9946
vn -0.4627 0.8015 -0.3789
vn -0.4976 0.8619 -0.0975
vn -0.3562 0.6170 -0.7017
vn -0.1959 0.3394 -0.9200
vn -0.0517 0.0896 -0.9946
vn -0.3165 0.8696 -0.3789
vn -0.3404 0.9352 -0.0975
vn -0.2437 0.6695 -0.7017
vn -0.1340 0.3682 -0.9200
vn -0.0354 0.0972 -0.9946
vn -0.1607 0.9114 -0.3789
vn -0.1728 0.9801 -0.0975
vn -0.0000 0.9952 -0.0975
vn -0.0000 0.9254 -0.3789
vn -0.1237 0.7016 -0.7017
vn -0.0000 0.7124 -0.7017
vn -0.0680 0.3859 -0.9200
vn -0.0000 0.3919 -0.9200
vn -0.0000 0.1034 -0.9946
vn -0.0180 0.1018 -0.9946
vn -0.0000 -0.7071 -0.7071
vn -0.1228 -0.6964 -0.7071
vn -0.2418 -0.6645 -0.7071
vn -0.3536 -0.6124 -0.7071
vn -0.4545 -0.5417 -0.7071
vn -0.5417 -0.4545 -0.7071
vn -0.6124 -0.3536 -0.7071
vn -0.6124 -0.3535 -0.7071
vn -0.6645 -0.2418 -0.7071
vn -0.6964 -0.1228 -0.7071
vn -0.7071 -0.0000 -0.7071
vn -0.6964 0.1228 -0.7071
vn -0.6645 0.2418 -0.7071
vn -0.6124 0.3536 -0.7071
vn -0.6124 0.3535 -0.7071
vn -0.5417 0.4545 -0.7071
vn -0.4545 0.5417 -0.7071
vn -0.3536 0.6124 -0.7071
vn -0.2418 0.6645 -0.7071
vn -0.1228 0.6964 -0.7071
vn -0.0000 0.7071 -0.7071
vn -0.0000 -0.3919 -0.9200
vn -0.4627 -0.8015 -0.3789
vn -0.0517 -0.0896 -0.9946
vn -0.8014 0.4627 -0.3789
vn -0.4627 0.8014 -0.3789
vn -0.0000 -0.0000 1.0000
vn 0.0485 0.0485 0.9976
vn 0.0485 -0.0485 0.9976
vn -0.0000 0.0001 1.0000
vn -0.0000 -0.0001 1.0000
vn -0.0000 -0.0002 1.0000
vn -0.0485 0.0485 0.9976
vn -0.0000 -0.0007 1.0000
vn -0.0485 -0.0485 0.9976
vn 0.0444 0.9764 -0.2112
vn -0.0693 0.9934 -0.0915
vn -0.0752 0.9972 -0.0000
vn 0.0542 0.9914 -0.1192
vn 0.0748 0.9972 -0.0000
vn 0.0677 0.9936 -0.0909
vn -0.0232 0.9940 -0.1068
vn -0.0713 0.9851 -0.1564
vn -0.1383 0.0809 -0.9871
vn -0.0918 0.0869 -0.9920
vn -0.0487 0.1172 -0.9919
vn 0.0417 0.1248 -0.9913
vn -0.1226 0.0896 -0.9884
vn -0.1084 0.1062 -0.9884
vn -0.1173 0.0482 -0.9919
vn -0.0887 0.0900 -0.9920
vn -0.0839 0.1365 -0.9871
vn 0.0829 -0.1053 -0.9910
vn -0.1088 -0.1058 -0.9884
vn -0.0926 -0.1203 -0.9884
vn -0.0921 0.1210 -0.9884
vn -0.1232 -0.0892 -0.9884
vn -0.0842 -0.1363 -0.9871
vn -0.1384 -0.0806 -0.9871
vn -0.1077 -0.0262 -0.9938
vn -0.0585 -0.0863 -0.9945
vn -0.0487 -0.1172 -0.9919
vn -0.0918 -0.0869 -0.9920
vn -0.0000 -0.0000 -1.0000
vn 0.0481 0.0481 -0.9977
vn -0.0000 0.0001 -1.0000
vn 0.0481 -0.0481 -0.9977
vn -0.0000 -0.0001 -1.0000
vn 0.1639 0.0511 -0.9851
vn -0.0481 0.0481 -0.9977
vn 0.1688 -0.1667 -0.9715
vn 0.1700 -0.0470 -0.9843
vn -0.0481 -0.0481 -0.9977
vn 0.9968 -0.0571 0.0555
vn 0.9963 -0.0606 -0.0605
vn 0.9963 0.0606 -0.0605
vn 0.9968 0.0571 0.0555
vn -0.0571 0.9968 0.0555
vn 0.0571 0.9968 0.0555
vn 0.0605 0.9963 -0.0605
vn -0.0605 0.9963 -0.0605
vn -0.9968 0.0571 0.0555
vn -0.9963 0.0606 -0.0605
vn -0.9963 -0.0606 -0.0605
vn -0.9968 -0.0571 0.0555
vn 0.0571 -0.9968 0.0555
vn -0.0605 -0.9963 -0.0605
vn 0.0606 -0.9963 -0.0605
vn -0.0571 -0.9968 0.0555
vn -0.0748 -0.9972 -0.0000
vn -0.0677 -0.9936 -0.0909
vn 0.0444 -0.9764 -0.2112
vn 0.0652 -0.9875 -0.1433
vn -0.3035 -0.9528 -0.0003
vn -0.3050 -0.9514 -0.0424
vn -0.5786 -0.8156 -0.0005
vn -0.7982 -0.6010 -0.0412
vn -0.5721 -0.8079 -0.1414
vn -0.7978 -0.6029 -0.0004
vn -0.9045 -0.4118 -0.1108
vn -0.9000 -0.4359 -0.0000
vn -0.8850 -0.4656 -0.0000
vn -0.8674 -0.4661 -0.1741
vn -0.8086 -0.5884 -0.0000
vn -0.7965 -0.5808 -0.1679
vn -0.7154 -0.6987 -0.0001
vn -0.7049 -0.6892 -0.1677
vn -0.6072 -0.7945 -0.0001
vn -0.4858 -0.8565 -0.1744
vn -0.5987 -0.7832 -0.1678
vn -0.4863 -0.8738 -0.0000
vn -0.4303 -0.8960 -0.1100
vn -0.4556 -0.8902 -0.0002
vn -0.6179 -0.7851 -0.0427
vn -0.6174 -0.7866 -0.0003
vn -0.8165 -0.5680 -0.1036
vn -0.8241 -0.5664 -0.0003
vn -0.9521 -0.2856 -0.1089
vn -0.9549 -0.2968 -0.0006
vn -0.9973 -0.0740 -0.0003
vn -0.9924 -0.0754 -0.0973
vn -0.9973 0.0735 -0.0002
vn -0.9937 0.0662 -0.0908
vn -0.9535 0.2985 -0.0427
vn -0.9547 0.2975 -0.0003
vn -0.8149 0.5626 -0.1391
vn -0.8224 0.5690 -0.0003
vn -0.6149 0.7875 -0.0414
vn -0.6168 0.7871 -0.0006
vn -0.4561 0.8899 -0.0003
vn -0.4318 0.8952 -0.1106
vn -0.4864 0.8737 -0.0000
vn -0.4865 0.8561 -0.1742
vn -0.6074 0.7944 -0.0000
vn -0.5995 0.7826 -0.1679
vn -0.7154 0.6987 -0.0001
vn -0.7057 0.6884 -0.1677
vn -0.8087 0.5883 -0.0001
vn -0.8677 0.4655 -0.1743
vn -0.7971 0.5801 -0.1678
vn -0.8850 0.4655 -0.0000
vn -0.9052 0.4104 -0.1102
vn -0.9002 0.4356 -0.0000
vn -0.7973 0.6036 -0.0003
vn -0.7954 0.6046 -0.0424
vn -0.5762 0.8173 -0.0005
vn -0.3007 0.9528 -0.0412
vn -0.5711 0.8086 -0.1414
vn -0.3026 0.9531 -0.0004
vn 1.0000 -0.0000 -0.0000
vn 0.3035 0.9528 -0.0003
vn 0.3050 0.9514 -0.0424
vn 0.5786 0.8156 -0.0005
vn 0.7982 0.6010 -0.0412
vn 0.5721 0.8079 -0.1413
vn 0.7978 0.6029 -0.0004
vn 0.8954 0.4357 -0.0915
vn 0.8968 0.4425 -0.0000
vn 0.8711 0.4910 -0.0000
vn 0.8669 0.4886 -0.0986
vn 0.7733 0.6341 -0.0000
vn 0.7695 0.6310 -0.0985
vn 0.6522 0.7581 -0.0000
vn 0.6490 0.7544 -0.0985
vn 0.5115 0.8593 -0.0000
vn 0.5090 0.8551 -0.0985
vn 0.4621 0.8868 -0.0002
vn 0.4540 0.8864 -0.0907
vn 0.6179 0.7851 -0.0427
vn 0.6174 0.7866 -0.0003
vn 0.8155 0.5617 -0.1391
vn 0.8241 0.5664 -0.0003
vn 0.9547 0.2948 -0.0414
vn 0.9549 0.2968 -0.0006
vn 0.9973 0.0740 -0.0003
vn 0.9935 0.0679 -0.0913
vn 0.9973 -0.0735 -0.0002
vn 0.9937 -0.0662 -0.0908
vn 0.9535 -0.2985 -0.0427
vn 0.9547 -0.2975 -0.0003
vn 0.8149 -0.5626 -0.1391
vn 0.8224 -0.5690 -0.0003
vn 0.6149 -0.7875 -0.0414
vn 0.6168 -0.7871 -0.0006
vn 0.4625 -0.8866 -0.0003
vn 0.4555 -0.8855 -0.0913
vn 0.5115 -0.8593 -0.0000
vn 0.5090 -0.8551 -0.0985
vn 0.6522 -0.7581 -0.0000
vn 0.6490 -0.7544 -0.0986
vn 0.7733 -0.6341 -0.0000
vn 0.7695 -0.6310 -0.0985
vn 0.8711 -0.4910 -0.0000
vn 0.8669 -0.4886 -0.0986
vn 0.8970 -0.4421 -0.0000
vn 0.8962 -0.4343 -0.0908
vn 0.7973 -0.6036 -0.0003
vn 0.7954 -0.6046 -0.0424
vn 0.5763 -0.8173 -0.0005
vn 0.3007 -0.9528 -0.0412
vn 0.5712 -0.8086 -0.1414
vn 0.3026 -0.9531 -0.0004
vn 0.0693 -0.9934 -0.0916
vn 0.0752 -0.9972 -0.0000
vn -0.0232 -0.9940 -0.1068
vn -0.0713 -0.9851 -0.1564
vn 0.0807 0.0455 -0.9957
vn 0.0487 0.1172 -0.9919
vn 0.0903 0.0879 -0.9920
vn 0.0474 0.0796 -0.9957
vn 0.0896 0.0885 -0.9920
vn 0.1173 0.0482 -0.9919
vn 0.0716 0.0587 -0.9957
vn 0.0604 0.0702 -0.9957
vn 0.1173 -0.0482 -0.9919
vn -0.0253 0.0833 -0.9962
vn 0.0474 -0.0796 -0.9957
vn 0.0896 -0.0885 -0.9920
vn 0.0604 -0.0702 -0.9957
vn 0.0716 -0.0587 -0.9957
vn 0.0807 -0.0455 -0.9957
vn 0.0487 -0.1172 -0.9919
vn 0.0903 -0.0879 -0.9920
vn -0.0253 -0.0833 -0.9962
vn 0.1728 -0.9801 -0.0975
vn 0.1737 -0.9848 -0.0000
vn 0.3404 -0.9352 -0.0975
vn 0.3420 -0.9397 -0.0000
vn 0.4976 -0.8619 -0.0975
vn 0.5000 -0.8660 -0.0000
vn 0.6397 -0.7624 -0.0975
vn 0.6428 -0.7660 -0.0000
vn 0.7624 -0.6397 -0.0975
vn 0.7660 -0.6428 -0.0000
vn 0.8619 -0.4976 -0.0975
vn 0.8660 -0.5000 -0.0000
vn 0.9352 -0.3404 -0.0975
vn 0.9397 -0.3420 -0.0000
vn 0.9801 -0.1728 -0.0975
vn 0.9848 -0.1736 -0.0000
vn 0.9952 -0.0000 -0.0975
vn 0.9801 0.1728 -0.0975
vn 0.9848 0.1736 -0.0000
vn 0.9397 0.3420 -0.0000
vn 0.9352 0.3404 -0.0975
vn 0.8619 0.4976 -0.0975
vn 0.8660 0.5000 -0.0000
vn 0.7624 0.6397 -0.0975
vn 0.7660 0.6428 -0.0000
vn 0.6428 0.7660 -0.0000
vn 0.6397 0.7624 -0.0975
vn 0.5000 0.8660 -0.0000
vn 0.4976 0.8619 -0.0975
vn 0.3404 0.9352 -0.0975
vn 0.3420 0.9397 -0.0000
vn 0.1737 0.9848 -0.0000
vn 0.1728 0.9801 -0.0975
vn 0.0665 0.0792 -0.9946
vn 0.0792 0.0665 -0.9946
vn 0.0517 0.0896 -0.9946
vn 0.0896 0.0517 -0.9946
vn 0.0354 0.0972 -0.9946
vn 0.0972 0.0354 -0.9946
vn 0.0180 0.1018 -0.9946
vn 0.1018 0.0180 -0.9946
vn 0.1034 -0.0000 -0.9946
vn 0.1018 -0.0180 -0.9946
vn 0.0972 -0.0354 -0.9946
vn 0.0896 -0.0517 -0.9946
vn 0.0792 -0.0665 -0.9946
vn 0.0665 -0.0792 -0.9946
vn 0.0517 -0.0896 -0.9946
vn 0.0354 -0.0972 -0.9946
vn 0.0180 -0.1018 -0.9946
vn 0.1736 -0.9848 -0.0000
vn 0.1736 0.9848 -0.0000
vn 0.1607 0.9114 -0.3789
vn 0.1237 0.7016 -0.7017
vn 0.0680 0.3859 -0.9200
vn 0.3165 0.8696 -0.3789
vn 0.2437 0.6695 -0.7017
vn 0.1340 0.3682 -0.9200
vn 0.4627 0.8015 -0.3789
vn 0.3562 0.6170 -0.7017
vn 0.1959 0.3394 -0.9200
vn 0.5949 0.7089 -0.3789
vn 0.4579 0.5458 -0.7017
vn 0.2519 0.3002 -0.9200
vn 0.7089 0.5949 -0.3789
vn 0.5458 0.4579 -0.7017
vn 0.3002 0.2519 -0.9200
vn 0.8015 0.4627 -0.3789
vn 0.6170 0.3562 -0.7017
vn 0.3394 0.1959 -0.9200
vn 0.8696 0.3165 -0.3789
vn 0.6695 0.2437 -0.7017
vn 0.3682 0.1340 -0.9200
vn 0.9114 0.1607 -0.3789
vn 0.7016 0.1237 -0.7017
vn 0.3859 0.0680 -0.9200
vn 0.9254 -0.0000 -0.3789
vn 0.7124 -0.0000 -0.7017
vn 0.3919 -0.0000 -0.9200
vn 0.9114 -0.1607 -0.3789
vn 0.7016 -0.1237 -0.7017
vn 0.3859 -0.0680 -0.9200
vn 0.8696 -0.3165 -0.3789
vn 0.6695 -0.2437 -0.7017
vn 0.3682 -0.1340 -0.9200
vn 0.8014 -0.4627 -0.3789
vn 0.6170 -0.3562 -0.7017
vn 0.3394 -0.1959 -0.9200
vn 0.7089 -0.5949 -0.3789
vn 0.5458 -0.4579 -0.7017
vn 0.3002 -0.2519 -0.9200
vn 0.5949 -0.7089 -0.3789
vn 0.4579 -0.5458 -0.7017
vn 0.2519 -0.3002 -0.9200
vn 0.4627 -0.8014 -0.3789
vn 0.3562 -0.6170 -0.7017
vn 0.1959 -0.3394 -0.9200
vn 0.3165 -0.8696 -0.3789
vn 0.2437 -0.6695 -0.7017
vn 0.1340 -0.3682 -0.9200
vn 0.1607 -0.9114 -0.3789
vn 0.1237 -0.7016 -0.7017
vn 0.0680 -0.3859 -0.9200
vn 0.1228 0.6964 -0.7071
vn 0.2418 0.6645 -0.7071
vn 0.3536 0.6124 -0.7071
vn 0.4545 0.5417 -0.7071
vn 0.5417 0.4545 -0.7071
vn 0.6124 0.3536 -0.7071
vn 0.6645 0.2418 -0.7071
vn 0.6964 0.1228 -0.7071
vn 0.7071 -0.0000 -0.7071
vn 0.6964 -0.1228 -0.7071
vn 0.6645 -0.2418 -0.7071
vn 0.6124 -0.3536 -0.7071
vn 0.5417 -0.4545 -0.7071
vn 0.4545 -0.5417 -0.7071
vn 0.3536 -0.6124 -0.7071
vn 0.2418 -0.6645 -0.7071
vn 0.1228 -0.6964 -0.7071
vn 0.4627 0.8014 -0.3789
vn 0.8015 -0.4627 -0.3789
vn 0.4627 -0.8015 -0.3789
vn -0.4091 0.1996 -0.8904
vn -0.3903 -0.0869 -0.9166
vn -0.4091 -0.1996 -0.8904
vn -0.3903 0.0869 -0.9166
vn -0.9986 -0.0000 -0.0524
vn -0.9986 -0.0000 -0.0523
vn -0.1224 -0.0665 -0.9902
vn -0.1224 0.0666 -0.9902
vn -0.2945 -0.0237 -0.9554
vn -0.2945 0.0237 -0.9554
vn 0.3408 0.1132 -0.9333
vn 0.3381 -0.1068 -0.9351
vn -0.1232 -0.9184 -0.3761
vn -0.2147 -0.8555 -0.4713
vn -0.2639 -0.7303 -0.6300
vn -0.3597 -0.5153 -0.7779
vn -0.3919 -0.3917 -0.8325
vn -0.0430 -0.9190 -0.3918
vn -0.2676 -0.0444 -0.9625
vn -0.2635 -0.1247 -0.9566
vn -0.2199 -0.1625 -0.9619
vn -0.1623 -0.2115 -0.9638
vn -0.0407 -0.2419 -0.9694
vn -0.0158 -0.3852 -0.9227
vn -0.3825 -0.2828 -0.8796
vn -0.2514 -0.4415 -0.8613
vn -0.0995 -0.5036 -0.8582
vn -0.0168 -0.7145 -0.6994
vn -0.3393 -0.6105 -0.7157
vn -0.1035 -0.7225 -0.6836
vn 0.0638 -0.9208 -0.3848
vn 0.0849 -0.7040 -0.7051
vn 0.0727 -0.3825 -0.9211
vn 0.2870 -0.4067 -0.8673
vn 0.3263 -0.2102 -0.9216
vn 0.6201 -0.3417 -0.7062
vn 0.4396 -0.6240 -0.6460
vn 0.3139 -0.8447 -0.4335
vn 0.3147 -0.9294 -0.1926
vn 0.6938 -0.5741 -0.4348
vn 0.8308 -0.4012 -0.3857
vn 0.7753 -0.6013 -0.1933
vn 0.4217 -0.8206 -0.3856
vn 0.3253 -0.1834 -0.9277
vn 0.6112 -0.3445 -0.7125
vn 0.8034 -0.4529 -0.3865
vn 0.2888 -0.2368 -0.9277
vn 0.5426 -0.4449 -0.7125
vn 0.7132 -0.5848 -0.3865
vn 0.2435 -0.2831 -0.9277
vn 0.4576 -0.5319 -0.7125
vn 0.6015 -0.6991 -0.3865
vn 0.1910 -0.3209 -0.9277
vn 0.2161 -0.3209 -0.9221
vn 0.3589 -0.6029 -0.7125
vn 0.3550 -0.6133 -0.7056
vn 0.4717 -0.7925 -0.3865
vn 0.4095 -0.2829 -0.8674
vn 0.3823 -0.0722 -0.9212
vn 0.7037 -0.0837 -0.7055
vn 0.6266 -0.4338 -0.6474
vn 0.5899 -0.6821 -0.4322
vn 0.6201 -0.7604 -0.1931
vn 0.8479 -0.3053 -0.4335
vn 0.9209 -0.0600 -0.3853
vn 0.9329 -0.3035 -0.1938
vn 0.9208 0.0624 -0.3850
vn 0.7043 0.0834 -0.7050
vn 0.3820 0.0717 -0.9214
vn 0.4100 0.2821 -0.8674
vn 0.2167 0.3210 -0.9219
vn 0.3551 0.6126 -0.7061
vn 0.6282 0.4315 -0.6474
vn 0.8472 0.3090 -0.4322
vn 0.9311 0.3093 -0.1932
vn 0.5867 0.6840 -0.4335
vn 0.4195 0.8216 -0.3860
vn 0.6153 0.7641 -0.1938
vn 0.3262 0.2095 -0.9218
vn 0.1910 0.3209 -0.9277
vn 0.3589 0.6029 -0.7125
vn 0.4717 0.7925 -0.3865
vn 0.2435 0.2831 -0.9277
vn 0.4576 0.5319 -0.7125
vn 0.6015 0.6991 -0.3865
vn 0.2888 0.2368 -0.9277
vn 0.5426 0.4449 -0.7125
vn 0.7132 0.5848 -0.3865
vn 0.3253 0.1834 -0.9277
vn 0.6207 0.3416 -0.7057
vn 0.6112 0.3445 -0.7125
vn 0.8299 0.4035 -0.3854
vn 0.8034 0.4529 -0.3865
vn 0.2878 0.4061 -0.8673
vn 0.0732 0.3828 -0.9209
vn 0.0852 0.7034 -0.7056
vn 0.4419 0.6224 -0.6460
vn 0.6918 0.5774 -0.4335
vn 0.7715 0.6064 -0.1926
vn 0.3102 0.8454 -0.4349
vn 0.0613 0.9209 -0.3851
vn 0.3086 0.9313 -0.1933
vn -0.0430 0.9190 -0.3918
vn -0.0168 0.7145 -0.6994
vn -0.0158 0.3852 -0.9227
vn -0.1232 0.9184 -0.3761
vn -0.2639 0.7303 -0.6300
vn -0.0407 0.2419 -0.9694
vn -0.1623 0.2115 -0.9638
vn -0.0995 0.5036 -0.8582
vn -0.2199 0.1625 -0.9619
vn -0.2514 0.4415 -0.8613
vn -0.1035 0.7225 -0.6836
vn -0.2635 0.1247 -0.9566
vn -0.3825 0.2828 -0.8796
vn -0.3919 0.3917 -0.8325
vn -0.3393 0.6105 -0.7157
vn -0.2676 0.0444 -0.9625
vn -0.3597 0.5153 -0.7779
vn -0.2147 0.8555 -0.4713
vn 0.3748 0.4255 -0.8237
vn 0.2517 0.7617 -0.5971
vn 0.2698 0.7585 -0.5931
vn 0.1704 0.9082 -0.3822
vn -0.0152 0.7715 -0.6361
vn 0.2594 0.0308 -0.9653
vn 0.2199 0.1625 -0.9619
vn 0.1623 0.2115 -0.9638
vn 0.1320 0.2438 -0.9608
vn 0.9857 0.1686 0.0013
vn 0.3296 0.3345 -0.8829
vn 0.2688 0.4440 -0.8548
vn -0.4422 0.3478 -0.8267
vn -0.6326 0.3598 -0.6858
vn 0.1729 0.4999 -0.8487
vn 0.3718 0.5967 -0.7111
vn 0.0881 0.8054 -0.5862
vn 0.0388 0.5928 -0.8044
vn -0.0638 0.9208 -0.3848
vn -0.0849 0.7040 -0.7051
vn -0.0727 0.3826 -0.9211
vn -0.2870 0.4067 -0.8673
vn -0.3338 0.2023 -0.9207
vn -0.6250 0.3264 -0.7091
vn -0.4396 0.6241 -0.6460
vn -0.3139 0.8447 -0.4335
vn -0.3147 0.9295 -0.1926
vn -0.6937 0.5741 -0.4349
vn -0.8622 0.3514 -0.3649
vn -0.7753 0.6013 -0.1933
vn -0.3894 0.1578 -0.9075
vn -0.6314 0.3051 -0.7129
vn -0.1668 0.3855 -0.9075
vn -0.2084 0.3286 -0.9212
vn -0.3196 0.6242 -0.7129
vn -0.6734 0.1762 -0.7180
vn -0.8059 0.2963 -0.5126
vn -0.7650 0.3509 -0.5400
vn -0.3572 0.2457 -0.9011
vn -0.7478 0.4833 -0.4552
vn -0.5991 0.3732 -0.7084
vn -0.3779 0.2126 -0.9011
vn -0.5702 0.4150 -0.7090
vn -0.7640 0.4578 -0.4547
vn -0.3175 0.2948 -0.9013
vn -0.6704 0.5866 -0.4545
vn -0.5390 0.4557 -0.7083
vn -0.3434 0.2643 -0.9012
vn -0.5045 0.4928 -0.7089
vn -0.6907 0.5629 -0.4540
vn -0.2720 0.3374 -0.9012
vn -0.5793 0.6765 -0.4547
vn -0.4679 0.5285 -0.7083
vn -0.3016 0.3116 -0.9011
vn -0.4285 0.5602 -0.7089
vn -0.6023 0.6564 -0.4544
vn -0.2210 0.3729 -0.9012
vn -0.4763 0.7522 -0.4553
vn -0.3874 0.5899 -0.7084
vn -0.2540 0.3512 -0.9012
vn -0.5017 0.7359 -0.4547
vn -0.3690 0.7565 -0.5400
vn -0.1917 0.6692 -0.7180
vn -0.3397 0.6186 -0.7085
vn -0.3152 0.7986 -0.5127
vn -0.3727 0.8532 -0.3648
vn -0.4095 0.2829 -0.8674
vn -0.3823 0.0722 -0.9212
vn -0.7037 0.0837 -0.7055
vn -0.6266 0.4338 -0.6474
vn -0.5900 0.6820 -0.4322
vn -0.6201 0.7604 -0.1931
vn -0.8479 0.3053 -0.4335
vn -0.9208 0.0600 -0.3853
vn -0.9329 0.3035 -0.1938
vn -0.9216 -0.0855 -0.3787
vn -0.7106 -0.0528 -0.7016
vn -0.3851 -0.0555 -0.9212
vn -0.6710 -0.2308 -0.7046
vn -0.3152 -0.2755 -0.9082
vn -0.1907 -0.3501 -0.9171
vn -0.3420 -0.6196 -0.7065
vn -0.8355 -0.4046 -0.3717
vn -0.5969 -0.5624 -0.5722
vn -0.3838 -0.8460 -0.3700
vn -0.6007 -0.7606 -0.2462
vn -0.1672 -0.3856 -0.9074
vn -0.3202 -0.6240 -0.7128
vn -0.2542 -0.3513 -0.9011
vn -0.5007 -0.7362 -0.4553
vn -0.3873 -0.5901 -0.7084
vn -0.2216 -0.3727 -0.9011
vn -0.4758 -0.7530 -0.4545
vn -0.4286 -0.5601 -0.7090
vn -0.3894 -0.1576 -0.9075
vn -0.3337 -0.2016 -0.9209
vn -0.6317 -0.3047 -0.7129
vn -0.1923 -0.6690 -0.7180
vn -0.3154 -0.7986 -0.5126
vn -0.3690 -0.7565 -0.5400
vn -0.3024 -0.3102 -0.9013
vn -0.6022 -0.6563 -0.4545
vn -0.4684 -0.5280 -0.7083
vn -0.2725 -0.3369 -0.9012
vn -0.5047 -0.4926 -0.7089
vn -0.5791 -0.6772 -0.4538
vn -0.3438 -0.2637 -0.9012
vn -0.6900 -0.5631 -0.4548
vn -0.5395 -0.4552 -0.7083
vn -0.3187 -0.2941 -0.9011
vn -0.5702 -0.4150 -0.7089
vn -0.6705 -0.5866 -0.4543
vn -0.3781 -0.2120 -0.9012
vn -0.7633 -0.4584 -0.4553
vn -0.5989 -0.3733 -0.7084
vn -0.3572 -0.2456 -0.9012
vn -0.7476 -0.4841 -0.4546
vn -0.7651 -0.3509 -0.5399
vn -0.6736 -0.1757 -0.7179
vn -0.6257 -0.3263 -0.7086
vn -0.8059 -0.2961 -0.5127
vn -0.8614 -0.3536 -0.3646
vn -0.2878 -0.4061 -0.8673
vn -0.0732 -0.3828 -0.9209
vn -0.0852 -0.7034 -0.7056
vn -0.4419 -0.6224 -0.6460
vn -0.6918 -0.5774 -0.4335
vn -0.7715 -0.6064 -0.1926
vn -0.3101 -0.8454 -0.4349
vn -0.0613 -0.9209 -0.3851
vn -0.3086 -0.9313 -0.1933
vn 0.0309 -0.8003 -0.5987
vn 0.2623 -0.7561 -0.5996
vn -0.8921 -0.1729 -0.4175
vn 0.1020 -0.2463 -0.9638
vn 0.0272 -0.2817 -0.9591
vn 0.1623 -0.2115 -0.9638
vn 0.0204 -0.4934 -0.8695
vn -0.0319 -0.5658 -0.8239
vn 0.2115 -0.1624 -0.9638
vn 0.2688 -0.4440 -0.8548
vn 0.0881 -0.8054 -0.5862
vn 0.2472 -0.0215 -0.9687
vn 0.4529 -0.4055 -0.7940
vn 0.3777 -0.5943 -0.7100
vn 0.6187 0.1820 0.7642
vn 0.3318 -0.1969 -0.9226
vn 0.6324 -0.4909 -0.5992
vn 0.1883 -0.8882 -0.4191
vn 0.2914 -0.7116 -0.6393
vn -0.9114 0.4115 -0.0000
vn -0.9944 0.1058 -0.0000
vn -0.9755 0.1040 0.1938
vn -0.8800 0.4160 0.2292
vn -0.6614 0.7501 -0.0000
vn -0.6565 0.7187 0.2290
vn -0.4255 0.9049 -0.0000
vn -0.4259 0.8850 0.1881
vn -0.9944 -0.1058 -0.0000
vn -0.9755 -0.1040 0.1938
vn -0.6613 -0.7501 -0.0000
vn -0.4319 -0.9019 -0.0000
vn -0.4235 -0.8847 0.1947
vn -0.6565 -0.7187 0.2290
vn -0.9114 -0.4115 -0.0000
vn -0.8800 -0.4160 0.2292
vn -0.4397 -0.8762 0.1974
vn -0.4502 -0.8929 -0.0000
vn -0.5814 -0.7892 0.1977
vn -0.5935 -0.8049 -0.0000
vn -0.7060 -0.6802 0.1973
vn -0.7200 -0.6940 -0.0000
vn -0.8099 -0.5525 0.1971
vn -0.8261 -0.5635 -0.0000
vn -0.9089 -0.4171 -0.0000
vn -0.8909 -0.4091 0.1973
vn -0.9159 -0.4014 -0.0000
vn -0.8985 -0.3935 0.1947
vn -0.1089 -0.9941 -0.0000
vn -0.1073 -0.9752 0.1937
vn -0.4273 -0.8740 0.2313
vn -0.4226 -0.9063 -0.0000
vn -0.7337 -0.6390 0.2311
vn 0.1018 -0.9925 0.0684
vn 0.1374 -0.9905 -0.0000
vn -0.0000 -0.9952 0.0980
vn 0.5355 -0.8444 0.0177
vn 0.7356 -0.6775 -0.0000
vn 0.8120 -0.5795 0.0704
vn 0.2723 -0.9622 -0.0000
vn 0.7968 -0.6042 0.0006
vn 0.8061 -0.5835 0.0982
vn 0.8030 -0.5960 0.0018
vn 0.7048 -0.7027 0.0977
vn 0.6909 -0.7229 0.0027
vn 0.5860 -0.8045 0.0973
vn 0.5591 -0.8291 0.0035
vn 0.4526 -0.8864 0.0970
vn 0.4112 -0.9115 0.0040
vn 0.3081 -0.9464 0.0968
vn 0.2515 -0.9678 0.0044
vn 0.1560 -0.9830 0.0966
vn 0.0846 -0.9964 0.0046
vn -0.0847 -0.9964 0.0046
vn -0.2515 -0.9678 0.0044
vn -0.4112 -0.9115 0.0040
vn -0.5591 -0.8291 0.0035
vn -0.6909 -0.7229 0.0027
vn -0.8030 -0.5960 0.0018
vn -0.7968 -0.6042 0.0006
vn -0.7356 -0.6775 -0.0000
vn -0.5205 -0.8538 0.0068
vn -0.1374 -0.9905 -0.0000
vn -0.1018 -0.9925 0.0684
vn -0.2722 -0.9622 -0.0000
vn 0.1089 -0.9941 -0.0000
vn 0.1076 -0.9752 0.1936
vn 0.9159 -0.4014 -0.0000
vn 0.8985 -0.3935 0.1948
vn 0.7337 -0.6390 0.2312
vn 0.4226 -0.9063 -0.0000
vn 0.4272 -0.8740 0.2314
vn 0.9089 -0.4171 -0.0000
vn 0.8918 -0.4071 0.1975
vn 0.8261 -0.5635 -0.0000
vn 0.8101 -0.5519 0.1978
vn 0.7200 -0.6940 -0.0000
vn 0.7056 -0.6805 0.1974
vn 0.5935 -0.8049 -0.0000
vn 0.5818 -0.7891 0.1972
vn 0.4502 -0.8929 -0.0000
vn 0.4415 -0.8753 0.1974
vn 0.4782 -0.8782 -0.0000
vn 0.4683 -0.8622 0.1930
vn 0.7850 -0.5822 0.2117
vn 0.9492 -0.3147 -0.0000
vn 0.9688 -0.1558 0.1926
vn 0.5765 -0.8171 -0.0000
vn 0.9872 -0.1594 -0.0000
vn 0.9944 0.1058 -0.0000
vn 0.9755 0.1040 0.1939
vn 0.6613 0.7501 -0.0000
vn 0.4319 0.9019 -0.0000
vn 0.4235 0.8847 0.1947
vn 0.6564 0.7188 0.2288
vn 0.9114 0.4115 -0.0000
vn 0.8801 0.4159 0.2290
vn 0.4502 0.8929 -0.0000
vn 0.4397 0.8762 0.1975
vn 0.5935 0.8049 -0.0000
vn 0.5814 0.7892 0.1978
vn 0.7200 0.6940 -0.0000
vn 0.7060 0.6802 0.1974
vn 0.8261 0.5635 -0.0000
vn 0.8099 0.5524 0.1972
vn 0.9089 0.4171 -0.0000
vn 0.8985 0.3935 0.1948
vn 0.8909 0.4091 0.1974
vn 0.9159 0.4014 -0.0000
vn 0.4226 0.9063 -0.0000
vn 0.1089 0.9941 -0.0000
vn 0.1072 0.9752 0.1939
vn 0.4272 0.8740 0.2314
vn 0.7337 0.6390 0.2312
vn -0.1334 0.9878 0.0799
vn -0.1506 0.9886 -0.0000
vn -0.0000 0.9952 0.0980
vn -0.2978 0.9546 -0.0000
vn -0.5560 0.8306 0.0304
vn -0.8481 0.5299 -0.0000
vn -0.8623 0.5020 0.0671
vn -0.7865 0.6175 -0.0000
vn -0.8590 0.5119 -0.0000
vn -0.8548 0.5094 0.0985
vn -0.7586 0.6516 -0.0000
vn -0.7549 0.6484 0.0985
vn -0.6357 0.7719 -0.0000
vn -0.6326 0.7682 0.0985
vn -0.4940 0.8695 -0.0000
vn -0.4916 0.8652 0.0985
vn -0.3377 0.9413 -0.0000
vn -0.3360 0.9367 0.0985
vn -0.1714 0.9852 -0.0000
vn -0.1755 0.9791 0.1029
vn -0.2820 0.9593 -0.0140
vn -0.4775 0.8786 0.0104
vn -0.7355 0.6775 -0.0061
vn -0.7897 0.6099 0.0660
vn -0.8220 0.5695 -0.0000
vn -0.8180 0.5668 0.0982
vn -0.7402 0.6478 0.1804
vn -0.7570 0.6535 -0.0000
vn -0.6572 0.7462 0.1064
vn -0.6584 0.7527 -0.0000
vn -0.5387 0.8362 0.1033
vn -0.5469 0.8372 -0.0000
vn -0.4226 0.9010 0.0984
vn -0.4246 0.9054 -0.0000
vn -0.0945 0.0793 0.9924
vn 0.1332 -0.1285 0.9827
vn 0.1106 -0.1485 0.9827
vn 0.0848 -0.1646 0.9827
vn -0.0793 0.0945 0.9924
vn 0.1526 -0.1048 0.9827
vn -0.1069 0.0617 0.9924
vn 0.1988 -0.1337 0.9709
vn -0.0617 0.1068 0.9924
vn 0.1677 -0.0782 0.9827
vn -0.1159 0.0422 0.9924
vn -0.0422 0.1160 0.9924
vn 0.1380 -0.1965 0.9707
vn -0.0214 0.1215 0.9924
vn -0.1215 0.0214 0.9924
vn -0.1234 -0.0000 0.9924
vn -0.0000 -0.0980 0.9952
vn 0.1989 0.1334 0.9709
vn -0.1159 -0.0422 0.9924
vn -0.1215 -0.0214 0.9924
vn -0.1069 -0.0617 0.9924
vn 0.0843 0.1648 0.9827
vn -0.0945 -0.0793 0.9924
vn 0.1102 0.1487 0.9827
vn 0.1332 0.1285 0.9827
vn -0.0793 -0.0945 0.9924
vn 0.1524 0.1051 0.9827
vn 0.0616 -0.1086 0.9922
vn 0.0754 -0.0546 0.9957
vn 0.0659 -0.0658 0.9957
vn -0.0617 -0.1068 0.9924
vn 0.1676 0.0788 0.9827
vn 0.0288 -0.0886 0.9957
vn 0.0146 -0.0920 0.9957
vn -0.0422 -0.1159 0.9924
vn 0.1378 0.1967 0.9707
vn 0.0548 -0.0753 0.9957
vn 0.0424 -0.0830 0.9957
vn -0.0214 -0.1215 0.9924
vn -0.1677 -0.0789 0.9827
vn -0.1380 -0.1967 0.9707
vn -0.1525 -0.1052 0.9827
vn -0.0615 0.0694 0.9957
vn -0.0720 0.0587 0.9957
vn -0.0493 0.0783 0.9957
vn -0.1333 -0.1285 0.9827
vn -0.0000 0.0980 0.9952
vn -0.0805 0.0465 0.9957
vn -0.0358 0.0850 0.9957
vn -0.1103 -0.1487 0.9827
vn -0.0685 0.1076 0.9918
vn -0.0213 0.0895 0.9958
vn -0.0697 0.0626 0.9956
vn -0.0062 0.0947 0.9955
vn 0.0091 0.0929 0.9956
vn 0.0243 0.0903 0.9956
vn -0.0850 0.0794 0.9932
vn -0.0780 0.0548 0.9954
vn -0.0864 0.1645 0.9826
vn -0.0843 -0.1649 0.9827
vn -0.1983 0.1348 0.9708
vn -0.1990 -0.1334 0.9709
vn 0.9848 0.1737 -0.0000
vn -0.0000 0.0002 1.0000
vn -0.0000 0.9239 0.3827
vn 0.1999 0.6896 0.6961
vn -0.0000 0.3827 0.9239
vn -0.0671 0.9244 0.3754
vn -0.0579 0.7059 0.7059
vn -0.0671 0.3754 0.9244
vn 0.7480 0.4936 0.4437
vn 0.3195 0.2187 0.9220
vn -0.2850 0.3518 0.8916
vn -0.3145 0.2023 0.9275
vn -0.2831 0.5795 0.7643
vn -0.2831 0.7643 0.5794
vn -0.5519 0.4070 0.7278
vn -0.6280 0.3069 0.7152
vn -0.2880 0.9056 0.3113
vn -0.5631 0.5844 0.5843
vn -0.5631 0.7157 0.4132
vn -0.7816 0.3261 0.5318
vn -0.8493 0.3836 0.3627
vn -0.5503 0.8124 0.1927
vn -0.7759 0.5073 0.3750
vn -0.7944 0.5847 0.1642
vn 0.5171 0.7341 0.4400
vn 0.3477 0.1584 0.9241
vn 0.8394 0.3858 0.3829
vn 0.3159 0.2149 0.9241
vn 0.7632 0.5206 0.3829
vn 0.2753 0.2653 0.9240
vn 0.6656 0.6407 0.3829
vn 0.2278 0.3072 0.9240
vn 0.5518 0.7410 0.3826
vn 0.1739 0.3403 0.9241
vn 0.2284 0.3129 0.9219
vn 0.4222 0.8220 0.3821
vn 0.1070 0.3599 0.9268
vn 0.1981 0.6741 0.7116
vn 0.2601 0.8851 0.3859
vn 0.0549 0.3722 0.9265
vn 0.1001 0.6954 0.7116
vn 0.1314 0.9131 0.3859
vn 0.0072 0.3800 0.9250
vn 0.0143 0.7038 0.7102
vn -0.0278 0.3771 0.9258
vn 0.0189 0.9228 0.3849
vn -0.0520 0.7025 0.7098
vn -0.0682 0.3706 0.9263
vn -0.0693 0.9148 0.3978
vn -0.1311 0.6904 0.7115
vn -0.1722 0.9064 0.3858
vn -0.1254 0.3524 0.9274
vn -0.2369 0.6605 0.7125
vn -0.3114 0.8681 0.3865
vn -0.1837 0.3254 0.9275
vn -0.3466 0.6101 0.7125
vn -0.4556 0.8019 0.3865
vn -0.2367 0.2889 0.9276
vn -0.4461 0.5417 0.7125
vn -0.5863 0.7119 0.3865
vn -0.2827 0.2437 0.9277
vn -0.5323 0.4572 0.7125
vn -0.6996 0.6009 0.3865
vn -0.3204 0.1913 0.9278
vn -0.6028 0.3592 0.7125
vn -0.7923 0.4722 0.3865
vn 0.8639 0.2390 0.4433
vn 0.3688 0.1097 0.9230
vn -0.2291 0.3628 0.9033
vn -0.2839 0.2331 0.9301
vn -0.2319 0.5867 0.7759
vn -0.4678 0.4221 0.7765
vn -0.5901 0.4043 0.6988
vn -0.2319 0.7759 0.5867
vn -0.4843 0.6174 0.6199
vn -0.2399 0.8969 0.3715
vn -0.4778 0.7608 0.4392
vn -0.2331 0.9701 0.0681
vn -0.6715 0.5662 0.4780
vn -0.7725 0.5125 0.3748
vn -0.4781 0.8489 0.2254
vn -0.6936 0.6687 0.2680
vn -0.6898 0.7240 -0.0087
vn 0.8661 -0.2358 0.4408
vn 0.3688 -0.1097 0.9230
vn -0.7680 0.5035 0.3959
vn -0.5935 0.3974 0.6999
vn -0.3092 0.2178 0.9257
vn 0.5140 -0.7371 0.4386
vn 0.2279 -0.3131 0.9220
vn -0.1599 0.3552 0.9210
vn -0.2256 0.3143 0.9221
vn -0.3944 0.8340 0.3859
vn -0.5233 0.7232 0.4506
vn -0.3535 0.7526 0.5556
vn -0.3460 0.5340 0.7715
vn -0.4919 0.7809 0.3850
vn -0.2545 0.2566 0.9324
vn -0.4270 0.5609 0.7093
vn -0.5517 0.7254 0.4116
vn -0.2597 0.2897 0.9212
vn -0.4692 0.5254 0.7098
vn -0.6149 0.6885 0.3846
vn -0.2799 0.2499 0.9269
vn -0.5218 0.5090 0.6846
vn -0.5580 0.7061 0.4360
vn 0.7481 -0.4940 0.4430
vn 0.1711 -0.3416 0.9241
vn 0.4164 -0.8247 0.3829
vn 0.2264 -0.3078 0.9241
vn 0.5482 -0.7436 0.3829
vn 0.2752 -0.2654 0.9240
vn 0.6645 -0.6418 0.3828
vn 0.3153 -0.2165 0.9240
vn 0.7606 -0.5246 0.3826
vn 0.3464 -0.1614 0.9241
vn 0.3192 -0.2192 0.9220
vn 0.8368 -0.3921 0.3821
vn -0.8640 0.2392 0.4431
vn -0.3690 0.1097 0.9230
vn 0.2006 -0.6894 0.6961
vn -0.8640 -0.2392 0.4431
vn -0.3690 -0.1097 0.9230
vn -0.0000 -0.9239 0.3827
vn -0.0000 -0.3827 0.9239
vn -0.5172 -0.7342 0.4399
vn -0.2285 -0.3129 0.9219
vn -0.0526 -0.9226 0.3822
vn -0.0508 -0.7062 0.7062
vn -0.0604 -0.3751 0.9250
vn -0.7481 -0.4936 0.4436
vn -0.3479 -0.1584 0.9241
vn -0.3196 -0.2189 0.9219
vn -0.8394 -0.3859 0.3827
vn -0.7632 -0.5206 0.3827
vn -0.3161 -0.2150 0.9241
vn -0.6656 -0.6407 0.3827
vn -0.2754 -0.2654 0.9240
vn -0.5518 -0.7411 0.3825
vn -0.2280 -0.3074 0.9239
vn -0.1740 -0.3405 0.9240
vn -0.4223 -0.8221 0.3819
vn -0.2586 -0.9648 0.0478
vn -0.2632 -0.8913 0.3692
vn -0.5197 -0.8252 0.2212
vn -0.2569 -0.7705 0.5834
vn -0.7385 -0.6722 -0.0517
vn -0.5198 -0.7399 0.4272
vn -0.2569 -0.5834 0.7705
vn -0.7430 -0.6199 0.2523
vn -0.5293 -0.5961 0.6037
vn -0.2561 -0.3582 0.8978
vn -0.7191 -0.5324 0.4466
vn -0.5130 -0.4216 0.7477
vn -0.2001 -0.6897 0.6959
vn 0.2939 -0.2236 0.9293
vn 0.0586 -0.3697 0.9273
vn 0.1100 -0.6935 0.7120
vn 0.1445 -0.9110 0.3862
vn 0.1158 -0.3559 0.9273
vn 0.2173 -0.6677 0.7120
vn 0.2855 -0.8771 0.3862
vn 0.1702 -0.3334 0.9273
vn 0.3193 -0.6254 0.7120
vn 0.4194 -0.8216 0.3862
vn 0.2203 -0.3026 0.9273
vn 0.4133 -0.5676 0.7120
vn 0.5430 -0.7457 0.3862
vn 0.2650 -0.2643 0.9273
vn 0.4971 -0.4959 0.7120
vn 0.6531 -0.6514 0.3862
vn 0.3031 -0.2195 0.9273
vn 0.6058 -0.3755 0.7014
vn 0.5687 -0.4118 0.7120
vn 0.7949 -0.4720 0.3813
vn 0.7471 -0.5410 0.3862
vn 0.7438 -0.6383 0.1983
vn 0.5323 -0.8199 0.2108
vn 0.7191 -0.5324 0.4466
vn 0.2586 -0.9648 0.0478
vn 0.0526 -0.9226 0.3822
vn 0.5198 -0.7398 0.4272
vn 0.2632 -0.8913 0.3692
vn 0.5293 -0.5961 0.6037
vn 0.2569 -0.7705 0.5834
vn 0.0508 -0.7062 0.7062
vn 0.5131 -0.4216 0.7477
vn 0.2569 -0.5834 0.7705
vn 0.0604 -0.3751 0.9250
vn 0.2561 -0.3582 0.8978
vn -0.0449 0.2549 0.9659
vn -0.1497 0.8492 0.5063
vn -0.1228 0.6963 0.7071
vn -0.0885 0.2432 0.9659
vn -0.2949 0.8103 0.5063
vn -0.2418 0.6645 0.7071
vn -0.1294 0.2241 0.9659
vn -0.4312 0.7468 0.5063
vn -0.3536 0.6123 0.7071
vn -0.1664 0.1982 0.9659
vn -0.5543 0.6606 0.5063
vn -0.4545 0.5417 0.7071
vn -0.1983 0.1664 0.9659
vn -0.6606 0.5543 0.5063
vn -0.5417 0.4545 0.7071
vn -0.2241 0.1294 0.9659
vn -0.6124 0.3535 0.7071
vn -0.7468 0.4312 0.5063
vn -0.2432 0.0885 0.9659
vn -0.6645 0.2418 0.7071
vn -0.8103 0.2949 0.5063
vn -0.2549 0.0449 0.9659
vn -0.6964 0.1228 0.7071
vn -0.8492 0.1497 0.5063
vn -0.2588 -0.0000 0.9659
vn -0.8623 -0.0000 0.5063
vn -0.7071 -0.0000 0.7071
vn -0.2549 -0.0450 0.9659
vn -0.6964 -0.1228 0.7071
vn -0.8492 -0.1497 0.5063
vn -0.2432 -0.0885 0.9659
vn -0.8103 -0.2949 0.5063
vn -0.6645 -0.2418 0.7071
vn -0.2241 -0.1294 0.9659
vn -0.7468 -0.4312 0.5063
vn -0.6124 -0.3536 0.7071
vn -0.1983 -0.1664 0.9659
vn -0.6606 -0.5543 0.5063
vn -0.5417 -0.4545 0.7071
vn -0.1664 -0.1982 0.9659
vn -0.5543 -0.6606 0.5063
vn -0.4545 -0.5417 0.7071
vn -0.1294 -0.2241 0.9659
vn -0.4312 -0.7468 0.5063
vn -0.3535 -0.6124 0.7071
vn -0.0885 -0.2432 0.9659
vn -0.2418 -0.6645 0.7071
vn -0.2949 -0.8103 0.5063
vn -0.0449 -0.2549 0.9659
vn -0.1228 -0.6964 0.7071
vn -0.1497 -0.8492 0.5063
vn 0.9848 -0.1737 -0.0000
vn -0.0190 -0.2687 0.9630
vn 0.0190 -0.2687 0.9630
vn 0.0233 -0.5089 0.8605
vn -0.0232 -0.5090 0.8605
vn 0.0262 -0.7033 0.7104
vn -0.0262 -0.7033 0.7104
vn 0.0358 -0.8697 0.4923
vn -0.0358 -0.8697 0.4923
vn -0.0287 -0.9633 0.2670
vn 0.0287 -0.9633 0.2670
vn -0.9686 -0.1248 0.2148
vn -0.9648 -0.2587 0.0475
vn -0.9633 -0.0287 0.2670
vn -0.9204 -0.3247 0.2176
vn -0.8646 -0.5001 0.0495
vn -0.8250 -0.5221 0.2162
vn -0.7062 -0.7062 0.0512
vn -0.8815 -0.1974 0.4290
vn -0.8697 -0.0358 0.4923
vn -0.6905 -0.6905 0.2156
vn -0.8127 -0.3914 0.4316
vn -0.7806 -0.0878 0.6189
vn -0.7033 -0.0262 0.7104
vn -0.5221 -0.8250 0.2162
vn -0.5001 -0.8646 0.0495
vn -0.7053 -0.5624 0.4316
vn -0.7400 -0.2589 0.6208
vn -0.3247 -0.9205 0.2176
vn -0.2587 -0.9648 0.0475
vn -0.5624 -0.7053 0.4316
vn -0.6638 -0.4171 0.6208
vn -0.6112 -0.1326 0.7803
vn -0.5089 -0.0233 0.8605
vn -0.1248 -0.9686 0.2148
vn -0.3914 -0.8127 0.4316
vn -0.5543 -0.5543 0.6208
vn -0.5646 -0.2719 0.7793
vn -0.4196 -0.0193 0.9075
vn -0.2687 -0.0191 0.9630
vn -0.1974 -0.8815 0.4290
vn -0.4171 -0.6638 0.6208
vn -0.4900 -0.3907 0.7792
vn -0.4137 -0.1448 0.8988
vn -0.2589 -0.7400 0.6208
vn -0.3907 -0.4900 0.7792
vn -0.3711 -0.2332 0.8988
vn -0.2084 -0.0307 0.9776
vn -0.0878 -0.7806 0.6189
vn -0.2719 -0.5646 0.7793
vn -0.3099 -0.3099 0.8988
vn -0.2059 -0.0991 0.9735
vn -0.1326 -0.6112 0.7803
vn -0.2332 -0.3712 0.8988
vn -0.1787 -0.1425 0.9735
vn -0.1448 -0.4137 0.8988
vn -0.1425 -0.1787 0.9735
vn -0.0192 -0.4197 0.9075
vn -0.0992 -0.2059 0.9735
vn -0.0307 -0.2084 0.9776
vn 0.1248 -0.9686 0.2148
vn 0.2587 -0.9648 0.0475
vn 0.3247 -0.9205 0.2176
vn 0.5001 -0.8646 0.0495
vn 0.5221 -0.8250 0.2162
vn 0.7062 -0.7062 0.0512
vn 0.1974 -0.8815 0.4290
vn 0.6905 -0.6905 0.2156
vn 0.3914 -0.8127 0.4316
vn 0.0878 -0.7806 0.6189
vn 0.8250 -0.5221 0.2162
vn 0.8646 -0.5001 0.0495
vn 0.5624 -0.7053 0.4316
vn 0.2589 -0.7400 0.6208
vn 0.9204 -0.3247 0.2176
vn 0.9648 -0.2587 0.0475
vn 0.7053 -0.5624 0.4316
vn 0.4171 -0.6638 0.6208
vn 0.1326 -0.6112 0.7803
vn 0.9686 -0.1248 0.2148
vn 0.9633 -0.0287 0.2670
vn 0.8127 -0.3914 0.4316
vn 0.5543 -0.5543 0.6208
vn 0.2719 -0.5646 0.7793
vn 0.0193 -0.4196 0.9075
vn 0.8815 -0.1974 0.4290
vn 0.8697 -0.0358 0.4923
vn 0.6638 -0.4171 0.6208
vn 0.3907 -0.4900 0.7793
vn 0.1448 -0.4137 0.8988
vn 0.7400 -0.2589 0.6208
vn 0.4900 -0.3907 0.7793
vn 0.2332 -0.3712 0.8988
vn 0.0307 -0.2084 0.9776
vn 0.7806 -0.0878 0.6189
vn 0.7033 -0.0262 0.7104
vn 0.5646 -0.2719 0.7793
vn 0.3099 -0.3099 0.8988
vn 0.0992 -0.2059 0.9735
vn 0.6112 -0.1326 0.7803
vn 0.5089 -0.0233 0.8605
vn 0.3711 -0.2332 0.8988
vn 0.1425 -0.1788 0.9735
vn 0.4137 -0.1448 0.8988
vn 0.1787 -0.1425 0.9735
vn 0.4196 -0.0193 0.9075
vn 0.2687 -0.0190 0.9630
vn 0.2059 -0.0991 0.9735
vn 0.2084 -0.0306 0.9776
vn -0.2687 0.0191 0.9630
vn -0.5089 0.0233 0.8605
vn -0.7033 0.0262 0.7104
vn -0.8697 0.0358 0.4923
vn -0.9633 0.0287 0.2670
vn -0.2577 -0.9649 -0.0495
vn -0.4993 -0.8651 -0.0475
vn -0.7063 -0.7063 -0.0469
vn -0.8651 -0.4993 -0.0475
vn -0.9649 -0.2577 -0.0495
vn -0.0222 -0.2730 -0.9618
vn 0.0222 -0.2730 -0.9618
vn -0.0237 -0.5013 -0.8650
vn 0.0237 -0.5013 -0.8650
vn 0.0286 -0.7132 -0.7004
vn -0.0286 -0.7132 -0.7004
vn -0.0274 -0.8613 -0.5073
vn 0.0274 -0.8613 -0.5073
vn -0.0429 -0.9671 -0.2506
vn 0.0429 -0.9671 -0.2506
vn 0.9649 -0.2577 -0.0495
vn 0.8651 -0.4993 -0.0475
vn 0.7063 -0.7063 -0.0469
vn 0.4993 -0.8651 -0.0475
vn 0.2577 -0.9649 -0.0495
vn 0.2687 0.0190 0.9630
vn 0.5089 0.0233 0.8605
vn 0.7033 0.0262 0.7104
vn 0.8697 0.0358 0.4923
vn 0.9633 0.0287 0.2670
vn 0.0190 0.2687 0.9630
vn -0.0190 0.2687 0.9630
vn 0.0233 0.5089 0.8605
vn -0.0232 0.5090 0.8605
vn 0.0262 0.7033 0.7104
vn -0.0262 0.7033 0.7104
vn 0.0358 0.8697 0.4923
vn -0.0358 0.8697 0.4923
vn 0.0287 0.9633 0.2670
vn -0.0287 0.9633 0.2670
vn -0.1248 0.9686 0.2148
vn -0.2587 0.9648 0.0475
vn -0.3247 0.9205 0.2176
vn -0.5001 0.8646 0.0495
vn -0.5221 0.8250 0.2162
vn -0.7062 0.7062 0.0512
vn -0.1974 0.8815 0.4290
vn -0.6905 0.6905 0.2156
vn -0.3914 0.8127 0.4316
vn -0.0878 0.7806 0.6189
vn -0.8250 0.5221 0.2162
vn -0.8646 0.5001 0.0495
vn -0.5624 0.7053 0.4316
vn -0.2589 0.7400 0.6208
vn -0.9204 0.3247 0.2176
vn -0.9648 0.2587 0.0475
vn -0.7053 0.5624 0.4316
vn -0.4171 0.6638 0.6208
vn -0.1326 0.6112 0.7803
vn -0.9686 0.1248 0.2148
vn -0.8127 0.3914 0.4316
vn -0.5543 0.5544 0.6208
vn -0.2719 0.5646 0.7793
vn -0.0192 0.4197 0.9075
vn -0.8815 0.1974 0.4290
vn -0.6638 0.4171 0.6208
vn -0.3907 0.4900 0.7793
vn -0.1448 0.4137 0.8988
vn -0.7400 0.2589 0.6208
vn -0.4900 0.3908 0.7793
vn -0.2332 0.3712 0.8988
vn -0.0307 0.2083 0.9776
vn -0.7806 0.0878 0.6189
vn -0.5646 0.2719 0.7793
vn -0.3099 0.3099 0.8988
vn -0.0992 0.2059 0.9735
vn -0.6112 0.1326 0.7803
vn -0.3711 0.2332 0.8988
vn -0.1425 0.1787 0.9735
vn -0.4137 0.1448 0.8988
vn -0.1787 0.1425 0.9735
vn -0.4196 0.0193 0.9075
vn -0.2059 0.0991 0.9735
vn -0.2084 0.0307 0.9776
vn -0.1963 0.0223 -0.9803
vn -0.2730 -0.0222 -0.9618
vn -0.2157 -0.0755 -0.9735
vn -0.1935 -0.1216 -0.9735
vn -0.4227 -0.0853 -0.9022
vn -0.5013 -0.0237 -0.8650
vn -0.1616 -0.1616 -0.9735
vn -0.3949 -0.1902 -0.8988
vn -0.6184 -0.0565 -0.7838
vn -0.7132 -0.0286 -0.7004
vn -0.1216 -0.1935 -0.9735
vn -0.3427 -0.2733 -0.8988
vn -0.5915 -0.2070 -0.7793
vn -0.0755 -0.2157 -0.9735
vn -0.2733 -0.3427 -0.8988
vn -0.5306 -0.3334 -0.7793
vn -0.7662 -0.1703 -0.6197
vn -0.8613 -0.0274 -0.5073
vn 0.0223 -0.1963 -0.9803
vn -0.1902 -0.3949 -0.8988
vn -0.4431 -0.4432 -0.7793
vn -0.7063 -0.3401 -0.6208
vn -0.8981 -0.1112 -0.4256
vn -0.9671 -0.0429 -0.2506
vn -0.0853 -0.4227 -0.9022
vn -0.3334 -0.5307 -0.7793
vn -0.6129 -0.4888 -0.6208
vn -0.8514 -0.2979 -0.4316
vn -0.2070 -0.5915 -0.7793
vn -0.4888 -0.6129 -0.6208
vn -0.7638 -0.4799 -0.4316
vn -0.9531 -0.2133 -0.2147
vn -0.0565 -0.6184 -0.7838
vn -0.3401 -0.7063 -0.6208
vn -0.6379 -0.6379 -0.4316
vn -0.8805 -0.4213 -0.2176
vn -0.1703 -0.7662 -0.6197
vn -0.4799 -0.7638 -0.4316
vn -0.7636 -0.6078 -0.2181
vn -0.2979 -0.8515 -0.4316
vn -0.6078 -0.7636 -0.2181
vn -0.1112 -0.8981 -0.4256
vn -0.4213 -0.8805 -0.2176
vn -0.2133 -0.9531 -0.2147
vn -0.0224 -0.1963 -0.9803
vn 0.0755 -0.2157 -0.9735
vn 0.1216 -0.1935 -0.9735
vn 0.0853 -0.4227 -0.9022
vn 0.1616 -0.1616 -0.9735
vn 0.1902 -0.3949 -0.8988
vn 0.0565 -0.6184 -0.7838
vn 0.1935 -0.1216 -0.9735
vn 0.2733 -0.3427 -0.8988
vn 0.2070 -0.5915 -0.7793
vn 0.2157 -0.0755 -0.9735
vn 0.3427 -0.2733 -0.8988
vn 0.3334 -0.5306 -0.7793
vn 0.1703 -0.7662 -0.6197
vn 0.1963 0.0224 -0.9803
vn 0.2730 -0.0222 -0.9618
vn 0.3949 -0.1902 -0.8988
vn 0.4431 -0.4431 -0.7793
vn 0.3401 -0.7063 -0.6208
vn 0.1112 -0.8981 -0.4256
vn 0.4227 -0.0854 -0.9022
vn 0.5013 -0.0237 -0.8650
vn 0.5306 -0.3334 -0.7793
vn 0.4888 -0.6129 -0.6208
vn 0.2979 -0.8515 -0.4316
vn 0.5915 -0.2070 -0.7793
vn 0.6129 -0.4888 -0.6208
vn 0.4799 -0.7638 -0.4316
vn 0.2133 -0.9531 -0.2147
vn 0.6184 -0.0565 -0.7838
vn 0.7132 -0.0286 -0.7004
vn 0.7063 -0.3401 -0.6208
vn 0.6379 -0.6379 -0.4316
vn 0.4213 -0.8805 -0.2176
vn 0.7662 -0.1703 -0.6197
vn 0.8613 -0.0274 -0.5073
vn 0.7638 -0.4799 -0.4316
vn 0.6078 -0.7636 -0.2181
vn 0.8514 -0.2979 -0.4316
vn 0.7636 -0.6078 -0.2181
vn 0.8981 -0.1112 -0.4256
vn 0.9671 -0.0429 -0.2506
vn 0.8805 -0.4213 -0.2176
vn 0.9531 -0.2133 -0.2147
vn 0.9686 0.1248 0.2148
vn 0.9648 0.2587 0.0475
vn 0.9204 0.3247 0.2176
vn 0.8646 0.5001 0.0495
vn 0.8250 0.5221 0.2162
vn 0.7062 0.7062 0.0512
vn 0.8815 0.1974 0.4290
vn 0.6905 0.6905 0.2156
vn 0.8127 0.3914 0.4316
vn 0.7806 0.0878 0.6189
vn 0.5221 0.8250 0.2162
vn 0.5001 0.8646 0.0495
vn 0.7053 0.5624 0.4316
vn 0.7400 0.2589 0.6208
vn 0.3247 0.9205 0.2176
vn 0.2587 0.9648 0.0475
vn 0.5624 0.7053 0.4316
vn 0.6638 0.4171 0.6208
vn 0.6112 0.1326 0.7802
vn 0.1248 0.9686 0.2148
vn 0.3914 0.8127 0.4316
vn 0.5543 0.5543 0.6208
vn 0.5646 0.2719 0.7793
vn 0.4196 0.0193 0.9075
vn 0.1974 0.8815 0.4290
vn 0.4171 0.6638 0.6208
vn 0.4900 0.3907 0.7793
vn 0.4137 0.1448 0.8988
vn 0.2589 0.7400 0.6208
vn 0.3907 0.4900 0.7793
vn 0.3711 0.2332 0.8988
vn 0.2084 0.0306 0.9776
vn 0.0878 0.7806 0.6189
vn 0.2719 0.5646 0.7793
vn 0.3099 0.3099 0.8988
vn 0.2059 0.0991 0.9735
vn 0.1326 0.6112 0.7803
vn 0.2332 0.3711 0.8988
vn 0.1787 0.1425 0.9735
vn 0.1448 0.4137 0.8988
vn 0.1425 0.1787 0.9735
vn 0.0193 0.4196 0.9075
vn 0.0992 0.2059 0.9735
vn 0.0307 0.2084 0.9776
vn -0.9649 0.2577 -0.0495
vn -0.8651 0.4993 -0.0475
vn -0.7063 0.7063 -0.0469
vn -0.4993 0.8651 -0.0475
vn -0.2577 0.9649 -0.0495
vn -0.2730 0.0222 -0.9618
vn -0.5013 0.0237 -0.8650
vn -0.7132 0.0286 -0.7004
vn -0.8613 0.0274 -0.5073
vn -0.9671 0.0429 -0.2507
vn 0.2730 0.0222 -0.9618
vn 0.5013 0.0237 -0.8650
vn 0.7132 0.0286 -0.7004
vn 0.8613 0.0274 -0.5073
vn 0.9671 0.0429 -0.2506
vn 0.2577 0.9649 -0.0495
vn 0.4993 0.8651 -0.0475
vn 0.7063 0.7063 -0.0469
vn 0.8651 0.4993 -0.0475
vn 0.9649 0.2577 -0.0495
vn 0.0223 0.1963 -0.9803
vn -0.0222 0.2730 -0.9618
vn -0.0755 0.2157 -0.9735
vn -0.1216 0.1935 -0.9735
vn -0.0853 0.4227 -0.9022
vn -0.0237 0.5013 -0.8650
vn -0.1616 0.1616 -0.9735
vn -0.1902 0.3949 -0.8988
vn -0.0565 0.6184 -0.7838
vn -0.0286 0.7132 -0.7004
vn -0.1935 0.1216 -0.9735
vn -0.2733 0.3427 -0.8988
vn -0.2070 0.5915 -0.7793
vn -0.2157 0.0755 -0.9735
vn -0.3427 0.2733 -0.8988
vn -0.3334 0.5307 -0.7793
vn -0.1703 0.7662 -0.6197
vn -0.0274 0.8613 -0.5073
vn -0.1963 -0.0223 -0.9803
vn -0.3949 0.1902 -0.8988
vn -0.4431 0.4432 -0.7793
vn -0.3401 0.7063 -0.6208
vn -0.1112 0.8981 -0.4256
vn -0.0429 0.9671 -0.2506
vn -0.4227 0.0853 -0.9022
vn -0.5306 0.3334 -0.7793
vn -0.4888 0.6129 -0.6208
vn -0.2979 0.8515 -0.4316
vn -0.5915 0.2070 -0.7793
vn -0.6129 0.4888 -0.6208
vn -0.4799 0.7638 -0.4316
vn -0.2133 0.9531 -0.2147
vn -0.6184 0.0565 -0.7838
vn -0.7063 0.3401 -0.6208
vn -0.6379 0.6379 -0.4316
vn -0.4213 0.8805 -0.2176
vn -0.7662 0.1703 -0.6197
vn -0.7638 0.4799 -0.4316
vn -0.6078 0.7636 -0.2181
vn -0.8514 0.2979 -0.4316
vn -0.7636 0.6078 -0.2181
vn -0.8981 0.1112 -0.4256
vn -0.8805 0.4213 -0.2176
vn -0.9531 0.2133 -0.2147
vn 0.1963 -0.0224 -0.9803
vn 0.2157 0.0754 -0.9735
vn 0.1935 0.1216 -0.9735
vn 0.4227 0.0854 -0.9022
vn 0.1616 0.1616 -0.9735
vn 0.3949 0.1902 -0.8988
vn 0.6184 0.0565 -0.7838
vn 0.1216 0.1935 -0.9735
vn 0.3427 0.2733 -0.8988
vn 0.5915 0.2070 -0.7793
vn 0.0755 0.2157 -0.9735
vn 0.2733 0.3427 -0.8988
vn 0.5306 0.3334 -0.7793
vn 0.7662 0.1703 -0.6197
vn -0.0224 0.1963 -0.9803
vn 0.0222 0.2730 -0.9618
vn 0.1902 0.3949 -0.8988
vn 0.4431 0.4431 -0.7793
vn 0.7063 0.3401 -0.6208
vn 0.8981 0.1112 -0.4256
vn 0.0853 0.4227 -0.9022
vn 0.0237 0.5013 -0.8650
vn 0.3334 0.5306 -0.7793
vn 0.6129 0.4888 -0.6208
vn 0.8515 0.2979 -0.4316
vn 0.2070 0.5915 -0.7793
vn 0.4888 0.6129 -0.6208
vn 0.7638 0.4799 -0.4316
vn 0.9531 0.2133 -0.2147
vn 0.0565 0.6184 -0.7838
vn 0.0286 0.7132 -0.7004
vn 0.3401 0.7063 -0.6208
vn 0.6379 0.6379 -0.4316
vn 0.8805 0.4213 -0.2176
vn 0.1703 0.7662 -0.6197
vn 0.0274 0.8613 -0.5073
vn 0.4799 0.7638 -0.4316
vn 0.7636 0.6078 -0.2181
vn 0.2979 0.8515 -0.4316
vn 0.6078 0.7636 -0.2181
vn 0.1112 0.8981 -0.4256
vn 0.0429 0.9671 -0.2506
vn 0.4213 0.8805 -0.2176
vn 0.2133 0.9531 -0.2147
vt 3.316126 29.823999
vt 3.141593 4.324000
vt 3.141593 29.823999
vt 3.316126 4.324000
vt 3.490659 29.823999
vt 3.490659 4.324000
vt 3.665191 29.823999
vt 3.665191 4.324000
vt 3.839724 4.324000
vt 3.839724 29.823999
vt 4.014257 29.823999
vt 4.014257 4.324000
vt 4.188790 29.823999
vt 4.188790 4.324000
vt 4.363323 4.324000
vt 4.363323 29.823999
vt 4.537856 29.823999
vt 4.537856 4.324000
vt 4.712389 29.823999
vt 4.712389 4.324000
vt 4.886922 29.823999
vt 4.886922 4.324000
vt 5.061455 29.823999
vt 5.061455 4.324000
vt 5.235988 29.823999
vt 5.235988 4.324000
vt 5.410521 29.823999
vt 5.410521 4.324000
vt 5.585053 29.823999
vt 5.585053 4.324000
vt 5.759586 29.823999
vt 5.759586 4.324000
vt 5.934119 29.823999
vt 5.934119 4.324000
vt 6.108653 29.823999
vt 6.108653 4.324000
vt 6.283185 29.823999
vt 6.283185 4.324000
vt 0.174533 2.094395
vt 0.000000 1.570796
vt 0.174533 1.570796
vt 0.000000 2.094395
vt 0.174533 2.617994
vt 0.174533 3.141593
vt 0.000000 3.141593
vt 0.000000 2.617994
vt 0.349066 2.094395
vt 0.349066 1.570796
vt 0.349066 2.617994
vt 0.349066 3.141593
vt 0.523599 2.094395
vt 0.523599 1.570796
vt 0.523599 2.617994
vt 0.523599 3.141593
vt 0.698132 2.094395
vt 0.698132 1.570796
vt 0.698132 2.617994
vt 0.698132 3.141593
vt 0.872665 2.094395
vt 0.872665 1.570796
vt 0.872665 2.617994
vt 0.872665 3.141593
vt 1.047198 2.094395
vt 1.047198 1.570796
vt 1.047198 2.617994
vt 1.047198 3.141593
vt 1.221730 2.094395
vt 1.221730 1.570796
vt 1.221730 2.617994
vt 1.221730 3.141593
vt 1.396263 2.094395
vt 1.396263 1.570796
vt 1.396263 2.617994
vt 1.396263 3.141593
vt 1.570796 2.094395
vt 1.570796 1.570796
vt 1.570796 2.617994
vt 1.570796 3.141593
vt 1.745329 2.094395
vt 1.745329 1.570796
vt 1.745329 2.617994
vt 1.745329 3.141593
vt 1.919862 2.094395
vt 1.919862 1.570796
vt 1.919862 2.617994
vt 1.919862 3.141593
vt 2.094395 2.094395
vt 2.094395 1.570796
vt 2.094395 2.617994
vt 2.094395 3.141593
vt 2.268928 2.094395
vt 2.268928 1.570796
vt 2.268928 2.617994
vt 2.268928 3.141593
vt 2.443461 2.094395
vt 2.443461 1.570796
vt 2.443461 2.617994
vt 2.443461 3.141593
vt 2.617994 3.141593
vt 2.617994 2.094395
vt 2.617994 1.570796
vt 2.617994 2.617994
vt 2.792527 3.141593
vt 2.792527 2.094395
vt 2.792527 1.570796
vt 2.792527 2.617994
vt 2.967060 2.094395
vt 2.967060 1.570796
vt 3.141593 1.570796
vt 3.141593 2.094395
vt 2.967060 2.617994
vt 3.141593 2.617994
vt 3.141593 3.141593
vt 2.967060 3.141593
vt 5.339160 3.141593
vt 5.181822 3.141593
vt 5.181822 2.748893
vt 6.283185 1.963495
vt 6.125848 1.570796
vt 6.283185 1.570796
vt 6.283185 3.141593
vt 6.125848 3.141593
vt 6.283185 2.748893
vt 5.339160 1.963495
vt 5.181822 1.570796
vt 5.339160 1.570796
vt 5.181822 1.963495
vt 5.339160 2.356194
vt 5.181822 2.356194
vt 5.339160 2.748893
vt 5.496498 1.963495
vt 5.496498 1.570796
vt 5.496498 2.356194
vt 5.496498 2.748893
vt 5.496498 3.141593
vt 5.653835 1.963495
vt 5.653835 1.570796
vt 5.653835 2.356194
vt 5.653835 2.748893
vt 5.653835 3.141593
vt 5.811172 1.963495
vt 5.811172 1.570796
vt 5.811172 2.356194
vt 5.811172 2.748893
vt 5.811172 3.141593
vt 5.968510 1.963495
vt 5.968510 1.570796
vt 5.968510 2.356194
vt 5.968510 2.748893
vt 5.968510 3.141593
vt 6.125848 1.963495
vt 6.125848 2.356194
vt 6.283185 2.356194
vt 6.125848 2.748893
vt 5.105088 0.000000
vt 4.712389 0.000000
vt 5.072663 -0.159784
vt 5.497787 0.000000
vt 5.450414 -0.298396
vt 5.628687 -0.214387
vt 5.890486 0.000000
vt 5.855814 -0.394247
vt 5.890486 -0.214387
vt 6.152286 -0.214387
vt 6.283185 0.000005
vt 6.283185 -0.428778
vt 3.316126 2.600000
vt 3.141593 0.000000
vt 3.141593 2.600000
vt 3.316126 0.000000
vt 3.490659 2.600000
vt 3.490659 0.000000
vt 3.665191 0.000000
vt 3.665191 2.600000
vt 3.839724 2.600000
vt 3.839724 0.000000
vt 4.014257 2.600000
vt 4.014257 0.000000
vt 4.188790 2.600000
vt 4.188790 0.000000
vt 4.363323 2.600000
vt 4.363323 0.000000
vt 4.537856 2.600000
vt 4.537856 0.000000
vt 4.712389 2.600000
vt 4.886922 0.000000
vt 4.886922 2.600000
vt 5.061455 2.600000
vt 5.061455 0.000000
vt 5.235988 0.000000
vt 5.235988 2.600000
vt 5.410521 2.600000
vt 5.410521 0.000000
vt 5.585053 2.600000
vt 5.585053 0.000000
vt 5.759586 0.000000
vt 5.759586 2.600000
vt 5.934119 2.600000
vt 5.934119 0.000000
vt 6.108653 0.000000
vt 6.108653 2.600000
vt 6.283185 2.600000
vt 6.283185 0.000000
vt 3.316126 1.026000
vt 3.141593 1.026000
vt 3.490659 1.026000
vt 3.665191 1.026000
vt 3.839724 1.026000
vt 4.014257 1.026000
vt 4.188790 1.026000
vt 4.363323 1.026000
vt 4.537856 1.026000
vt 4.712389 1.026000
vt 4.886922 1.026000
vt 5.061455 1.026000
vt 5.235988 1.026000
vt 5.410521 1.026000
vt 5.585053 1.026000
vt 5.759586 1.026000
vt 5.934119 1.026000
vt 6.108653 1.026000
vt 6.283185 1.026000
vt 3.316126 1.050000
vt 3.141593 1.050000
vt 3.490659 1.050000
vt 3.665191 1.050000
vt 3.839724 1.050000
vt 4.014257 1.050000
vt 4.188790 1.050000
vt 4.363323 1.050000
vt 4.537856 1.050000
vt 4.712389 1.050000
vt 4.886922 1.050000
vt 5.061455 1.050000
vt 5.235988 1.050000
vt 5.410521 1.050000
vt 5.585053 1.050000
vt 5.759586 1.050000
vt 5.934119 1.050000
vt 6.108653 1.050000
vt 6.283185 1.050000
vt 0.000000 1.500000
vt 0.142927 0.300000
vt 0.000000 0.300000
vt 0.142927 1.500000
vt 0.285854 0.300000
vt 0.285854 1.500000
vt 0.428781 1.500000
vt 0.428781 0.300000
vt 0.174533 0.392699
vt 0.000000 0.000000
vt 0.174533 0.000000
vt 0.000000 0.392699
vt 0.174533 0.785398
vt 0.000000 0.785398
vt 0.174533 1.178097
vt 0.000000 1.178097
vt 0.349066 0.392699
vt 0.349066 0.000000
vt 0.349066 0.785398
vt 0.349066 1.178097
vt 0.523599 0.392699
vt 0.523599 0.000000
vt 0.523599 0.785398
vt 0.523599 1.178097
vt 0.698132 0.392699
vt 0.698132 0.000000
vt 0.698132 0.785398
vt 0.698132 1.178097
vt 0.872665 0.392699
vt 0.872665 0.000000
vt 0.872665 0.785398
vt 0.872665 1.178097
vt 1.047198 0.392699
vt 1.047198 0.000000
vt 1.047198 0.785398
vt 1.047198 1.178097
vt 1.221730 0.392699
vt 1.221730 0.000000
vt 1.221730 0.785398
vt 1.221730 1.178097
vt 1.396263 0.392699
vt 1.396263 0.000000
vt 1.396263 0.785398
vt 1.396263 1.178097
vt 1.570796 0.392699
vt 1.570796 0.000000
vt 1.570796 0.785398
vt 1.570796 1.178097
vt 1.745329 0.392699
vt 1.745329 0.000000
vt 1.745329 0.785398
vt 1.745329 1.178097
vt 1.919862 0.392699
vt 1.919862 0.000000
vt 1.919862 0.785398
vt 1.919862 1.178097
vt 2.094395 0.392699
vt 2.094395 0.000000
vt 2.094395 0.785398
vt 2.094395 1.178097
vt 2.268928 0.392699
vt 2.268928 0.000000
vt 2.268928 0.785398
vt 2.268928 1.178097
vt 2.443461 0.392699
vt 2.443461 0.000000
vt 2.443461 0.785398
vt 2.443461 1.178097
vt 2.617994 0.392699
vt 2.617994 0.000000
vt 2.617994 0.785398
vt 2.617994 1.178097
vt 2.792527 0.392699
vt 2.792527 0.000000
vt 2.792527 0.785398
vt 2.792527 1.178097
vt 2.967060 0.392699
vt 2.967060 0.000000
vt 3.141593 0.392699
vt 2.967060 0.785398
vt 3.141593 0.785398
vt 2.967060 1.178097
vt 3.141593 1.178097
vt 3.141593 0.424264
vt 3.316126 0.424264
vt 3.490659 0.424264
vt 3.665191 0.424264
vt 3.839724 0.424264
vt 4.014257 0.424264
vt 4.188790 0.424264
vt 4.363323 0.424264
vt 4.537856 0.424264
vt 4.712389 0.424264
vt 4.886922 0.424264
vt 5.061455 0.424264
vt 5.235988 0.424264
vt 5.410521 0.424264
vt 5.585053 0.424264
vt 5.759586 0.424264
vt 5.934119 0.424264
vt 6.108653 0.424264
vt 6.283185 0.424264
vt 3.141593 4.200000
vt 3.316126 4.200000
vt 3.490659 4.200000
vt 3.665191 4.200000
vt 3.839724 4.200000
vt 4.014257 4.200000
vt 4.188790 4.200000
vt 4.363323 4.200000
vt 4.537856 4.200000
vt 4.712389 4.200000
vt 4.886922 4.200000
vt 5.061455 4.200000
vt 5.235988 4.200000
vt 5.410521 4.200000
vt 5.585053 4.200000
vt 5.759586 4.200000
vt 5.934119 4.200000
vt 6.108653 4.200000
vt 6.283185 4.200000
vt 0.000000 2.900000
vt 0.174533 0.300000
vt 0.174533 2.900000
vt 0.349066 0.300000
vt 0.349066 2.900000
vt 0.523599 0.300000
vt 0.523599 2.900000
vt 0.698132 0.300000
vt 0.698132 2.900000
vt 0.872665 0.300000
vt 0.872665 2.900000
vt 1.047198 0.300000
vt 1.047198 2.900000
vt 1.221730 0.300000
vt 1.221730 2.900000
vt 1.396263 0.300000
vt 1.396263 2.900000
vt 1.570796 0.300000
vt 1.570796 2.900000
vt 1.745329 2.900000
vt 1.745329 0.300000
vt 1.919862 0.300000
vt 1.919862 2.900000
vt 2.094395 0.300000
vt 2.094395 2.900000
vt 2.268928 0.300000
vt 2.268928 2.900000
vt 2.443461 0.300000
vt 2.443461 2.900000
vt 2.617994 2.900000
vt 2.617994 0.300000
vt 2.792527 0.300000
vt 2.792527 2.900000
vt 2.967060 2.900000
vt 2.967060 0.300000
vt 3.141593 2.900000
vt 3.141593 0.300000
vt 0.000000 1.000000
vt 0.174533 1.000000
vt 0.349066 1.000000
vt 0.523599 1.000000
vt 0.698132 1.000000
vt 0.872665 1.000000
vt 1.047198 1.000000
vt 1.221730 1.000000
vt 1.396263 1.000000
vt 1.570796 1.000000
vt 1.745329 1.000000
vt 1.919862 1.000000
vt 2.094395 1.000000
vt 2.268928 1.000000
vt 2.443461 1.000000
vt 2.617994 1.000000
vt 2.792527 1.000000
vt 2.967060 1.000000
vt 3.141593 1.000000
vt -9.904346 -20.774927
vt -9.774927 -20.904346
vt -10.962032 -21.512033
vt -10.009327 -20.625000
vt -9.625000 -21.009327
vt -9.459121 -21.086678
vt -10.086678 -20.459122
vt -9.282331 -21.134048
vt -10.134048 -20.282331
vt -9.100000 -21.150000
vt -10.150000 -20.100000
vt -8.917669 -21.134048
vt -10.134048 -19.917669
vt -10.086678 -19.740879
vt -8.060698 -16.086330
vt -8.917669 -19.065952
vt -9.100000 -19.049999
vt -9.282331 -19.065952
vt -8.126577 -16.000475
vt -9.459121 -19.113323
vt -9.625000 -19.190674
vt -7.964706 -16.136301
vt -8.740879 -19.113323
vt -8.150000 -15.894820
vt -9.774927 -19.295652
vt -9.904346 -19.425074
vt -10.009327 -19.575001
vt -5.125500 -18.915339
vt -8.065952 -20.282331
vt -8.050000 -20.100000
vt -8.065952 -19.917669
vt -5.040853 -18.977854
vt -8.190673 -20.625000
vt -8.113323 -20.459122
vt -5.176923 -18.823530
vt -8.113323 -19.740879
vt -4.937981 -19.000000
vt -8.425073 -20.904346
vt -8.295653 -20.774927
vt -7.331738 -16.364494
vt -8.575000 -19.190674
vt -5.428204 -18.199368
vt -8.190673 -19.575001
vt -6.745975 -16.695553
vt -8.425073 -19.295652
vt -5.780549 -17.626156
vt -8.295653 -19.425074
vt -6.223989 -17.120111
vt 4.937981 -19.000000
vt 8.425073 -20.904346
vt 8.295653 -20.774927
vt 8.575000 -21.009327
vt -8.575000 -21.009327
vt 8.190673 -20.625000
vt 8.740879 -21.086678
vt -8.740879 -21.086678
vt 8.113323 -20.459122
vt 5.087337 -18.950487
vt 8.917669 -21.134048
vt 8.065952 -20.282331
vt 8.050000 -20.100000
vt 8.065952 -19.917669
vt 5.176923 -18.823530
vt 8.113323 -19.740879
vt 5.428204 -18.199368
vt 8.190673 -19.575001
vt 5.780549 -17.626156
vt 8.295653 -19.425074
vt 6.223989 -17.120111
vt 8.425073 -19.295652
vt 10.962032 -21.512033
vt 9.100000 -21.150000
vt 9.282331 -21.134048
vt 9.459121 -21.086678
vt 9.625000 -21.009327
vt 9.774927 -20.904346
vt 9.904346 -20.774927
vt 10.009327 -20.625000
vt 10.086678 -20.459122
vt 10.134048 -20.282331
vt 10.150000 -20.100000
vt 6.745975 -16.695553
vt 8.575000 -19.190674
vt 10.134048 -19.917669
vt 10.086678 -19.740879
vt 7.331738 -16.364494
vt 8.740879 -19.113323
vt 7.964706 -16.136301
vt 8.917669 -19.065952
vt 8.060698 -16.086330
vt 9.282331 -19.065952
vt 9.100000 -19.049999
vt 8.126577 -16.000475
vt 9.625000 -19.190674
vt 9.459121 -19.113323
vt 8.150000 -15.894820
vt 10.009327 -19.575001
vt 9.904346 -19.425074
vt 9.774927 -19.295652
vt 8.150000 -5.996872
vt 7.057826 -4.452579
vt 7.307360 -5.005994
vt 7.159094 -4.739883
vt 7.498377 -5.243293
vt 7.726675 -5.444982
vt 7.057826 -3.547420
vt 7.006456 -4.152314
vt 7.006456 -3.847686
vt 7.159094 -3.260117
vt 7.985714 -5.605285
vt 7.498377 -2.756707
vt 7.307360 -2.994005
vt -8.150000 13.448781
vt 7.985714 -2.394715
vt 7.726675 -2.555018
vt 8.105515 -2.284378
vt 8.105520 -5.715626
vt 8.150000 -2.127168
vt 8.150000 -5.872832
vt -7.034966 14.610806
vt -7.210507 14.355750
vt -7.427162 14.134551
vt -6.905732 14.892171
vt -6.800000 15.500000
vt -6.826630 15.191522
vt -6.873042 16.007559
vt -6.818354 15.756393
vt -6.962948 16.248373
vt -7.957143 13.818710
vt -8.096790 13.709064
vt -7.678519 13.953755
vt -9.774927 19.295652
vt -8.150000 13.538495
vt -9.904346 19.425074
vt -10.009327 19.575001
vt -9.625000 19.190674
vt -9.459121 19.113323
vt -10.086678 19.740879
vt -9.282331 19.065952
vt -6.978108 16.456940
vt -9.100000 19.049999
vt -8.917669 19.065952
vt -8.740879 19.113323
vt -6.851262 16.626141
vt -10.962032 21.512032
vt -10.150000 20.100000
vt -10.134048 19.917669
vt -10.086678 20.459122
vt -10.134048 20.282331
vt -8.575000 19.190674
vt -6.834395 16.636942
vt -10.009327 20.625000
vt -8.425073 19.295652
vt -6.386194 16.972126
vt -9.904346 20.774927
vt -9.774927 20.904346
vt -5.989164 17.366587
vt -8.295653 19.425074
vt -9.625000 21.009327
vt -9.459121 21.086678
vt -9.282331 21.134048
vt -9.100000 21.150000
vt -5.651076 17.812601
vt -8.190673 19.575001
vt -8.917669 21.134048
vt -5.378551 18.301439
vt -8.113323 19.740879
vt -5.176923 18.823530
vt -8.065952 19.917669
vt -5.125500 18.915339
vt -8.050000 20.100000
vt -8.065952 20.282331
vt -5.040853 18.977854
vt -8.113323 20.459122
vt -8.190673 20.625000
vt -4.937981 19.000000
vt -8.295653 20.774927
vt -8.425073 20.904346
vt 8.295653 19.425074
vt 6.223989 17.120111
vt 5.780549 17.626156
vt 8.425073 19.295652
vt 6.745975 16.695553
vt 8.190673 19.575001
vt 5.428204 18.199368
vt 8.575000 19.190674
vt 7.331738 16.364494
vt 8.740879 19.113323
vt 7.964706 16.136301
vt 8.113323 19.740879
vt 5.176923 18.823530
vt 8.065952 19.917669
vt 5.125500 18.915339
vt 8.917669 19.065952
vt 8.060698 16.086330
vt 8.050000 20.100000
vt 9.100000 19.049999
vt 9.282331 19.065952
vt 8.126577 16.000475
vt 8.065952 20.282331
vt 5.040853 18.977854
vt 8.113323 20.459122
vt 9.459121 19.113323
vt 9.625000 19.190674
vt 8.150000 15.894820
vt 8.190673 20.625000
vt 4.937981 19.000000
vt 9.774927 19.295652
vt 8.295653 20.774927
vt 9.904346 19.425074
vt 8.425073 20.904346
vt 10.009327 19.575001
vt 8.150000 -2.003127
vt 8.575000 21.009327
vt -8.575000 21.009327
vt -8.740879 21.086678
vt 8.740879 21.086678
vt 10.086678 19.740879
vt 10.962032 21.512032
vt 10.134048 19.917669
vt 10.150000 20.100000
vt 10.134048 20.282331
vt 10.086678 20.459122
vt 10.009327 20.625000
vt 9.904346 20.774927
vt 9.774927 20.904346
vt 9.625000 21.009327
vt 9.459121 21.086678
vt 9.282331 21.134048
vt 9.100000 21.150000
vt 8.917669 21.134048
vt -2.452539 0.300000
vt -10.720423 0.300000
vt -10.720423 1.400000
vt -0.034514 1.400000
vt 13.520413 1.400000
vt 13.520413 0.300000
vt 2.452530 0.300000
vt 0.034504 1.400000
vt 0.912512 0.149396
vt 0.341285 -0.100392
vt 0.208386 -0.288316
vt 0.208389 -8.556199
vt 1.441543 0.479113
vt 1.913337 0.878083
vt 3.113873 2.553846
vt 2.927564 2.425357
vt 2.665481 1.862207
vt 15.808392 -8.556199
vt 14.105447 0.876126
vt 13.695530 1.337931
vt 2.325408 1.343685
vt 14.580488 0.475532
vt 13.353160 1.859059
vt 15.106626 0.148109
vt 12.902904 2.553846
vt 13.089211 2.425370
vt 15.808394 -0.288316
vt 15.675486 -0.100389
vt -7.901799 -16.256714
vt -8.008383 -16.146170
vt -5.287611 -18.809685
vt -7.767056 -16.328623
vt -5.177987 -18.911774
vt -8.077098 -16.009779
vt -5.361224 -18.678179
vt -5.042684 -18.977947
vt -8.100004 -15.857842
vt -4.894514 -19.000004
vt -7.135899 -16.615416
vt -5.662872 -18.053986
vt -6.563740 -17.006878
vt -6.067765 -17.491251
vt 4.894520 -19.000004
vt 5.043609 -18.977943
vt 5.178001 -18.911764
vt 5.287949 -18.808815
vt 5.361234 -18.678154
vt 5.662883 -18.053968
vt 6.067775 -17.491240
vt 6.563746 -17.006872
vt -8.600000 -1.800000
vt -8.100000 -2.371933
vt -8.076274 -2.089550
vt -8.008849 -1.851832
vt 7.135901 -16.615414
vt 7.767053 -16.328625
vt 7.902677 -16.256403
vt 8.008381 -16.146172
vt 8.077097 -16.008846
vt 8.100004 -15.857842
vt -7.800000 4.447444
vt -7.991750 4.614751
vt -8.600000 4.200000
vt -8.042004 4.743766
vt -8.086245 4.955068
vt -8.100000 5.171934
vt 8.600000 -1.800000
vt 8.008849 -1.851832
vt 8.076274 -2.089550
vt 8.100000 -2.371933
vt -8.100004 15.857842
vt -8.077100 16.008839
vt -8.008390 16.146158
vt -7.902696 16.256390
vt -7.767082 16.328617
vt -7.237829 16.559856
vt -6.746780 16.865364
vt -6.305260 17.238283
vt -5.922305 17.670469
vt -5.605031 18.154295
vt 8.600000 4.200000
vt 8.034537 4.720183
vt 7.965601 4.567823
vt 7.800000 4.447444
vt 8.080146 4.912751
vt 8.100000 5.171934
vt -5.361234 18.678154
vt -5.287949 18.808815
vt -5.178001 18.911766
vt -5.043609 18.977943
vt -4.894520 19.000004
vt 4.894511 19.000004
vt 8.100004 15.857842
vt 6.305246 17.238297
vt 6.746376 16.865681
vt 5.921982 17.670862
vt 7.237574 16.559950
vt 5.604936 18.154539
vt 7.767056 16.328623
vt 5.361231 18.678167
vt 7.901799 16.256714
vt 5.287618 18.809677
vt 8.008383 16.146170
vt 5.177993 18.911772
vt 5.042686 18.977947
vt 8.077098 16.009779
vt -22.424065 -0.500000
vt -22.424065 -25.000000
vt -0.500000 -25.000000
vt -0.500000 -0.500000
vt 43.524063 -0.500000
vt 0.500000 -0.500000
vt 0.500000 -25.000000
vt 43.524063 -25.000000
vt 22.424065 -25.000000
vt 22.424065 -0.500000
vt -43.524063 -25.000000
vt -43.524063 -0.500000
vt 0.000000 1.400000
vt -8.267884 0.300000
vt -10.685908 1.400000
vt 0.250000 1.000000
vt 0.250328 0.000000
vt 0.500000 1.000000
vt 0.749880 0.000000
vt 0.499947 0.000000
vt 0.750000 1.000000
vt 1.000000 -0.000000
vt 1.000000 1.000000
vt 0.166667 1.000000
vt 0.167341 -0.000000
vt 0.333333 1.000000
vt 0.333958 -0.000000
vt 0.500628 -0.000000
vt 0.666667 1.000000
vt 0.833031 -0.000000
vt 0.666096 0.000000
vt 0.833333 1.000000
vt 0.249633 0.000000
vt 0.499934 0.000000
vt 0.750055 0.000000
vt -9.789031 0.300000
vt -9.789031 1.400000
vt 0.249635 -0.000000
vt 0.499935 -0.000000
vt 0.750057 -0.000000
vt 0.333961 -0.000000
vt 0.833039 -0.000000
vt 0.666097 0.000000
vt 0.250326 0.000000
vt 0.749878 -0.000000
vt 0.499944 0.000000
vt 17.200001 0.000000
vt 0.000000 -5.000000
vt 17.200001 -5.000000
vt 6.000000 0.000000
vt 6.000000 -5.000000
vt -17.200001 -5.000000
vt -17.200001 0.000000
vt -6.000000 -5.000000
vt -6.000000 0.000000
vt 2.084062 1.400000
vt 1.910530 0.300000
vt 1.910530 1.400000
vt 2.084062 0.300000
vt 2.257595 1.400000
vt 2.257595 0.300000
vt 2.431127 1.400000
vt 2.431127 0.300000
vt 2.604660 1.400000
vt 2.604660 0.300000
vt 2.778192 1.400000
vt 2.778192 0.300000
vt 0.499933 0.000000
vt 0.750054 0.000000
vt 9.789034 1.400000
vt 9.789034 0.300000
vt 0.536938 1.400000
vt 0.363408 0.300000
vt 0.363408 1.400000
vt 0.536938 0.300000
vt 0.710469 1.400000
vt 0.710469 0.300000
vt 0.884000 1.400000
vt 0.884000 0.300000
vt 1.057531 1.400000
vt 1.057531 0.300000
vt 1.231062 1.400000
vt 1.231062 0.300000
vt -2.452530 0.300000
vt -13.520413 0.300000
vt -13.520413 1.400000
vt -0.034504 1.400000
vt 1.019784 -0.207899
vt 0.208378 0.288327
vt 0.341288 0.100402
vt 2.603293 -1.754364
vt 2.927566 -2.425373
vt 3.113868 -2.553835
vt 4.944205 2.225019
vt 1.634857 -0.628721
vt 2.168032 -1.149423
vt 5.437232 1.731992
vt 6.008382 1.332068
vt 4.544281 2.796170
vt 6.640302 1.037399
vt 4.249612 3.428089
vt 7.313790 0.856938
vt 4.069151 4.101577
vt 8.008383 0.796170
vt 4.008382 4.796169
vt 4.069151 5.490762
vt 12.902900 -2.553835
vt 8.702975 0.856938
vt 9.376463 1.037399
vt 10.008383 1.332068
vt 0.208381 11.356210
vt 4.249612 6.164250
vt 4.544281 6.796169
vt 13.413483 -1.754344
vt 13.089209 -2.425346
vt 10.579533 1.731992
vt 4.944205 7.367320
vt 13.848743 -1.149410
vt 11.072560 2.225019
vt 5.437232 7.860347
vt 14.381916 -0.628714
vt 11.472484 2.796170
vt 6.008382 8.260271
vt 14.996984 -0.207897
vt 11.767153 3.428089
vt 6.640302 8.554940
vt 7.313790 8.735400
vt 15.808387 0.288327
vt 15.675475 0.100402
vt 11.947614 4.101577
vt 12.008383 4.796169
vt 11.947614 5.490762
vt 15.808382 11.356210
vt 11.767153 6.164250
vt 11.472484 6.796169
vt 11.072560 7.367320
vt 10.579533 7.860347
vt 10.008383 8.260271
vt 9.376463 8.554940
vt 8.702975 8.735400
vt 8.008383 8.796169
vt 3.316126 0.300000
vt 3.316126 1.000000
vt 3.490659 0.300000
vt 3.490659 1.000000
vt 3.665191 0.300000
vt 3.665191 1.000000
vt 3.839724 0.300000
vt 3.839724 1.000000
vt 4.014257 0.300000
vt 4.014257 1.000000
vt 4.188790 0.300000
vt 4.188790 1.000000
vt 4.363323 0.300000
vt 4.363323 1.000000
vt 4.537856 0.300000
vt 4.537856 1.000000
vt 4.712389 0.300000
vt 4.712389 1.000000
vt 4.886922 0.300000
vt 4.886922 1.000000
vt 5.061455 1.000000
vt 5.061455 0.300000
vt 5.235988 0.300000
vt 5.235988 1.000000
vt 5.410521 0.300000
vt 5.410521 1.000000
vt 5.585053 1.000000
vt 5.585053 0.300000
vt 5.759586 1.000000
vt 5.759586 0.300000
vt 5.934119 0.300000
vt 5.934119 1.000000
vt 6.108653 1.000000
vt 6.108653 0.300000
vt 6.283185 1.000000
vt 6.283185 0.300000
vt -1.928363 -2.298133
vt -2.834364 -2.378314
vt -2.378314 -2.834364
vt -2.298133 -1.928363
vt -3.204294 -1.850000
vt -1.500000 -2.598076
vt -1.850000 -3.204294
vt -2.598076 -1.500000
vt -3.476863 -1.265475
vt -1.026060 -2.819078
vt -1.265475 -3.476863
vt -2.819078 -1.026060
vt -3.643789 -0.642498
vt -0.520945 -2.954423
vt -0.642498 -3.643789
vt -2.954423 -0.520945
vt -3.700000 0.000000
vt -0.000000 -3.000000
vt -0.000000 -3.700000
vt -3.000000 0.000000
vt -3.643789 0.642498
vt 0.520945 -2.954423
vt 0.642498 -3.643789
vt -2.954423 0.520945
vt -3.476863 1.265475
vt 1.026060 -2.819078
vt 1.265475 -3.476863
vt -2.819078 1.026060
vt -3.204294 1.850000
vt 1.500000 -2.598076
vt 1.850000 -3.204294
vt -2.598076 1.500000
vt -2.834364 2.378314
vt 1.928363 -2.298133
vt 2.378314 -2.834364
vt -2.298133 1.928363
vt 2.834364 -2.378314
vt 2.298133 -1.928363
vt -2.378314 2.834364
vt -1.928363 2.298133
vt -1.500000 2.598076
vt 3.204294 -1.850000
vt 2.598076 -1.500000
vt -1.850000 3.204294
vt -1.026060 2.819078
vt 3.476863 -1.265475
vt 2.819078 -1.026060
vt -1.265475 3.476863
vt -0.520945 2.954423
vt 3.643789 -0.642498
vt 2.954423 -0.520945
vt -0.642498 3.643789
vt -0.000000 3.000000
vt 0.000000 3.700000
vt 0.520945 2.954423
vt 3.700000 0.000000
vt 3.000000 0.000000
vt 0.642498 3.643789
vt 1.026060 2.819078
vt 3.643789 0.642498
vt 2.954423 0.520945
vt 1.265475 3.476863
vt 1.500000 2.598076
vt 3.476863 1.265475
vt 2.819078 1.026060
vt 3.204294 1.850000
vt 2.598076 1.500000
vt 1.850000 3.204294
vt 1.928363 2.298133
vt 2.834364 2.378314
vt 2.298133 1.928363
vt 2.378314 2.834364
vt 3.316126 2.900000
vt 3.490659 2.900000
vt 3.665191 2.900000
vt 3.839724 2.900000
vt 4.014257 2.900000
vt 4.188790 2.900000
vt 4.363323 2.900000
vt 4.537856 2.900000
vt 4.712389 2.900000
vt 4.886922 2.900000
vt 5.061455 2.900000
vt 5.235988 2.900000
vt 5.410521 2.900000
vt 5.585053 2.900000
vt 5.759586 2.900000
vt 5.934119 2.900000
vt 6.108653 2.900000
vt 6.283185 2.900000
vt -0.835624 -0.995858
vt -1.735527 -2.068320
vt -1.350000 -2.338269
vt -0.995858 -0.835624
vt -2.068320 -1.735527
vt -0.650000 -1.125833
vt -0.923454 -2.537170
vt -1.125833 -0.650000
vt -2.338269 -1.350000
vt -0.444626 -1.221600
vt -0.468850 -2.658981
vt -1.221600 -0.444626
vt -2.537170 -0.923454
vt -0.225743 -1.280250
vt -0.000000 -2.700000
vt -1.280250 -0.225743
vt -2.658981 -0.468850
vt 0.000000 -1.300000
vt 0.468850 -2.658981
vt -1.300000 -0.000000
vt -2.700000 0.000000
vt 0.225743 -1.280250
vt 0.923454 -2.537170
vt -1.280250 0.225743
vt -2.658981 0.468850
vt 0.444626 -1.221600
vt 1.350000 -2.338269
vt -1.221600 0.444626
vt -2.537170 0.923454
vt 0.650000 -1.125833
vt -1.125833 0.650000
vt -2.338269 1.350000
vt 1.735527 -2.068320
vt 0.835624 -0.995858
vt -0.995858 0.835624
vt -2.068320 1.735527
vt 0.995858 -0.835624
vt -0.835624 0.995858
vt 2.068320 -1.735527
vt -1.735527 2.068320
vt 1.125833 -0.650000
vt 2.338269 -1.350000
vt 1.221600 -0.444626
vt -1.350000 2.338269
vt -0.650000 1.125833
vt 2.537170 -0.923454
vt 1.280250 -0.225743
vt -0.923454 2.537170
vt -0.444626 1.221600
vt 2.658981 -0.468850
vt 1.300000 -0.000000
vt -0.468850 2.658981
vt -0.225743 1.280250
vt 2.700000 0.000000
vt 1.280250 0.225743
vt 0.000000 2.700000
vt 0.000000 1.300000
vt 2.658981 0.468850
vt 1.221600 0.444626
vt 0.468850 2.658981
vt 0.225743 1.280250
vt 2.537170 0.923454
vt 1.125833 0.650000
vt 0.923454 2.537170
vt 0.444626 1.221600
vt 2.338269 1.350000
vt 0.995858 0.835624
vt 1.350000 2.338269
vt 0.650000 1.125833
vt 2.068320 1.735527
vt 0.835624 0.995858
vt 1.735527 2.068320
vt 0.174533 4.200000
vt 0.000000 4.200000
vt 0.349066 4.200000
vt 0.523599 4.200000
vt 0.698132 4.200000
vt 0.872665 4.200000
vt 1.047198 4.200000
vt 1.221730 4.200000
vt 1.396263 4.200000
vt 1.570796 4.200000
vt 1.745329 4.200000
vt 1.919862 4.200000
vt 2.094395 4.200000
vt 2.268928 4.200000
vt 2.443461 4.200000
vt 2.617994 4.200000
vt 2.792527 4.200000
vt 2.967060 4.200000
vt -0.939693 -0.342020
vt -0.866025 -0.500000
vt -0.766044 -0.642788
vt -0.642788 0.766044
vt -0.766044 0.642788
vt -0.866025 0.500000
vt -0.939693 0.342020
vt 0.866025 -0.500000
vt 0.642788 -0.766044
vt 0.766044 -0.642788
vt 0.939693 -0.342020
vt -0.000000 -1.000000
vt 0.173648 -0.984808
vt 0.342020 -0.939693
vt 0.500000 -0.866025
vt -0.342020 0.939693
vt -0.500000 0.866025
vt -0.173648 0.984808
vt 0.984808 -0.173648
vt 0.342020 0.939693
vt 0.173648 0.984808
vt 0.939693 0.342020
vt 0.984808 0.173648
vt 0.642788 0.766044
vt 0.866025 0.500000
vt 0.766044 0.642788
vt 0.500000 0.866025
vt -0.984808 0.173648
vt -1.000000 0.000000
vt -0.984808 -0.173648
vt -0.642788 -0.766044
vt -0.500000 -0.866025
vt -0.342020 -0.939693
vt -0.173648 -0.984808
vt 6.283185 0.392699
vt 6.108653 1.570796
vt 6.283185 1.178097
vt 3.316126 0.392699
vt 3.316126 0.785398
vt 3.316126 1.178097
vt 3.316126 1.570796
vt 3.490659 0.392699
vt 3.490659 0.785398
vt 3.490659 1.178097
vt 3.490659 1.570796
vt 3.665191 0.392699
vt 3.665191 0.785398
vt 3.665191 1.178097
vt 3.665191 1.570796
vt 3.839724 0.392699
vt 3.839724 0.785398
vt 3.839724 1.178097
vt 3.839724 1.570796
vt 4.014257 0.392699
vt 4.014257 0.785398
vt 4.014257 1.178097
vt 4.014257 1.570796
vt 4.188790 0.392699
vt 4.188790 0.785398
vt 4.188790 1.178097
vt 4.188790 1.570796
vt 4.363323 0.392699
vt 4.363323 0.785398
vt 4.363323 1.178097
vt 4.363323 1.570796
vt 4.537856 0.392699
vt 4.537856 0.785398
vt 4.537856 1.178097
vt 4.537856 1.570796
vt 4.712389 0.392699
vt 4.712389 0.785398
vt 4.712389 1.178097
vt 4.712389 1.570796
vt 4.886922 0.392699
vt 4.886922 0.785398
vt 4.886922 1.178097
vt 4.886922 1.570796
vt 5.061455 0.392699
vt 5.061455 0.785398
vt 5.061455 1.178097
vt 5.061455 1.570796
vt 5.235988 0.392699
vt 5.235988 0.785398
vt 5.235988 1.178097
vt 5.235988 1.570796
vt 5.410521 1.570796
vt 5.410521 0.392699
vt 5.410521 0.785398
vt 5.410521 1.178097
vt 5.585053 0.392699
vt 5.585053 0.785398
vt 5.585053 1.178097
vt 5.585053 1.570796
vt 5.759586 0.392699
vt 5.759586 0.785398
vt 5.759586 1.178097
vt 5.759586 1.570796
vt 5.934119 1.570796
vt 5.934119 0.392699
vt 5.934119 0.785398
vt 5.934119 1.178097
vt 6.108653 0.392699
vt 6.108653 0.785398
vt 6.283185 0.785398
vt 6.108653 1.178097
vt 0.000000 0.424264
vt 0.174533 0.424264
vt 0.349066 0.424264
vt 0.523599 0.424264
vt 0.698132 0.424264
vt 0.872665 0.424264
vt 1.047198 0.424264
vt 1.221730 0.424264
vt 1.396263 0.424264
vt 1.570796 0.424264
vt 1.745329 0.424264
vt 1.919862 0.424264
vt 2.094395 0.424264
vt 2.268928 0.424264
vt 2.443461 0.424264
vt 2.617994 0.424264
vt 2.792527 0.424264
vt 2.967060 0.424264
vt 0.000000 19.262032
vt 3.085904 3.662032
vt 0.000000 3.662032
vt 3.085904 19.262033
vt -0.000000 19.470881
vt 0.095383 19.262032
vt -0.000000 3.453183
vt 0.095383 3.662032
vt 4.712389 19.262033
vt 4.712389 3.662032
vt 4.854701 3.662032
vt 4.854701 19.262033
vt 4.997012 3.662032
vt 4.997012 19.262033
vt 5.139324 3.662032
vt 5.139324 19.262033
vt 0.000000 19.262033
vt 3.315931 3.662033
vt 0.000000 3.662031
vt 3.315931 19.262032
vt 5.105088 2.108165
vt 4.712389 2.108165
vt 4.712389 -0.548309
vt 5.112768 -0.805345
vt 5.497787 2.108165
vt 5.513146 -1.021725
vt 5.890486 2.108165
vt 6.283185 -0.977739
vt 6.283185 2.108165
vt 1.570796 -0.392699
vt 1.400931 -0.355793
vt 1.178209 -0.699240
vt 0.130900 -1.308997
vt 0.000000 -1.286173
vt 0.000000 -1.428485
vt 0.000000 -1.143861
vt 0.392699 -1.308997
vt 0.000000 -1.570796
vt 0.654498 -1.308997
vt 0.916298 -1.308997
vt 1.178097 -1.308997
vt 1.570796 -1.570796
vt 1.570796 -1.178097
vt 0.785398 -1.047198
vt 0.785555 -0.999040
vt 1.047198 -1.047198
vt 1.308997 -1.047198
vt 1.570796 -0.785398
vt 1.178097 -0.785398
vt 1.439897 -0.785398
vt 3.534288 -0.288327
vt 3.141593 -0.288327
vt 3.141593 -11.356210
vt 3.534292 -11.356210
vt 3.926984 -0.288327
vt 3.926991 -11.356210
vt 4.319679 -0.288327
vt 4.319690 -11.356210
vt 4.712389 -0.288327
vt 4.712389 -11.356210
vt 0.000122 0.379945
vt 0.000000 0.499998
vt 0.000000 0.259890
vt 0.000245 0.000000
vt 0.000245 0.259892
vt 0.000245 0.500000
vt 0.000122 0.499999
vt 0.000062 0.749999
vt 0.000000 0.740107
vt 0.000062 0.870054
vt 0.000061 1.000000
vt 0.000123 1.000000
vt 0.000184 0.750000
vt 0.000245 0.740108
vt 0.000184 0.870054
vt 0.000245 1.000000
vt 0.000183 1.000000
vt 2.084059 1.570796
vt 1.910529 1.963495
vt 1.910528 1.570796
vt 2.778185 3.141593
vt 2.604654 3.141593
vt 2.778185 2.748894
vt 2.084059 1.963495
vt 1.910529 2.356194
vt 2.084059 2.356194
vt 1.910530 2.748893
vt 2.084059 2.748893
vt 2.084062 3.141593
vt 1.910531 3.141593
vt 2.257591 1.963495
vt 2.257591 1.570796
vt 2.257591 2.356194
vt 2.257591 2.748893
vt 2.257592 3.141593
vt 2.431122 1.963495
vt 2.431122 1.570796
vt 2.431122 2.356194
vt 2.431122 2.748893
vt 2.431123 3.141593
vt 2.604654 1.963495
vt 2.778185 1.570796
vt 2.778185 1.963496
vt 2.604654 1.570796
vt 2.604654 2.356194
vt 2.778185 2.356194
vt 2.604654 2.748893
vt 0.000120 0.379946
vt -0.000000 0.500000
vt -0.000000 0.259892
vt 0.000240 0.000000
vt 0.000240 0.259892
vt 0.000240 0.500000
vt 0.000120 0.500000
vt 0.000060 0.750000
vt -0.000000 0.740108
vt 0.000060 0.870054
vt 0.000060 1.000000
vt 0.000121 1.000000
vt 0.000180 0.750000
vt 0.000240 0.740108
vt 0.000180 0.870054
vt 0.000240 1.000000
vt 0.000180 1.000000
vt 3.141593 -3.113869
vt 3.141593 -12.902903
vt 3.534292 -12.902902
vt 3.534292 -3.113868
vt 3.926991 -12.902901
vt 3.926991 -3.113868
vt 4.319690 -12.902901
vt 4.319690 -3.113868
vt 4.712389 -12.902900
vt 4.712389 -3.113868
vt 0.536933 3.141593
vt 0.363401 3.141593
vt 0.363401 2.748893
vt 1.231065 1.963495
vt 1.057532 1.570796
vt 1.231065 1.570796
vt 0.536933 1.963495
vt 0.363401 1.963495
vt 0.363401 1.570796
vt 0.536934 1.570796
vt 0.536933 2.356194
vt 0.363401 2.356194
vt 0.536933 2.748893
vt 0.710466 1.963495
vt 0.710467 1.570796
vt 0.710466 2.356194
vt 0.710466 2.748893
vt 0.710466 3.141593
vt 0.883998 1.963495
vt 0.883999 1.570796
vt 0.883998 2.356194
vt 0.883998 2.748893
vt 0.883998 3.141593
vt 1.057530 1.963495
vt 1.231064 2.356194
vt 1.057530 2.356194
vt 1.231063 2.748893
vt 1.057530 2.748893
vt 1.231063 3.141593
vt 1.057530 3.141593
vt 0.000122 0.379946
vt 0.000244 0.000000
vt 0.000122 0.500000
vt 0.000062 0.750000
vt 3.534292 11.356211
vt 3.141593 0.288327
vt 3.534292 0.288327
vt 3.141593 11.356211
vt 3.926991 11.356211
vt 3.926991 0.288327
vt 4.319690 11.356211
vt 4.319690 0.288327
vt 4.712389 11.356211
vt 4.712389 0.288327
vt 1.740662 -0.355793
vt 1.963384 -0.699240
vt 1.963495 -1.308997
vt 2.225295 -1.308997
vt 1.832596 -1.047198
vt 2.487094 -1.308997
vt 2.094395 -1.047198
vt 1.701696 -0.785398
vt 2.748893 -1.308997
vt 3.141592 -1.570796
vt 3.141592 -1.428485
vt 2.356194 -1.047198
vt 3.141592 -1.143861
vt 2.356037 -0.999040
vt 1.963495 -0.785398
vt 3.010693 -1.308997
vt 3.141592 -1.286173
vt 0.392699 3.085910
vt 0.000000 3.085910
vt 0.000000 0.000006
vt 0.770039 -0.043980
vt 0.785398 3.085910
vt 1.170418 0.172400
vt 1.178097 3.085910
vt 1.570796 0.429436
vt 1.570796 3.085910
vt 0.693416 3.163635
vt -0.000000 3.315924
vt 0.000000 -0.000007
vt 0.785398 -0.000007
vt 0.938511 3.046200
vt 1.266800 2.853865
vt 1.570796 -0.000007
vt 1.570796 2.656465
vt 1.570797 -0.785398
vt 0.392704 -1.308996
vt 0.000000 -1.143862
vt 0.000000 -1.570795
vt 0.654506 -1.308996
vt 0.916309 -1.308996
vt 1.178111 -1.308996
vt 1.570815 -1.570795
vt 0.785407 -1.047197
vt 1.047210 -1.047197
vt 1.309012 -1.047197
vt 1.178111 -0.785397
vt 1.439914 -0.785397
vt 3.534292 -0.288316
vt 3.141593 -8.556200
vt 3.926991 -8.556199
vt 3.141593 -0.288316
vt 3.926991 -0.288316
vt 4.319690 -0.288316
vt 4.712389 -8.556199
vt 4.712389 -0.288316
vt 0.000122 0.379947
vt 0.000244 0.000006
vt 0.000244 0.259895
vt 0.000244 0.500002
vt 0.000122 0.500001
vt 0.000184 0.750001
vt 0.000244 0.740110
vt 0.000184 0.870055
vt 0.000244 1.000000
vt 0.000312 0.249995
vt 0.000000 0.259891
vt 0.000623 -0.000009
vt 0.000622 0.499996
vt 0.003426 0.249999
vt 0.003115 -0.000000
vt 0.003738 -0.000005
vt 0.003738 0.259888
vt 0.003114 0.500000
vt 0.000156 0.495052
vt 0.000000 0.499999
vt 0.000156 0.624998
vt 0.000622 1.000000
vt 0.000467 0.624998
vt 0.000778 0.249994
vt 0.000777 0.749998
vt 0.001244 1.000000
vt 0.000933 0.499996
vt 0.001090 0.249998
vt 0.001246 0.000000
vt 0.001245 0.500000
vt 0.001089 0.749998
vt 0.001401 0.250000
vt 0.001400 0.750000
vt 0.001866 1.000000
vt 0.001556 0.500000
vt 0.001712 0.250000
vt 0.001869 -0.000000
vt 0.001867 0.500000
vt 0.001711 0.750000
vt 0.002024 0.250000
vt 0.002022 0.750000
vt 0.002178 0.500000
vt 0.002488 1.000000
vt 0.002335 0.250000
vt 0.002492 -0.000000
vt 0.002490 0.500000
vt 0.002333 0.750000
vt 0.002647 0.250000
vt 0.002645 0.750000
vt 0.002802 0.500000
vt 0.003112 1.000000
vt 0.002959 0.250000
vt 0.002957 0.750000
vt 0.003269 0.624999
vt 0.003738 1.000000
vt 0.003582 0.495053
vt 0.003738 0.499998
vt 0.003582 0.624999
vt 0.003738 0.740107
vt -0.000000 0.500001
vt -0.000000 0.740109
vt 0.000060 0.870055
vt 3.141593 12.902901
vt 3.141593 3.113870
vt 3.534292 3.113871
vt 3.534292 12.902902
vt 3.926991 3.113871
vt 3.926991 12.902903
vt 4.319690 3.113872
vt 4.319690 12.902904
vt 4.712389 3.113873
vt 4.712389 12.902904
vt 0.000060 0.500000
vt 0.000150 0.249996
vt 0.000240 -0.000008
vt 0.000090 0.750000
vt 0.000150 0.620054
vt 0.000312 0.250051
vt 0.000000 0.259887
vt 0.000000 -0.000001
vt 0.000624 0.000105
vt 0.000623 0.500053
vt 0.000779 0.250053
vt 0.000778 0.750000
vt 0.000935 0.500000
vt 0.001091 0.250000
vt 0.001248 -0.000000
vt 0.001089 0.750000
vt 0.001246 0.500000
vt 0.003427 0.250000
vt 0.003738 0.000000
vt 0.003738 0.259892
vt 0.000156 0.495079
vt 0.000000 0.499997
vt 0.000156 0.625026
vt 0.000467 0.625026
vt 0.001402 0.250000
vt 0.001557 0.500000
vt 0.001713 0.250000
vt 0.001870 -0.000000
vt 0.001868 0.500000
vt 0.002025 0.250000
vt 0.002179 0.500000
vt 0.002336 0.250000
vt 0.002493 0.000000
vt 0.002648 0.250000
vt 0.002803 0.500000
vt 0.002958 0.750000
vt 0.003270 0.625000
vt 0.003582 0.495054
vt 0.003738 0.500000
vt 0.003582 0.625000
vt 0.003738 0.740108
vt 0.000000 0.500003
vt 0.000000 0.259896
vt 0.000122 0.500002
vt 0.000062 0.750002
vt 0.000000 0.740110
vt 0.000062 0.870055
vt 3.141593 8.556193
vt 3.141593 0.288309
vt 3.534292 0.288309
vt 3.926991 8.556192
vt 3.926991 0.288309
vt 4.319690 0.288309
vt 4.712389 8.556192
vt 4.712389 0.288309
vt 1.570795 -0.785398
vt 1.963383 -0.699240
vt 1.701678 -1.308996
vt 1.570777 -1.570795
vt 1.963481 -1.308996
vt 2.225283 -1.308996
vt 1.832580 -1.047197
vt 2.487086 -1.308996
vt 3.141592 -1.570795
vt 2.094382 -1.047197
vt 1.701678 -0.785397
vt 2.748888 -1.308996
vt 3.141592 -1.143862
vt 2.356185 -1.047197
vt 1.963481 -0.785397
vt 2.617987 -1.047197
vt 5.078240 10.542367
vt 4.712389 10.306448
vt 4.712389 7.649976
vt 5.497787 7.649976
vt 5.385653 10.717649
vt 5.698419 10.856334
vt 6.283185 7.649976
vt 6.283185 10.965908
vt 1.994884 1.500000
vt 1.570796 1.500000
vt 1.994884 0.300000
vt 2.418972 1.500000
vt 2.418972 0.300000
vt 2.843060 1.500000
vt 2.843060 0.300000
vt 0.000000 -0.300000
vt 0.000000 -1.500000
vt -9.875961 -1.500000
vt -9.875961 -0.300000
vt 0.722620 1.500000
vt 0.298532 1.500000
vt 0.298532 0.300000
vt 0.722620 0.300000
vt 1.146708 1.500000
vt 1.146708 0.300000
vt 3.440125 1.500000
vt 3.608535 0.300000
vt 3.440125 0.300000
vt 3.608535 1.500000
vt 3.776945 0.300000
vt 3.776945 1.500000
vt 3.945355 0.300000
vt 3.945355 1.500000
vt 4.113765 0.300000
vt 4.113765 1.500000
vt 4.282175 1.500000
vt 4.282175 0.300000
vt 4.450585 1.500000
vt 4.450585 0.300000
vt 0.436331 0.300000
vt 0.436331 1.500000
vt 0.872662 0.300000
vt 0.872662 1.500000
vt 1.308992 0.300000
vt 1.308992 1.500000
vt -0.124040 -0.300000
vt -0.124040 -1.500000
vt 17.897947 -1.500000
vt 17.897947 -0.300000
vt 0.458592 -0.000000
vt 0.458592 1.000000
vt 2.040230 1.500000
vt 2.197567 0.300000
vt 2.040230 0.300000
vt 2.209670 1.500000
vt 2.354905 0.300000
vt 2.379111 1.500000
vt 2.512242 0.300000
vt 2.548551 1.500000
vt 2.669580 0.300000
vt 2.717992 1.500000
vt 2.826917 0.300000
vt 2.887432 1.500000
vt 2.984255 0.300000
vt 3.056872 1.500000
vt 3.226313 1.500000
vt 3.298930 0.300000
vt 3.395753 1.500000
vt 3.456268 0.300000
vt 3.565194 1.500000
vt 3.613605 0.300000
vt 3.734634 1.500000
vt 3.770943 0.300000
vt 3.904075 1.500000
vt 3.928281 0.300000
vt 4.073515 1.500000
vt 4.085618 0.300000
vt 4.242956 1.500000
vt 4.242956 0.300000
vt 0.541424 1.000000
vt 0.541424 0.000000
vt -9.897948 -1.500000
vt -9.897948 -0.300000
vt 0.124040 -1.500000
vt 0.124040 -0.300000
vt 5.410524 1.500000
vt 4.974193 1.500000
vt 4.974193 0.300000
vt 5.410524 0.300000
vt 5.846855 1.500000
vt 5.846855 0.300000
vt 6.283185 1.500000
vt 2.001010 1.500000
vt 1.832600 0.300000
vt 1.832600 1.500000
vt 2.001010 0.300000
vt 2.169420 1.500000
vt 2.169420 0.300000
vt 2.337830 1.500000
vt 2.337830 0.300000
vt 2.506240 1.500000
vt 2.506240 0.300000
vt 2.674650 1.500000
vt 2.674650 0.300000
vt 0.496839 -0.000000
vt 0.496839 1.000000
vt 3.864213 1.500000
vt 3.864213 0.300000
vt 4.288301 1.500000
vt 4.288301 0.300000
vt 4.712389 1.500000
vt 0.466942 1.500000
vt 0.466942 0.300000
vt 0.635352 1.500000
vt 0.635352 0.300000
vt 0.803762 1.500000
vt 0.803762 0.300000
vt 0.972172 1.500000
vt 0.972172 0.300000
vt 1.140582 1.500000
vt 1.140582 0.300000
vt 3.577924 1.500000
vt 3.141593 1.500000
vt 3.577924 0.300000
vt 4.014254 1.500000
vt 4.014254 0.300000
vt -0.089715 -0.300000
vt -0.089715 -1.500000
vt 29.343601 -1.500000
vt 29.343601 -0.300000
vt 0.453568 1.000000
vt 0.453568 -0.000000
vt 5.249823 1.500000
vt 5.077596 0.300000
vt 5.077596 1.500000
vt 5.249823 0.300000
vt 5.422050 1.500000
vt 5.422050 0.300000
vt 5.594277 1.500000
vt 5.594277 0.300000
vt 5.766504 1.500000
vt 5.766504 0.300000
vt 5.938731 1.500000
vt 5.938731 0.300000
vt 6.110958 1.500000
vt 6.110958 0.300000
vt 0.346840 -0.000000
vt 0.555836 1.000000
vt 0.700887 0.000000
vt -0.020029 -1.500000
vt -0.020029 -0.300000
vt 5.284492 1.500000
vt 5.424524 0.300000
vt 5.284492 0.300000
vt 5.424524 1.500000
vt 5.564557 0.300000
vt 5.564557 1.500000
vt 5.704588 0.300000
vt 5.704588 1.500000
vt 5.844621 0.300000
vt 5.844621 1.500000
vt 5.984653 0.300000
vt 5.984653 1.500000
vt -8.280477 -34.083431
vt -10.953252 -35.654617
vt -10.484115 -36.188591
vt -10.109351 -36.792553
vt -8.921412 -33.442497
vt -11.503942 -35.205223
vt -7.537981 -34.603333
vt -9.839200 -37.450001
vt -9.441313 -32.700001
vt -12.121140 -34.852680
vt -6.716486 -34.986401
vt -9.824383 -31.878504
vt -12.787981 -34.606632
vt -10.058981 -31.002970
vt -5.840951 -35.221001
vt -4.937981 -35.299999
vt -10.137980 -30.100000
vt -12.787981 -24.746872
vt -10.058981 -29.197029
vt -9.824383 -28.321495
vt -0.036761 -37.450001
vt -3.159476 -34.986401
vt -4.035010 -35.221001
vt -12.506263 -24.450844
vt -12.787981 -24.622831
vt -9.441313 -27.500000
vt -2.337981 -34.603333
vt 0.233390 -36.792553
vt -12.254972 -24.236837
vt -1.595485 -34.083431
vt -8.921412 -26.757504
vt -12.040319 -23.986101
vt 0.608153 -36.188591
vt -11.867605 -23.704828
vt 1.077290 -35.654617
vt -8.280477 -26.116570
vt -11.741097 -23.399965
vt -0.954550 -33.442497
vt 1.627980 -35.205223
vt -12.787981 -20.753128
vt -12.787981 -20.877169
vt -12.506263 -21.049156
vt -12.254972 -21.263163
vt -7.537981 -25.596668
vt -11.637980 -22.750000
vt -11.663920 -23.079048
vt -0.434649 -32.700001
vt 2.245178 -34.852680
vt -6.716486 -25.213598
vt -11.741097 -22.100035
vt -11.663920 -22.420952
vt -0.051579 -31.878504
vt 2.912019 -34.606632
vt -5.840951 -24.979000
vt -12.040319 -21.513899
vt -11.867605 -21.795172
vt 0.183020 -31.002970
vt -4.937981 -24.900000
vt 0.262019 -30.100000
vt 0.183020 -29.197029
vt -0.051579 -28.321495
vt -12.121140 -2.647318
vt -12.787981 -2.893368
vt -11.503942 -2.294779
vt 2.076706 -4.627238
vt 2.321923 -4.866831
vt 1.873742 -4.350937
vt -10.953251 -1.845382
vt 2.912019 -5.301219
vt 2.602857 -5.063333
vt -4.035010 -24.979000
vt -3.159476 -25.213598
vt -2.337981 -25.596668
vt -1.595485 -26.116570
vt -0.954550 -26.757504
vt -0.434649 -27.500000
vt 1.718439 -4.045295
vt -10.484115 -1.311408
vt 2.912019 -5.211504
vt 1.614936 -3.718456
vt 1.146761 -1.910897
vt 1.565993 -3.379132
vt 1.572914 -3.036366
vt 1.635514 -2.699294
vt 0.646452 -1.362260
vt 1.733993 -2.365287
vt 1.752125 -2.376899
vt 0.247985 -0.735734
vt -10.109351 -0.707446
vt -0.036761 -0.050000
vt -9.839200 -0.050000
vt 0.174533 1.050000
vt 0.000000 1.050000
vt 0.349066 1.050000
vt 0.523599 1.050000
vt 0.698132 1.050000
vt 0.872665 1.050000
vt 1.047198 1.050000
vt 1.221730 1.050000
vt 1.396263 1.050000
vt 1.570796 1.050000
vt 1.745329 1.050000
vt 1.919862 1.050000
vt 2.094395 1.050000
vt 2.268928 1.050000
vt 2.443461 1.050000
vt 2.617994 1.050000
vt 2.792527 1.050000
vt 2.967060 1.050000
vt -2.089060 -2.489645
vt -3.830222 -3.213938
vt -3.213938 -3.830222
vt -2.489645 -2.089060
vt -4.330127 -2.500000
vt -1.625000 -2.814583
vt -2.500000 -4.330127
vt -2.814583 -1.625000
vt -4.698463 -1.710101
vt -1.111565 -3.054001
vt -1.710101 -4.698463
vt -3.054001 -1.111565
vt -0.564357 -3.200625
vt -0.868241 -4.924039
vt -3.200625 -0.564357
vt -4.924039 -0.868241
vt -0.000000 -3.250000
vt -3.250000 0.000000
vt -5.000000 0.000000
vt 0.564357 -3.200625
vt 0.868241 -4.924039
vt -3.200625 0.564357
vt -4.924039 0.868241
vt 1.111565 -3.054001
vt 1.710101 -4.698463
vt -3.054001 1.111565
vt -4.698463 1.710101
vt 1.625000 -2.814583
vt 2.500000 -4.330127
vt -2.814583 1.625000
vt -4.330127 2.500000
vt 2.089060 -2.489645
vt 3.213938 -3.830222
vt -2.489645 2.089060
vt -3.830222 3.213938
vt 2.489645 -2.089060
vt -2.089060 2.489645
vt 3.830222 -3.213938
vt -3.213938 3.830222
vt 2.814583 -1.625000
vt 4.330127 -2.500000
vt -2.500000 4.330127
vt -1.625000 2.814583
vt 3.054001 -1.111565
vt -1.111565 3.054001
vt 4.698463 -1.710101
vt 3.200625 -0.564357
vt -1.710101 4.698463
vt 4.924039 -0.868241
vt -0.868241 4.924039
vt -0.564357 3.200625
vt 5.000000 0.000000
vt 3.250000 0.000000
vt 0.000000 5.000000
vt -0.000000 3.250000
vt 4.924039 0.868241
vt 3.200625 0.564357
vt 0.868241 4.924039
vt 0.564357 3.200625
vt 1.710101 4.698463
vt 1.111565 3.054001
vt 4.698463 1.710101
vt 3.054001 1.111565
vt 4.330127 2.500000
vt 2.814583 1.625000
vt 2.489645 2.089060
vt 2.500000 4.330127
vt 1.625000 2.814583
vt 3.830222 3.213938
vt 3.213938 3.830222
vt 2.089060 2.489645
vt 0.174533 1.026000
vt 0.000000 1.026000
vt 0.349066 1.026000
vt 0.523599 1.026000
vt 0.698132 1.026000
vt 0.872665 1.026000
vt 1.047198 1.026000
vt 1.221730 1.026000
vt 1.396263 1.026000
vt 1.570796 1.026000
vt 1.745329 1.026000
vt 1.919862 1.026000
vt 2.094395 1.026000
vt 2.268928 1.026000
vt 2.443461 1.026000
vt 2.617994 1.026000
vt 2.792527 1.026000
vt 2.967060 1.026000
vt -0.964181 -1.149067
vt -1.149067 -0.964181
vt -0.750000 -1.299038
vt -1.299038 -0.750000
vt -0.513030 -1.409539
vt -1.409539 -0.513030
vt -0.260472 -1.477212
vt -1.477212 -0.260472
vt -1.500000 -0.000000
vt 0.260472 -1.477212
vt -1.477212 0.260472
vt 0.513030 -1.409539
vt -1.409539 0.513030
vt 0.750000 -1.299038
vt -1.299038 0.750000
vt 0.964181 -1.149067
vt -1.149067 0.964181
vt 1.149067 -0.964181
vt -0.964181 1.149067
vt 1.299038 -0.750000
vt 1.409539 -0.513030
vt -0.750000 1.299038
vt -0.513030 1.409539
vt -0.260472 1.477212
vt 1.477212 -0.260472
vt 1.500000 -0.000000
vt 1.477212 0.260472
vt 0.260472 1.477212
vt 1.409539 0.513030
vt 1.299038 0.750000
vt 0.513030 1.409539
vt 0.750000 1.299038
vt 1.149067 0.964181
vt 0.964181 1.149067
vt 0.174533 2.600000
vt 0.000000 2.600000
vt 0.349066 2.600000
vt 0.523599 2.600000
vt 0.698132 2.600000
vt 0.872665 2.600000
vt 1.047198 2.600000
vt 1.221730 2.600000
vt 1.396263 2.600000
vt 1.570796 2.600000
vt 1.745329 2.600000
vt 1.919862 2.600000
vt 2.094395 2.600000
vt 2.268928 2.600000
vt 2.443461 2.600000
vt 2.617994 2.600000
vt 2.792527 2.600000
vt 2.967060 2.600000
vt 1.500000 0.000000
vt 0.000000 34.644821
vt 0.000000 5.301219
vt 0.392699 5.301219
vt 0.785738 34.633591
vt 0.785398 5.301219
vt 1.178097 5.301219
vt 1.570796 34.606632
vt 1.570796 5.301219
vt -0.000000 5.211504
vt 0.392699 5.211504
vt 0.785398 5.211504
vt 1.178097 5.211504
vt 1.570796 5.211504
vt 0.000041 0.000002
vt -0.000000 0.338685
vt -0.000000 0.661314
vt 0.000041 0.999997
vt -0.000000 0.999999
vt 0.000088 -0.000009
vt 5.105088 0.301397
vt 4.859257 0.365531
vt 5.366888 0.301397
vt 5.628687 0.301397
vt 5.235988 0.602795
vt 5.055413 0.721448
vt 5.890486 0.301397
vt 6.283185 0.604763
vt 5.497787 0.602795
vt 5.759586 0.602795
vt 5.366888 0.904192
vt 5.423934 1.041079
vt 6.021386 0.602795
vt 5.628687 0.904192
vt 5.890486 0.904192
vt 6.283185 1.205589
vt 2.001010 3.141593
vt 1.832600 3.141593
vt 1.835239 2.355805
vt 2.843060 3.141593
vt 2.674650 3.141593
vt 2.840523 2.356059
vt 2.001010 2.355805
vt 1.841534 1.570796
vt 2.007022 1.570796
vt 2.169420 2.355805
vt 2.172509 1.570796
vt 2.169420 3.141593
vt 2.337830 2.355805
vt 2.337997 1.570796
vt 2.337830 3.141593
vt 2.503485 2.355805
vt 2.503485 1.570796
vt 2.506240 3.141593
vt 2.668973 2.355805
vt 2.668973 1.570796
vt 2.834461 1.570796
vt 2.855738 3.141593
vt 2.712811 3.141593
vt 2.712811 2.748893
vt 4.347182 1.963495
vt 4.183745 1.570796
vt 4.347182 1.570796
vt 4.347182 3.141593
vt 4.174955 3.141593
vt 4.347182 2.748893
vt 2.855738 1.963495
vt 2.712812 1.963495
vt 2.712812 1.570796
vt 2.876249 1.570796
vt 2.855738 2.356194
vt 2.712812 2.356194
vt 2.855738 2.748893
vt 2.998666 1.963495
vt 3.039686 1.570796
vt 2.998666 2.356194
vt 2.998666 2.748893
vt 2.998666 3.141593
vt 3.141593 1.963495
vt 3.203123 1.570796
vt 3.141593 2.356194
vt 3.203123 1.963495
vt 3.141593 2.748893
vt 3.203123 2.356194
vt 3.313820 1.963495
vt 3.366560 1.570796
vt 3.203123 2.748893
vt 3.313820 3.141593
vt 3.313820 2.356194
vt 3.313820 2.748893
vt 3.486047 1.963495
vt 3.529997 1.570796
vt 3.486047 2.356194
vt 3.486047 2.748893
vt 3.486047 3.141593
vt 3.658274 1.963495
vt 3.693434 1.570796
vt 3.658274 2.356194
vt 3.658274 2.748893
vt 3.658274 3.141593
vt 3.830501 1.963495
vt 3.856871 1.570796
vt 3.830501 2.356194
vt 3.830501 2.748893
vt 3.830501 3.141593
vt 4.002728 3.141593
vt 4.002728 1.963495
vt 4.020308 1.570796
vt 4.002728 2.356194
vt 4.002728 2.748893
vt 4.174955 1.963495
vt 4.174955 2.356194
vt 4.347182 2.356194
vt 4.174955 2.748893
vt -0.000000 0.338386
vt -0.000000 0.661614
vt 0.000041 0.999998
vt 0.000088 -0.000180
vt 5.105088 0.250925
vt 4.931331 0.328666
vt 5.366888 0.250925
vt 5.235988 0.501851
vt 5.205340 0.639034
vt 5.628687 0.250925
vt 5.497787 0.501851
vt 5.890486 0.250925
vt 5.759586 0.501851
vt 6.152286 0.250925
vt 6.283185 0.498669
vt 5.628687 0.752776
vt 5.626329 0.893485
vt 6.021386 0.501851
vt 5.890486 0.752776
vt 6.283185 1.003701
vt 6.152286 0.752776
vt 0.785659 9.865153
vt 0.785659 0.010808
vt 0.000000 9.875961
vt 1.570796 9.839200
vt 1.570796 0.036761
vt 0.392700 2.756650
vt 0.000000 2.756593
vt 0.000000 2.736563
vt 0.392700 2.736506
vt 0.785399 2.756813
vt 0.785400 2.736343
vt 1.178098 2.757056
vt 1.178098 2.736100
vt 1.570796 2.735812
vt 1.570796 2.757344
vt -0.000000 0.503143
vt 0.000088 1.000180
vt 4.140286 1.963493
vt 3.967396 1.570796
vt 4.140286 1.570796
vt 4.140286 2.748893
vt 4.000254 3.141593
vt 4.140286 2.356193
vt 4.140286 3.141593
vt 3.580157 2.356193
vt 3.442662 2.356193
vt 3.448724 1.570796
vt 3.621615 1.570796
vt 3.580157 2.748893
vt 3.580157 3.141593
vt 3.440125 3.141593
vt 3.720189 2.356193
vt 3.794505 1.570796
vt 3.720189 2.748893
vt 3.720189 3.141593
vt 3.794505 1.963493
vt 3.794505 2.356193
vt 3.794505 2.748893
vt 3.860222 3.141593
vt 3.860222 1.963493
vt 3.860222 2.356193
vt 3.860222 2.748893
vt 3.967396 1.963493
vt 3.967396 2.356193
vt 3.967396 2.748893
vt 0.466942 3.141593
vt 0.298532 3.141593
vt 0.301070 2.356059
vt 1.308992 3.141593
vt 1.140582 3.141593
vt 1.306354 2.355805
vt 0.466942 2.355805
vt 0.307131 1.570796
vt 0.472619 1.570796
vt 0.635352 2.355805
vt 0.638107 1.570796
vt 0.635352 3.141593
vt 0.803595 2.355805
vt 0.803595 1.570796
vt 0.803762 3.141593
vt 0.969083 2.355805
vt 0.969083 1.570796
vt 0.972172 3.141593
vt 1.134571 2.355805
vt 1.134571 1.570796
vt 1.300059 1.570796
vt 0.000088 -0.000017
vt 0.000041 0.000003
vt 0.000000 0.661315
vt 0.000088 1.000009
vt 0.785238 -0.010797
vt 0.000000 -9.875961
vt 0.785238 -9.865165
vt 1.570796 -9.839200
vt 1.570796 -0.036761
vt 0.392699 -24.746872
vt 0.000000 -34.644821
vt 0.785738 -34.633591
vt 0.000000 -24.746872
vt 0.785398 -24.746872
vt 1.178097 -24.746872
vt 1.570796 -34.606632
vt 1.570796 -24.746872
vt 0.000088 1.000017
vt 0.392699 -24.622831
vt 0.000000 -24.622831
vt 0.785398 -24.622831
vt 1.178097 -24.622831
vt 1.570796 -24.622831
vt 5.142603 3.141593
vt 4.974193 3.141593
vt 4.976829 2.356210
vt 5.984653 3.141593
vt 5.816243 3.141593
vt 5.982116 2.356193
vt 5.142603 2.356193
vt 4.983126 1.570796
vt 5.148614 1.570796
vt 5.311013 2.356193
vt 5.311013 3.141593
vt 5.314102 1.570796
vt 5.479423 2.356193
vt 5.479423 3.141593
vt 5.479590 1.570796
vt 5.645078 2.356193
vt 5.647833 3.141593
vt 5.645078 1.570796
vt 5.810566 2.356193
vt 5.976054 1.570796
vt 5.810566 1.570796
vt 3.272492 0.275341
vt 3.141593 0.551549
vt 3.534292 -0.000000
vt 3.534292 0.275341
vt 3.403392 0.550682
vt 3.796091 0.275341
vt 3.926991 -0.000000
vt 3.272492 0.826022
vt 3.141593 1.101363
vt 3.665191 0.550682
vt 4.057890 0.275341
vt 4.319690 -0.000000
vt 3.534292 0.826022
vt 3.882975 0.968327
vt 3.926991 0.550682
vt 4.319690 0.275341
vt 4.527155 0.348285
vt 3.796091 0.826022
vt 4.287557 0.682346
vt 4.188790 0.550682
vt 1.101363 1.963495
vt 0.944025 1.570796
vt 1.101363 1.570796
vt 0.157338 1.963495
vt 0.000000 1.963495
vt 0.157338 1.570796
vt 0.157338 2.356194
vt 0.000000 2.356194
vt 0.157338 2.748893
vt 0.000000 2.748893
vt 0.157338 3.141593
vt 0.314675 1.963495
vt 0.314675 1.570796
vt 0.314675 2.356194
vt 0.314675 2.748893
vt 0.314675 3.141593
vt 0.472013 1.963495
vt 0.472013 1.570796
vt 0.472013 2.356194
vt 0.472013 2.748893
vt 0.472013 3.141593
vt 0.629350 1.963495
vt 0.629350 1.570796
vt 0.629350 2.356194
vt 0.629350 2.748893
vt 0.629350 3.141593
vt 0.786688 1.963495
vt 0.786688 1.570796
vt 0.786688 2.356194
vt 0.786688 2.748893
vt 0.786688 3.141593
vt 0.944025 1.963495
vt 1.101363 2.356194
vt 0.944025 2.356194
vt 1.101363 2.748893
vt 0.944025 2.748893
vt 1.101363 3.141593
vt 0.944025 3.141593
vt 0.000000 -2.855180
vt 0.000000 -20.753128
vt 0.392699 -20.753128
vt 0.785273 -2.866398
vt 0.785398 -20.753128
vt 1.178097 -20.753128
vt 1.570796 -2.893368
vt 1.570796 -20.753128
vt 3.534292 -0.826022
vt 3.141593 -0.551570
vt 3.141593 -1.101363
vt 3.882975 -0.968327
vt 3.403392 -0.550682
vt 3.796091 -0.826022
vt 4.287557 -0.682346
vt 3.272492 -0.275341
vt 3.665191 -0.550682
vt 3.534292 -0.275341
vt 3.926991 -0.550682
vt 3.796091 -0.275341
vt 4.188790 -0.550682
vt 4.527155 -0.348285
vt 4.057890 -0.275341
vt 4.319690 -0.275341
vt 0.000000 -20.877169
vt 0.392699 -20.877169
vt 0.785398 -20.877169
vt 1.178097 -20.877169
vt 1.570796 -20.877169
vt 6.283185 2.094395
vt 3.316126 2.094395
vt 3.316126 2.617994
vt 3.316126 3.141593
vt 3.490659 2.094395
vt 3.490659 2.617994
vt 3.490659 3.141593
vt 3.665191 2.094395
vt 3.665191 2.617994
vt 3.665191 3.141593
vt 3.839724 2.094395
vt 3.839724 2.617994
vt 3.839724 3.141593
vt 4.014257 2.094395
vt 4.014257 2.617994
vt 4.014257 3.141593
vt 4.188790 2.094395
vt 4.188790 2.617994
vt 4.188790 3.141593
vt 4.363323 3.141593
vt 4.363323 2.094395
vt 4.363323 2.617994
vt 4.537856 2.094395
vt 4.537856 2.617994
vt 4.537856 3.141593
vt 4.712389 2.094395
vt 4.712389 2.617994
vt 4.712389 3.141593
vt 4.886922 2.094395
vt 4.886922 2.617994
vt 4.886922 3.141593
vt 5.061455 2.094395
vt 5.061455 2.617994
vt 5.061455 3.141593
vt 5.235988 2.094395
vt 5.235988 2.617994
vt 5.235988 3.141593
vt 5.410521 2.094395
vt 5.410521 2.617994
vt 5.410521 3.141593
vt 5.585053 2.094395
vt 5.585053 2.617994
vt 5.585053 3.141593
vt 5.759586 2.094395
vt 5.759586 2.617994
vt 5.759586 3.141593
vt 5.934119 2.094395
vt 5.934119 2.617994
vt 5.934119 3.141593
vt 6.108653 2.094395
vt 6.108653 2.617994
vt 6.283185 2.617994
vt 6.108653 3.141593
vt 0.000000 29.823999
vt 0.174533 4.324000
vt 0.000000 4.324000
vt 0.174533 29.823999
vt 0.349066 4.324000
vt 0.349066 29.823999
vt 0.523599 4.324000
vt 0.523599 29.823999
vt 0.698132 4.324000
vt 0.698132 29.823999
vt 0.872665 29.823999
vt 0.872665 4.324000
vt 1.047198 4.324000
vt 1.047198 29.823999
vt 1.221730 4.324000
vt 1.221730 29.823999
vt 1.396263 4.324000
vt 1.396263 29.823999
vt 1.570796 29.823999
vt 1.570796 4.324000
vt 1.745329 29.823999
vt 1.745329 4.324000
vt 1.919862 4.324000
vt 1.919862 29.823999
vt 2.094395 4.324000
vt 2.094395 29.823999
vt 2.268928 4.324000
vt 2.268928 29.823999
vt 2.443461 29.823999
vt 2.443461 4.324000
vt 2.617994 29.823999
vt 2.617994 4.324000
vt 2.792527 29.823999
vt 2.792527 4.324000
vt 2.967060 29.823999
vt 2.967060 4.324000
vt 1.570796 -0.500000
vt 1.570796 -43.524063
vt 1.832596 -43.524063
vt 1.832596 -0.500000
vt 2.094395 -0.500000
vt 2.094395 -43.524063
vt 2.356194 -0.500000
vt 2.356194 -43.524063
vt 2.617994 -0.500000
vt 2.617994 -43.524063
vt 2.879793 -43.524063
vt 2.879793 -0.500000
vt 3.141593 -0.500000
vt 3.141593 -43.524063
vt 0.112200 0.224399
vt 0.261799 0.000000
vt 0.000000 0.261799
vt 0.336599 0.224399
vt 0.560999 0.224399
vt 0.785398 0.000000
vt 0.224399 0.448799
vt 0.000000 0.523599
vt 0.785398 0.224399
vt 0.448799 0.448799
vt 0.112200 0.673198
vt 1.009798 0.224399
vt 0.673198 0.448799
vt 0.336599 0.673198
vt 1.234197 0.224399
vt 1.308997 0.000000
vt 0.897598 0.448799
vt 0.560999 0.673198
vt 0.224399 0.897598
vt 0.000000 1.047198
vt 1.458597 0.224399
vt 1.570796 0.261799
vt 1.121997 0.448799
vt 0.785398 0.673198
vt 0.448799 0.897598
vt 0.112200 1.121997
vt 0.000000 1.308997
vt 1.346397 0.448799
vt 1.570796 0.523599
vt 1.009798 0.673198
vt 0.673198 0.897598
vt 0.336599 1.121997
vt 1.234197 0.673198
vt 0.897598 0.897598
vt 0.560999 1.121997
vt 0.224399 1.346397
vt 1.458597 0.673198
vt 1.121997 0.897598
vt 0.785398 1.121997
vt 0.448799 1.346397
vt 1.346397 0.897598
vt 1.570796 1.047198
vt 1.009798 1.121997
vt 0.673198 1.346397
vt 1.234197 1.121997
vt 0.897598 1.346397
vt 1.458597 1.121997
vt 1.570796 1.308997
vt 1.121997 1.346397
vt 1.346397 1.346397
vt 1.682996 0.224399
vt 1.832596 0.000000
vt 1.907395 0.224399
vt 2.131795 0.224399
vt 2.356194 0.000000
vt 1.795196 0.448799
vt 2.356194 0.224399
vt 2.019595 0.448799
vt 1.682996 0.673198
vt 2.580594 0.224399
vt 2.243995 0.448799
vt 1.907395 0.673198
vt 2.804993 0.224399
vt 2.879793 0.000000
vt 2.468394 0.448799
vt 2.131795 0.673198
vt 1.795196 0.897598
vt 3.029393 0.224399
vt 3.141593 0.261799
vt 2.692794 0.448799
vt 2.356194 0.673198
vt 2.019595 0.897598
vt 1.682996 1.121997
vt 2.917193 0.448799
vt 3.141593 0.523599
vt 2.580594 0.673198
vt 2.243995 0.897598
vt 1.907395 1.121997
vt 2.804993 0.673198
vt 2.468394 0.897598
vt 2.131795 1.121997
vt 1.795196 1.346397
vt 3.029393 0.673198
vt 2.692794 0.897598
vt 2.356194 1.121997
vt 2.019595 1.346397
vt 2.917193 0.897598
vt 3.141593 1.047198
vt 2.580594 1.121997
vt 2.243995 1.346397
vt 2.804993 1.121997
vt 2.468394 1.346397
vt 3.029393 1.121997
vt 3.141593 1.308997
vt 2.692794 1.346397
vt 2.917193 1.346397
vt 1.832596 22.424065
vt 1.570796 22.424065
vt 1.570796 0.500000
vt 1.832596 0.500000
vt 2.094395 22.424065
vt 2.094395 0.500000
vt 2.356194 22.424065
vt 2.356194 0.500000
vt 2.617994 22.424065
vt 2.617994 0.500000
vt 2.879793 22.424065
vt 2.879793 0.500000
vt 3.141593 22.424065
vt 3.141593 0.500000
vt 0.261799 25.000000
vt 0.261799 0.500000
vt 0.000000 25.000000
vt 0.523599 25.000000
vt 0.523599 0.500000
vt 0.785398 25.000000
vt 0.785398 0.500000
vt 1.047198 25.000000
vt 1.047198 0.500000
vt 1.308997 25.000000
vt 1.308997 0.500000
vt 1.570796 25.000000
vt 4.974188 21.512032
vt 4.712389 -21.512033
vt 4.974188 -21.512033
vt 4.712389 21.512032
vt 5.235988 21.512032
vt 5.235988 -21.512033
vt 5.497787 -21.512033
vt 5.497787 21.512032
vt 5.759586 21.512032
vt 5.759586 -21.512033
vt 6.021386 21.512032
vt 6.021386 -21.512033
vt 6.283185 21.512032
vt 6.283185 -21.512033
vt 4.974188 25.000000
vt 4.712389 0.500000
vt 4.974188 0.500000
vt 5.235988 0.500000
vt 4.712389 25.000000
vt 5.235988 25.000000
vt 5.497787 25.000000
vt 5.497787 0.500000
vt 5.759586 25.000000
vt 5.759586 0.500000
vt 6.021386 25.000000
vt 6.021386 0.500000
vt 6.283185 25.000000
vt 6.283185 0.500000
vt 1.570796 -22.424065
vt 1.832596 -22.424065
vt 2.094395 -22.424065
vt 2.356194 -22.424065
vt 2.617994 -22.424065
vt 2.879793 -22.424065
vt 3.141593 -22.424065
vt 1.570796 43.524063
vt 1.832596 43.524063
vt 2.094395 43.524063
vt 2.356194 43.524063
vt 2.617994 43.524063
vt 2.879793 43.524063
vt 3.141593 43.524063
vt 4.824589 0.224399
vt 4.712389 0.261799
vt 4.974188 -0.000000
vt 5.048988 0.224399
vt 5.273387 0.224399
vt 4.936789 0.448799
vt 4.712389 0.523599
vt 5.497787 0.224399
vt 5.161188 0.448799
vt 4.824589 0.673198
vt 5.722187 0.224399
vt 5.385587 0.448799
vt 5.048988 0.673198
vt 5.946586 0.224399
vt 6.021386 0.000000
vt 5.609987 0.448799
vt 5.273387 0.673198
vt 4.936789 0.897598
vt 4.712389 1.047198
vt 6.170986 0.224399
vt 6.283185 0.261799
vt 5.834386 0.448799
vt 5.497787 0.673198
vt 5.161188 0.897598
vt 4.824589 1.121997
vt 4.712389 1.308997
vt 6.058786 0.448799
vt 6.283185 0.523599
vt 5.722187 0.673198
vt 5.385587 0.897598
vt 5.048988 1.121997
vt 5.946586 0.673198
vt 5.609987 0.897598
vt 5.273387 1.121997
vt 4.936789 1.346397
vt 6.170986 0.673198
vt 5.834386 0.897598
vt 5.497787 1.121997
vt 5.161188 1.346397
vt 6.058786 0.897598
vt 6.283185 1.047198
vt 5.722187 1.121997
vt 5.385587 1.346397
vt 5.946586 1.121997
vt 5.609987 1.346397
vt 6.170986 1.121997
vt 6.283185 1.308997
vt 5.834386 1.346397
vt 6.058786 1.346397
vt 0.112200 -1.346397
vt 0.000000 -1.308997
vt 0.336599 -1.346397
vt 0.560999 -1.346397
vt 0.224399 -1.121997
vt 0.000000 -1.047198
vt 0.785398 -1.346397
vt 0.448799 -1.121997
vt 0.112200 -0.897598
vt 0.000000 -0.785398
vt 1.009798 -1.346397
vt 0.673198 -1.121997
vt 0.336599 -0.897598
vt 1.234197 -1.346397
vt 0.897598 -1.121997
vt 0.560999 -0.897598
vt 0.224399 -0.673198
vt 0.000000 -0.523599
vt 1.458597 -1.346397
vt 1.570796 -1.308997
vt 1.121997 -1.121997
vt 0.785398 -0.897598
vt 0.448799 -0.673198
vt 0.112200 -0.448799
vt 0.000000 -0.261799
vt 1.346397 -1.121997
vt 1.570796 -1.047198
vt 1.009798 -0.897598
vt 0.673198 -0.673198
vt 0.336599 -0.448799
vt 1.234197 -0.897598
vt 0.897598 -0.673198
vt 0.560999 -0.448799
vt 0.224399 -0.224399
vt 1.458597 -0.897598
vt 1.121997 -0.673198
vt 0.785398 -0.448799
vt 0.448799 -0.224399
vt 1.346397 -0.673198
vt 1.570796 -0.523599
vt 1.009798 -0.448799
vt 0.673198 -0.224399
vt 1.234197 -0.448799
vt 0.897598 -0.224399
vt 1.458597 -0.448799
vt 1.570796 -0.261799
vt 1.121997 -0.224399
vt 1.346397 -0.224399
vt 1.682996 -1.346397
vt 1.907395 -1.346397
vt 2.131795 -1.346397
vt 1.795196 -1.121997
vt 2.356194 -1.346397
vt 2.019595 -1.121997
vt 1.682996 -0.897598
vt 2.580594 -1.346397
vt 3.141593 -1.570796
vt 2.243995 -1.121997
vt 1.907395 -0.897598
vt 2.804993 -1.346397
vt 2.468394 -1.121997
vt 2.131795 -0.897598
vt 1.795196 -0.673198
vt 3.029393 -1.346397
vt 3.141593 -1.308997
vt 2.692794 -1.121997
vt 2.356194 -0.897598
vt 2.019595 -0.673198
vt 1.682996 -0.448799
vt 2.917193 -1.121997
vt 3.141593 -1.047198
vt 2.580594 -0.897598
vt 2.243995 -0.673198
vt 1.907395 -0.448799
vt 2.804993 -0.897598
vt 2.468394 -0.673198
vt 2.131795 -0.448799
vt 1.795196 -0.224399
vt 3.029393 -0.897598
vt 3.141593 -0.785398
vt 2.692794 -0.673198
vt 2.356194 -0.448799
vt 2.019595 -0.224399
vt 2.917193 -0.673198
vt 3.141593 -0.523599
vt 2.580594 -0.448799
vt 2.243995 -0.224399
vt 2.804993 -0.448799
vt 2.468394 -0.224399
vt 3.029393 -0.448799
vt 3.141593 -0.261799
vt 2.692794 -0.224399
vt 2.917193 -0.224399
vt 3.253792 0.224399
vt 3.403392 0.000000
vt 3.478192 0.224399
vt 3.702591 0.224399
vt 3.365992 0.448799
vt 3.926991 0.224399
vt 3.590392 0.448799
vt 3.253792 0.673198
vt 4.151390 0.224399
vt 3.814791 0.448799
vt 3.478192 0.673198
vt 4.375790 0.224399
vt 4.450590 0.000000
vt 4.039191 0.448799
vt 3.702591 0.673198
vt 3.365992 0.897598
vt 4.600189 0.224399
vt 4.263590 0.448799
vt 3.926991 0.673198
vt 3.590392 0.897598
vt 3.253792 1.121997
vt 4.487989 0.448799
vt 4.151390 0.673198
vt 3.814791 0.897598
vt 3.478192 1.121997
vt 4.375790 0.673198
vt 4.039191 0.897598
vt 3.702591 1.121997
vt 3.365992 1.346397
vt 4.600189 0.673198
vt 4.263590 0.897598
vt 3.926991 1.121997
vt 3.590392 1.346397
vt 4.487989 0.897598
vt 4.151390 1.121997
vt 3.814791 1.346397
vt 4.375790 1.121997
vt 4.039191 1.346397
vt 4.600189 1.121997
vt 4.263590 1.346397
vt 4.487989 1.346397
vt 1.832596 25.000000
vt 2.094395 25.000000
vt 2.356194 25.000000
vt 2.617994 25.000000
vt 2.879793 25.000000
vt 3.141593 25.000000
vt 4.974188 10.962032
vt 4.712389 -10.962032
vt 4.974188 -10.962032
vt 4.712389 10.962032
vt 5.235988 10.962032
vt 5.235988 -10.962032
vt 5.497787 10.962032
vt 5.497787 -10.962032
vt 5.759586 10.962032
vt 5.759586 -10.962032
vt 6.021386 10.962032
vt 6.021386 -10.962032
vt 6.283185 10.962032
vt 6.283185 -10.962032
vt 3.403392 25.000000
vt 3.403392 0.500000
vt 3.665191 0.500000
vt 3.665191 25.000000
vt 3.926991 0.500000
vt 3.926991 25.000000
vt 4.188790 0.500000
vt 4.188790 25.000000
vt 4.450590 0.500000
vt 4.450590 25.000000
vt 4.824589 -1.346397
vt 4.712389 -1.308997
vt 4.712389 -1.570796
vt 5.048988 -1.346397
vt 5.273387 -1.346397
vt 4.936789 -1.121997
vt 4.712389 -1.047198
vt 5.497787 -1.346397
vt 5.161188 -1.121997
vt 4.824589 -0.897598
vt 4.712389 -0.785398
vt 5.722187 -1.346397
vt 6.283185 -1.570796
vt 5.385587 -1.121997
vt 5.048988 -0.897598
vt 5.946586 -1.346397
vt 5.609987 -1.121997
vt 5.273387 -0.897598
vt 4.936789 -0.673198
vt 4.712389 -0.523599
vt 6.170986 -1.346397
vt 6.283185 -1.308997
vt 5.834386 -1.121997
vt 5.497787 -0.897598
vt 5.161188 -0.673198
vt 4.824589 -0.448799
vt 4.712389 -0.261799
vt 6.058786 -1.121997
vt 6.283185 -1.047198
vt 5.722187 -0.897598
vt 5.385587 -0.673198
vt 5.048988 -0.448799
vt 5.946586 -0.897598
vt 5.609987 -0.673198
vt 5.273387 -0.448799
vt 4.936789 -0.224399
vt 6.170986 -0.897598
vt 6.283185 -0.785398
vt 5.834386 -0.673198
vt 5.497787 -0.448799
vt 5.161188 -0.224399
vt 6.058786 -0.673198
vt 6.283185 -0.523599
vt 5.722187 -0.448799
vt 5.385587 -0.224399
vt 5.946586 -0.448799
vt 5.609987 -0.224399
vt 6.170986 -0.448799
vt 6.283185 -0.261799
vt 5.834386 -0.224399
vt 6.058786 -0.224399
vt 3.253792 -1.346397
vt 3.478192 -1.346397
vt 3.702591 -1.346397
vt 3.365992 -1.121997
vt 3.926991 -1.346397
vt 3.590392 -1.121997
vt 3.253792 -0.897598
vt 4.151390 -1.346397
vt 3.814791 -1.121997
vt 3.478192 -0.897598
vt 4.375790 -1.346397
vt 4.039191 -1.121997
vt 3.702591 -0.897598
vt 3.365992 -0.673198
vt 4.600189 -1.346397
vt 4.263590 -1.121997
vt 3.926991 -0.897598
vt 3.590392 -0.673198
vt 3.253792 -0.448799
vt 4.487989 -1.121997
vt 4.151390 -0.897598
vt 3.814791 -0.673198
vt 3.478192 -0.448799
vt 4.375790 -0.897598
vt 4.039191 -0.673198
vt 3.702591 -0.448799
vt 3.365992 -0.224399
vt 4.600189 -0.897598
vt 4.263590 -0.673198
vt 3.926991 -0.448799
vt 3.590392 -0.224399
vt 4.487989 -0.673198
vt 4.151390 -0.448799
vt 3.814791 -0.224399
vt 4.375790 -0.448799
vt 4.039191 -0.224399
vt 4.600189 -0.448799
vt 4.263590 -0.224399
vt 4.487989 -0.224399
vt 4.974188 21.512033
vt 4.712389 -21.512032
vt 4.974188 -21.512032
vt 5.235988 -21.512032
vt 4.712389 21.512033
vt 5.235988 21.512033
vt 5.497787 -21.512032
vt 5.497787 21.512033
vt 5.759586 21.512033
vt 5.759586 -21.512032
vt 6.021386 21.512033
vt 6.021386 -21.512032
vt 6.283185 -21.512032
vt 6.283185 21.512033
s 1
usemtl mat_3.001
f 554/1/1 438/2/2 553/3/2
f 554/1/1 439/4/1 438/2/2
f 555/5/3 440/6/3 439/4/1
f 555/5/3 439/4/1 554/1/1
f 556/7/4 3/8/4 440/6/3
f 556/7/4 441/9/5 3/8/4
f 556/7/4 440/6/3 555/5/3
f 557/10/5 441/9/5 556/7/4
f 558/11/6 442/12/6 441/9/5
f 558/11/6 441/9/5 557/10/5
f 559/13/7 443/14/7 442/12/6
f 559/13/7 444/15/8 443/14/7
f 559/13/7 442/12/6 558/11/6
f 560/16/8 444/15/8 559/13/7
f 561/17/9 4/18/9 444/15/8
f 561/17/9 444/15/8 560/16/8
f 562/19/10 5/20/10 4/18/9
f 562/19/10 4/18/9 561/17/9
f 563/21/11 6/22/11 5/20/10
f 563/21/11 5/20/10 562/19/10
f 564/23/12 445/24/12 6/22/11
f 564/23/12 6/22/11 563/21/11
f 2/25/13 7/26/13 445/24/12
f 2/25/13 445/24/12 564/23/12
f 565/27/14 8/28/14 7/26/13
f 565/27/14 7/26/13 2/25/13
f 566/29/15 9/30/15 8/28/14
f 566/29/15 8/28/14 565/27/14
f 567/31/16 9/30/15 566/29/15
f 567/31/16 10/32/16 9/30/15
f 568/33/17 10/32/16 567/31/16
f 568/33/17 446/34/17 10/32/16
f 569/35/18 446/34/17 568/33/17
f 569/35/18 447/36/19 446/34/17
f 535/37/20 447/36/19 569/35/18
f 535/37/20 1/38/20 447/36/19
f 580/1/1 453/2/2 579/3/2
f 580/1/1 454/4/21 453/2/2
f 581/5/3 20/6/3 454/4/21
f 581/5/3 454/4/21 580/1/1
f 12/7/4 21/8/4 20/6/3
f 12/7/4 455/9/5 21/8/4
f 12/7/4 20/6/3 581/5/3
f 582/10/5 455/9/5 12/7/4
f 13/11/6 456/12/6 455/9/5
f 13/11/6 455/9/5 582/10/5
f 583/13/7 22/14/7 456/12/6
f 583/13/7 23/15/8 22/14/7
f 583/13/7 456/12/6 13/11/6
f 584/16/8 23/15/8 583/13/7
f 14/17/9 24/18/9 23/15/8
f 14/17/9 23/15/8 584/16/8
f 15/19/10 25/20/10 24/18/9
f 15/19/10 24/18/9 14/17/9
f 585/21/11 26/22/11 25/20/10
f 585/21/11 25/20/10 15/19/10
f 586/23/12 27/24/12 26/22/11
f 586/23/12 26/22/11 585/21/11
f 587/25/13 457/26/13 27/24/12
f 587/25/13 27/24/12 586/23/12
f 16/27/14 28/28/14 457/26/13
f 16/27/14 457/26/13 587/25/13
f 588/29/15 29/30/15 28/28/14
f 588/29/15 28/28/14 16/27/14
f 17/31/16 29/30/15 588/29/15
f 17/31/16 30/32/16 29/30/15
f 18/33/17 30/32/16 17/31/16
f 18/33/17 31/34/17 30/32/16
f 19/35/19 31/34/17 18/33/17
f 19/35/19 32/36/19 31/34/17
f 570/37/20 32/36/19 19/35/19
f 570/37/20 11/38/20 32/36/19
f 35/1/1 1974/2/2 34/3/2
f 35/1/1 458/4/1 1974/2/2
f 36/5/3 459/6/3 458/4/1
f 36/5/3 458/4/1 35/1/1
f 37/7/4 46/8/4 459/6/3
f 37/7/4 460/9/5 46/8/4
f 37/7/4 459/6/3 36/5/3
f 602/10/5 460/9/5 37/7/4
f 38/11/6 47/12/6 460/9/5
f 38/11/6 460/9/5 602/10/5
f 603/13/7 48/14/7 47/12/6
f 603/13/7 49/15/8 48/14/7
f 603/13/7 47/12/6 38/11/6
f 604/16/8 49/15/8 603/13/7
f 605/17/22 50/18/22 49/15/8
f 605/17/22 49/15/8 604/16/8
f 39/19/10 461/20/10 50/18/22
f 39/19/10 50/18/22 605/17/22
f 40/21/23 462/22/23 461/20/10
f 40/21/23 461/20/10 39/19/10
f 41/23/12 463/24/12 462/22/23
f 41/23/12 462/22/23 40/21/23
f 42/25/13 51/26/13 463/24/12
f 42/25/13 463/24/12 41/23/12
f 606/27/14 52/28/14 51/26/13
f 606/27/14 51/26/13 42/25/13
f 43/29/15 53/30/15 52/28/14
f 43/29/15 52/28/14 606/27/14
f 44/31/16 53/30/15 43/29/15
f 44/31/16 54/32/16 53/30/15
f 607/33/17 54/32/16 44/31/16
f 607/33/17 55/34/17 54/32/16
f 45/35/19 55/34/17 607/33/17
f 45/35/19 56/36/19 55/34/17
f 1958/37/20 56/36/19 45/35/19
f 1958/37/20 33/38/20 56/36/19
f 57/1/1 64/2/2 1951/3/2
f 57/1/1 65/4/1 64/2/2
f 613/5/3 66/6/3 65/4/1
f 613/5/3 65/4/1 57/1/1
f 614/7/4 67/8/4 66/6/3
f 614/7/4 470/9/5 67/8/4
f 614/7/4 66/6/3 613/5/3
f 58/10/5 470/9/5 614/7/4
f 615/11/6 471/12/6 470/9/5
f 615/11/6 470/9/5 58/10/5
f 59/13/7 472/14/7 471/12/6
f 59/13/7 68/15/8 472/14/7
f 59/13/7 471/12/6 615/11/6
f 616/16/8 68/15/8 59/13/7
f 60/17/22 69/18/22 68/15/8
f 60/17/22 68/15/8 616/16/8
f 617/19/10 70/20/10 69/18/22
f 617/19/10 69/18/22 60/17/22
f 61/21/23 71/22/23 70/20/10
f 61/21/23 70/20/10 617/19/10
f 618/23/12 473/24/12 71/22/23
f 618/23/12 71/22/23 61/21/23
f 62/25/13 474/26/13 473/24/12
f 62/25/13 473/24/12 618/23/12
f 619/27/14 475/28/14 474/26/13
f 619/27/14 474/26/13 62/25/13
f 620/29/15 476/30/15 475/28/14
f 620/29/15 475/28/14 619/27/14
f 63/31/16 476/30/15 620/29/15
f 63/31/16 477/32/16 476/30/15
f 621/33/17 477/32/16 63/31/16
f 621/33/17 478/34/17 477/32/16
f 622/35/19 478/34/17 621/33/17
f 622/35/19 479/36/19 478/34/17
f 608/37/20 479/36/19 622/35/19
f 608/37/20 480/38/20 479/36/19
f 94/39/24 1890/40/25 1509/41/26
f 94/39/24 92/42/27 1890/40/25
f 95/43/28 80/44/29 197/45/30
f 95/43/28 93/46/31 92/42/32
f 95/43/28 197/45/30 93/46/31
f 95/43/28 92/42/32 94/39/33
f 96/47/34 1509/41/26 1508/48/35
f 96/47/34 94/39/24 1509/41/26
f 97/49/36 94/39/33 96/47/37
f 97/49/36 81/50/38 80/44/29
f 97/49/36 80/44/29 95/43/28
f 97/49/36 95/43/28 94/39/33
f 98/51/39 1508/48/35 1507/52/40
f 98/51/39 96/47/34 1508/48/35
f 99/53/41 96/47/37 98/51/42
f 99/53/41 1510/54/43 81/50/38
f 99/53/41 97/49/36 96/47/37
f 99/53/41 81/50/38 97/49/36
f 100/55/44 1507/52/40 78/56/45
f 100/55/46 99/53/41 98/51/42
f 100/55/44 98/51/39 1507/52/40
f 101/57/47 1510/54/43 99/53/41
f 101/57/47 82/58/48 1510/54/43
f 101/57/47 99/53/41 100/55/46
f 102/59/49 78/56/45 77/60/50
f 102/59/49 100/55/44 78/56/45
f 103/61/51 100/55/46 102/59/52
f 103/61/51 1511/62/53 82/58/48
f 103/61/51 101/57/47 100/55/46
f 103/61/51 82/58/48 101/57/47
f 104/63/54 77/60/50 1506/64/55
f 104/63/54 102/59/49 77/60/50
f 105/65/56 1511/62/53 103/61/51
f 105/65/56 83/66/57 1511/62/53
f 105/65/56 103/61/51 102/59/52
f 105/65/56 102/59/52 104/63/58
f 106/67/59 1506/64/55 1505/68/60
f 106/67/59 104/63/54 1506/64/55
f 106/67/61 105/65/56 104/63/58
f 107/69/62 1512/70/63 83/66/57
f 107/69/62 83/66/57 105/65/56
f 107/69/62 105/65/56 106/67/61
f 108/71/64 1505/68/60 76/72/65
f 108/71/64 106/67/59 1505/68/60
f 109/73/66 84/74/67 1512/70/63
f 109/73/66 106/67/61 108/71/68
f 109/73/66 1512/70/63 107/69/62
f 109/73/66 107/69/62 106/67/61
f 110/75/69 76/72/65 1504/76/70
f 110/75/71 109/73/66 108/71/68
f 110/75/69 108/71/64 76/72/65
f 111/77/72 85/78/73 84/74/67
f 111/77/72 84/74/67 109/73/66
f 111/77/72 109/73/66 110/75/71
f 112/79/74 1504/76/70 1503/80/75
f 112/79/74 110/75/69 1504/76/70
f 113/81/76 86/82/77 85/78/73
f 113/81/76 111/77/72 110/75/71
f 113/81/76 110/75/71 112/79/78
f 113/81/76 85/78/73 111/77/72
f 114/83/79 1503/80/75 1502/84/80
f 114/83/79 112/79/74 1503/80/75
f 115/85/81 87/86/82 86/82/77
f 115/85/81 86/82/77 113/81/76
f 115/85/81 113/81/76 112/79/78
f 115/85/81 112/79/78 114/83/83
f 116/87/84 1502/84/80 75/88/85
f 116/87/84 114/83/79 1502/84/80
f 117/89/86 1513/90/87 87/86/82
f 117/89/86 87/86/82 115/85/81
f 117/89/86 115/85/81 114/83/83
f 117/89/86 114/83/83 116/87/88
f 118/91/89 75/88/85 74/92/90
f 118/91/89 116/87/84 75/88/85
f 119/93/91 1513/90/87 117/89/86
f 119/93/91 88/94/92 1513/90/87
f 119/93/91 117/89/86 116/87/88
f 119/93/91 116/87/88 118/91/93
f 120/95/94 74/92/90 73/96/95
f 120/95/94 118/91/89 74/92/90
f 120/95/96 119/93/91 118/91/93
f 121/97/97 89/98/98 88/94/92
f 121/97/97 90/99/99 89/98/98
f 121/97/97 88/94/92 119/93/91
f 121/97/97 119/93/91 120/95/96
f 122/100/100 73/96/95 72/101/101
f 122/100/100 120/95/94 73/96/95
f 123/102/102 90/99/99 121/97/97
f 123/102/102 120/95/96 122/100/103
f 123/102/102 1514/103/104 90/99/99
f 123/102/102 121/97/97 120/95/96
f 124/104/105 72/101/101 1501/105/106
f 124/104/105 122/100/100 72/101/101
f 124/104/107 123/102/102 122/100/103
f 125/106/108 1514/103/104 123/102/102
f 125/106/108 123/102/102 124/104/107
f 126/107/109 1500/108/110 1887/109/111
f 126/107/109 1501/105/106 1500/108/110
f 126/107/109 1887/109/111 1888/110/112
f 126/107/109 124/104/105 1501/105/106
f 126/107/113 125/106/108 124/104/107
f 127/111/114 1888/110/115 1889/112/116
f 127/111/114 1889/112/116 79/113/117
f 127/111/114 126/107/113 1888/110/115
f 127/111/114 91/114/118 1514/103/104
f 127/111/114 79/113/117 91/114/118
f 127/111/114 1514/103/104 125/106/108
f 127/111/114 125/106/108 126/107/113
f 1407/115/119 1814/116/120 136/117/121
f 1836/118/122 1474/119/123 1835/120/124
f 133/121/125 135/122/126 1837/123/127
f 137/124/128 131/125/129 1476/126/130
f 137/124/128 1819/127/131 131/125/129
f 138/128/132 1818/129/133 1819/127/131
f 138/128/132 1819/127/131 137/124/128
f 139/130/134 136/117/121 1818/129/133
f 139/130/134 1407/115/119 136/117/121
f 139/130/134 1818/129/133 138/128/132
f 140/131/135 1476/126/130 130/132/136
f 140/131/135 137/124/128 1476/126/130
f 141/133/137 138/128/132 137/124/128
f 141/133/137 137/124/128 140/131/135
f 142/134/138 134/135/139 1407/115/119
f 142/134/138 139/130/134 138/128/132
f 142/134/138 1407/115/119 139/130/134
f 142/134/138 138/128/132 141/133/137
f 143/136/140 130/132/136 129/137/141
f 143/136/140 140/131/135 130/132/136
f 144/138/142 140/131/135 143/136/140
f 144/138/142 141/133/137 140/131/135
f 145/139/143 1408/140/144 134/135/139
f 145/139/143 134/135/139 142/134/138
f 145/139/143 141/133/137 144/138/142
f 145/139/143 142/134/138 141/133/137
f 146/141/145 129/137/141 1475/142/146
f 146/141/145 143/136/140 129/137/141
f 147/143/147 144/138/142 143/136/140
f 147/143/147 143/136/140 146/141/145
f 148/144/148 1409/145/149 1408/140/144
f 148/144/148 1408/140/144 145/139/143
f 148/144/148 144/138/142 147/143/147
f 148/144/148 145/139/143 144/138/142
f 149/146/150 1475/142/146 128/147/151
f 149/146/150 146/141/145 1475/142/146
f 150/148/152 147/143/147 146/141/145
f 150/148/152 146/141/145 149/146/150
f 151/149/153 1410/150/154 1409/145/149
f 151/149/153 1409/145/149 148/144/148
f 151/149/153 148/144/148 147/143/147
f 151/149/153 147/143/147 150/148/152
f 152/151/155 128/147/151 1474/119/123
f 152/151/155 1474/119/123 1836/118/122
f 152/151/155 149/146/150 128/147/151
f 153/152/156 1836/118/122 132/153/157
f 153/152/156 132/153/157 1837/123/127
f 153/152/156 152/151/155 1836/118/122
f 153/152/156 150/148/152 149/146/150
f 153/152/156 149/146/150 152/151/155
f 154/154/158 135/122/126 1410/150/154
f 154/154/158 1410/150/154 151/149/153
f 154/154/158 1837/123/127 135/122/126
f 154/154/158 151/149/153 150/148/152
f 154/154/158 153/152/156 1837/123/127
f 154/154/158 150/148/152 153/152/156
f 1730/155/159 1745/156/160 156/157/161
f 1729/158/162 156/157/161 1691/159/163
f 1729/158/162 1730/155/159 156/157/161
f 157/160/164 155/161/165 1729/158/162
f 157/160/164 1691/159/163 1692/162/166
f 157/160/164 1729/158/162 1691/159/163
f 158/163/167 157/160/164 1692/162/166
f 158/163/167 155/161/165 157/160/164
f 159/164/168 1726/165/169 155/161/165
f 159/164/168 1692/162/166 1690/166/170
f 159/164/168 1690/166/170 1726/165/169
f 159/164/168 158/163/167 1692/162/166
f 159/164/168 155/161/165 158/163/167
f 160/167/19 1623/168/20 1615/169/20
f 160/167/19 1635/170/19 1623/168/20
f 161/171/17 1636/172/17 1635/170/19
f 161/171/17 1637/173/16 1636/172/17
f 161/171/17 1635/170/19 160/167/19
f 162/174/16 1637/173/16 161/171/17
f 1599/175/15 170/176/15 1637/173/16
f 1599/175/15 1637/173/16 162/174/16
f 1600/177/14 171/178/14 170/176/15
f 1600/177/14 170/176/15 1599/175/15
f 163/179/13 1638/180/13 171/178/14
f 163/179/13 171/178/14 1600/177/14
f 164/181/12 1639/182/12 1638/180/13
f 164/181/12 1638/180/13 163/179/13
f 165/183/23 1640/184/23 1639/182/12
f 165/183/23 1639/182/12 164/181/12
f 166/185/10 1641/156/10 1640/184/23
f 166/185/10 172/186/22 1641/156/10
f 166/185/10 1640/184/23 165/183/23
f 1601/187/22 172/186/22 166/185/10
f 167/188/8 173/189/8 172/186/22
f 167/188/8 1642/190/7 173/189/8
f 167/188/8 172/186/22 1601/187/22
f 1602/191/7 1642/190/7 167/188/8
f 1603/192/6 174/193/6 1642/190/7
f 1603/192/6 1642/190/7 1602/191/7
f 1604/194/5 1643/195/5 174/193/6
f 1604/194/5 1644/196/4 1643/195/5
f 1604/194/5 174/193/6 1603/192/6
f 168/197/4 1644/196/4 1604/194/5
f 1605/198/3 1644/196/4 168/197/4
f 1605/198/3 175/199/3 1644/196/4
f 1605/198/3 1645/200/1 175/199/3
f 169/201/1 1645/200/1 1605/198/3
f 1606/202/2 1645/200/1 169/201/1
f 1606/202/2 1624/203/2 1645/200/1
f 1550/204/18 1570/168/20 1562/205/20
f 1550/204/18 1582/170/19 1570/168/20
f 1551/206/17 188/172/17 1582/170/19
f 1551/206/17 1582/170/19 1550/204/18
f 177/207/16 189/173/16 188/172/17
f 177/207/16 188/172/17 1551/206/17
f 178/208/15 1583/176/15 189/173/16
f 178/208/15 189/173/16 177/207/16
f 179/209/14 1584/178/14 1583/176/15
f 179/209/14 1583/176/15 178/208/15
f 180/210/13 1585/180/13 1584/178/14
f 180/210/13 1584/178/14 179/209/14
f 1552/211/12 190/182/12 1585/180/13
f 1552/211/12 1585/180/13 180/210/13
f 181/212/23 191/184/23 190/182/12
f 181/212/23 190/182/12 1552/211/12
f 1553/213/10 1586/156/10 191/184/23
f 1553/213/10 1587/186/22 1586/156/10
f 1553/213/10 191/184/23 181/212/23
f 1554/214/22 1588/189/8 1587/186/22
f 1554/214/22 1587/186/22 1553/213/10
f 182/215/8 1588/189/8 1554/214/22
f 183/216/7 192/190/7 1588/189/8
f 183/216/7 1588/189/8 182/215/8
f 184/217/6 193/193/6 192/190/7
f 184/217/6 194/195/5 193/193/6
f 184/217/6 192/190/7 183/216/7
f 185/218/5 195/196/4 194/195/5
f 185/218/5 194/195/5 184/217/6
f 1555/219/4 195/196/4 185/218/5
f 186/220/3 195/196/4 1555/219/4
f 186/220/3 1589/199/3 195/196/4
f 187/221/1 1589/199/3 186/220/3
f 187/221/1 196/200/1 1589/199/3
f 176/222/2 196/200/1 187/221/1
f 176/222/2 1563/203/2 196/200/1
f 1896/223/171 207/168/20 79/224/117
f 1896/223/171 208/170/18 207/168/20
f 198/225/172 209/172/17 208/170/18
f 198/225/172 208/170/18 1896/223/171
f 1897/226/173 210/173/16 209/172/17
f 1897/226/173 211/176/15 210/173/16
f 1897/226/173 209/172/17 198/225/172
f 199/227/174 211/176/15 1897/226/173
f 200/228/175 1533/178/14 211/176/15
f 200/228/175 211/176/15 199/227/174
f 201/229/176 212/180/13 1533/178/14
f 201/229/176 1533/178/14 200/228/175
f 202/230/177 213/182/12 212/180/13
f 202/230/177 1534/184/23 213/182/12
f 202/230/177 212/180/13 201/229/176
f 203/231/178 1534/184/23 202/230/177
f 1898/232/179 214/156/10 1534/184/23
f 1898/232/179 1534/184/23 203/231/178
f 1899/233/180 1535/186/9 214/156/10
f 1899/233/180 214/156/10 1898/232/179
f 1900/234/181 1536/189/8 1535/186/9
f 1900/234/181 1535/186/9 1899/233/180
f 1901/235/182 215/190/7 1536/189/8
f 1901/235/182 1536/189/8 1900/234/181
f 1902/236/183 216/193/6 215/190/7
f 1902/236/183 215/190/7 1901/235/182
f 204/237/184 217/195/5 216/193/6
f 204/237/184 216/193/6 1902/236/183
f 1903/238/185 217/195/5 204/237/184
f 1903/238/185 1537/196/4 217/195/5
f 1903/238/185 218/199/3 1537/196/4
f 205/239/186 218/199/3 1903/238/185
f 206/240/187 218/199/3 205/239/186
f 206/240/187 1538/200/1 218/199/3
f 197/241/30 1538/200/1 206/240/187
f 197/241/30 1525/203/2 1538/200/1
f 522/242/188 223/243/189 221/244/190
f 219/245/191 222/246/192 223/243/189
f 219/245/191 223/243/189 522/242/188
f 220/247/193 222/246/192 219/245/191
f 1454/248/194 1690/249/170 222/246/192
f 1454/248/194 222/246/192 220/247/193
f 244/250/195 992/251/196 231/252/197
f 244/250/195 999/253/198 992/251/196
f 245/254/199 999/253/198 244/250/195
f 245/254/199 243/255/200 999/253/198
f 246/256/201 778/41/202 777/40/203
f 246/256/201 1000/257/204 243/255/200
f 246/256/201 777/40/203 1000/257/204
f 246/256/201 243/255/200 245/254/199
f 247/258/205 231/252/197 431/259/206
f 247/258/205 244/250/195 231/252/197
f 248/260/207 244/250/195 247/258/205
f 248/260/207 245/254/199 244/250/195
f 249/261/208 245/254/199 248/260/207
f 249/261/208 234/48/209 778/41/202
f 249/261/208 778/41/202 246/256/201
f 249/261/208 246/256/201 245/254/199
f 250/262/210 431/259/206 430/263/211
f 250/262/210 247/258/205 431/259/206
f 251/264/212 248/260/207 247/258/205
f 251/264/212 247/258/205 250/262/210
f 252/265/213 779/52/214 234/48/209
f 252/265/213 249/261/208 248/260/207
f 252/265/213 234/48/209 249/261/208
f 252/265/213 248/260/207 251/264/212
f 253/266/215 430/263/211 230/267/216
f 253/266/215 250/262/210 430/263/211
f 254/268/217 251/264/212 250/262/210
f 254/268/217 250/262/210 253/266/215
f 255/269/218 779/52/214 252/265/213
f 255/269/218 251/264/212 254/268/217
f 255/269/218 780/56/219 779/52/214
f 255/269/218 781/60/220 780/56/219
f 255/269/218 252/265/213 251/264/212
f 256/270/221 230/267/216 229/271/222
f 256/270/221 253/266/215 230/267/216
f 257/272/223 254/268/217 253/266/215
f 257/272/223 253/266/215 256/270/221
f 258/273/224 255/269/218 254/268/217
f 258/273/224 254/268/217 257/272/223
f 258/273/224 781/60/220 255/269/218
f 259/274/225 229/271/222 228/275/226
f 259/274/225 256/270/221 229/271/222
f 259/274/225 257/272/223 256/270/221
f 260/276/227 258/273/224 257/272/223
f 260/276/227 257/272/223 259/274/225
f 261/277/228 781/60/220 258/273/224
f 261/277/228 782/64/229 781/60/220
f 261/277/228 258/273/224 260/276/227
f 262/278/230 228/275/226 227/279/231
f 262/278/230 259/274/225 228/275/226
f 263/280/232 259/274/225 262/278/230
f 263/280/232 260/276/227 259/274/225
f 264/281/233 783/68/234 782/64/229
f 264/281/233 235/72/235 783/68/234
f 264/281/233 782/64/229 261/277/228
f 264/281/233 261/277/228 260/276/227
f 264/281/233 260/276/227 263/280/232
f 265/282/236 227/279/231 429/283/237
f 265/282/236 262/278/230 227/279/231
f 266/284/238 263/280/232 262/278/230
f 266/284/238 262/278/230 265/282/236
f 267/285/239 235/72/235 264/281/233
f 267/285/239 264/281/233 263/280/232
f 267/285/239 263/280/232 266/284/238
f 268/286/240 429/283/237 428/287/241
f 268/286/240 265/282/236 429/283/237
f 269/288/242 266/284/238 265/282/236
f 269/288/242 267/285/239 266/284/238
f 269/288/242 265/282/236 268/286/240
f 270/289/243 784/76/244 235/72/235
f 270/289/243 235/72/235 267/285/239
f 270/289/243 267/285/239 269/288/242
f 271/290/245 428/287/241 427/291/246
f 271/290/245 268/286/240 428/287/241
f 272/292/247 269/288/242 268/286/240
f 272/292/247 268/286/240 271/290/245
f 273/293/248 236/80/249 784/76/244
f 273/293/248 784/76/244 270/289/243
f 273/293/248 270/289/243 269/288/242
f 273/293/248 269/288/242 272/292/247
f 274/294/250 427/291/246 426/295/251
f 274/294/250 271/290/245 427/291/246
f 275/296/252 272/292/247 271/290/245
f 275/296/252 271/290/245 274/294/250
f 276/297/253 237/84/254 236/80/249
f 276/297/253 238/88/255 237/84/254
f 276/297/253 236/80/249 273/293/248
f 276/297/253 273/293/248 272/292/247
f 276/297/253 272/292/247 275/296/252
f 277/298/256 426/295/251 226/299/257
f 277/298/256 274/294/250 426/295/251
f 277/298/256 275/296/252 274/294/250
f 278/300/258 276/297/253 275/296/252
f 278/300/258 275/296/252 277/298/256
f 279/301/259 238/88/255 276/297/253
f 279/301/259 276/297/253 278/300/258
f 280/302/260 226/299/257 425/303/261
f 280/302/260 277/298/256 226/299/257
f 281/304/262 278/300/258 277/298/256
f 281/304/262 277/298/256 280/302/260
f 282/305/263 279/301/259 278/300/258
f 282/305/263 278/300/258 281/304/262
f 282/305/263 239/92/264 238/88/255
f 282/305/263 238/88/255 279/301/259
f 283/306/265 425/303/261 225/307/266
f 283/306/265 280/302/260 425/303/261
f 283/306/265 281/304/262 280/302/260
f 284/308/267 281/304/262 283/306/265
f 285/309/268 281/304/262 284/308/267
f 285/309/268 240/96/269 239/92/264
f 285/309/268 282/305/263 281/304/262
f 285/309/268 239/92/264 282/305/263
f 286/310/270 225/307/266 224/311/271
f 286/310/270 283/306/265 225/307/266
f 287/312/272 283/306/265 286/310/270
f 287/312/272 284/308/267 283/306/265
f 288/313/273 285/309/268 284/308/267
f 288/313/273 240/96/269 285/309/268
f 288/313/273 284/308/267 287/312/272
f 288/313/273 241/101/274 240/96/269
f 289/314/275 224/311/271 424/315/276
f 289/314/275 286/310/270 224/311/271
f 289/314/275 287/312/272 286/310/270
f 290/316/277 287/312/272 289/314/275
f 291/317/278 288/313/273 287/312/272
f 291/317/278 241/101/274 288/313/273
f 291/317/278 287/312/272 290/316/277
f 291/317/278 242/105/279 241/101/274
f 292/318/280 423/319/281 768/168/282
f 292/318/280 424/315/276 423/319/281
f 292/318/280 768/168/282 990/320/283
f 292/318/280 289/314/275 424/315/276
f 293/321/284 990/320/283 232/322/285
f 293/321/284 290/316/277 289/314/275
f 293/321/284 289/314/275 292/318/280
f 293/321/284 292/318/280 990/320/283
f 294/323/286 232/322/285 991/324/287
f 294/323/286 991/324/287 233/109/288
f 294/323/286 291/317/278 290/316/277
f 294/323/286 290/316/277 293/321/284
f 294/323/286 242/105/279 291/317/278
f 294/323/286 293/321/284 232/322/285
f 294/323/286 785/108/289 242/105/279
f 294/323/286 233/109/288 785/108/289
f 858/325/290 384/170/291 383/168/290
f 857/326/291 385/172/292 384/170/291
f 857/326/291 384/170/291 858/325/290
f 306/327/292 307/173/293 385/172/292
f 306/327/292 385/172/292 857/326/291
f 856/328/293 386/176/294 307/173/293
f 856/328/293 307/173/293 306/327/292
f 305/329/294 387/178/295 386/176/294
f 305/329/294 386/176/294 856/328/293
f 304/330/295 388/180/296 387/178/295
f 304/330/295 387/178/295 305/329/294
f 303/331/297 388/180/296 304/330/295
f 302/332/298 308/182/298 388/180/296
f 302/332/298 389/184/299 308/182/298
f 302/332/298 388/180/296 303/331/297
f 301/333/299 389/184/299 302/332/298
f 300/334/300 390/156/300 389/184/299
f 300/334/300 391/186/301 390/156/300
f 300/334/300 389/184/299 301/333/299
f 855/335/301 309/189/302 391/186/301
f 855/335/301 391/186/301 300/334/300
f 854/336/302 392/190/303 309/189/302
f 854/336/302 309/189/302 855/335/301
f 299/337/304 393/193/305 392/190/303
f 299/337/304 392/190/303 854/336/302
f 853/338/305 393/193/305 299/337/304
f 852/339/306 394/195/306 393/193/305
f 852/339/306 310/196/307 394/195/306
f 852/339/306 393/193/305 853/338/305
f 298/340/307 310/196/307 852/339/306
f 851/341/308 395/199/308 310/196/307
f 851/341/308 310/196/307 298/340/307
f 297/342/309 395/199/308 851/341/308
f 297/342/309 396/200/309 395/199/308
f 297/342/309 295/203/310 396/200/309
f 296/343/310 295/203/310 297/342/309
f 332/250/195 416/251/196 318/252/197
f 332/250/195 910/253/198 416/251/196
f 333/254/199 910/253/198 332/250/195
f 333/254/199 911/255/200 910/253/198
f 334/256/201 834/41/202 833/40/203
f 334/256/201 912/257/311 911/255/200
f 334/256/201 833/40/203 912/257/311
f 334/256/201 911/255/200 333/254/199
f 335/258/205 318/252/197 415/259/206
f 335/258/205 332/250/195 318/252/197
f 336/260/207 332/250/195 335/258/205
f 336/260/207 333/254/199 332/250/195
f 337/261/208 333/254/199 336/260/207
f 337/261/208 322/48/209 834/41/202
f 337/261/208 834/41/202 334/256/201
f 337/261/208 334/256/201 333/254/199
f 338/262/312 415/259/206 414/263/211
f 338/262/312 335/258/205 415/259/206
f 339/264/212 336/260/207 335/258/205
f 339/264/212 335/258/205 338/262/312
f 340/265/213 835/52/313 322/48/209
f 340/265/213 337/261/208 336/260/207
f 340/265/213 322/48/209 337/261/208
f 340/265/213 336/260/207 339/264/212
f 341/266/215 414/263/211 317/267/216
f 341/266/215 338/262/312 414/263/211
f 342/268/217 339/264/212 338/262/312
f 342/268/217 338/262/312 341/266/215
f 343/269/218 835/52/313 340/265/213
f 343/269/218 339/264/212 342/268/217
f 343/269/218 836/56/219 835/52/313
f 343/269/218 837/60/220 836/56/219
f 343/269/218 340/265/213 339/264/212
f 344/270/221 342/268/217 341/266/215
f 344/270/221 317/267/216 413/271/222
f 344/270/221 341/266/215 317/267/216
f 345/272/223 342/268/217 344/270/221
f 346/273/224 323/64/229 837/60/220
f 346/273/224 343/269/218 342/268/217
f 346/273/224 342/268/217 345/272/223
f 346/273/224 837/60/220 343/269/218
f 347/274/225 413/271/222 412/275/226
f 347/274/225 344/270/221 413/271/222
f 347/274/225 345/272/223 344/270/221
f 348/276/227 345/272/223 347/274/225
f 349/277/228 323/64/229 346/273/224
f 349/277/228 345/272/223 348/276/227
f 349/277/228 346/273/224 345/272/223
f 350/278/230 412/275/226 316/279/231
f 350/278/230 347/274/225 412/275/226
f 351/280/232 347/274/225 350/278/230
f 351/280/232 348/276/227 347/274/225
f 352/281/233 324/68/234 323/64/229
f 352/281/233 349/277/228 348/276/227
f 352/281/233 348/276/227 351/280/232
f 352/281/233 323/64/229 349/277/228
f 353/282/236 316/279/231 411/283/237
f 353/282/236 351/280/232 350/278/230
f 353/282/236 350/278/230 316/279/231
f 354/284/238 351/280/232 353/282/236
f 355/285/239 325/72/235 324/68/234
f 355/285/239 326/76/244 325/72/235
f 355/285/239 352/281/233 351/280/232
f 355/285/239 351/280/232 354/284/238
f 355/285/239 324/68/234 352/281/233
f 356/286/240 411/283/237 315/287/241
f 356/286/240 353/282/236 411/283/237
f 357/288/242 354/284/238 353/282/236
f 357/288/242 355/285/239 354/284/238
f 357/288/242 353/282/236 356/286/240
f 358/289/243 355/285/239 357/288/242
f 358/289/243 326/76/244 355/285/239
f 359/290/245 315/287/241 410/291/246
f 359/290/245 356/286/240 315/287/241
f 360/292/247 357/288/242 356/286/240
f 360/292/247 356/286/240 359/290/245
f 361/293/248 327/80/249 326/76/244
f 361/293/248 326/76/244 358/289/243
f 361/293/248 358/289/243 357/288/242
f 361/293/248 357/288/242 360/292/247
f 362/294/250 410/291/246 314/295/251
f 362/294/250 359/290/245 410/291/246
f 363/296/252 361/293/248 360/292/247
f 363/296/252 359/290/245 362/294/250
f 363/296/252 360/292/247 359/290/245
f 364/297/253 328/84/254 327/80/249
f 364/297/253 361/293/248 363/296/252
f 364/297/253 327/80/249 361/293/248
f 365/298/314 314/295/251 409/299/257
f 365/298/314 362/294/250 314/295/251
f 366/300/258 363/296/252 362/294/250
f 366/300/258 362/294/250 365/298/314
f 367/301/259 328/84/254 364/297/253
f 367/301/259 838/88/255 328/84/254
f 367/301/259 364/297/253 363/296/252
f 367/301/259 363/296/252 366/300/258
f 368/302/260 409/299/257 408/303/261
f 368/302/260 365/298/314 409/299/257
f 369/304/262 366/300/258 365/298/314
f 369/304/262 367/301/259 366/300/258
f 369/304/262 365/298/314 368/302/260
f 370/305/263 839/92/264 838/88/255
f 370/305/263 838/88/255 367/301/259
f 370/305/263 367/301/259 369/304/262
f 371/306/265 408/303/261 313/307/266
f 371/306/265 368/302/260 408/303/261
f 372/308/267 370/305/263 369/304/262
f 372/308/267 368/302/260 371/306/265
f 372/308/267 369/304/262 368/302/260
f 373/309/268 370/305/263 372/308/267
f 373/309/268 839/92/264 370/305/263
f 373/309/268 329/96/269 839/92/264
f 374/310/315 313/307/266 407/311/271
f 374/310/315 371/306/265 313/307/266
f 375/312/272 371/306/265 374/310/315
f 375/312/272 372/308/267 371/306/265
f 375/312/272 373/309/268 372/308/267
f 376/313/273 329/96/269 373/309/268
f 376/313/273 373/309/268 375/312/272
f 376/313/273 330/101/274 329/96/269
f 377/314/275 407/311/271 312/315/276
f 377/314/275 374/310/315 407/311/271
f 378/316/277 375/312/272 374/310/315
f 378/316/277 374/310/315 377/314/275
f 379/317/278 376/313/273 375/312/272
f 379/317/278 330/101/274 376/313/273
f 379/317/278 375/312/272 378/316/277
f 379/317/278 840/105/279 330/101/274
f 380/318/280 311/319/281 900/168/282
f 380/318/280 312/315/276 311/319/281
f 380/318/280 377/314/275 312/315/276
f 380/318/280 900/168/282 319/320/283
f 381/321/284 319/320/283 320/322/285
f 381/321/284 378/316/277 377/314/275
f 381/321/284 377/314/275 380/318/280
f 381/321/284 380/318/280 319/320/283
f 382/323/286 320/322/285 321/324/287
f 382/323/286 321/324/287 901/109/288
f 382/323/286 378/316/277 381/321/284
f 382/323/286 379/317/278 378/316/277
f 382/323/286 840/105/279 379/317/278
f 382/323/286 381/321/284 320/322/285
f 382/323/286 331/108/289 840/105/279
f 382/323/286 901/109/288 331/108/289
f 383/344/2 892/170/1 397/168/2
f 384/345/1 398/172/3 892/170/1
f 384/345/1 892/170/1 383/344/2
f 385/346/3 398/172/3 384/345/1
f 307/347/4 399/173/4 398/172/3
f 307/347/4 398/172/3 385/346/3
f 386/348/5 400/176/5 399/173/4
f 386/348/5 399/173/4 307/347/4
f 387/349/6 893/178/6 400/176/5
f 387/349/6 400/176/5 386/348/5
f 388/350/7 401/180/7 893/178/6
f 388/350/7 893/178/6 387/349/6
f 308/351/8 894/182/8 401/180/7
f 308/351/8 895/184/22 894/182/8
f 308/351/8 401/180/7 388/350/7
f 389/352/22 895/184/22 308/351/8
f 390/353/10 402/156/10 895/184/22
f 390/353/10 896/186/23 402/156/10
f 390/353/10 895/184/22 389/352/22
f 391/354/23 896/186/23 390/353/10
f 309/355/12 403/189/12 896/186/23
f 309/355/12 896/186/23 391/354/23
f 392/356/13 404/190/13 403/189/12
f 392/356/13 403/189/12 309/355/12
f 393/357/14 897/193/14 404/190/13
f 393/357/14 404/190/13 392/356/13
f 394/358/15 898/195/15 897/193/14
f 394/358/15 405/196/16 898/195/15
f 394/358/15 897/193/14 393/357/14
f 310/359/16 405/196/16 394/358/15
f 310/359/16 899/199/17 405/196/16
f 395/360/17 899/199/17 310/359/16
f 396/361/19 899/199/17 395/360/17
f 396/361/19 406/200/19 899/199/17
f 295/362/20 406/200/19 396/361/19
f 295/362/20 874/203/20 406/200/19
f 824/363/20 900/244/282 311/364/281
f 422/365/19 311/364/281 312/366/276
f 422/365/19 824/363/20 311/364/281
f 814/367/17 312/366/276 407/368/271
f 814/367/17 422/365/19 312/366/276
f 813/369/16 407/368/271 313/370/266
f 813/369/16 814/367/17 407/368/271
f 421/371/15 313/370/266 408/372/261
f 421/371/15 813/369/16 313/370/266
f 812/373/14 408/372/261 409/374/257
f 812/373/14 421/371/15 408/372/261
f 811/375/13 409/374/257 314/376/251
f 811/375/13 812/373/14 409/374/257
f 420/377/12 314/376/251 410/378/246
f 420/377/12 811/375/13 314/376/251
f 810/379/23 410/378/246 315/380/241
f 810/379/23 420/377/12 410/378/246
f 419/381/10 810/379/23 315/380/241
f 809/382/22 315/380/241 411/383/237
f 809/382/22 411/383/237 316/384/231
f 809/382/22 419/381/10 315/380/241
f 808/385/8 316/384/231 412/386/226
f 808/385/8 809/382/22 316/384/231
f 418/387/7 412/386/226 413/388/222
f 418/387/7 808/385/8 412/386/226
f 807/389/6 413/388/222 317/390/216
f 807/389/6 418/387/7 413/388/222
f 806/391/5 807/389/6 317/390/216
f 417/392/4 806/391/5 317/390/216
f 417/392/4 317/390/216 414/393/211
f 417/392/4 414/393/211 415/394/206
f 805/395/3 417/392/4 415/394/206
f 804/396/1 805/395/3 415/394/206
f 804/396/1 415/394/206 318/397/197
f 803/398/2 804/396/1 318/397/197
f 803/398/2 318/397/197 416/399/196
f 735/400/20 768/244/282 423/364/281
f 437/401/18 423/364/281 424/366/276
f 437/401/18 735/400/20 423/364/281
f 756/402/17 424/366/276 224/368/271
f 756/402/17 437/401/18 424/366/276
f 755/403/16 224/368/271 225/370/266
f 755/403/16 756/402/17 224/368/271
f 754/404/15 225/370/266 425/372/261
f 754/404/15 755/403/16 225/370/266
f 753/405/14 425/372/261 226/374/257
f 753/405/14 754/404/15 425/372/261
f 752/406/13 226/374/257 426/376/251
f 752/406/13 753/405/14 226/374/257
f 436/407/12 752/406/13 426/376/251
f 435/408/23 426/376/251 427/378/246
f 435/408/23 427/378/246 428/380/241
f 435/408/23 436/407/12 426/376/251
f 751/409/10 428/380/241 429/383/237
f 751/409/10 435/408/23 428/380/241
f 750/410/9 429/383/237 227/384/231
f 750/410/9 751/409/10 429/383/237
f 749/411/8 750/410/9 227/384/231
f 748/412/7 227/384/231 228/386/226
f 748/412/7 228/386/226 229/388/222
f 748/412/7 749/411/8 227/384/231
f 434/413/6 229/388/222 230/390/216
f 434/413/6 748/412/7 229/388/222
f 747/414/5 434/413/6 230/390/216
f 433/415/4 747/414/5 230/390/216
f 433/415/4 230/390/216 430/393/211
f 746/416/3 433/415/4 430/393/211
f 746/416/3 430/393/211 431/394/206
f 746/416/3 431/394/206 231/397/197
f 745/417/1 746/416/3 231/397/197
f 432/418/2 745/417/1 231/397/197
f 432/418/2 231/397/197 992/399/196
f 470/419/316 471/420/316 2293/421/317
f 67/422/316 470/419/316 2293/421/317
f 472/423/316 2293/421/317 471/420/316
f 68/424/316 2293/421/317 472/423/316
f 66/425/316 67/422/316 2293/421/317
f 69/426/316 2293/421/317 68/424/316
f 65/427/316 66/425/316 2293/421/317
f 70/428/316 2293/421/317 69/426/316
f 64/429/316 65/427/316 2293/421/317
f 71/430/316 2293/421/317 70/428/316
f 491/431/316 64/429/316 2293/421/317
f 490/432/316 491/431/316 2293/421/317
f 515/433/316 1953/434/316 1954/435/316
f 515/433/316 1954/435/316 1955/436/316
f 516/437/316 1955/436/316 1956/438/316
f 516/437/316 1956/438/316 487/439/316
f 516/437/316 515/433/316 1955/436/316
f 1441/440/316 486/441/316 1953/434/316
f 1441/440/316 1953/434/316 515/433/316
f 517/442/316 487/439/316 488/443/316
f 517/442/316 488/443/316 1957/444/316
f 517/442/316 1957/444/316 489/445/316
f 517/442/316 516/437/316 487/439/316
f 1434/446/316 479/447/316 480/448/316
f 1434/446/316 480/448/316 481/449/316
f 511/450/316 477/451/316 478/452/316
f 511/450/316 478/452/316 479/447/316
f 511/450/316 479/447/316 1434/446/316
f 1435/453/316 481/449/316 482/454/316
f 1435/453/316 1434/446/316 481/449/316
f 1429/455/316 475/456/316 476/457/316
f 1429/455/316 476/457/316 477/451/316
f 1429/455/316 477/451/316 511/450/316
f 514/458/316 486/441/316 1441/440/316
f 514/458/316 1952/459/316 486/441/316
f 1436/460/316 1435/453/316 482/454/316
f 1436/460/316 482/454/316 483/461/316
f 513/462/316 1952/459/316 514/458/316
f 513/462/316 485/463/316 1952/459/316
f 512/464/316 1436/460/316 483/461/316
f 512/464/316 483/461/316 484/465/316
f 1437/466/316 485/463/316 513/462/316
f 1437/466/316 512/464/316 484/465/316
f 1437/466/316 484/465/316 485/463/316
f 1428/467/316 475/456/316 1429/455/316
f 47/468/316 475/456/316 1428/467/316
f 460/469/316 47/468/316 1428/467/316
f 48/470/316 474/471/316 475/456/316
f 48/470/316 475/456/316 47/468/316
f 46/472/316 460/469/316 1428/467/316
f 49/473/316 473/474/316 474/471/316
f 49/473/316 474/471/316 48/470/316
f 459/475/316 46/472/316 1428/467/316
f 459/475/316 1428/467/316 1426/476/316
f 50/477/316 71/430/316 473/474/316
f 50/477/316 473/474/316 49/473/316
f 458/478/316 459/475/316 1426/476/316
f 1974/479/316 458/478/316 1426/476/316
f 1973/480/316 1974/479/316 1426/476/316
f 1973/480/316 1426/476/316 510/481/316
f 1972/482/316 1973/480/316 510/481/316
f 1972/482/316 510/481/316 509/483/316
f 469/484/316 1972/482/316 509/483/316
f 469/484/316 509/483/316 508/485/316
f 468/486/316 469/484/316 508/485/316
f 1421/487/316 468/486/316 508/485/316
f 467/488/316 468/486/316 1421/487/316
f 2068/489/318 71/430/316 50/477/316
f 2068/489/318 2293/421/317 71/430/316
f 2068/489/318 50/477/316 461/490/316
f 2068/489/318 461/490/316 462/491/316
f 2068/489/318 462/491/316 463/492/316
f 2068/489/318 463/492/316 51/493/316
f 2068/489/318 51/493/316 52/494/316
f 2068/489/318 52/494/316 53/495/316
f 2068/489/318 53/495/316 54/496/316
f 55/497/316 2068/489/318 54/496/316
f 56/498/316 2068/489/318 55/497/316
f 33/499/316 2068/489/318 56/498/316
f 1420/500/316 1971/501/316 467/488/316
f 1420/500/316 467/488/316 1421/487/316
f 1963/502/316 2068/489/318 33/499/316
f 464/503/316 2068/489/318 1963/502/316
f 1419/504/316 1970/505/316 1971/501/316
f 1419/504/316 1971/501/316 1420/500/316
f 1418/506/316 1969/507/316 1970/505/316
f 1418/506/316 1970/505/316 1419/504/316
f 1417/508/316 1969/507/316 1418/506/316
f 1417/508/316 1967/509/316 1968/510/316
f 1417/508/316 1968/510/316 1969/507/316
f 1416/511/316 466/512/316 1966/513/316
f 1416/511/316 1966/513/316 1967/509/316
f 1416/511/316 1967/509/316 1417/508/316
f 1415/514/316 466/512/316 1416/511/316
f 1415/514/316 465/515/316 1964/516/316
f 1415/514/316 1964/516/316 1965/517/316
f 1415/514/316 1965/517/316 466/512/316
f 507/518/316 465/515/316 1415/514/316
f 507/518/316 2068/489/318 464/503/316
f 507/518/316 464/503/316 465/515/316
f 502/519/316 503/520/319 1402/521/320
f 502/519/316 1403/522/316 503/520/319
f 502/519/316 504/523/316 1403/522/316
f 1400/524/316 504/523/316 502/519/316
f 1400/524/316 1401/525/316 501/526/319
f 1400/524/316 502/519/316 1401/525/316
f 500/527/316 504/523/316 1400/524/316
f 500/527/316 505/528/316 504/523/316
f 498/529/316 500/527/316 499/530/319
f 1442/531/316 517/442/316 489/445/316
f 1442/531/316 489/445/316 490/432/316
f 1442/531/316 490/432/316 2293/421/317
f 1398/532/316 500/527/316 498/529/316
f 1398/532/316 505/528/316 500/527/316
f 1398/532/316 498/529/316 1399/533/319
f 1397/534/321 505/528/316 1398/532/316
f 1397/534/321 1411/535/316 505/528/316
f 1393/536/316 1411/535/316 1397/534/321
f 1393/536/316 506/537/316 1411/535/316
f 1449/538/316 1448/539/319 1447/540/316
f 520/541/316 1449/538/316 1447/540/316
f 522/542/316 521/543/320 520/541/316
f 220/544/316 219/545/321 522/542/316
f 220/544/316 522/542/316 520/541/316
f 1454/546/316 519/547/316 518/548/316
f 1454/546/316 1446/549/316 519/547/316
f 1454/546/316 1447/540/316 1446/549/316
f 1454/546/316 520/541/316 1447/540/316
f 1454/546/316 220/544/316 520/541/316
f 442/550/316 518/548/316 1443/551/320
f 442/550/316 1443/551/320 441/552/316
f 3/553/316 1443/551/320 1442/531/316
f 3/553/316 441/552/316 1443/551/320
f 443/554/316 518/548/316 442/550/316
f 444/555/316 518/548/316 443/554/316
f 440/556/316 3/553/316 1442/531/316
f 4/557/316 1455/558/316 1454/546/316
f 4/557/316 1454/546/316 518/548/316
f 4/557/316 518/548/316 444/555/316
f 5/559/316 1455/558/316 4/557/316
f 6/560/316 1455/558/316 5/559/316
f 445/561/316 1457/562/316 1455/558/316
f 445/561/316 1455/558/316 6/560/316
f 2153/563/322 440/556/316 1442/531/316
f 2153/563/322 438/564/319 439/565/320
f 2153/563/322 439/565/320 440/556/316
f 2153/563/322 2012/566/316 452/567/316
f 2153/563/322 452/567/316 438/564/319
f 7/568/316 1459/569/316 1457/562/316
f 7/568/316 1457/562/316 445/561/316
f 451/570/316 2012/566/316 2153/563/322
f 8/571/316 1460/572/316 1459/569/316
f 8/571/316 1459/569/316 7/568/316
f 2011/573/316 451/570/316 2153/563/322
f 2010/574/316 2011/573/316 2153/563/322
f 1461/575/316 8/571/316 9/576/316
f 1461/575/316 1460/572/316 8/571/316
f 450/577/316 2010/574/316 2153/563/322
f 2009/578/316 450/577/316 2153/563/322
f 2008/579/316 2009/578/316 2153/563/322
f 2007/580/316 2008/579/316 2153/563/322
f 1462/581/316 9/576/316 10/582/316
f 1462/581/316 1461/575/316 9/576/316
f 2006/583/316 2007/580/316 2153/563/322
f 1463/584/316 10/582/316 446/585/316
f 1463/584/316 1462/581/316 10/582/316
f 1377/586/316 446/585/316 447/587/316
f 1377/586/316 1463/584/316 446/585/316
f 523/588/316 447/587/316 1/589/316
f 523/588/316 1/589/316 2001/590/316
f 523/588/316 1377/586/316 447/587/316
f 1378/591/316 2001/590/316 2002/592/316
f 1378/591/316 2002/592/316 448/593/316
f 1378/591/316 523/588/316 2001/590/316
f 492/594/316 448/593/316 2003/595/316
f 492/594/316 2003/595/316 2004/596/316
f 492/594/316 1378/591/316 448/593/316
f 455/597/316 494/598/316 1385/599/316
f 456/600/316 494/598/316 455/597/316
f 456/600/316 495/601/316 494/598/316
f 21/602/316 455/597/316 1385/599/316
f 21/602/316 1385/599/316 493/603/316
f 22/604/316 495/601/316 456/600/316
f 22/604/316 496/605/316 495/601/316
f 23/606/316 496/605/316 22/604/316
f 23/606/316 1386/607/316 496/605/316
f 20/608/316 21/602/316 493/603/316
f 20/608/316 493/603/316 1380/609/316
f 454/610/316 20/608/316 1380/609/316
f 454/610/316 1380/609/316 1384/611/316
f 24/612/316 1386/607/316 23/606/316
f 24/612/316 1391/613/316 1386/607/316
f 453/614/316 454/610/316 1384/611/316
f 25/615/316 1391/613/316 24/612/316
f 26/616/316 1391/613/316 25/615/316
f 26/616/316 1392/617/316 1391/613/316
f 2000/618/316 1384/611/316 1383/619/316
f 2000/618/316 453/614/316 1384/611/316
f 1999/620/316 2000/618/316 1383/619/316
f 27/621/316 1392/617/316 26/616/316
f 457/622/316 1392/617/316 27/621/316
f 457/622/316 1394/623/316 1392/617/316
f 1998/624/316 1999/620/316 1383/619/316
f 1998/624/316 1383/619/316 1379/625/316
f 28/626/316 1394/623/316 457/622/316
f 1997/627/316 1998/624/316 1379/625/316
f 29/628/316 1394/623/316 28/626/316
f 1996/629/316 492/594/316 2004/596/316
f 1996/629/316 1379/625/316 492/594/316
f 1996/629/316 1997/627/316 1379/625/316
f 30/630/319 1394/623/316 29/628/316
f 30/630/319 497/631/323 1394/623/316
f 1995/632/316 2004/596/316 2005/633/316
f 1995/632/316 2005/633/316 449/634/316
f 1995/632/316 1996/629/316 2004/596/316
f 1994/635/316 1995/632/316 449/634/316
f 31/636/316 497/631/323 30/630/319
f 2024/637/324 31/636/316 32/638/319
f 2024/637/324 32/638/319 11/639/320
f 2024/637/324 11/639/320 1984/640/316
f 2024/637/324 1984/640/316 1985/641/316
f 2024/637/324 1985/641/316 1986/642/316
f 2024/637/324 1986/642/316 1987/643/316
f 2024/637/324 1987/643/316 1988/644/316
f 2024/637/324 1988/644/316 1989/645/316
f 2024/637/324 1989/645/316 1990/646/316
f 2024/637/324 1990/646/316 1991/647/316
f 2024/637/324 497/631/323 31/636/316
f 2024/637/324 1991/647/316 1992/648/316
f 2024/637/324 1992/648/316 1993/649/316
f 2068/489/318 1393/536/316 2024/637/324
f 1393/536/316 497/631/323 2024/637/324
f 2068/489/318 506/537/316 1393/536/316
f 2068/489/318 507/518/316 506/537/316
f 2024/637/324 1993/649/316 2153/563/322
f 1993/649/316 1994/635/316 2153/563/322
f 1994/635/316 2006/583/316 2153/563/322
f 1994/635/316 449/634/316 2006/583/316
f 2153/563/322 1442/531/316 2293/421/317
f 1208/650/325 1221/651/326 524/652/327
f 626/653/328 1208/650/325 524/652/327
f 644/654/329 1170/655/330 525/656/331
f 644/654/329 525/656/331 1199/657/332
f 532/658/333 533/659/334 1224/660/335
f 532/658/333 1224/660/335 1209/661/336
f 531/662/337 532/658/333 1209/661/336
f 1236/663/338 531/662/337 1209/661/336
f 1277/664/339 1276/665/340 529/666/341
f 526/667/342 1236/663/338 1209/661/336
f 1306/668/343 1236/663/338 526/667/342
f 1307/669/344 530/670/345 1236/663/338
f 1307/669/344 1236/663/338 1306/668/343
f 1305/671/346 1306/668/343 526/667/342
f 527/672/347 529/666/341 530/670/345
f 527/672/347 530/670/345 1307/669/344
f 1304/673/348 1305/671/346 526/667/342
f 1288/674/349 1277/664/339 529/666/341
f 1288/674/349 529/666/341 527/672/347
f 528/675/350 1288/674/349 527/672/347
f 1347/676/351 1304/673/348 526/667/342
f 1346/677/352 1304/673/348 1347/676/351
f 615/420/353 58/419/353 2415/421/354
f 614/422/353 2415/421/354 58/419/353
f 59/423/353 615/420/353 2415/421/354
f 616/424/353 59/423/353 2415/421/354
f 613/425/353 2415/421/354 614/422/353
f 60/426/353 616/424/353 2415/421/354
f 57/427/353 2415/421/354 613/425/353
f 617/428/353 60/426/353 2415/421/354
f 1951/429/353 2415/421/354 57/427/353
f 61/430/353 617/428/353 2415/421/354
f 1950/431/353 2415/421/354 1951/429/353
f 612/432/353 2415/421/354 1950/431/353
f 651/678/353 1944/435/353 610/434/353
f 650/679/353 611/436/353 1944/435/353
f 650/679/353 1945/438/353 611/436/353
f 650/679/353 1944/435/353 651/678/353
f 703/680/353 1938/449/353 608/448/353
f 695/681/353 610/434/353 1943/441/353
f 695/681/353 651/678/353 610/434/353
f 704/682/353 703/680/353 608/448/353
f 704/682/353 608/448/353 622/447/353
f 693/683/353 1945/438/353 650/679/353
f 693/683/353 1946/439/353 1945/438/353
f 702/684/353 1938/449/353 703/680/353
f 702/684/353 609/454/353 1938/449/353
f 702/684/353 1939/461/353 609/454/353
f 705/685/353 704/682/353 622/447/353
f 705/685/353 621/452/353 63/451/353
f 705/685/353 622/447/353 621/452/353
f 644/686/353 1947/443/353 1946/439/353
f 644/686/353 1948/444/355 1947/443/353
f 644/686/353 1949/445/353 1948/444/355
f 644/686/353 1946/439/353 693/683/353
f 648/687/353 620/457/353 619/456/353
f 648/687/353 63/451/353 620/457/353
f 648/687/353 705/685/353 63/451/353
f 649/688/353 1943/441/353 1942/459/353
f 649/688/353 695/681/353 1943/441/353
f 698/689/353 1940/465/353 1939/461/353
f 698/689/353 1939/461/353 702/684/353
f 696/690/353 1942/459/353 1941/463/353
f 696/690/353 649/688/353 1942/459/353
f 697/691/353 696/690/353 1941/463/353
f 697/691/353 1941/463/353 1940/465/353
f 697/691/353 1940/465/353 698/689/353
f 38/468/353 646/692/353 648/687/353
f 38/468/353 602/469/353 646/692/353
f 38/468/353 648/687/353 619/456/353
f 603/470/353 619/456/353 62/471/353
f 603/470/353 38/468/353 619/456/353
f 37/472/353 647/693/353 646/692/353
f 37/472/353 646/692/353 602/469/353
f 604/473/353 62/471/353 618/474/353
f 604/473/353 603/470/353 62/471/353
f 36/475/353 647/693/353 37/472/353
f 605/477/353 604/473/353 618/474/353
f 605/477/353 618/474/353 61/430/353
f 35/478/353 709/694/353 647/693/353
f 35/478/353 647/693/353 36/475/353
f 34/479/353 710/695/353 709/694/353
f 34/479/353 709/694/353 35/478/353
f 601/480/353 713/696/353 710/695/353
f 601/480/353 710/695/353 34/479/353
f 1962/482/353 713/696/353 601/480/353
f 1961/484/353 713/696/353 1962/482/353
f 1961/484/353 714/697/353 713/696/353
f 600/486/353 714/697/353 1961/484/353
f 600/486/353 715/698/353 714/697/353
f 1960/488/353 715/698/353 600/486/353
f 2250/489/356 39/490/353 605/477/353
f 2250/489/356 40/491/353 39/490/353
f 2250/489/356 41/492/353 40/491/353
f 2250/489/356 42/493/353 41/492/353
f 2250/489/356 606/494/353 42/493/353
f 2250/489/356 43/495/353 606/494/353
f 2250/489/356 44/496/353 43/495/353
f 2250/489/356 61/430/353 2415/421/354
f 2250/489/356 605/477/353 61/430/353
f 716/699/353 715/698/353 1960/488/353
f 716/699/353 1960/488/353 1959/501/353
f 690/700/353 1949/445/353 644/686/353
f 690/700/353 612/432/353 1949/445/353
f 690/700/353 2415/421/354 612/432/353
f 690/700/353 644/686/353 1199/701/353
f 607/497/353 44/496/353 2250/489/356
f 1200/702/353 690/700/353 1199/701/353
f 45/498/353 607/497/353 2250/489/356
f 1958/499/353 45/498/353 2250/489/356
f 1201/703/353 690/700/353 1200/702/353
f 589/502/353 1958/499/353 2250/489/356
f 590/503/353 589/502/353 2250/489/356
f 717/704/353 1959/501/353 599/505/353
f 717/704/353 716/699/353 1959/501/353
f 718/705/353 717/704/353 599/505/353
f 718/705/353 599/505/353 598/507/353
f 645/706/353 718/705/353 598/507/353
f 645/706/353 598/507/353 597/510/353
f 721/707/353 645/706/353 597/510/353
f 721/707/353 596/509/353 595/513/353
f 721/707/353 597/510/353 596/509/353
f 722/708/353 721/707/353 595/513/353
f 722/708/353 595/513/353 594/512/353
f 723/709/353 722/708/353 594/512/353
f 723/709/353 592/516/357 591/515/353
f 723/709/353 593/517/353 592/516/357
f 723/709/353 594/512/353 593/517/353
f 1205/710/358 624/711/353 688/712/353
f 625/713/353 688/712/353 624/711/353
f 1206/714/353 688/712/353 625/713/353
f 626/715/353 688/712/353 1206/714/353
f 687/716/353 723/709/353 591/515/353
f 687/716/353 590/503/353 2250/489/356
f 687/716/353 591/515/353 590/503/353
f 687/716/353 1062/717/353 1068/718/353
f 687/716/353 1068/718/353 726/719/353
f 687/716/353 726/719/353 723/709/353
f 524/720/353 688/712/353 626/715/353
f 558/550/353 557/552/355 524/720/353
f 556/553/353 688/712/353 524/720/353
f 556/553/353 524/720/353 557/552/355
f 559/554/353 524/720/353 628/721/353
f 559/554/353 558/550/353 524/720/353
f 560/555/353 628/721/353 684/722/353
f 560/555/353 559/554/353 628/721/353
f 555/556/353 688/712/353 556/553/353
f 561/557/353 560/555/353 684/722/353
f 562/559/353 684/722/353 627/723/353
f 562/559/353 561/557/353 684/722/353
f 563/560/353 627/723/353 679/724/353
f 563/560/353 562/559/353 627/723/353
f 564/561/353 679/724/353 630/725/353
f 564/561/353 563/560/353 679/724/353
f 534/563/359 552/567/353 551/566/353
f 534/563/359 553/564/353 552/567/353
f 534/563/359 554/565/353 553/564/353
f 534/563/359 555/556/353 554/565/353
f 534/563/359 688/712/353 555/556/353
f 2/568/353 630/725/353 678/726/353
f 2/568/353 564/561/353 630/725/353
f 550/570/353 534/563/359 551/566/353
f 565/571/353 2/568/353 678/726/353
f 549/573/353 534/563/359 550/570/353
f 677/727/353 565/571/353 678/726/353
f 566/576/353 565/571/353 677/727/353
f 548/574/353 534/563/359 549/573/353
f 547/577/353 534/563/359 548/574/353
f 546/578/353 534/563/359 547/577/353
f 629/728/353 566/576/353 677/727/353
f 629/728/353 567/582/353 566/576/353
f 545/579/353 534/563/359 546/578/353
f 544/580/353 534/563/359 545/579/353
f 543/583/353 534/563/359 544/580/353
f 676/729/353 567/582/353 629/728/353
f 676/729/353 568/585/353 567/582/353
f 652/730/353 1375/731/353 643/732/360
f 652/730/353 643/732/360 623/733/361
f 642/734/353 1375/731/353 652/730/353
f 657/735/353 642/734/353 652/730/353
f 672/736/353 568/585/353 676/729/353
f 672/736/353 569/587/353 568/585/353
f 671/737/353 535/589/353 569/587/353
f 671/737/353 569/587/353 672/736/353
f 631/738/353 536/590/353 535/589/353
f 631/738/353 535/589/353 671/737/353
f 670/739/353 537/592/353 536/590/353
f 670/739/353 538/593/353 537/592/353
f 670/739/353 536/590/353 631/738/353
f 669/740/353 539/595/353 538/593/353
f 669/740/353 540/596/353 539/595/353
f 669/740/353 538/593/353 670/739/353
f 632/741/353 540/596/353 669/740/353
f 658/742/353 657/735/353 652/730/353
f 13/600/353 636/743/353 661/744/353
f 582/597/353 637/745/353 636/743/353
f 582/597/353 636/743/353 13/600/353
f 583/604/353 661/744/353 635/746/353
f 583/604/353 13/600/353 661/744/353
f 12/602/353 638/747/353 637/745/353
f 12/602/353 637/745/353 582/597/353
f 584/606/353 583/604/353 635/746/353
f 584/606/353 635/746/353 634/748/353
f 581/608/353 638/747/353 12/602/353
f 581/608/353 665/749/353 638/747/353
f 14/612/353 584/606/353 634/748/353
f 14/612/353 634/748/353 641/750/353
f 580/610/353 666/751/353 665/749/353
f 580/610/353 665/749/353 581/608/353
f 15/615/353 14/612/353 641/750/353
f 15/615/353 641/750/353 640/752/353
f 579/614/353 666/751/353 580/610/353
f 579/614/353 633/753/353 666/751/353
f 585/616/353 15/615/353 640/752/353
f 1983/618/353 633/753/353 579/614/353
f 1983/618/353 667/754/353 633/753/353
f 586/621/353 585/616/353 640/752/353
f 586/621/353 640/752/353 639/755/353
f 1982/620/353 667/754/353 1983/618/353
f 587/622/353 586/621/353 639/755/353
f 587/622/353 639/755/353 658/742/353
f 1981/624/353 667/754/353 1982/620/353
f 1981/624/353 632/741/353 667/754/353
f 16/626/353 587/622/353 658/742/353
f 1980/627/353 632/741/353 1981/624/353
f 588/628/357 16/626/353 658/742/353
f 1979/629/353 632/741/353 1980/627/353
f 1979/629/353 540/596/353 632/741/353
f 17/630/353 588/628/357 658/742/353
f 17/630/353 658/742/353 652/730/353
f 1978/632/353 541/633/353 540/596/353
f 1978/632/353 540/596/353 1979/629/353
f 18/636/353 17/630/353 652/730/353
f 1977/635/353 542/634/353 541/633/353
f 1977/635/353 541/633/353 1978/632/353
f 2130/637/362 571/640/353 570/639/353
f 2130/637/362 572/641/353 571/640/353
f 2130/637/362 573/642/353 572/641/353
f 2130/637/362 574/643/353 573/642/353
f 2130/637/362 575/644/353 574/643/353
f 2130/637/362 576/645/353 575/644/353
f 2130/637/362 577/646/353 576/645/353
f 2130/637/362 1975/647/353 577/646/353
f 2130/637/362 1976/648/353 1975/647/353
f 2130/637/362 578/649/353 1976/648/353
f 2130/637/362 18/636/353 652/730/353
f 2130/637/362 19/638/353 18/636/353
f 2130/637/362 570/639/353 19/638/353
f 2250/489/356 2130/637/362 652/730/353
f 2250/489/356 652/730/353 687/716/353
f 2130/637/362 534/563/359 578/649/353
f 578/649/353 534/563/359 1977/635/353
f 1977/635/353 534/563/359 543/583/353
f 1977/635/353 543/583/353 542/634/353
f 534/563/359 2415/421/354 690/700/353
f 534/563/359 690/700/353 688/712/353
f 688/712/353 652/730/353 623/733/361
f 688/712/353 623/733/361 1205/710/358
f 687/716/353 690/700/353 1201/703/353
f 687/716/353 1201/703/353 1062/717/353
f 2133/756/363 653/757/364 2353/758/365
f 654/759/366 2133/756/363 2353/758/365
f 2145/760/367 2356/761/368 2361/762/369
f 2145/760/367 2361/762/369 2460/763/370
f 2149/761/371 2363/762/372 2124/764/373
f 655/765/374 2149/761/371 2124/764/373
f 2071/759/375 2129/766/376 2246/758/377
f 2071/759/375 656/767/378 2129/766/376
f 658/768/379 659/244/380 1360/769/381
f 658/768/379 1360/769/381 657/770/382
f 639/771/383 659/251/380 658/400/379
f 639/771/383 1351/772/384 659/251/380
f 640/773/385 1349/774/386 1350/775/387
f 640/773/385 1350/775/387 1351/772/384
f 640/773/385 1351/772/384 639/771/383
f 641/776/388 660/777/389 1349/774/386
f 641/776/388 1349/774/386 640/773/385
f 634/778/390 660/777/389 641/776/388
f 635/779/391 660/251/389 634/400/390
f 635/779/391 1311/780/392 660/251/389
f 661/781/393 664/782/394 1311/780/392
f 661/781/393 1311/780/392 635/779/391
f 636/773/395 663/783/396 664/782/394
f 636/773/395 664/782/394 661/781/393
f 637/784/397 662/785/398 1310/786/399
f 637/784/397 1310/786/399 663/783/396
f 637/784/397 663/783/396 636/773/395
f 638/787/400 1302/777/401 662/785/398
f 638/787/400 662/785/398 637/784/397
f 665/778/402 1302/777/401 638/787/400
f 665/400/402 1296/788/403 1302/251/401
f 666/771/404 1295/789/405 1296/788/403
f 666/771/404 1296/788/403 665/400/402
f 633/773/406 668/790/407 1295/789/405
f 633/773/406 1295/789/405 666/771/404
f 667/776/408 668/790/407 633/773/406
f 632/778/409 1290/777/410 668/790/407
f 632/778/409 668/790/407 667/776/408
f 669/768/411 1290/791/410 632/792/409
f 669/768/411 673/244/412 1290/791/410
f 669/400/411 675/793/413 673/251/412
f 670/771/414 1280/794/415 675/793/413
f 670/771/414 675/793/413 669/400/411
f 631/773/416 674/795/417 1280/794/415
f 631/773/416 1280/794/415 670/771/414
f 671/776/418 674/795/417 631/773/416
f 672/778/419 1237/777/420 674/795/417
f 672/778/419 674/795/417 671/776/418
f 676/779/421 1237/251/420 672/400/419
f 676/779/421 1242/780/422 1237/251/420
f 629/781/423 683/796/424 1242/780/422
f 629/781/423 1242/780/422 676/779/421
f 677/773/425 682/783/426 683/796/424
f 677/773/425 683/796/424 629/781/423
f 678/784/427 681/797/428 1241/798/429
f 678/784/427 1241/798/429 682/783/426
f 678/784/427 682/783/426 677/773/425
f 630/787/430 680/777/431 681/797/428
f 630/787/430 681/797/428 678/784/427
f 679/778/432 680/777/431 630/787/430
f 627/771/433 680/251/431 679/400/432
f 627/771/433 1227/799/434 680/251/431
f 684/773/435 685/800/436 1226/801/437
f 684/773/435 1226/801/437 1227/799/434
f 684/773/435 1227/799/434 627/771/433
f 628/776/438 1221/777/326 685/800/436
f 628/776/438 685/800/436 684/773/435
f 524/778/327 1221/777/326 628/776/438
f 692/802/439 688/803/439 686/251/439
f 692/802/439 652/804/439 688/803/439
f 691/805/20 652/803/20 692/251/20
f 691/805/20 687/806/20 652/803/20
f 689/251/10 687/807/10 691/808/10
f 689/251/10 690/803/10 687/807/10
f 686/251/2 690/809/2 689/810/2
f 686/251/2 688/803/2 690/809/2
f 686/730/353 691/700/353 692/712/353
f 686/730/353 689/716/353 691/700/353
f 693/771/440 1170/251/330 644/400/329
f 693/771/440 694/772/441 1170/251/330
f 650/773/442 1173/774/443 1174/775/444
f 650/773/442 1174/775/444 694/772/441
f 650/773/442 694/772/441 693/771/440
f 651/776/445 1152/777/446 1173/774/443
f 651/776/445 1173/774/443 650/773/442
f 695/778/447 1152/777/446 651/776/445
f 649/811/448 1152/812/446 695/813/447
f 649/811/448 701/814/449 1152/812/446
f 696/815/450 700/816/451 701/814/449
f 696/815/450 701/814/449 649/811/448
f 697/817/452 699/818/453 700/816/451
f 697/817/452 700/816/451 696/815/450
f 698/819/454 1155/820/455 699/818/453
f 698/819/454 699/818/453 697/817/452
f 702/821/456 1145/822/457 1155/820/455
f 702/821/456 1155/820/455 698/819/454
f 702/400/456 1138/788/458 1145/251/457
f 703/771/459 1137/823/460 1138/788/458
f 703/771/459 1138/788/458 702/400/456
f 704/773/461 707/824/462 1137/823/460
f 704/773/461 1137/823/460 703/771/459
f 705/776/463 707/824/462 704/773/461
f 648/778/464 706/777/465 707/824/462
f 648/778/464 707/824/462 705/776/463
f 646/825/466 706/244/465 648/768/464
f 646/825/466 708/826/467 706/244/465
f 646/400/466 1124/793/468 708/251/467
f 647/771/469 712/794/470 1124/793/468
f 647/771/469 1124/793/468 646/400/466
f 709/773/471 1123/795/472 712/794/470
f 709/773/471 712/794/470 647/771/469
f 710/776/473 1123/795/472 709/773/471
f 713/778/474 711/777/475 1123/795/472
f 713/778/474 1123/795/472 710/776/473
f 714/827/476 711/828/475 713/829/474
f 714/827/476 1102/830/477 711/828/475
f 715/831/478 720/832/479 1102/830/477
f 715/831/478 1102/830/477 714/827/476
f 716/833/480 1101/834/481 720/832/479
f 716/833/480 720/832/479 715/831/478
f 717/835/482 1100/836/483 1101/834/481
f 717/835/482 1101/834/481 716/833/480
f 718/837/484 719/838/485 1100/836/483
f 718/837/484 1100/836/483 717/835/482
f 645/771/486 719/251/485 718/400/484
f 645/771/486 1091/799/487 719/251/485
f 721/773/488 725/800/489 1090/801/490
f 721/773/488 1090/801/490 1091/799/487
f 721/773/488 1091/799/487 645/771/486
f 722/776/491 724/777/492 725/800/489
f 722/776/491 725/800/489 721/773/488
f 723/778/493 724/777/492 722/776/491
f 1069/839/494 724/840/492 723/841/493
f 726/842/495 1069/839/494 723/841/493
f 1150/843/496 1169/844/497 1149/845/498
f 729/846/499 1148/847/500 730/848/501
f 770/849/353 728/850/502 1151/851/503
f 771/852/353 1151/851/503 729/846/499
f 771/852/353 770/849/353 1151/851/503
f 772/853/353 729/846/499 730/848/501
f 772/853/353 771/852/353 729/846/499
f 737/854/353 1150/843/496 728/850/502
f 737/854/353 728/850/502 770/849/353
f 738/855/353 772/853/353 730/848/501
f 769/856/353 1169/844/497 1150/843/496
f 769/856/353 1150/843/496 737/854/353
f 773/857/353 738/855/353 730/848/501
f 736/858/353 1169/844/497 769/856/353
f 739/859/353 773/857/353 730/848/501
f 735/860/353 1169/844/497 736/858/353
f 437/861/353 1169/844/497 735/860/353
f 1121/862/504 740/863/353 739/859/353
f 1121/862/504 739/859/353 730/848/501
f 741/864/353 740/863/353 1121/862/504
f 742/865/353 741/864/353 1121/862/504
f 1182/866/505 756/867/353 755/868/353
f 1182/866/505 437/861/353 756/867/353
f 1182/866/505 1169/844/497 437/861/353
f 731/869/506 742/865/353 1121/862/504
f 731/869/506 1121/862/504 1099/870/507
f 774/871/353 742/865/353 731/869/506
f 754/872/353 1182/866/505 755/868/353
f 732/873/508 774/871/353 731/869/506
f 743/874/353 774/871/353 732/873/508
f 753/875/353 1182/866/505 754/872/353
f 1106/876/509 743/874/353 732/873/508
f 775/877/353 743/874/353 1106/876/509
f 752/878/353 1182/866/505 753/875/353
f 733/879/510 775/877/353 1106/876/509
f 744/880/353 775/877/353 733/879/510
f 436/881/353 1182/866/505 752/878/353
f 435/882/353 1182/866/505 436/881/353
f 727/883/511 733/879/510 734/884/512
f 727/883/511 744/880/353 733/879/510
f 727/883/511 776/885/353 744/880/353
f 432/886/353 776/885/353 727/883/511
f 745/887/353 432/886/353 727/883/511
f 1088/888/513 746/889/353 745/887/353
f 1088/888/513 433/890/353 746/889/353
f 1088/888/513 747/891/353 433/890/353
f 1088/888/513 434/892/353 747/891/353
f 1088/888/513 748/893/353 434/892/353
f 1088/888/513 749/894/353 748/893/353
f 1088/888/513 750/895/353 749/894/353
f 1088/888/513 745/887/353 727/883/511
f 1088/888/513 1182/866/505 751/896/353
f 751/896/353 1182/866/505 435/882/353
f 1088/888/513 751/896/353 750/895/353
f 432/418/2 992/399/196 757/897/514
f 776/898/515 757/897/514 758/899/516
f 776/898/515 432/418/2 757/897/514
f 744/900/517 758/899/516 993/901/518
f 744/900/517 776/898/515 758/899/516
f 775/902/519 993/901/518 759/903/520
f 775/902/519 744/900/517 993/901/518
f 743/904/521 759/903/520 994/905/522
f 743/904/521 775/902/519 759/903/520
f 774/906/523 994/905/522 995/907/524
f 774/906/523 743/904/521 994/905/522
f 742/908/525 995/907/524 760/909/526
f 742/908/525 774/906/523 995/907/524
f 741/910/527 760/909/526 761/911/528
f 741/910/527 742/908/525 760/909/526
f 740/912/529 761/911/528 762/913/530
f 740/912/529 741/910/527 761/911/528
f 739/914/439 762/913/530 996/915/531
f 739/914/439 740/912/529 762/913/530
f 773/916/532 739/914/439 996/915/531
f 738/917/533 996/915/531 997/918/534
f 738/917/533 997/918/534 763/919/535
f 738/917/533 773/916/532 996/915/531
f 772/920/536 763/919/535 764/921/537
f 772/920/536 738/917/533 763/919/535
f 771/922/538 772/920/536 764/921/537
f 770/923/539 764/921/537 998/924/540
f 770/923/539 771/922/538 764/921/537
f 737/925/541 770/923/539 998/924/540
f 737/925/541 998/924/540 765/926/542
f 737/925/541 765/926/542 766/927/543
f 769/928/544 737/925/541 766/927/543
f 736/929/545 769/928/544 766/927/543
f 736/929/545 766/927/543 767/930/546
f 735/931/20 736/929/545 767/930/546
f 735/931/20 767/930/546 768/932/282
f 794/933/353 1004/934/547 786/935/548
f 828/936/353 1003/937/549 1004/934/547
f 828/936/353 1004/934/547 794/933/353
f 795/938/353 786/935/548 787/939/550
f 795/938/353 794/933/353 786/935/548
f 827/940/353 1002/941/551 1003/937/549
f 827/940/353 1003/937/549 828/936/353
f 796/942/353 787/939/550 788/943/552
f 796/942/353 795/938/353 787/939/550
f 826/944/353 1001/945/553 1002/941/551
f 826/944/353 1002/941/551 827/940/353
f 829/946/353 788/943/552 789/947/554
f 829/946/353 796/942/353 788/943/552
f 825/948/353 1001/945/553 826/944/353
f 825/948/353 233/949/288 1001/945/553
f 797/950/353 829/946/353 789/947/554
f 797/950/353 789/947/554 1005/951/555
f 824/952/353 785/953/289 233/949/288
f 824/952/353 233/949/288 825/948/353
f 830/954/353 797/950/353 1005/951/555
f 830/954/353 1005/951/555 1006/955/556
f 422/956/353 785/953/289 824/952/353
f 242/957/279 785/953/289 422/956/353
f 798/958/353 830/954/353 1006/955/556
f 798/958/353 1006/955/556 790/959/557
f 814/960/353 242/957/279 422/956/353
f 241/961/274 242/957/279 814/960/353
f 831/962/353 798/958/353 790/959/557
f 831/962/353 790/959/557 1007/963/558
f 813/964/353 241/961/274 814/960/353
f 240/965/269 241/961/274 813/964/353
f 832/966/353 1007/963/558 791/967/559
f 832/966/353 831/962/353 1007/963/558
f 421/968/353 240/965/269 813/964/353
f 1008/969/560 832/966/353 791/967/559
f 1008/969/560 799/970/353 832/966/353
f 239/971/264 240/965/269 421/968/353
f 239/971/264 421/968/353 812/972/353
f 811/973/353 239/971/264 812/972/353
f 1009/974/561 800/975/353 799/970/353
f 1009/974/561 799/970/353 1008/969/560
f 238/976/255 239/971/264 811/973/353
f 420/977/353 238/976/255 811/973/353
f 792/978/562 801/979/353 800/975/353
f 792/978/562 800/975/353 1009/974/561
f 237/980/254 238/976/255 420/977/353
f 810/981/353 237/980/254 420/977/353
f 793/982/563 801/979/353 792/978/562
f 793/982/563 802/983/353 801/979/353
f 236/984/249 810/981/353 419/985/353
f 236/984/249 237/980/254 810/981/353
f 784/986/244 419/985/353 809/987/353
f 784/986/244 236/984/249 419/985/353
f 777/988/203 803/989/353 802/983/353
f 777/988/203 802/983/353 793/982/563
f 235/990/235 809/987/353 808/991/353
f 235/990/235 784/986/244 809/987/353
f 778/992/202 804/993/353 803/989/353
f 778/992/202 803/989/353 777/988/203
f 783/994/234 808/991/353 418/995/353
f 783/994/234 235/990/235 808/991/353
f 234/996/209 805/997/353 804/993/353
f 234/996/209 804/993/353 778/992/202
f 779/998/214 805/997/353 234/996/209
f 779/998/214 417/999/353 805/997/353
f 782/1000/229 783/994/234 418/995/353
f 782/1000/229 418/995/353 807/1001/353
f 780/1002/219 417/999/353 779/998/214
f 780/1002/219 806/1003/353 417/999/353
f 781/1004/220 782/1000/229 807/1001/353
f 781/1004/220 806/1003/353 780/1002/219
f 781/1004/220 807/1001/353 806/1003/353
f 803/398/2 416/399/196 815/897/514
f 802/1005/564 815/897/514 902/899/516
f 802/1005/564 803/398/2 815/897/514
f 801/1006/517 902/899/516 903/901/518
f 801/1006/517 802/1005/564 902/899/516
f 800/1007/519 903/901/518 816/903/520
f 800/1007/519 801/1006/517 903/901/518
f 799/1008/521 816/903/520 817/905/522
f 799/1008/521 800/1007/519 816/903/520
f 832/1009/523 817/905/522 818/907/524
f 832/1009/523 799/1008/521 817/905/522
f 831/1010/525 818/907/524 904/909/526
f 831/1010/525 832/1009/523 818/907/524
f 798/1011/527 904/909/526 905/911/528
f 798/1011/527 831/1010/525 904/909/526
f 830/1012/529 905/911/528 906/913/530
f 830/1012/529 798/1011/527 905/911/528
f 797/1013/439 830/1012/529 906/913/530
f 829/1014/532 906/913/530 819/915/531
f 829/1014/532 819/915/531 820/918/534
f 829/1014/532 797/1013/439 906/913/530
f 796/1015/533 829/1014/532 820/918/534
f 795/1016/536 820/918/534 821/919/535
f 795/1016/536 821/919/535 822/921/537
f 795/1016/536 796/1015/533 820/918/534
f 794/1017/538 795/1016/536 822/921/537
f 828/1018/539 822/921/537 823/924/540
f 828/1018/539 823/924/540 907/926/542
f 828/1018/539 794/1017/538 822/921/537
f 827/1019/541 828/1018/539 907/926/542
f 827/1019/541 907/926/542 908/927/543
f 826/1020/544 827/1019/541 908/927/543
f 825/1021/565 826/1020/544 908/927/543
f 825/1021/565 908/927/543 909/930/546
f 824/1022/20 825/1021/565 909/930/546
f 824/1022/20 909/930/546 900/932/282
f 304/1023/353 843/1024/548 915/1025/550
f 305/1026/353 914/1027/547 843/1024/548
f 305/1026/353 843/1024/548 304/1023/353
f 303/1028/353 915/1025/550 916/1029/552
f 303/1028/353 304/1023/353 915/1025/550
f 856/1030/353 914/1027/547 305/1026/353
f 856/1030/353 842/1031/549 914/1027/547
f 302/1032/353 303/1028/353 916/1029/552
f 302/1032/353 916/1029/552 917/1033/554
f 306/1034/353 842/1031/549 856/1030/353
f 306/1034/353 913/1035/551 842/1031/549
f 301/1036/353 917/1033/554 844/1037/555
f 301/1036/353 302/1032/353 917/1033/554
f 857/1038/353 913/1035/551 306/1034/353
f 857/1038/353 841/1039/553 913/1035/551
f 300/1040/353 301/1036/353 844/1037/555
f 300/1040/353 844/1037/555 918/1041/556
f 858/1042/353 901/1043/288 841/1039/553
f 858/1042/353 841/1039/553 857/1038/353
f 855/1044/353 300/1040/353 918/1041/556
f 855/1044/353 918/1041/556 845/1045/557
f 859/1046/353 331/1047/289 901/1043/288
f 859/1046/353 901/1043/288 858/1042/353
f 854/1048/353 855/1044/353 845/1045/557
f 854/1048/353 845/1045/557 919/1049/558
f 860/1050/353 840/1051/279 331/1047/289
f 860/1050/353 331/1047/289 859/1046/353
f 299/1052/353 854/1048/353 919/1049/558
f 971/1053/353 330/1054/274 840/1051/279
f 971/1053/353 840/1051/279 860/1050/353
f 846/1055/559 299/1052/353 919/1049/558
f 853/1056/353 299/1052/353 846/1055/559
f 972/1057/353 330/1054/274 971/1053/353
f 972/1057/353 329/1058/269 330/1054/274
f 852/1059/353 853/1056/353 846/1055/559
f 973/1060/353 329/1058/269 972/1057/353
f 847/1061/560 852/1059/353 846/1055/559
f 839/1062/264 329/1058/269 973/1060/353
f 298/1063/353 852/1059/353 847/1061/560
f 848/1064/561 851/1065/353 298/1063/353
f 848/1064/561 298/1063/353 847/1061/560
f 838/1066/255 839/1062/264 973/1060/353
f 838/1066/255 973/1060/353 861/1067/353
f 849/1068/562 297/1069/353 851/1065/353
f 849/1068/562 851/1065/353 848/1064/561
f 328/1070/254 861/1067/353 862/1071/353
f 328/1070/254 838/1066/255 861/1067/353
f 850/1072/563 296/1073/353 297/1069/353
f 850/1072/563 297/1069/353 849/1068/562
f 327/1074/249 862/1071/353 974/1075/353
f 327/1074/249 328/1070/254 862/1071/353
f 833/1076/203 867/1077/353 296/1073/353
f 833/1076/203 296/1073/353 850/1072/563
f 326/1078/244 974/1075/353 863/1079/353
f 326/1078/244 327/1074/249 974/1075/353
f 834/1080/202 866/1081/353 867/1077/353
f 834/1080/202 867/1077/353 833/1076/203
f 325/1082/235 863/1079/353 975/1083/353
f 325/1082/235 326/1078/244 863/1079/353
f 322/1084/209 866/1081/353 834/1080/202
f 322/1084/209 978/1085/353 866/1081/353
f 324/1086/234 975/1083/353 864/1087/353
f 324/1086/234 325/1082/235 975/1083/353
f 835/1088/313 978/1085/353 322/1084/209
f 835/1088/313 977/1089/353 978/1085/353
f 323/1090/229 864/1087/353 865/1091/353
f 323/1090/229 324/1086/234 864/1087/353
f 836/1092/219 977/1089/353 835/1088/313
f 836/1092/219 976/1093/353 977/1089/353
f 837/1094/220 976/1093/353 836/1092/219
f 837/1094/220 323/1090/229 865/1091/353
f 837/1094/220 865/1091/353 976/1093/353
f 868/1095/565 874/251/20 295/1096/20
f 868/1095/565 875/252/565 874/251/20
f 979/1097/544 876/259/544 875/252/565
f 979/1097/544 875/252/565 868/1095/565
f 980/1098/541 884/263/541 876/259/544
f 980/1098/541 876/259/544 979/1097/544
f 981/1099/539 877/267/539 884/263/541
f 981/1099/539 884/263/541 980/1098/541
f 982/1100/538 878/271/538 877/267/539
f 982/1100/538 877/267/539 981/1099/539
f 983/1101/536 885/275/536 878/271/538
f 983/1101/536 878/271/538 982/1100/538
f 869/1102/533 886/279/533 885/275/536
f 869/1102/533 887/283/532 886/279/533
f 869/1102/533 885/275/536 983/1101/536
f 870/1103/532 887/283/532 869/1102/533
f 871/1104/439 888/287/439 887/283/532
f 871/1104/439 887/283/532 870/1103/532
f 984/1105/529 889/291/529 888/287/439
f 984/1105/529 879/295/527 889/291/529
f 984/1105/529 888/287/439 871/1104/439
f 985/1106/527 879/295/527 984/1105/529
f 986/1107/525 880/299/525 879/295/527
f 986/1107/525 879/295/527 985/1106/527
f 987/1108/523 881/303/523 880/299/525
f 987/1108/523 880/299/525 986/1107/525
f 988/1109/521 882/307/521 881/303/523
f 988/1109/521 890/311/519 882/307/521
f 988/1109/521 881/303/523 987/1108/523
f 872/1110/519 890/311/519 988/1109/521
f 989/1111/517 890/311/519 872/1110/519
f 989/1111/517 891/315/517 890/311/519
f 989/1111/517 883/319/564 891/315/517
f 873/1112/564 883/319/564 989/1111/517
f 383/344/2 883/319/564 873/1112/564
f 383/344/2 397/168/2 883/319/564
f 398/1113/353 399/1114/353 400/1115/353
f 881/1116/353 882/1117/353 890/1118/353
f 881/1116/353 890/1118/353 891/1119/353
f 405/1120/353 897/1121/353 898/1122/353
f 899/1123/353 402/1124/353 896/1125/353
f 899/1123/353 896/1125/353 403/1126/353
f 899/1123/353 403/1126/353 404/1127/353
f 899/1123/353 404/1127/353 897/1121/353
f 899/1123/353 897/1121/353 405/1120/353
f 879/1128/353 880/1129/353 881/1116/353
f 888/400/353 889/1130/353 879/1128/353
f 874/777/353 899/1123/353 406/1131/357
f 886/1132/353 887/1133/353 888/400/353
f 876/1134/353 874/777/353 875/1135/357
f 878/1136/353 876/1134/353 884/1137/353
f 878/1136/353 884/1137/353 877/1138/353
f 878/1136/353 885/1139/353 886/1132/353
f 878/1136/353 891/1119/353 883/1140/353
f 878/1136/353 883/1140/353 397/1141/353
f 878/1136/353 397/1141/353 892/1142/353
f 878/1136/353 892/1142/353 398/1113/353
f 878/1136/353 400/1115/353 893/1143/353
f 878/1136/353 893/1143/353 401/1144/353
f 878/1136/353 401/1144/353 894/1145/353
f 878/1136/353 894/1145/353 895/1146/353
f 878/1136/353 895/1146/353 402/1124/353
f 878/1136/353 398/1113/353 400/1115/353
f 878/1136/353 899/1123/353 874/777/353
f 878/1136/353 402/1124/353 899/1123/353
f 878/1136/353 874/777/353 876/1134/353
f 878/1136/353 881/1116/353 891/1119/353
f 878/1136/353 879/1128/353 881/1116/353
f 878/1136/353 888/400/353 879/1128/353
f 878/1136/353 886/1132/353 888/400/353
f 910/1147/198 815/200/514 416/203/196
f 833/120/203 850/1148/563 912/1149/311
f 920/1150/566 319/320/283 900/168/282
f 920/1150/566 900/168/282 909/170/546
f 921/1151/567 320/322/285 319/320/283
f 921/1151/567 319/320/283 920/1150/566
f 922/1152/568 320/322/285 921/1151/567
f 922/1152/568 321/324/287 320/322/285
f 922/1152/568 901/109/288 321/324/287
f 922/1152/568 841/1153/553 901/109/288
f 923/1154/569 920/1150/566 909/170/546
f 923/1154/569 909/170/546 908/172/543
f 924/1155/570 920/1150/566 923/1154/569
f 924/1155/570 921/1151/567 920/1150/566
f 925/1156/571 921/1151/567 924/1155/570
f 925/1156/571 913/1157/551 841/1153/553
f 925/1156/571 841/1153/553 922/1152/568
f 925/1156/571 922/1152/568 921/1151/567
f 926/1158/572 908/172/543 907/173/542
f 926/1158/572 923/1154/569 908/172/543
f 927/1159/573 923/1154/569 926/1158/572
f 927/1159/573 924/1155/570 923/1154/569
f 928/1160/574 925/1156/571 924/1155/570
f 928/1160/574 913/1157/551 925/1156/571
f 928/1160/574 842/1161/549 913/1157/551
f 928/1160/574 924/1155/570 927/1159/573
f 929/1162/575 907/173/542 823/176/540
f 929/1162/575 926/1158/572 907/173/542
f 930/1163/576 927/1159/573 926/1158/572
f 930/1163/576 926/1158/572 929/1162/575
f 931/1164/577 914/1165/547 842/1161/549
f 931/1164/577 928/1160/574 927/1159/573
f 931/1164/577 842/1161/549 928/1160/574
f 931/1164/577 927/1159/573 930/1163/576
f 932/1166/578 823/176/540 822/178/537
f 932/1166/578 930/1163/576 929/1162/575
f 932/1166/578 929/1162/575 823/176/540
f 933/1167/579 930/1163/576 932/1166/578
f 934/1168/580 843/1169/548 914/1165/547
f 934/1168/580 931/1164/577 930/1163/576
f 934/1168/580 914/1165/547 931/1164/577
f 934/1168/580 930/1163/576 933/1167/579
f 935/1170/581 822/178/537 821/180/535
f 935/1170/581 933/1167/579 932/1166/578
f 935/1170/581 932/1166/578 822/178/537
f 936/1171/582 933/1167/579 935/1170/581
f 937/1172/583 915/1173/550 843/1169/548
f 937/1172/583 934/1168/580 933/1167/579
f 937/1172/583 933/1167/579 936/1171/582
f 937/1172/583 843/1169/548 934/1168/580
f 938/1174/584 821/180/535 820/182/534
f 938/1174/584 935/1170/581 821/180/535
f 939/1175/585 935/1170/581 938/1174/584
f 939/1175/585 936/1171/582 935/1170/581
f 940/1176/586 916/1177/552 915/1173/550
f 940/1176/586 937/1172/583 936/1171/582
f 940/1176/586 936/1171/582 939/1175/585
f 940/1176/586 915/1173/550 937/1172/583
f 941/1178/587 820/182/534 819/184/531
f 941/1178/587 938/1174/584 820/182/534
f 941/1178/587 939/1175/585 938/1174/584
f 942/1179/588 939/1175/585 941/1178/587
f 943/1180/589 917/1181/554 916/1177/552
f 943/1180/589 916/1177/552 940/1176/586
f 943/1180/589 940/1176/586 939/1175/585
f 943/1180/589 939/1175/585 942/1179/588
f 944/1182/590 819/184/531 906/156/530
f 944/1182/590 941/1178/587 819/184/531
f 945/1183/591 942/1179/588 941/1178/587
f 945/1183/591 941/1178/587 944/1182/590
f 946/1184/592 844/1185/555 917/1181/554
f 946/1184/592 943/1180/589 942/1179/588
f 946/1184/592 917/1181/554 943/1180/589
f 946/1184/592 942/1179/588 945/1183/591
f 947/1186/593 906/156/530 905/186/528
f 947/1186/593 944/1182/590 906/156/530
f 948/1187/594 945/1183/591 944/1182/590
f 948/1187/594 946/1184/592 945/1183/591
f 948/1187/594 944/1182/590 947/1186/593
f 949/1188/595 918/1189/556 844/1185/555
f 949/1188/595 844/1185/555 946/1184/592
f 949/1188/595 946/1184/592 948/1187/594
f 950/1190/596 905/186/528 904/189/526
f 950/1190/596 947/1186/593 905/186/528
f 951/1191/597 948/1187/594 947/1186/593
f 951/1191/597 949/1188/595 948/1187/594
f 951/1191/597 947/1186/593 950/1190/596
f 952/1192/598 845/1193/557 918/1189/556
f 952/1192/598 918/1189/556 949/1188/595
f 952/1192/598 949/1188/595 951/1191/597
f 953/1194/599 904/189/526 818/190/524
f 953/1194/599 950/1190/596 904/189/526
f 954/1195/600 951/1191/597 950/1190/596
f 954/1195/600 952/1192/598 951/1191/597
f 954/1195/600 950/1190/596 953/1194/599
f 955/1196/601 845/1193/557 952/1192/598
f 955/1196/601 919/1197/558 845/1193/557
f 955/1196/601 846/1198/559 919/1197/558
f 955/1196/601 952/1192/598 954/1195/600
f 956/1199/602 818/190/524 817/193/522
f 956/1199/602 953/1194/599 818/190/524
f 957/1200/603 954/1195/600 953/1194/599
f 957/1200/603 953/1194/599 956/1199/602
f 958/1201/604 846/1198/559 955/1196/601
f 958/1201/604 955/1196/601 954/1195/600
f 958/1201/604 954/1195/600 957/1200/603
f 959/1202/605 817/193/522 816/195/520
f 959/1202/605 956/1199/602 817/193/522
f 960/1203/606 958/1201/604 957/1200/603
f 960/1203/606 957/1200/603 956/1199/602
f 960/1203/606 956/1199/602 959/1202/605
f 961/1204/607 958/1201/604 960/1203/606
f 961/1204/607 846/1198/559 958/1201/604
f 961/1204/607 847/1205/560 846/1198/559
f 962/1206/608 816/195/520 903/196/518
f 962/1206/608 959/1202/605 816/195/520
f 963/1207/609 959/1202/605 962/1206/608
f 963/1207/609 960/1203/606 959/1202/605
f 963/1207/609 961/1204/607 960/1203/606
f 964/1208/610 847/1205/560 961/1204/607
f 964/1208/610 961/1204/607 963/1207/609
f 964/1208/610 848/1209/561 847/1205/560
f 964/1208/610 849/1210/562 848/1209/561
f 965/1211/611 962/1206/608 903/196/518
f 965/1211/611 903/196/518 902/199/516
f 965/1211/611 963/1207/609 962/1206/608
f 966/1212/612 964/1208/610 963/1207/609
f 966/1212/612 963/1207/609 965/1211/611
f 967/1213/613 849/1210/562 964/1208/610
f 967/1213/613 964/1208/610 966/1212/612
f 967/1213/613 850/1148/563 849/1210/562
f 968/1214/614 965/1211/611 902/199/516
f 968/1214/614 902/199/516 815/200/514
f 968/1214/614 815/200/514 910/1147/198
f 969/1215/615 966/1212/612 965/1211/611
f 969/1215/615 965/1211/611 968/1214/614
f 969/1215/615 910/1147/198 911/1216/200
f 969/1215/615 968/1214/614 910/1147/198
f 970/1217/616 911/1216/200 912/1149/311
f 970/1217/616 967/1213/613 966/1212/612
f 970/1217/616 850/1148/563 967/1213/613
f 970/1217/616 969/1215/615 911/1216/200
f 970/1217/616 966/1212/612 969/1215/615
f 970/1217/616 912/1149/311 850/1148/563
f 296/1218/310 868/252/617 295/251/310
f 867/1219/617 979/259/618 868/252/617
f 867/1219/617 868/252/617 296/1218/310
f 866/1220/618 980/263/619 979/259/618
f 866/1220/618 979/259/618 867/1219/617
f 978/1221/619 981/267/620 980/263/619
f 978/1221/619 980/263/619 866/1220/618
f 977/1222/620 982/271/621 981/267/620
f 977/1222/620 981/267/620 978/1221/619
f 976/1223/621 983/275/622 982/271/621
f 976/1223/621 982/271/621 977/1222/620
f 865/1224/622 869/279/623 983/275/622
f 865/1224/622 983/275/622 976/1223/621
f 864/1225/623 870/283/624 869/279/623
f 864/1225/623 869/279/623 865/1224/622
f 975/1226/624 871/287/625 870/283/624
f 975/1226/624 870/283/624 864/1225/623
f 863/1227/625 984/291/626 871/287/625
f 863/1227/625 871/287/625 975/1226/624
f 974/1228/626 985/295/627 984/291/626
f 974/1228/626 984/291/626 863/1227/625
f 862/1229/627 985/295/627 974/1228/626
f 861/1230/628 986/299/628 985/295/627
f 861/1230/628 987/303/629 986/299/628
f 861/1230/628 985/295/627 862/1229/627
f 973/1231/629 988/307/630 987/303/629
f 973/1231/629 987/303/629 861/1230/628
f 972/1232/630 988/307/630 973/1231/629
f 971/1233/631 988/307/630 972/1232/630
f 971/1233/631 872/311/631 988/307/630
f 971/1233/631 989/315/632 872/311/631
f 860/1234/632 989/315/632 971/1233/631
f 859/1235/633 989/315/632 860/1234/632
f 859/1235/633 873/319/633 989/315/632
f 858/325/290 873/319/633 859/1235/633
f 858/325/290 383/168/290 873/319/633
f 999/1147/198 757/200/514 992/203/196
f 1010/1150/566 990/320/283 768/168/282
f 1010/1150/566 768/168/282 767/170/546
f 1011/1151/567 232/322/285 990/320/283
f 1011/1151/567 990/320/283 1010/1150/566
f 1012/1152/568 232/322/285 1011/1151/567
f 1012/1152/568 991/324/287 232/322/285
f 1012/1152/568 233/109/288 991/324/287
f 1012/1152/568 1001/1153/553 233/109/288
f 1013/1154/569 1010/1150/566 767/170/546
f 1013/1154/569 767/170/546 766/172/543
f 1014/1155/570 1010/1150/566 1013/1154/569
f 1014/1155/570 1011/1151/567 1010/1150/566
f 1015/1156/571 1011/1151/567 1014/1155/570
f 1015/1156/571 1002/1157/551 1001/1153/553
f 1015/1156/571 1001/1153/553 1012/1152/568
f 1015/1156/571 1012/1152/568 1011/1151/567
f 1016/1158/634 766/172/543 765/173/542
f 1016/1158/634 1013/1154/569 766/172/543
f 1017/1159/573 1013/1154/569 1016/1158/634
f 1017/1159/573 1014/1155/570 1013/1154/569
f 1018/1160/574 1015/1156/571 1014/1155/570
f 1018/1160/574 1002/1157/551 1015/1156/571
f 1018/1160/574 1003/1161/549 1002/1157/551
f 1018/1160/574 1004/1165/547 1003/1161/549
f 1018/1160/574 1014/1155/570 1017/1159/573
f 1019/1162/575 765/173/542 998/176/540
f 1019/1162/575 1016/1158/634 765/173/542
f 1020/1163/576 1017/1159/573 1016/1158/634
f 1020/1163/576 1016/1158/634 1019/1162/575
f 1021/1164/577 1017/1159/573 1020/1163/576
f 1021/1164/577 1004/1165/547 1018/1160/574
f 1021/1164/577 1018/1160/574 1017/1159/573
f 1022/1166/578 998/176/540 764/178/537
f 1022/1166/578 1019/1162/575 998/176/540
f 1023/1167/579 1019/1162/575 1022/1166/578
f 1023/1167/579 1020/1163/576 1019/1162/575
f 1024/1168/580 786/1169/548 1004/1165/547
f 1024/1168/580 1004/1165/547 1021/1164/577
f 1024/1168/580 1021/1164/577 1020/1163/576
f 1024/1168/580 1020/1163/576 1023/1167/579
f 1025/1170/581 764/178/537 763/180/535
f 1025/1170/581 1022/1166/578 764/178/537
f 1026/1171/582 1023/1167/579 1022/1166/578
f 1026/1171/582 1024/1168/580 1023/1167/579
f 1026/1171/582 1022/1166/578 1025/1170/581
f 1027/1172/583 787/1173/550 786/1169/548
f 1027/1172/583 788/1177/552 787/1173/550
f 1027/1172/583 1024/1168/580 1026/1171/582
f 1027/1172/583 786/1169/548 1024/1168/580
f 1028/1174/584 1025/1170/581 763/180/535
f 1028/1174/584 763/180/535 997/182/534
f 1029/1175/585 1026/1171/582 1025/1170/581
f 1029/1175/585 1025/1170/581 1028/1174/584
f 1030/1176/586 788/1177/552 1027/1172/583
f 1030/1176/586 1027/1172/583 1026/1171/582
f 1030/1176/586 1026/1171/582 1029/1175/585
f 1031/1178/587 997/182/534 996/184/531
f 1031/1178/587 1028/1174/584 997/182/534
f 1032/1179/588 1029/1175/585 1028/1174/584
f 1032/1179/588 1028/1174/584 1031/1178/587
f 1033/1180/589 789/1181/554 788/1177/552
f 1033/1180/589 1029/1175/585 1032/1179/588
f 1033/1180/589 788/1177/552 1030/1176/586
f 1033/1180/589 1030/1176/586 1029/1175/585
f 1034/1182/590 996/184/531 762/156/530
f 1034/1182/590 1031/1178/587 996/184/531
f 1034/1182/590 1032/1179/588 1031/1178/587
f 1035/1183/591 1032/1179/588 1034/1182/590
f 1036/1184/592 1005/1185/555 789/1181/554
f 1036/1184/592 1033/1180/589 1032/1179/588
f 1036/1184/592 1032/1179/588 1035/1183/591
f 1036/1184/592 789/1181/554 1033/1180/589
f 1037/1186/593 762/156/530 761/186/528
f 1037/1186/593 1034/1182/590 762/156/530
f 1038/1187/594 1035/1183/591 1034/1182/590
f 1038/1187/594 1034/1182/590 1037/1186/593
f 1039/1188/595 1006/1189/556 1005/1185/555
f 1039/1188/595 1005/1185/555 1036/1184/592
f 1039/1188/595 1036/1184/592 1035/1183/591
f 1039/1188/595 1035/1183/591 1038/1187/594
f 1040/1190/596 761/186/528 760/189/526
f 1040/1190/596 1037/1186/593 761/186/528
f 1040/1190/596 1038/1187/594 1037/1186/593
f 1041/1191/597 1038/1187/594 1040/1190/596
f 1042/1192/598 790/1193/557 1006/1189/556
f 1042/1192/598 1007/1197/558 790/1193/557
f 1042/1192/598 1039/1188/595 1038/1187/594
f 1042/1192/598 1038/1187/594 1041/1191/597
f 1042/1192/598 1006/1189/556 1039/1188/595
f 1043/1194/635 760/189/526 995/190/524
f 1043/1194/635 1040/1190/596 760/189/526
f 1044/1195/600 1042/1192/598 1041/1191/597
f 1044/1195/600 1041/1191/597 1040/1190/596
f 1044/1195/600 1040/1190/596 1043/1194/635
f 1045/1196/601 1007/1197/558 1042/1192/598
f 1045/1196/601 1042/1192/598 1044/1195/600
f 1046/1199/602 995/190/524 994/193/522
f 1046/1199/602 1043/1194/635 995/190/524
f 1047/1200/603 1044/1195/600 1043/1194/635
f 1047/1200/603 1043/1194/635 1046/1199/602
f 1048/1201/604 791/1198/559 1007/1197/558
f 1048/1201/604 1045/1196/601 1044/1195/600
f 1048/1201/604 1007/1197/558 1045/1196/601
f 1048/1201/604 1044/1195/600 1047/1200/603
f 1049/1202/605 1046/1199/602 994/193/522
f 1049/1202/605 994/193/522 759/195/520
f 1050/1203/606 1046/1199/602 1049/1202/605
f 1050/1203/606 1047/1200/603 1046/1199/602
f 1051/1204/607 1047/1200/603 1050/1203/606
f 1051/1204/607 1008/1205/560 791/1198/559
f 1051/1204/607 791/1198/559 1048/1201/604
f 1051/1204/607 1048/1201/604 1047/1200/603
f 1052/1206/636 759/195/520 993/196/518
f 1052/1206/636 1049/1202/605 759/195/520
f 1052/1206/636 1050/1203/606 1049/1202/605
f 1053/1207/609 1050/1203/606 1052/1206/636
f 1054/1208/610 1050/1203/606 1053/1207/609
f 1054/1208/610 1008/1205/560 1051/1204/607
f 1054/1208/610 1051/1204/607 1050/1203/606
f 1054/1208/610 1009/1209/561 1008/1205/560
f 1055/1211/611 993/196/518 758/199/516
f 1055/1211/611 1052/1206/636 993/196/518
f 1056/1212/612 1053/1207/609 1052/1206/636
f 1056/1212/612 1052/1206/636 1055/1211/611
f 1057/1213/613 1054/1208/610 1053/1207/609
f 1057/1213/613 1009/1209/561 1054/1208/610
f 1057/1213/613 1053/1207/609 1056/1212/612
f 1057/1213/613 792/1210/562 1009/1209/561
f 1058/1214/614 758/199/516 757/200/514
f 1058/1214/614 1055/1211/611 758/199/516
f 1058/1214/614 1056/1212/612 1055/1211/611
f 1058/1214/614 757/200/514 999/1147/198
f 1059/1215/615 999/1147/198 243/1216/200
f 1059/1215/615 1058/1214/614 999/1147/198
f 1059/1215/615 243/1216/200 1000/1149/204
f 1059/1215/615 1056/1212/612 1058/1214/614
f 1060/1217/616 1056/1212/612 1059/1215/615
f 1060/1217/616 1057/1213/613 1056/1212/612
f 1060/1217/616 1000/1149/204 777/120/203
f 1060/1217/616 792/1210/562 1057/1213/613
f 1060/1217/616 1059/1215/615 1000/1149/204
f 1060/1217/616 793/1148/563 792/1210/562
f 1060/1217/616 777/120/203 793/1148/563
f 1204/1236/637 1063/1237/638 1061/1238/639
f 1064/1239/640 1063/1237/638 1204/1236/637
f 1201/1240/641 1204/1241/641 1062/1242/642
f 1204/1241/641 1061/1243/642 1062/1242/642
f 1182/1244/505 1088/1245/513 1072/1246/643
f 1187/1247/644 1072/1246/643 1065/1248/645
f 1187/1247/644 1182/1244/505 1072/1246/643
f 1186/1249/646 1065/1248/645 1063/1250/638
f 1186/1249/646 1187/1247/644 1065/1248/645
f 1064/1251/640 1186/1249/646 1063/1250/638
f 1066/1252/647 623/1253/361 1362/1254/648
f 1205/1255/358 623/1253/361 1066/1252/647
f 1209/400/336 1362/777/648 526/251/342
f 1066/778/647 1362/777/648 1209/400/336
f 1070/1256/649 1069/1257/494 726/1258/495
f 1070/1256/649 726/1258/495 1068/1259/650
f 1071/1260/651 1068/1259/650 1062/1261/652
f 1071/1260/651 1070/1256/649 1068/1259/650
f 1067/1262/653 1062/1261/652 1061/1263/639
f 1067/1262/653 1071/1260/651 1062/1261/652
f 1063/1264/638 1067/1262/653 1061/1263/639
f 1086/1265/654 1070/1266/649 1071/1267/651
f 1069/287/494 1070/1266/649 1086/1265/654
f 1074/1268/655 1065/1269/645 1072/1270/643
f 1074/1268/655 1063/1271/638 1065/1269/645
f 1075/1272/656 1072/1270/643 1088/1273/513
f 1075/1272/656 1074/1268/655 1072/1270/643
f 1075/1272/656 1063/1271/638 1074/1268/655
f 1076/1274/657 1075/1272/656 1088/1273/513
f 1077/1275/658 1076/1274/657 1088/1273/513
f 1078/1276/659 1088/1277/513 1073/1278/660
f 1078/1276/659 1077/1275/658 1088/1277/513
f 1079/1279/661 1067/1280/653 1063/1271/638
f 1079/1279/661 1063/1271/638 1075/1272/656
f 1079/1279/661 1076/1274/657 1077/1275/658
f 1079/1279/661 1075/1272/656 1076/1274/657
f 1080/1281/662 1077/1275/658 1078/1276/659
f 1080/1281/662 1067/1280/653 1079/1279/661
f 1080/1281/662 1079/1279/661 1077/1275/658
f 1081/1282/663 1073/1278/660 1087/1283/664
f 1081/1282/663 1078/1276/659 1073/1278/660
f 1081/1282/663 1080/1281/662 1078/1276/659
f 1082/1284/665 1071/1267/651 1067/1280/653
f 1082/1284/665 1067/1280/653 1080/1281/662
f 1082/1284/665 1080/1281/662 1081/1282/663
f 1083/1285/666 1087/1283/664 1086/1265/654
f 1083/1285/666 1081/1282/663 1087/1283/664
f 1083/1285/666 1086/1265/654 1071/1267/651
f 1083/1285/666 1071/1267/651 1082/1284/665
f 1083/1285/666 1082/1284/665 1081/1282/663
f 1089/1286/667 724/1287/492 1069/1288/494
f 1089/1286/667 1069/1288/494 1086/1289/654
f 1084/1290/668 1086/1289/654 1087/1291/664
f 1084/1290/668 1089/1286/667 1086/1289/654
f 1085/1292/669 1087/1291/664 1073/1293/660
f 1085/1292/669 1084/1290/668 1087/1291/664
f 727/1294/511 1073/1293/660 1088/1295/513
f 727/1294/511 1085/1292/669 1073/1293/660
f 1092/1296/670 1084/1297/668 1085/1298/669
f 1092/1296/670 1085/1298/669 727/251/511
f 1092/1296/670 727/251/511 734/1299/512
f 1092/1296/670 1105/1300/671 1104/1301/672
f 1092/1296/670 734/1299/512 1105/1300/671
f 1093/1302/673 1084/1297/668 1092/1296/670
f 1093/1302/673 1092/1296/670 1104/1301/672
f 1094/1303/674 1089/1304/667 1084/1297/668
f 1094/1303/674 1084/1297/668 1093/1302/673
f 1095/1305/675 724/400/492 1089/1304/667
f 1095/1305/675 725/1306/489 724/400/492
f 1095/1305/675 1090/1307/490 725/1306/489
f 1095/1305/675 1094/1303/674 1090/1307/490
f 1095/1305/675 1089/1304/667 1094/1303/674
f 1096/1308/676 1104/1301/672 1103/1309/677
f 1096/1308/676 1093/1302/673 1104/1301/672
f 1096/1308/676 1094/1303/674 1093/1302/673
f 1096/1308/676 1090/1307/490 1094/1303/674
f 1097/1310/678 1103/1309/677 719/1311/485
f 1097/1310/678 1091/1312/487 1090/1307/490
f 1097/1310/678 719/1311/485 1091/1312/487
f 1097/1310/678 1090/1307/490 1096/1308/676
f 1097/1310/678 1096/1308/676 1103/1309/677
f 733/1313/510 1105/1314/671 734/1315/512
f 711/1316/475 1102/1317/477 1119/1318/679
f 1107/1319/680 1104/1320/672 1105/1314/671
f 1107/1319/680 1105/1314/671 733/1313/510
f 1108/1321/681 1103/1322/677 1104/1320/672
f 1108/1321/681 1104/1320/672 1107/1319/680
f 1109/1323/682 1100/1324/483 719/1325/485
f 1109/1323/682 719/1325/485 1103/1322/677
f 1109/1323/682 1103/1322/677 1108/1321/681
f 1110/1326/683 733/1313/510 1106/1327/509
f 1110/1326/683 1107/1319/680 733/1313/510
f 1111/1328/684 1107/1319/680 1110/1326/683
f 1111/1328/684 1108/1321/681 1107/1319/680
f 1112/1329/685 1101/1330/481 1100/1324/483
f 1112/1329/685 1109/1323/682 1108/1321/681
f 1112/1329/685 1100/1324/483 1109/1323/682
f 1112/1329/685 1108/1321/681 1111/1328/684
f 1113/1331/686 1106/1327/509 732/1332/508
f 1113/1331/686 1110/1326/683 1106/1327/509
f 1114/1333/687 1110/1326/683 1113/1331/686
f 1114/1333/687 1111/1328/684 1110/1326/683
f 1115/1334/688 720/1335/479 1101/1330/481
f 1115/1334/688 1101/1330/481 1112/1329/685
f 1115/1334/688 1111/1328/684 1114/1333/687
f 1115/1334/688 1112/1329/685 1111/1328/684
f 1116/1336/689 1099/1337/507 1120/1338/690
f 1116/1336/689 731/1339/506 1099/1337/507
f 1116/1336/689 732/1332/508 731/1339/506
f 1116/1336/689 1113/1331/686 732/1332/508
f 1117/1340/691 1120/1338/690 1098/1341/692
f 1117/1340/691 1114/1333/687 1113/1331/686
f 1117/1340/691 1116/1336/689 1120/1338/690
f 1117/1340/691 1113/1331/686 1116/1336/689
f 1117/1340/691 1115/1334/688 1114/1333/687
f 1118/1342/693 1098/1341/692 1119/1318/679
f 1118/1342/693 1102/1317/477 720/1335/479
f 1118/1342/693 720/1335/479 1115/1334/688
f 1118/1342/693 1119/1318/679 1102/1317/477
f 1118/1342/693 1117/1340/691 1098/1341/692
f 1118/1342/693 1115/1334/688 1117/1340/691
f 1125/1343/694 1098/1344/692 1120/1345/690
f 1125/1343/694 1120/1345/690 1099/251/507
f 1125/1343/694 1099/251/507 1121/1346/504
f 1125/1343/694 1132/1347/695 1131/1348/696
f 1125/1343/694 1121/1346/504 1132/1347/695
f 1126/1349/697 1098/1344/692 1125/1343/694
f 1126/1349/697 1125/1343/694 1131/1348/696
f 1127/1350/698 1119/1351/679 1098/1344/692
f 1127/1350/698 1098/1344/692 1126/1349/697
f 1128/1352/699 711/400/475 1119/1351/679
f 1128/1352/699 1123/1353/472 711/400/475
f 1128/1352/699 712/1354/470 1123/1353/472
f 1128/1352/699 1127/1350/698 712/1354/470
f 1128/1352/699 1119/1351/679 1127/1350/698
f 1129/1355/700 1131/1348/696 1122/1356/701
f 1129/1355/700 1126/1349/697 1131/1348/696
f 1129/1355/700 1127/1350/698 1126/1349/697
f 1129/1355/700 712/1354/470 1127/1350/698
f 1130/1357/702 1122/1356/701 708/1358/467
f 1130/1357/702 1124/1359/468 712/1354/470
f 1130/1357/702 708/1358/467 1124/1359/468
f 1130/1357/702 712/1354/470 1129/1355/700
f 1130/1357/702 1129/1355/700 1122/1356/701
f 706/1360/465 708/1361/467 1122/1362/701
f 1133/1363/703 1122/1362/701 1131/1364/696
f 1133/1363/703 706/1360/465 1122/1362/701
f 1134/1365/704 1131/1364/696 1132/1366/695
f 1134/1365/704 1133/1363/703 1131/1364/696
f 1135/1367/705 1132/1366/695 1121/1368/504
f 1135/1367/705 1134/1365/704 1132/1366/695
f 730/1369/501 1135/1367/705 1121/1368/504
f 1139/1343/706 1134/1344/704 1135/1345/705
f 1139/1343/706 1135/1345/705 730/251/501
f 1139/1343/706 730/251/501 1148/1346/500
f 1139/1343/706 1147/1347/707 1146/1348/708
f 1139/1343/706 1148/1346/500 1147/1347/707
f 1140/1349/709 1134/1344/704 1139/1343/706
f 1140/1349/709 1139/1343/706 1146/1348/708
f 1141/1350/710 1133/1351/703 1134/1344/704
f 1141/1350/710 1134/1344/704 1140/1349/709
f 1142/1352/711 706/400/465 1133/1351/703
f 1142/1352/711 707/1353/462 706/400/465
f 1142/1352/711 1137/1354/460 707/1353/462
f 1142/1352/711 1141/1350/710 1137/1354/460
f 1142/1352/711 1133/1351/703 1141/1350/710
f 1143/1355/712 1146/1348/708 1136/1356/713
f 1143/1355/712 1140/1349/709 1146/1348/708
f 1143/1355/712 1141/1350/710 1140/1349/709
f 1143/1355/712 1137/1354/460 1141/1350/710
f 1144/1357/714 1136/1356/713 1145/1358/457
f 1144/1357/714 1138/1359/458 1137/1354/460
f 1144/1357/714 1145/1358/457 1138/1359/458
f 1144/1357/714 1137/1354/460 1143/1355/712
f 1144/1357/714 1143/1355/712 1136/1356/713
f 1155/1370/455 1145/1371/457 1136/1372/713
f 1154/1373/715 1150/1374/496 1149/1375/498
f 1156/1376/716 1147/1377/707 1148/1378/500
f 1156/1376/716 1148/1378/500 729/1379/499
f 1157/1380/717 1146/1381/708 1147/1377/707
f 1157/1380/717 1147/1377/707 1156/1376/716
f 1158/1382/718 1136/1372/713 1146/1381/708
f 1158/1382/718 1155/1370/455 1136/1372/713
f 1158/1382/718 1146/1381/708 1157/1380/717
f 1159/1383/719 729/1379/499 1151/1384/503
f 1159/1383/719 1156/1376/716 729/1379/499
f 1160/1385/720 1156/1376/716 1159/1383/719
f 1160/1385/720 1157/1380/717 1156/1376/716
f 1161/1386/721 699/1387/453 1155/1370/455
f 1161/1386/721 1155/1370/455 1158/1382/718
f 1161/1386/721 1158/1382/718 1157/1380/717
f 1161/1386/721 1157/1380/717 1160/1385/720
f 1162/1388/722 1151/1384/503 728/1389/502
f 1162/1388/722 1159/1383/719 1151/1384/503
f 1163/1390/723 1159/1383/719 1162/1388/722
f 1163/1390/723 1160/1385/720 1159/1383/719
f 1164/1391/724 700/1392/451 699/1387/453
f 1164/1391/724 1160/1385/720 1163/1390/723
f 1164/1391/724 1161/1386/721 1160/1385/720
f 1164/1391/724 699/1387/453 1161/1386/721
f 1165/1393/725 728/1389/502 1150/1374/496
f 1165/1393/725 1154/1373/715 1153/1394/726
f 1165/1393/725 1162/1388/722 728/1389/502
f 1165/1393/725 1150/1374/496 1154/1373/715
f 1166/1395/727 1153/1394/726 1168/1396/728
f 1166/1395/727 1163/1390/723 1162/1388/722
f 1166/1395/727 1165/1393/725 1153/1394/726
f 1166/1395/727 1164/1391/724 1163/1390/723
f 1166/1395/727 1162/1388/722 1165/1393/725
f 1167/1397/729 1168/1396/728 1152/1398/446
f 1167/1397/729 701/1399/449 700/1392/451
f 1167/1397/729 1152/1398/446 701/1399/449
f 1167/1397/729 700/1392/451 1164/1391/724
f 1167/1397/729 1164/1391/724 1166/1395/727
f 1167/1397/729 1166/1395/727 1168/1396/728
f 1175/1400/730 1153/1344/726 1154/1345/715
f 1175/1400/730 1154/1345/715 1149/251/498
f 1175/1400/730 1149/251/498 1169/1401/497
f 1175/1400/730 1172/1300/731 1181/1301/732
f 1175/1400/730 1169/1401/497 1172/1300/731
f 1176/1402/733 1153/1344/726 1175/1400/730
f 1176/1402/733 1175/1400/730 1181/1301/732
f 1177/1403/734 1168/1351/728 1153/1344/726
f 1177/1403/734 1153/1344/726 1176/1402/733
f 1178/1305/735 1152/400/446 1168/1351/728
f 1178/1305/735 1173/1306/443 1152/400/446
f 1178/1305/735 1174/1307/444 1173/1306/443
f 1178/1305/735 1177/1403/734 1174/1307/444
f 1178/1305/735 1168/1351/728 1177/1403/734
f 1179/1308/736 1181/1301/732 1171/1309/737
f 1179/1308/736 1176/1402/733 1181/1301/732
f 1179/1308/736 1174/1307/444 1177/1403/734
f 1179/1308/736 1177/1403/734 1176/1402/733
f 1180/1310/738 1171/1309/737 1170/1311/330
f 1180/1310/738 694/1312/441 1174/1307/444
f 1180/1310/738 1170/1311/330 694/1312/441
f 1180/1310/738 1174/1307/444 1179/1308/736
f 1180/1310/738 1179/1308/736 1171/1309/737
f 1183/1404/739 1170/1405/330 1171/1406/737
f 1183/1404/739 525/1407/331 1170/1405/330
f 1184/1408/740 1171/1406/737 1181/1409/732
f 1184/1408/740 1183/1404/739 1171/1406/737
f 1185/1410/741 1181/1409/732 1172/1411/731
f 1185/1410/741 1184/1408/740 1181/1409/732
f 1182/1412/505 1172/1411/731 1169/1413/497
f 1182/1412/505 1185/1410/741 1172/1411/731
f 1188/1414/742 1183/1265/739 1202/1415/743
f 525/287/331 1183/1265/739 1188/1414/742
f 1189/1416/744 1185/1278/741 1182/1277/505
f 1190/1417/745 1189/1416/744 1182/1277/505
f 1191/1418/746 1184/1283/740 1185/1278/741
f 1191/1418/746 1185/1278/741 1189/1416/744
f 1192/1419/747 1190/1417/745 1182/1277/505
f 1193/1420/748 1189/1416/744 1190/1417/745
f 1193/1420/748 1191/1418/746 1189/1416/744
f 1194/1421/749 1183/1265/739 1184/1283/740
f 1194/1421/749 1184/1283/740 1191/1418/746
f 1194/1421/749 1202/1415/743 1183/1265/739
f 1195/1422/750 1182/1423/505 1187/1424/644
f 1195/1422/750 1192/1419/747 1182/1423/505
f 1196/1425/751 1064/1426/640 1203/1427/752
f 1196/1425/751 1193/1420/748 1190/1417/745
f 1196/1425/751 1190/1417/745 1192/1419/747
f 1196/1425/751 1203/1427/752 1193/1420/748
f 1196/1425/751 1195/1422/750 1064/1426/640
f 1196/1425/751 1192/1419/747 1195/1422/750
f 1197/1428/753 1203/1427/752 1202/1415/743
f 1197/1428/753 1191/1418/746 1193/1420/748
f 1197/1428/753 1193/1420/748 1203/1427/752
f 1197/1428/753 1194/1421/749 1191/1418/746
f 1197/1428/753 1202/1415/743 1194/1421/749
f 1198/1429/754 1186/1430/646 1064/1426/640
f 1198/1429/754 1187/1424/644 1186/1430/646
f 1198/1429/754 1195/1422/750 1187/1424/644
f 1198/1429/754 1064/1426/640 1195/1422/750
f 1203/1431/752 1064/1432/640 1204/1433/637
f 1203/1431/752 1204/1433/637 1201/1434/755
f 1202/1435/743 1201/1434/755 1200/1436/756
f 1202/1435/743 1203/1431/752 1201/1434/755
f 1188/1437/742 1202/1435/743 1200/1436/756
f 1199/1438/332 1188/1437/742 1200/1436/756
f 525/1439/331 1188/1437/742 1199/1438/332
f 624/1440/757 1205/1441/358 1066/1442/647
f 624/1440/757 1066/1442/647 1207/1443/758
f 625/1444/759 624/1440/757 1207/1443/758
f 1206/1445/760 1207/1443/758 1208/1446/325
f 1206/1445/760 625/1444/759 1207/1443/758
f 626/1447/328 1206/1445/760 1208/1446/325
f 1208/287/325 1207/1267/758 1210/1448/761
f 1211/1449/762 1066/1450/647 1209/1451/336
f 1212/1452/763 1211/1449/762 1209/1451/336
f 1213/1453/764 1212/1452/763 1209/1451/336
f 1214/1454/765 1213/1453/764 1209/1455/336
f 1215/1456/766 1207/1267/766 1066/1450/766
f 1215/1456/767 1212/1452/763 1213/1453/764
f 1215/1456/767 1066/1450/647 1211/1449/762
f 1215/1456/767 1211/1449/762 1212/1452/763
f 1216/1457/768 1215/1456/767 1213/1453/764
f 1216/1457/768 1213/1453/764 1214/1454/765
f 1217/1458/769 1209/1455/336 1210/1448/761
f 1217/1458/769 1214/1454/770 1209/1455/336
f 1217/1458/771 1216/1457/768 1214/1454/765
f 1218/1459/772 1207/1267/758 1215/1456/767
f 1218/1459/772 1215/1456/767 1216/1457/768
f 1218/1459/772 1216/1457/768 1217/1458/771
f 1219/1460/773 1217/1458/771 1210/1448/774
f 1219/1460/773 1210/1448/761 1207/1267/758
f 1219/1460/773 1207/1267/758 1218/1459/772
f 1219/1460/773 1218/1459/772 1217/1458/771
f 1220/1461/775 1208/1462/325 1210/1463/761
f 1220/1461/775 1221/1464/326 1208/1462/325
f 1222/1465/776 1220/1461/775 1210/1463/761
f 1223/1466/777 1210/1463/761 1209/1467/336
f 1223/1466/777 1222/1465/776 1210/1463/761
f 1224/1468/335 1223/1466/777 1209/1467/336
f 1228/1469/778 1222/1344/776 1223/1345/777
f 1228/1469/778 1223/1345/777 1224/251/335
f 1228/1469/778 1224/251/335 533/1470/334
f 1228/1469/778 1235/1471/779 1225/1472/780
f 1228/1469/778 533/1470/334 1235/1471/779
f 1229/1473/781 1222/1344/776 1228/1469/778
f 1229/1473/781 1228/1469/778 1225/1472/780
f 1230/1403/782 1220/1351/775 1222/1344/776
f 1230/1403/782 1222/1344/776 1229/1473/781
f 1231/1305/783 1221/400/326 1220/1351/775
f 1231/1305/783 685/1306/436 1221/400/326
f 1231/1305/783 1226/1307/437 685/1306/436
f 1231/1305/783 1230/1403/782 1226/1307/437
f 1231/1305/783 1220/1351/775 1230/1403/782
f 1232/1474/784 1225/1472/780 1234/1475/785
f 1232/1474/784 1229/1473/781 1225/1472/780
f 1232/1474/784 1230/1403/782 1229/1473/781
f 1232/1474/784 1226/1307/437 1230/1403/782
f 1233/1476/786 1234/1475/785 680/1477/431
f 1233/1476/786 1227/1312/434 1226/1307/437
f 1233/1476/786 680/1477/431 1227/1312/434
f 1233/1476/786 1226/1307/437 1232/1474/784
f 1233/1476/786 1232/1474/784 1234/1475/785
f 1243/1478/787 1235/1479/779 533/251/334
f 1243/1478/787 533/251/334 532/1480/333
f 1244/1481/788 1243/1478/787 532/1480/333
f 1245/1482/789 529/1483/341 1276/1484/340
f 1245/1482/789 1276/1484/340 1240/1485/790
f 1245/1482/789 1246/1486/791 529/1483/341
f 1247/1487/792 1225/1488/780 1235/1479/779
f 1247/1487/792 1235/1479/779 1243/1478/787
f 1248/1489/793 680/400/431 1234/1351/785
f 1248/1489/793 1234/1351/785 1225/1488/780
f 1248/1489/793 681/1490/428 680/400/431
f 1248/1489/793 1225/1488/780 1247/1487/792
f 1248/1489/793 1247/1487/792 1243/1478/787
f 1249/1491/794 681/1490/428 1248/1489/793
f 1249/1491/794 1244/1481/788 681/1490/428
f 1249/1491/794 1243/1478/787 1244/1481/788
f 1249/1491/794 1248/1489/793 1243/1478/787
f 1250/1492/795 1244/1481/788 532/1480/333
f 1251/1493/796 1241/1494/429 681/1490/428
f 1251/1493/796 681/1490/428 1244/1481/788
f 1251/1493/796 1244/1481/788 1250/1492/795
f 1251/1493/796 1250/1492/795 1252/1495/797
f 1253/1496/798 532/1480/333 531/1497/337
f 1253/1496/798 531/1497/337 1254/1498/799
f 1253/1496/798 1250/1492/795 532/1480/333
f 1253/1496/798 1252/1495/797 1250/1492/795
f 1255/1499/800 1254/1498/799 1241/1494/429
f 1255/1499/800 1241/1494/429 1251/1493/796
f 1255/1499/800 1251/1493/796 1252/1495/797
f 1255/1499/800 1253/1496/798 1254/1498/799
f 1255/1499/800 1252/1495/797 1253/1496/798
f 1256/1500/801 1254/1498/799 531/1497/337
f 1257/1501/802 682/1502/426 1241/1494/429
f 1257/1501/802 1241/1494/429 1254/1498/799
f 1257/1501/802 1254/1498/799 1256/1500/801
f 1257/1501/802 1256/1500/801 1258/1503/803
f 1259/1504/804 531/1497/337 1236/1505/338
f 1259/1504/804 1236/1505/338 1260/1506/805
f 1259/1504/804 1256/1500/801 531/1497/337
f 1259/1504/804 1258/1503/803 1256/1500/801
f 1261/1507/806 682/1502/426 1257/1501/802
f 1261/1507/806 1260/1506/805 682/1502/426
f 1261/1507/806 1257/1501/802 1258/1503/803
f 1261/1507/806 1259/1504/804 1260/1506/805
f 1261/1507/806 1258/1503/803 1259/1504/804
f 1262/1508/807 1260/1506/805 1236/1505/338
f 1263/1509/808 1262/1508/807 1264/1510/809
f 1263/1509/808 1260/1506/805 1262/1508/807
f 1263/1509/808 683/1511/424 682/1502/426
f 1263/1509/808 682/1502/426 1260/1506/805
f 1265/1512/810 1264/1510/809 1262/1508/807
f 1265/1512/810 1236/1505/338 530/1513/345
f 1265/1512/810 530/1513/345 1266/1514/811
f 1265/1512/810 1262/1508/807 1236/1505/338
f 1267/1515/812 1264/1510/809 1265/1512/810
f 1267/1515/812 683/1511/424 1263/1509/808
f 1267/1515/812 1265/1512/810 1266/1514/811
f 1267/1515/812 1266/1514/811 683/1511/424
f 1267/1515/812 1263/1509/808 1264/1510/809
f 1268/1516/813 1266/1514/811 530/1513/345
f 1269/1517/814 1266/1514/811 1268/1516/813
f 1269/1517/814 1268/1516/813 1270/1518/815
f 1269/1517/814 1242/1519/422 683/1511/424
f 1269/1517/814 683/1511/424 1266/1514/811
f 1271/1520/816 530/1513/345 529/1483/341
f 1271/1520/816 1270/1518/815 1268/1516/813
f 1271/1520/816 1268/1516/813 530/1513/345
f 1271/1520/816 529/1483/341 1246/1486/791
f 1272/1521/817 1269/1517/814 1270/1518/815
f 1272/1521/817 1242/1519/422 1269/1517/814
f 1272/1521/817 1270/1518/815 1271/1520/816
f 1272/1521/817 1271/1520/816 1246/1486/791
f 1272/1521/817 1246/1486/791 1242/1519/422
f 1273/1522/818 1237/1523/420 1242/1519/422
f 1273/1522/818 1242/1519/422 1246/1486/791
f 1273/1522/818 1246/1486/791 1245/1482/789
f 1274/1524/819 1240/1485/790 1239/1525/820
f 1274/1524/819 1245/1482/789 1240/1485/790
f 1275/1526/821 1238/1527/822 1237/1523/420
f 1275/1526/821 1239/1525/820 1238/1527/822
f 1275/1526/821 1273/1522/818 1245/1482/789
f 1275/1526/821 1245/1482/789 1274/1524/819
f 1275/1526/821 1274/1524/819 1239/1525/820
f 1275/1526/821 1237/1523/420 1273/1522/818
f 1281/1343/823 1239/1528/820 1240/1345/790
f 1281/1343/823 1240/1345/790 1276/251/340
f 1281/1343/823 1276/251/340 1277/1346/339
f 1281/1343/823 1279/1347/824 1287/1348/825
f 1281/1343/823 1277/1346/339 1279/1347/824
f 1282/1349/826 1239/1528/820 1281/1343/823
f 1282/1349/826 1281/1343/823 1287/1348/825
f 1283/1350/827 1238/1529/822 1239/1528/820
f 1283/1350/827 1239/1528/820 1282/1349/826
f 1284/1530/828 1237/400/420 1238/1529/822
f 1284/1530/828 674/1353/417 1237/400/420
f 1284/1530/828 1280/1354/415 674/1353/417
f 1284/1530/828 1283/1350/827 1280/1354/415
f 1284/1530/828 1238/1529/822 1283/1350/827
f 1285/1355/829 1287/1348/825 1278/1356/830
f 1285/1355/829 1282/1349/826 1287/1348/825
f 1285/1355/829 1280/1354/415 1283/1350/827
f 1285/1355/829 1283/1350/827 1282/1349/826
f 1286/1357/831 1278/1356/830 673/1358/412
f 1286/1357/831 675/1359/413 1280/1354/415
f 1286/1357/831 673/1358/412 675/1359/413
f 1286/1357/831 1280/1354/415 1285/1355/829
f 1286/1357/831 1285/1355/829 1278/1356/830
f 1290/1531/410 673/1532/412 1278/1533/830
f 1291/1534/832 1278/1533/830 1287/1535/825
f 1291/1534/832 1290/1531/410 1278/1533/830
f 1292/1536/833 1287/1535/825 1279/1537/824
f 1292/1536/833 1291/1534/832 1287/1535/825
f 1289/1538/834 1279/1537/824 1277/1539/339
f 1289/1538/834 1292/1536/833 1279/1537/824
f 1288/1540/349 1289/1538/834 1277/1539/339
f 668/1353/407 1290/400/410 1291/1351/832
f 1297/1541/835 1291/1351/832 1292/1344/833
f 1297/1541/835 1292/1344/833 1289/1345/834
f 1298/1542/836 1289/1345/834 1288/251/349
f 1298/1542/836 1288/251/349 528/1543/350
f 1298/1542/836 1294/1347/837 1303/1348/838
f 1298/1542/836 528/1543/350 1294/1347/837
f 1298/1542/836 1297/1541/835 1289/1345/834
f 1299/1544/839 1295/1354/405 668/1353/407
f 1299/1544/839 668/1353/407 1291/1351/832
f 1299/1544/839 1291/1351/832 1297/1541/835
f 1300/1545/840 1303/1348/838 1293/1356/841
f 1300/1545/840 1298/1542/836 1303/1348/838
f 1300/1545/840 1299/1544/839 1297/1541/835
f 1300/1545/840 1297/1541/835 1298/1542/836
f 1301/1357/842 1293/1356/841 1302/1358/401
f 1301/1357/842 1296/1359/403 1295/1354/405
f 1301/1357/842 1302/1358/401 1296/1359/403
f 1301/1357/842 1295/1354/405 1299/1544/839
f 1301/1357/842 1299/1544/839 1300/1545/840
f 1301/1357/842 1300/1545/840 1293/1356/841
f 1312/1546/843 1294/1547/837 528/1548/350
f 1312/1546/843 528/1548/350 527/1549/347
f 1313/1550/844 1312/1546/843 527/1549/347
f 1314/1551/845 1313/1550/844 527/1549/347
f 1315/1552/846 1310/1494/399 662/1490/398
f 1315/1552/846 1313/1550/844 1314/1551/845
f 1315/1552/846 1314/1551/845 1316/1553/847
f 1315/1552/846 662/1490/398 1313/1550/844
f 1317/1554/848 527/1549/347 1307/1555/344
f 1317/1554/848 1314/1551/845 527/1549/347
f 1317/1554/848 1316/1553/847 1314/1551/845
f 1318/1556/849 1310/1494/399 1315/1552/846
f 1318/1556/849 1316/1553/847 1317/1554/848
f 1318/1556/849 1315/1552/846 1316/1553/847
f 1319/1557/850 1310/1494/399 1318/1556/849
f 1319/1557/850 1318/1556/849 1317/1554/848
f 1319/1557/850 1317/1554/848 1307/1555/344
f 1320/1558/851 1304/1483/348 1346/1559/352
f 1320/1558/851 1346/1559/352 1345/1560/852
f 1320/1558/851 1321/1486/853 1304/1483/348
f 1322/1561/854 1303/1562/838 1294/1547/837
f 1322/1561/854 1294/1547/837 1312/1546/843
f 1323/1563/855 1302/400/401 1293/1304/841
f 1323/1563/855 1293/1304/841 1303/1562/838
f 1323/1563/855 662/1490/398 1302/400/401
f 1323/1563/855 1303/1562/838 1322/1561/854
f 1323/1563/855 1322/1561/854 1312/1546/843
f 1324/1564/856 662/1490/398 1323/1563/855
f 1324/1564/856 1312/1546/843 1313/1550/844
f 1324/1564/856 1313/1550/844 662/1490/398
f 1324/1564/856 1323/1563/855 1312/1546/843
f 1325/1565/857 1319/1557/850 1307/1555/344
f 1326/1501/858 663/1502/396 1310/1494/399
f 1326/1501/858 1310/1494/399 1319/1557/850
f 1326/1501/858 1319/1557/850 1325/1565/857
f 1326/1501/858 1325/1565/857 1327/1566/859
f 1328/1567/860 1307/1555/344 1306/1568/343
f 1328/1567/860 1325/1565/857 1307/1555/344
f 1328/1567/860 1306/1568/343 1329/1569/861
f 1328/1567/860 1327/1566/859 1325/1565/857
f 1330/1507/862 663/1502/396 1326/1501/858
f 1330/1507/862 1329/1569/861 663/1502/396
f 1330/1507/862 1326/1501/858 1327/1566/859
f 1330/1507/862 1328/1567/860 1329/1569/861
f 1330/1507/862 1327/1566/859 1328/1567/860
f 1331/1570/863 1329/1569/861 1306/1568/343
f 1332/1509/864 1329/1569/861 1331/1570/863
f 1332/1509/864 1331/1570/863 1333/1571/865
f 1332/1509/864 664/1511/394 663/1502/396
f 1332/1509/864 663/1502/396 1329/1569/861
f 1334/1572/866 1333/1571/865 1331/1570/863
f 1334/1572/866 1306/1568/343 1305/1573/346
f 1334/1572/866 1305/1573/346 1335/1514/867
f 1334/1572/866 1331/1570/863 1306/1568/343
f 1336/1515/868 1332/1509/864 1333/1571/865
f 1336/1515/868 664/1511/394 1332/1509/864
f 1336/1515/868 1334/1572/866 1335/1514/867
f 1336/1515/868 1333/1571/865 1334/1572/866
f 1336/1515/868 1335/1514/867 664/1511/394
f 1337/1574/869 1335/1514/867 1305/1573/346
f 1338/1517/870 1335/1514/867 1337/1574/869
f 1338/1517/870 1337/1574/869 1339/1575/871
f 1338/1517/870 1311/1519/392 664/1511/394
f 1338/1517/870 664/1511/394 1335/1514/867
f 1340/1520/872 1305/1573/346 1304/1483/348
f 1340/1520/872 1339/1575/871 1337/1574/869
f 1340/1520/872 1337/1574/869 1305/1573/346
f 1340/1520/872 1304/1483/348 1321/1486/853
f 1341/1576/873 1338/1517/870 1339/1575/871
f 1341/1576/873 1311/1519/392 1338/1517/870
f 1341/1576/873 1339/1575/871 1340/1520/872
f 1341/1576/873 1340/1520/872 1321/1486/853
f 1341/1576/873 1321/1486/853 1311/1519/392
f 1342/1577/874 660/1523/389 1311/1519/392
f 1342/1577/874 1311/1519/392 1321/1486/853
f 1342/1577/874 1321/1486/853 1320/1558/851
f 1343/1578/875 1345/1560/852 1309/1579/876
f 1343/1578/875 1320/1558/851 1345/1560/852
f 1344/1580/877 1308/1581/878 660/1523/389
f 1344/1580/877 1309/1579/876 1308/1581/878
f 1344/1580/877 1342/1577/874 1320/1558/851
f 1344/1580/877 1320/1558/851 1343/1578/875
f 1344/1580/877 1343/1578/875 1309/1579/876
f 1344/1580/877 660/1523/389 1342/1577/874
f 1352/1469/879 1309/1582/876 1345/1583/852
f 1352/1469/879 1345/1583/852 1346/1433/352
f 1352/1469/879 1346/1433/352 1347/1401/351
f 1352/1469/879 1348/1300/880 1359/1301/881
f 1352/1469/879 1347/1401/351 1348/1300/880
f 1353/1584/882 1309/1582/876 1352/1469/879
f 1353/1584/882 1352/1469/879 1359/1301/881
f 1354/1585/883 1308/1586/878 1309/1582/876
f 1354/1585/883 1309/1582/876 1353/1584/882
f 1355/1587/884 660/400/389 1308/1586/878
f 1355/1587/884 1349/1306/386 660/400/389
f 1355/1587/884 1350/1307/387 1349/1306/386
f 1355/1587/884 1354/1585/883 1350/1307/387
f 1355/1587/884 1308/1586/878 1354/1585/883
f 1356/1308/885 1359/1301/881 1358/1309/886
f 1356/1308/885 1353/1584/882 1359/1301/881
f 1356/1308/885 1354/1585/883 1353/1584/882
f 1356/1308/885 1350/1307/387 1354/1585/883
f 1357/1310/887 1358/1309/886 659/1311/380
f 1357/1310/887 1351/1312/384 1350/1307/387
f 1357/1310/887 659/1311/380 1351/1312/384
f 1357/1310/887 1350/1307/387 1356/1308/885
f 1357/1310/887 1356/1308/885 1358/1309/886
f 1360/1588/381 659/1589/380 1358/1590/886
f 1361/1591/888 1358/1590/886 1359/1592/881
f 1361/1591/888 1359/1592/881 1348/1593/880
f 1361/1591/888 1360/1588/381 1358/1590/886
f 526/1594/342 1348/1593/880 1347/1595/351
f 526/1594/342 1361/1591/888 1348/1593/880
f 1360/287/381 1361/1596/888 1374/1597/889
f 1363/1598/890 1361/1596/890 526/1599/890
f 1364/1600/891 1363/1598/892 526/1599/342
f 1365/1601/893 1364/1600/891 526/1599/342
f 1366/1602/894 1361/1596/895 1363/1598/892
f 1366/1602/894 1363/1598/892 1364/1600/891
f 1367/1603/896 1365/1601/893 526/1604/342
f 1368/1605/897 1364/1600/891 1365/1601/893
f 1368/1605/897 1366/1602/894 1364/1600/891
f 1369/1606/898 1361/1596/895 1366/1602/894
f 1369/1606/898 1374/1597/889 1361/1596/888
f 1370/1607/899 526/1604/342 1362/1608/648
f 1370/1607/899 1367/1603/896 526/1604/342
f 1371/1609/900 1365/1601/893 1367/1603/896
f 1371/1609/900 1368/1605/897 1365/1601/893
f 1372/1610/901 1366/1602/894 1368/1605/897
f 1372/1610/901 1368/1605/897 1371/1609/900
f 1372/1610/901 1369/1606/898 1366/1602/894
f 1372/1610/901 1374/1597/889 1369/1606/898
f 1373/1611/902 1362/1608/902 1374/1597/902
f 1373/1611/903 1370/1607/899 1362/1608/648
f 1373/1611/903 1367/1603/896 1370/1607/899
f 1373/1611/903 1371/1609/900 1367/1603/896
f 1373/1611/904 1372/1610/901 1371/1609/900
f 1373/1611/904 1374/1597/889 1372/1610/901
f 642/1612/905 657/1613/382 1360/1614/381
f 1374/1615/889 642/1612/905 1360/1614/381
f 1375/1616/906 642/1612/905 1374/1615/889
f 643/1617/360 1375/1616/906 1374/1615/889
f 1362/1618/648 643/1617/360 1374/1615/889
f 623/1619/361 643/1617/360 1362/1618/648
f 1378/1620/907 492/1621/908 1784/380/909
f 1378/1620/907 1784/380/909 1376/1622/910
f 523/1623/911 1376/1622/910 1785/1624/912
f 523/1623/911 1378/1620/907 1376/1622/910
f 1377/1625/913 1785/1624/912 1464/1626/914
f 1377/1625/913 523/1623/911 1785/1624/912
f 1784/1627/909 492/1628/908 1379/1629/915
f 1784/1627/909 1379/1629/915 1794/1630/916
f 1384/1631/917 1380/1632/918 1795/1633/919
f 1384/1631/917 1795/1633/919 1381/1634/920
f 1383/1635/921 1381/1634/920 1382/1636/922
f 1383/1635/921 1384/1631/917 1381/1634/920
f 1379/1621/915 1382/1636/922 1794/380/916
f 1379/1621/915 1383/1635/921 1382/1636/922
f 1380/1637/918 1804/1638/923 1795/1639/919
f 493/1640/924 1389/1641/925 1804/1638/923
f 493/1640/924 1804/1638/923 1380/1637/918
f 1385/1642/926 1388/1643/927 1389/1641/925
f 1385/1642/926 1389/1641/925 493/1640/924
f 494/1644/928 1803/1645/929 1388/1643/927
f 494/1644/928 1388/1643/927 1385/1642/926
f 495/1646/930 1803/1645/929 494/1644/928
f 496/1647/931 1802/1648/932 1803/1645/929
f 496/1647/931 1803/1645/929 495/1646/930
f 1386/1649/933 1387/1650/934 1802/1648/932
f 1386/1649/933 1802/1648/932 496/1647/931
f 1394/242/935 1395/244/936 1834/1651/937
f 1392/1652/938 1834/1651/937 1390/1653/939
f 1392/1652/938 1394/242/935 1834/1651/937
f 1391/1654/6 1390/1653/939 1387/1655/934
f 1391/1654/6 1392/1652/938 1390/1653/939
f 1386/1656/933 1391/1654/6 1387/1655/934
f 1866/1657/940 497/1628/2 1393/1658/941
f 1396/1627/942 497/1628/2 1866/1657/940
f 1394/1659/935 497/1628/2 1396/1627/942
f 1395/1660/936 1394/1659/935 1396/1627/942
f 1393/400/941 1865/1661/943 1866/251/940
f 1397/1662/944 1864/777/945 1865/1661/943
f 1397/1662/946 1865/1661/943 1393/400/941
f 1398/778/947 1864/777/945 1397/1662/944
f 1398/1663/947 1845/1664/948 1864/1665/945
f 1399/1666/949 1406/1667/950 1845/1664/948
f 1399/1666/949 1845/1664/948 1398/1663/947
f 498/1668/951 1405/1669/952 1406/1667/950
f 498/1668/951 1406/1667/950 1399/1666/949
f 499/1670/953 1844/1671/954 1405/1669/952
f 499/1670/953 1405/1669/952 498/1668/951
f 500/1672/955 1404/1673/956 1844/1671/954
f 500/1672/955 1844/1671/954 499/1670/953
f 1400/1674/957 1843/1675/958 1404/1673/956
f 1400/1674/957 1404/1673/956 500/1672/955
f 501/1676/959 133/399/125 1843/1675/958
f 501/1676/959 1843/1675/958 1400/1674/957
f 1401/1677/960 135/1678/126 133/399/125
f 1401/1677/960 133/399/125 501/1676/959
f 502/1679/961 1410/1680/154 135/1678/126
f 502/1679/961 135/1678/126 1401/1677/960
f 1402/1681/962 1409/1682/149 1410/1680/154
f 1402/1681/962 1410/1680/154 502/1679/961
f 503/1683/963 1408/1684/144 1409/1682/149
f 503/1683/963 1409/1682/149 1402/1681/962
f 1403/1685/964 134/1686/139 1408/1684/144
f 1403/1685/964 1408/1684/144 503/1683/963
f 504/1687/965 1407/1688/119 134/1686/139
f 504/1687/965 134/1686/139 1403/1685/964
f 505/1689/966 1814/1690/120 1407/1688/119
f 505/1689/966 1407/1688/119 504/1687/965
f 1411/1691/967 1814/251/120 505/400/966
f 1411/1691/967 1412/1692/968 1814/251/120
f 506/778/969 1813/777/970 1412/1692/968
f 506/778/969 1412/1692/968 1411/1691/971
f 507/1628/2 1415/1693/972 1414/1694/973
f 1796/1627/942 506/1695/969 507/1628/2
f 1796/1627/942 507/1628/2 1414/1694/973
f 1813/1696/970 506/1695/969 1796/1627/942
f 1417/1697/523 1418/1698/974 1413/1699/975
f 1417/1697/523 1413/1699/975 1787/1700/976
f 1416/1701/977 1787/1700/976 1788/1702/978
f 1416/1701/977 1417/1697/523 1787/1700/976
f 1415/1703/972 1788/1702/978 1414/932/973
f 1415/1703/972 1416/1701/977 1788/1702/978
f 1419/1704/979 1413/1705/975 1418/1706/974
f 1419/1704/979 1425/1707/980 1413/1705/975
f 1420/1708/981 1424/1709/982 1425/1707/980
f 1420/1708/981 1425/1707/980 1419/1704/979
f 1421/1710/983 1423/1711/984 1424/1709/982
f 1421/1710/983 1424/1709/982 1420/1708/981
f 508/1712/985 1777/1713/986 1423/1711/984
f 508/1712/985 1423/1711/984 1421/1710/983
f 509/1714/987 1422/1715/988 1777/1713/986
f 509/1714/987 1777/1713/986 508/1712/985
f 510/1625/989 1771/1626/990 1422/1715/988
f 510/1625/989 1422/1715/988 509/1714/987
f 510/400/989 1427/1716/991 1771/251/990
f 1426/1717/992 1430/777/993 1427/1716/991
f 1426/1717/994 1427/1716/991 510/400/989
f 1428/778/995 1430/777/993 1426/1717/992
f 1430/1627/993 1428/1628/995 1429/1629/996
f 1430/1627/993 1429/1629/996 1433/1630/997
f 1434/1718/998 1435/1637/999 1676/1639/1000
f 1434/1718/998 1676/1639/1000 1431/1719/1001
f 511/1720/1002 1431/1719/1001 1432/1721/1003
f 511/1720/1002 1434/1718/998 1431/1719/1001
f 1429/1722/996 1432/1721/1003 1433/913/997
f 1429/1722/996 511/1720/1002 1432/1721/1003
f 1436/1723/1004 1676/1633/1000 1435/1632/999
f 1436/1723/1004 1680/1724/1005 1676/1633/1000
f 512/1725/1006 1439/1726/1007 1680/1724/1005
f 512/1725/1006 1680/1724/1005 1436/1723/1004
f 1437/1727/1008 1438/1728/1009 1439/1726/1007
f 1437/1727/1008 1439/1726/1007 512/1725/1006
f 513/1729/1010 1679/1730/1011 1438/1728/1009
f 513/1729/1010 1438/1728/1009 1437/1727/1008
f 514/1731/1012 1673/1655/1013 1678/1732/1014
f 514/1731/1012 1678/1732/1014 1679/1730/1011
f 514/1731/1012 1679/1730/1011 513/1729/1010
f 1441/1656/1015 1673/1655/1013 514/1731/1012
f 516/1733/1016 517/1734/1017 1653/399/1018
f 516/1733/1016 1653/399/1018 1440/1735/1019
f 515/1736/538 1440/1735/1019 1654/1737/1020
f 515/1736/538 516/1733/1016 1440/1735/1019
f 1441/1649/1015 1654/1737/1020 1673/1650/1013
f 1441/1649/1015 515/1736/538 1654/1737/1020
f 1659/1738/1021 1442/1628/20 1443/1739/1022
f 1651/1627/1023 1442/1628/20 1659/1738/1021
f 517/1740/1017 1442/1628/20 1651/1627/1023
f 1653/1741/1018 517/1740/1017 1651/1627/1023
f 518/1742/1024 1659/251/1021 1443/400/1022
f 518/1742/1024 1445/1743/1025 1659/251/1021
f 519/778/1026 1444/777/1027 1445/1743/1025
f 519/778/1026 1445/1743/1025 518/1742/1028
f 1446/1744/1029 1444/1745/1027 519/1746/1026
f 1446/1744/1029 1453/1747/1030 1444/1745/1027
f 1447/1748/1031 1452/1749/1032 1453/1747/1030
f 1447/1748/1031 1453/1747/1030 1446/1744/1029
f 1448/1750/1033 1451/1751/1034 1452/1749/1032
f 1448/1750/1033 1452/1749/1032 1447/1748/1031
f 1449/1752/1035 1450/1753/1036 1451/1751/1034
f 1449/1752/1035 1451/1751/1034 1448/1750/1033
f 520/1754/1037 1689/1755/1038 1450/1753/1036
f 520/1754/1037 1450/1753/1036 1449/1752/1035
f 521/1756/1039 1688/1757/1040 1689/1755/1038
f 521/1756/1039 1689/1755/1038 520/1754/1037
f 522/1703/188 221/932/190 1688/1757/1040
f 522/1703/188 1688/1757/1040 521/1756/1039
f 1454/400/194 1726/1758/169 1690/251/170
f 1455/1759/1041 1456/1760/1042 1726/1758/169
f 1455/1759/1041 1726/1758/169 1454/400/194
f 1457/778/1043 1458/777/1044 1456/1760/1042
f 1457/778/1043 1456/1760/1042 1455/1759/1041
f 1458/1627/1044 1457/1628/1043 1459/1761/1045
f 1458/1627/1044 1459/1761/1045 1751/1762/1046
f 1459/1763/1045 1755/1764/1047 1751/1765/1046
f 1460/1766/1048 1754/1767/1049 1755/1764/1047
f 1460/1766/1048 1755/1764/1047 1459/1763/1045
f 1461/1768/1050 1753/1769/1051 1754/1767/1049
f 1461/1768/1050 1754/1767/1049 1460/1766/1048
f 1462/1770/1052 1752/1771/1053 1753/1769/1051
f 1462/1770/1052 1753/1769/1051 1461/1768/1050
f 1463/1772/1054 1464/1773/914 1752/1771/1053
f 1463/1772/1054 1752/1771/1053 1462/1770/1052
f 1377/1774/913 1464/1773/914 1463/1772/1054
f 1495/1775/1055 1477/1776/1056 1478/1777/1057
f 1495/1775/1055 1478/1777/1057 1776/1778/1058
f 1496/1779/1059 1477/1776/1056 1495/1775/1055
f 1496/1779/1059 1775/1780/1060 1477/1776/1056
f 1494/1781/1061 1495/1775/1055 1776/1778/1058
f 1494/1781/1061 1776/1778/1058 1773/1782/1062
f 1497/1783/1063 1775/1780/1060 1496/1779/1059
f 1497/1783/1063 1774/1784/1064 1775/1780/1060
f 1895/1785/1065 1494/1781/1061 1773/1782/1062
f 1498/1786/1066 1774/1784/1064 1497/1783/1063
f 1498/1786/1066 1790/1787/1067 1774/1784/1064
f 1499/1788/1068 1790/1787/1067 1498/1786/1066
f 1493/1789/1069 1895/1785/1065 1773/1782/1062
f 1894/1790/1070 1493/1789/1069 1773/1782/1062
f 1887/1791/111 1790/1787/1067 1499/1788/1068
f 1800/1792/1071 1790/1787/1067 1887/1791/111
f 1800/1792/1071 1887/1791/111 1500/1793/110
f 1800/1792/1071 1500/1793/110 1501/1794/106
f 1744/1795/1072 1894/1790/1070 1773/1782/1062
f 1744/1795/1072 1491/1796/1073 1492/1797/1074
f 1744/1795/1072 1492/1797/1074 1894/1790/1070
f 1476/1798/130 131/1799/129 1800/1792/1071
f 72/1800/101 1476/1798/130 1800/1792/1071
f 72/1800/101 1800/1792/1071 1501/1794/106
f 1893/1801/1075 1491/1796/1073 1744/1795/1072
f 1674/1802/1076 1893/1801/1075 1744/1795/1072
f 130/1803/136 1476/1798/130 72/1800/101
f 1892/1804/1077 1893/1801/1075 1674/1802/1076
f 73/1805/95 129/1806/141 130/1803/136
f 73/1805/95 130/1803/136 72/1800/101
f 1675/1807/1078 1892/1804/1077 1674/1802/1076
f 1475/1808/146 129/1806/141 73/1805/95
f 1479/1809/1079 1892/1804/1077 1675/1807/1078
f 74/1810/90 128/1811/151 1475/1808/146
f 74/1810/90 1475/1808/146 73/1805/95
f 1490/1812/1080 1892/1804/1077 1479/1809/1079
f 1480/1813/1081 1490/1812/1080 1479/1809/1079
f 1471/1814/1071 1886/1815/1082 1472/1816/1083
f 1473/1817/1084 1471/1814/1071 1472/1816/1083
f 75/1818/85 1835/1819/124 1474/1820/123
f 75/1818/85 1474/1820/123 128/1811/151
f 75/1818/85 128/1811/151 74/1810/90
f 1489/1821/1085 1490/1812/1080 1480/1813/1081
f 1481/1822/1086 1489/1821/1085 1480/1813/1081
f 1502/1823/80 1840/1824/1087 1841/1825/1088
f 1502/1823/80 1841/1825/1088 1835/1819/124
f 1502/1823/80 1835/1819/124 75/1818/85
f 1891/1826/1089 1489/1821/1085 1481/1822/1086
f 1655/1827/1090 1891/1826/1089 1481/1822/1086
f 1503/1828/75 1838/1829/1091 1839/1830/1092
f 1503/1828/75 1839/1830/1092 1840/1824/1087
f 1503/1828/75 1840/1824/1087 1502/1823/80
f 1488/1831/1093 1891/1826/1089 1655/1827/1090
f 1504/1832/70 1473/1817/1084 1838/1829/1091
f 1504/1832/70 1838/1829/1091 1503/1828/75
f 1890/1833/25 1488/1831/1093 1655/1827/1090
f 1509/1834/26 1890/1833/25 1655/1827/1090
f 1508/1835/35 1509/1834/26 1655/1827/1090
f 1807/1836/1094 1832/1837/1095 1471/1814/1071
f 1470/1838/1096 1807/1836/1094 1471/1814/1071
f 1693/1839/1097 1470/1838/1096 1471/1814/1071
f 1483/1840/1098 1473/1817/1084 1504/1832/70
f 1483/1840/1098 1693/1839/1097 1471/1814/1071
f 1483/1840/1098 1471/1814/1071 1473/1817/1084
f 1484/1841/1099 1469/1842/1100 1470/1838/1096
f 1484/1841/1099 1470/1838/1096 1693/1839/1097
f 1647/1843/1101 1483/1840/1098 1504/1832/70
f 1647/1843/1101 1482/1844/1102 1483/1840/1098
f 1647/1843/1101 1504/1832/70 76/1845/65
f 1647/1843/1101 76/1845/65 1505/1846/60
f 1647/1843/1101 1505/1846/60 1506/1847/55
f 1647/1843/1101 1506/1847/55 77/1848/50
f 1647/1843/1101 77/1848/50 78/1849/45
f 1647/1843/1101 78/1849/45 1507/1850/40
f 1647/1843/1101 1507/1850/40 1508/1835/35
f 1647/1843/1101 1508/1835/35 1655/1827/1090
f 1485/1851/1103 1468/1852/1104 1469/1842/1100
f 1485/1851/1103 1469/1842/1100 1484/1841/1099
f 1686/1853/1105 1482/1844/1102 1647/1843/1101
f 1486/1854/1106 1468/1852/1104 1485/1851/1103
f 1466/1855/1107 1694/1856/1108 1695/1857/1109
f 1466/1855/1107 1695/1857/1109 1487/1858/1110
f 1467/1859/1111 1486/1854/1106 1694/1856/1108
f 1467/1859/1111 1468/1852/1104 1486/1854/1106
f 1467/1859/1111 1694/1856/1108 1466/1855/1107
f 1465/1860/1112 1466/1855/1107 1487/1858/1110
f 1745/1861/160 1465/1860/1112 1487/1858/1110
f 1757/1862/1113 1806/1863/1114 1468/1852/1104
f 1757/1862/1113 1468/1852/1104 1467/1859/1111
f 1783/1864/1115 1793/1865/1116 1806/1863/1114
f 1783/1864/1115 1806/1863/1114 1757/1862/1113
f 80/1866/29 1525/251/2 197/1867/30
f 80/1866/29 1515/252/515 1525/251/2
f 81/1868/38 1516/259/517 1515/252/515
f 81/1868/38 1515/252/515 80/1866/29
f 1510/1869/43 1526/263/519 1516/259/517
f 1510/1869/43 1516/259/517 81/1868/38
f 82/1870/48 1517/267/521 1526/263/519
f 82/1870/48 1526/263/519 1510/1869/43
f 1511/1871/53 1518/271/523 1517/267/521
f 1511/1871/53 1519/275/525 1518/271/523
f 1511/1871/53 1517/267/521 82/1870/48
f 83/1872/57 1519/275/525 1511/1871/53
f 1512/1873/63 1527/279/527 1519/275/525
f 1512/1873/63 1519/275/525 83/1872/57
f 84/1874/67 1520/283/529 1527/279/527
f 84/1874/67 1527/279/527 1512/1873/63
f 85/1875/73 1528/287/439 1520/283/529
f 85/1875/73 1520/283/529 84/1874/67
f 86/1876/77 1529/291/1117 1528/287/439
f 86/1876/77 1528/287/439 85/1875/73
f 87/1877/82 1521/295/533 1529/291/1117
f 87/1877/82 1529/291/1117 86/1876/77
f 1513/1878/87 1530/299/536 1521/295/533
f 1513/1878/87 1521/295/533 87/1877/82
f 88/1879/92 1522/303/538 1530/299/536
f 88/1879/92 1530/299/536 1513/1878/87
f 89/1880/98 1523/307/539 1522/303/538
f 89/1880/98 1522/303/538 88/1879/92
f 90/1881/99 1523/307/539 89/1880/98
f 90/1881/99 1531/311/541 1523/307/539
f 1514/1882/104 1531/311/541 90/1881/99
f 1514/1882/104 1524/315/544 1531/311/541
f 1514/1882/104 1532/319/565 1524/315/544
f 91/1883/118 1532/319/565 1514/1882/104
f 79/224/117 1532/319/565 91/1883/118
f 79/224/117 207/168/20 1532/319/565
f 179/1884/316 211/1885/316 1533/1886/316
f 178/1887/316 210/1888/316 211/1885/316
f 178/1887/316 211/1885/316 179/1884/316
f 180/1889/316 1533/1886/316 212/1890/316
f 180/1889/316 179/1884/316 1533/1886/316
f 177/1891/316 209/1892/316 210/1888/316
f 177/1891/316 210/1888/316 178/1887/316
f 1552/1893/316 212/1890/316 213/1894/316
f 1552/1893/316 180/1889/316 212/1890/316
f 1551/1895/316 209/1892/316 177/1891/316
f 181/1896/316 213/1894/316 1534/1897/316
f 181/1896/316 1552/1893/316 213/1894/316
f 1550/1898/316 208/1899/316 209/1892/316
f 1550/1898/316 209/1892/316 1551/1895/316
f 1553/1900/316 181/1896/316 1534/1897/316
f 1553/1900/316 1534/1897/316 214/803/316
f 1562/1901/316 208/1899/316 1550/1898/316
f 1562/1901/316 207/1902/316 208/1899/316
f 1554/1903/316 1553/1900/316 214/803/316
f 1554/1903/316 214/803/316 1535/1904/316
f 1549/1905/316 1532/1906/316 207/1902/316
f 1549/1905/316 207/1902/316 1562/1901/316
f 182/1907/316 1554/1903/316 1535/1904/316
f 182/1907/316 1535/1904/316 1536/1908/316
f 1561/1909/316 1532/1906/316 1549/1905/316
f 1561/1909/316 1524/1910/316 1532/1906/316
f 183/1911/316 182/1907/316 1536/1908/316
f 183/1911/316 1536/1908/316 215/1912/316
f 1548/1913/316 1531/1914/316 1524/1910/316
f 1548/1913/316 1524/1910/316 1561/1909/316
f 184/1915/316 215/1912/316 216/1916/316
f 184/1915/316 183/1911/316 215/1912/316
f 1547/1917/316 1523/1918/316 1531/1914/316
f 1547/1917/316 1531/1914/316 1548/1913/316
f 185/1919/316 184/1915/316 216/1916/316
f 1546/1920/316 1523/1918/316 1547/1917/316
f 217/1921/316 185/1919/316 216/1916/316
f 1522/1922/316 1523/1918/316 1546/1920/316
f 1555/1923/316 185/1919/316 217/1921/316
f 1537/1924/316 1555/1923/316 217/1921/316
f 1530/1925/316 1546/1920/316 1545/1926/316
f 1530/1925/316 1522/1922/316 1546/1920/316
f 186/1927/316 1555/1923/316 1537/1924/316
f 1544/1928/316 1530/1925/316 1545/1926/316
f 218/1929/316 186/1927/316 1537/1924/316
f 218/1929/316 187/1930/316 186/1927/316
f 1521/1931/316 1530/1925/316 1544/1928/316
f 1538/1932/316 187/1930/316 218/1929/316
f 1529/1933/316 1544/1928/316 1560/1934/316
f 1529/1933/316 1521/1931/316 1544/1928/316
f 1525/1935/316 176/1936/316 187/1930/316
f 1525/1935/316 187/1930/316 1538/1932/316
f 1528/1937/316 1560/1934/316 1559/1938/316
f 1528/1937/316 1529/1933/316 1560/1934/316
f 1515/1939/316 1539/1940/316 176/1936/316
f 1515/1939/316 176/1936/316 1525/1935/316
f 1520/1941/316 1559/1938/316 1543/1942/316
f 1520/1941/316 1528/1937/316 1559/1938/316
f 1527/1943/316 1520/1941/316 1543/1942/316
f 1527/1943/316 1543/1942/316 1542/1944/316
f 1516/1945/316 1556/1946/316 1539/1940/316
f 1516/1945/316 1539/1940/316 1515/1939/316
f 1526/1947/316 1557/1948/316 1556/1946/316
f 1526/1947/316 1558/1949/316 1557/1948/316
f 1526/1947/316 1556/1946/316 1516/1945/316
f 1519/1950/316 1527/1943/316 1542/1944/316
f 1519/1950/316 1542/1944/316 1541/1951/316
f 1517/1952/316 1558/1949/316 1526/1947/316
f 1518/1953/316 1519/1950/316 1541/1951/316
f 1518/1953/316 1558/1949/316 1517/1952/316
f 1518/1953/316 1540/1954/316 1558/1949/316
f 1518/1953/316 1541/1951/316 1540/1954/316
f 1539/1955/515 1563/251/2 176/1956/2
f 1539/1955/515 1571/252/564 1563/251/2
f 1556/1957/517 1564/259/517 1571/252/564
f 1556/1957/517 1571/252/564 1539/1955/515
f 1557/1958/519 1572/263/519 1564/259/517
f 1557/1958/519 1564/259/517 1556/1957/517
f 1558/1959/521 1565/267/521 1572/263/519
f 1558/1959/521 1572/263/519 1557/1958/519
f 1540/1960/523 1566/271/523 1565/267/521
f 1540/1960/523 1565/267/521 1558/1959/521
f 1541/1961/525 1573/275/525 1566/271/523
f 1541/1961/525 1566/271/523 1540/1960/523
f 1542/1962/527 1567/279/527 1573/275/525
f 1542/1962/527 1573/275/525 1541/1961/525
f 1543/1963/529 1574/283/529 1567/279/527
f 1543/1963/529 1567/279/527 1542/1962/527
f 1559/1964/439 1568/287/439 1574/283/529
f 1559/1964/439 1574/283/529 1543/1963/529
f 1560/1965/532 1575/291/532 1568/287/439
f 1560/1965/532 1576/295/533 1575/291/532
f 1560/1965/532 1568/287/439 1559/1964/439
f 1544/1966/533 1576/295/533 1560/1965/532
f 1545/1967/536 1569/299/536 1576/295/533
f 1545/1967/536 1576/295/533 1544/1966/533
f 1546/1968/538 1577/303/538 1569/299/536
f 1546/1968/538 1569/299/536 1545/1967/536
f 1547/1969/539 1578/307/539 1577/303/538
f 1547/1969/539 1577/303/538 1546/1968/538
f 1548/1970/541 1578/307/539 1547/1969/539
f 1548/1970/541 1579/311/541 1578/307/539
f 1561/1971/544 1579/311/541 1548/1970/541
f 1561/1971/544 1580/315/544 1579/311/541
f 1549/1972/565 1580/315/544 1561/1971/544
f 1549/1972/565 1581/319/565 1580/315/544
f 1562/205/20 1581/319/565 1549/1972/565
f 1562/205/20 1570/168/20 1581/319/565
f 1600/1973/316 1584/1884/316 1585/1889/316
f 1599/1974/316 1583/1887/316 1584/1884/316
f 1599/1974/316 1584/1884/316 1600/1973/316
f 163/1975/316 1600/1973/316 1585/1889/316
f 162/1976/316 1583/1887/316 1599/1974/316
f 162/1976/316 189/1891/316 1583/1887/316
f 164/1977/316 163/1975/316 1585/1889/316
f 164/1977/316 1585/1889/316 190/1893/316
f 161/1978/316 189/1891/316 162/1976/316
f 161/1978/316 188/1895/316 189/1891/316
f 165/1979/316 164/1977/316 190/1893/316
f 165/1979/316 190/1893/316 191/1896/316
f 160/1980/316 188/1895/316 161/1978/316
f 160/1980/316 1582/1898/316 188/1895/316
f 166/1628/316 165/1979/316 191/1896/316
f 166/1628/316 191/1896/316 1586/1900/316
f 1615/1981/316 1582/1898/316 160/1980/316
f 1615/1981/316 1570/1901/316 1582/1898/316
f 1601/1982/316 1586/1900/316 1587/1903/316
f 1601/1982/316 166/1628/316 1586/1900/316
f 1598/1983/316 1581/1905/316 1570/1901/316
f 1598/1983/316 1570/1901/316 1615/1981/316
f 167/1984/316 1587/1903/316 1588/1907/316
f 167/1984/316 1601/1982/316 1587/1903/316
f 1597/1985/316 1580/1909/316 1581/1905/316
f 1597/1985/316 1581/1905/316 1598/1983/316
f 1602/1986/316 167/1984/316 1588/1907/316
f 1602/1986/316 1588/1907/316 192/1911/316
f 1614/1987/316 1580/1909/316 1597/1985/316
f 1614/1987/316 1579/1913/316 1580/1909/316
f 1603/1988/316 192/1911/316 193/1915/316
f 1603/1988/316 1602/1986/316 192/1911/316
f 1613/1989/316 1578/1917/316 1579/1913/316
f 1613/1989/316 1579/1913/316 1614/1987/316
f 1604/1990/316 1603/1988/316 193/1915/316
f 194/1919/316 1604/1990/316 193/1915/316
f 1577/1920/316 1613/1989/316 1596/1991/316
f 1577/1920/316 1578/1917/316 1613/1989/316
f 195/1923/316 1604/1990/316 194/1919/316
f 195/1923/316 168/1992/316 1604/1990/316
f 195/1923/316 1605/1993/316 168/1992/316
f 1569/1926/316 1596/1991/316 1612/1994/316
f 1569/1926/316 1577/1920/316 1596/1991/316
f 1589/1927/316 1605/1993/316 195/1923/316
f 1576/1928/316 1611/1995/316 1595/1996/316
f 1576/1928/316 1612/1994/316 1611/1995/316
f 1576/1928/316 1569/1926/316 1612/1994/316
f 196/1930/316 1605/1993/316 1589/1927/316
f 196/1930/316 169/1997/316 1605/1993/316
f 196/1930/316 1606/1998/316 169/1997/316
f 1575/1934/316 1576/1928/316 1595/1996/316
f 1563/1936/316 1607/1999/316 1606/1998/316
f 1563/1936/316 1606/1998/316 196/1930/316
f 1568/1938/316 1595/1996/316 1610/242/316
f 1568/1938/316 1575/1934/316 1595/1996/316
f 1571/1940/316 1607/1999/316 1563/1936/316
f 1574/1942/316 1610/242/316 1594/2000/316
f 1574/1942/316 1568/1938/316 1610/242/316
f 1564/1946/316 1590/2001/316 1607/1999/316
f 1564/1946/316 1591/2002/316 1590/2001/316
f 1564/1946/316 1607/1999/316 1571/1940/316
f 1567/1944/316 1574/1942/316 1594/2000/316
f 1567/1944/316 1593/2003/316 1609/2004/316
f 1567/1944/316 1594/2000/316 1593/2003/316
f 1572/1948/316 1591/2002/316 1564/1946/316
f 1572/1948/316 1608/2005/316 1591/2002/316
f 1573/1951/316 1567/1944/316 1609/2004/316
f 1565/1949/316 1592/2006/316 1608/2005/316
f 1565/1949/316 1608/2005/316 1572/1948/316
f 1566/1954/316 1573/1951/316 1609/2004/316
f 1566/1954/316 1592/2006/316 1565/1949/316
f 1566/1954/316 1609/2004/316 1592/2006/316
f 1607/2007/564 1624/251/2 1606/2008/2
f 1607/2007/564 1616/252/564 1624/251/2
f 1590/2009/517 1625/259/517 1616/252/564
f 1590/2009/517 1616/252/564 1607/2007/564
f 1591/2010/519 1626/263/519 1625/259/517
f 1591/2010/519 1625/259/517 1590/2009/517
f 1608/2011/521 1627/267/521 1626/263/519
f 1608/2011/521 1626/263/519 1591/2010/519
f 1592/2012/523 1617/271/523 1627/267/521
f 1592/2012/523 1627/267/521 1608/2011/521
f 1609/2013/525 1628/275/525 1617/271/523
f 1609/2013/525 1617/271/523 1592/2012/523
f 1593/2014/527 1629/279/527 1628/275/525
f 1593/2014/527 1628/275/525 1609/2013/525
f 1594/2015/529 1630/283/529 1629/279/527
f 1594/2015/529 1618/287/439 1630/283/529
f 1594/2015/529 1629/279/527 1593/2014/527
f 1610/2016/439 1619/291/532 1618/287/439
f 1610/2016/439 1618/287/439 1594/2015/529
f 1595/2017/532 1619/291/532 1610/2016/439
f 1611/2018/533 1620/295/533 1619/291/532
f 1611/2018/533 1619/291/532 1595/2017/532
f 1612/2019/536 1621/299/536 1620/295/533
f 1612/2019/536 1620/295/533 1611/2018/533
f 1596/2020/538 1631/303/538 1621/299/536
f 1596/2020/538 1621/299/536 1612/2019/536
f 1613/2021/539 1622/307/539 1631/303/538
f 1613/2021/539 1631/303/538 1596/2020/538
f 1614/2022/541 1622/307/539 1613/2021/539
f 1614/2022/541 1632/311/541 1622/307/539
f 1614/2022/541 1633/315/544 1632/311/541
f 1597/2023/544 1633/315/544 1614/2022/541
f 1598/2024/565 1633/315/544 1597/2023/544
f 1598/2024/565 1634/319/565 1633/315/544
f 1615/169/20 1634/319/565 1598/2024/565
f 1615/169/20 1623/168/20 1634/319/565
f 1638/1975/316 170/1974/316 171/1973/316
f 172/1982/316 1638/1975/316 1639/1977/316
f 172/1982/316 1639/1977/316 1640/1979/316
f 172/1982/316 1640/1979/316 1641/1628/316
f 1622/1989/316 1632/1987/321 1633/1985/316
f 1621/1994/316 1631/1991/316 1622/1989/316
f 175/1993/316 1642/1986/316 174/1988/320
f 175/1993/316 174/1988/320 1643/1990/316
f 175/1993/316 1643/1990/316 1644/1992/1118
f 1620/1995/316 1621/1994/316 1622/1989/316
f 1619/1996/316 1633/1985/316 1634/1983/316
f 1619/1996/316 1634/1983/316 1623/1981/316
f 1619/1996/316 1623/1981/316 1635/1980/316
f 1619/1996/316 1635/1980/316 1636/1978/316
f 1619/1996/316 1636/1978/316 1637/1976/316
f 1619/1996/316 1637/1976/316 170/1974/316
f 1619/1996/316 170/1974/316 1638/1975/316
f 1619/1996/316 1620/1995/316 1622/1989/316
f 1619/1996/316 1622/1989/316 1633/1985/316
f 1629/2003/316 1630/2000/316 1618/242/316
f 1629/2003/316 1618/242/316 1619/1996/316
f 1629/2003/316 172/1982/316 173/1984/316
f 1629/2003/316 173/1984/316 1642/1986/316
f 1629/2003/316 1638/1975/316 172/1982/316
f 1629/2003/316 1619/1996/316 1638/1975/316
f 1626/2002/319 1624/2025/316 1616/1999/320
f 1626/2002/319 1616/1999/320 1625/2001/316
f 1627/2005/316 175/1993/316 1645/1997/316
f 1627/2005/316 1645/1997/316 1624/2025/316
f 1627/2005/316 1624/2025/316 1626/2002/319
f 1617/2006/316 175/1993/316 1627/2005/316
f 1617/2006/316 1628/2004/316 1629/2003/316
f 1617/2006/316 1642/1986/316 175/1993/316
f 1617/2006/316 1629/2003/316 1642/1986/316
f 1653/2026/1018 1651/2027/1023 1650/2028/1119
f 1646/2029/1120 1648/2030/115 1649/2031/1121
f 1646/2029/1120 1650/2028/1119 1648/2030/115
f 1646/2029/1120 1653/2026/1018 1650/2028/1119
f 1655/2032/1090 1649/2031/1121 1647/2033/1101
f 1655/2032/1090 1646/2029/1120 1649/2031/1121
f 1651/2027/1023 1659/2034/1021 1652/2035/1122
f 1650/2028/1119 1652/2035/1122 1658/2036/1123
f 1650/2028/1119 1651/2027/1023 1652/2035/1122
f 1648/2030/115 1658/2036/1123 1657/2037/1124
f 1648/2030/115 1650/2028/1119 1658/2036/1123
f 1649/2031/1121 1657/2037/1124 1686/2038/1105
f 1649/2031/1121 1648/2030/115 1657/2037/1124
f 1647/2033/1101 1649/2031/1121 1686/2038/1105
f 1646/2039/1120 1440/2040/1019 1653/251/1018
f 1646/2039/1120 1654/2041/1020 1440/2040/1019
f 1656/2042/1125 1673/2043/1013 1654/2041/1020
f 1656/2042/1125 1654/2041/1020 1646/2039/1120
f 1655/2044/1090 1656/2042/1126 1646/2039/1120
f 1662/2045/1127 1686/156/1105 1657/155/1124
f 1662/2045/1127 1687/2046/1128 1686/156/1105
f 1663/2047/1129 1657/155/1124 1658/158/1123
f 1663/2047/1129 1662/2045/1127 1657/155/1124
f 1664/2048/1130 1658/158/1123 1652/161/1122
f 1664/2048/1130 1663/2047/1129 1658/158/1123
f 1665/2049/1131 1660/2050/1132 1687/2046/1128
f 1665/2049/1131 1687/2046/1128 1662/2045/1127
f 1665/2049/1131 1662/2045/1127 1663/2047/1129
f 1666/2051/1133 1652/161/1122 1659/203/1021
f 1666/2051/1133 1659/203/1021 1445/2052/1025
f 1666/2051/1133 1664/2048/1130 1652/161/1122
f 1667/2053/1134 1665/2049/1131 1663/2047/1129
f 1667/2053/1134 1663/2047/1129 1664/2048/1130
f 1668/2054/1135 1664/2048/1130 1666/2051/1133
f 1668/2054/1135 1667/2053/1134 1664/2048/1130
f 1669/2055/1136 1661/2056/1137 1660/2050/1132
f 1669/2055/1136 1665/2049/1131 1667/2053/1134
f 1669/2055/1136 1660/2050/1132 1665/2049/1131
f 1670/2057/1138 1666/2051/1133 1445/2052/1025
f 1670/2057/1138 1668/2054/1135 1666/2051/1133
f 1671/2058/1139 1661/2056/1137 1669/2055/1136
f 1671/2058/1139 1667/2053/1134 1668/2054/1135
f 1671/2058/1139 1669/2055/1136 1667/2053/1134
f 1672/2059/1140 1445/2052/1025 1444/2060/1027
f 1672/2059/1140 1444/2060/1027 1661/2056/1137
f 1672/2059/1140 1661/2056/1137 1671/2058/1139
f 1672/2059/1140 1670/2057/1138 1445/2052/1025
f 1672/2059/1140 1668/2054/1135 1670/2057/1138
f 1672/2059/1140 1671/2058/1139 1668/2054/1135
f 1678/2061/1014 1673/2062/1013 1656/2063/1125
f 1676/2064/1000 1680/2065/1005 1677/2066/1141
f 1681/2067/1142 1656/2063/1126 1655/2068/1090
f 1681/2067/1142 1655/2068/1090 1481/2069/1086
f 1681/2067/1143 1678/2061/1014 1656/2063/1125
f 1682/2070/1144 1481/2069/1086 1480/2071/1081
f 1682/2070/1145 1679/2072/1011 1678/2061/1014
f 1682/2070/1145 1678/2061/1014 1681/2067/1143
f 1682/2070/1144 1681/2067/1142 1481/2069/1086
f 1683/2073/1146 1480/2071/1081 1479/2074/1079
f 1683/2073/1147 1438/2075/1009 1679/2072/1011
f 1683/2073/1147 1679/2072/1011 1682/2070/1145
f 1683/2073/1146 1682/2070/1144 1480/2071/1081
f 1684/2076/1148 1479/2074/1079 1675/2077/1078
f 1684/2076/1149 1439/2078/1007 1438/2075/1009
f 1684/2076/1148 1683/2073/1146 1479/2074/1079
f 1684/2076/1149 1438/2075/1009 1683/2073/1147
f 1685/2079/1150 1674/2080/1076 1744/2081/1072
f 1685/2079/1150 1675/2077/1078 1674/2080/1076
f 1685/2079/1150 1744/2081/1072 1677/2066/1151
f 1685/2079/1152 1680/2065/1005 1439/2078/1007
f 1685/2079/1152 1439/2078/1007 1684/2076/1149
f 1685/2079/1150 1684/2076/1148 1675/2077/1078
f 1685/2079/1152 1677/2066/1141 1680/2065/1005
f 222/2082/192 1690/2083/170 1692/2084/166
f 1687/2085/1128 1482/2086/1102 1686/2087/1105
f 1444/2088/1027 1453/2089/1030 1661/2090/1137
f 1696/2091/1153 156/2092/161 1745/2093/160
f 1696/2091/1153 1745/2093/160 1487/2094/1110
f 1697/2095/1154 1691/2096/163 156/2092/161
f 1697/2095/1154 156/2092/161 1696/2091/1153
f 1698/2097/1155 1692/2084/166 1691/2096/163
f 1698/2097/1155 222/2082/192 1692/2084/166
f 1698/2097/1155 1691/2096/163 1697/2095/1154
f 1699/2098/1156 1487/2094/1110 1695/2099/1109
f 1699/2098/1156 1696/2091/1153 1487/2094/1110
f 1700/2100/1157 1696/2091/1153 1699/2098/1156
f 1700/2100/1157 1697/2095/1154 1696/2091/1153
f 1701/2101/1158 223/2102/189 222/2082/192
f 1701/2101/1158 1698/2097/1155 1697/2095/1154
f 1701/2101/1158 222/2082/192 1698/2097/1155
f 1701/2101/1158 1697/2095/1154 1700/2100/1157
f 1702/2103/1159 1695/2099/1109 1694/2104/1108
f 1702/2103/1159 1699/2098/1156 1695/2099/1109
f 1703/2105/1160 1699/2098/1156 1702/2103/1159
f 1703/2105/1160 1700/2100/1157 1699/2098/1156
f 1704/2106/1161 1702/2103/1159 1694/2104/1108
f 1705/2107/1162 221/113/190 223/2102/189
f 1705/2107/1162 223/2102/189 1701/2101/1158
f 1705/2107/1162 1700/2100/1157 1703/2105/1160
f 1705/2107/1162 1701/2101/1158 1700/2100/1157
f 1706/2108/1163 1703/2105/1160 1702/2103/1159
f 1706/2108/1163 1702/2103/1159 1704/2106/1161
f 1707/2109/1164 1694/2104/1108 1486/2110/1106
f 1707/2109/1164 1704/2106/1161 1694/2104/1108
f 1708/2111/1165 1688/2112/1040 221/113/190
f 1708/2111/1165 221/113/190 1705/2107/1162
f 1708/2111/1165 1705/2107/1162 1703/2105/1160
f 1708/2111/1165 1703/2105/1160 1706/2108/1163
f 1709/2113/1166 1706/2108/1163 1704/2106/1161
f 1709/2113/1166 1704/2106/1161 1707/2109/1164
f 1710/2114/1167 1688/2112/1040 1708/2111/1165
f 1710/2114/1167 1706/2108/1163 1709/2113/1166
f 1710/2114/1167 1708/2111/1165 1706/2108/1163
f 1711/2115/1168 1486/2110/1106 1485/2116/1103
f 1711/2115/1168 1707/2109/1164 1486/2110/1106
f 1712/2117/1169 1709/2113/1166 1707/2109/1164
f 1712/2117/1169 1707/2109/1164 1711/2115/1168
f 1713/2118/1170 1709/2113/1166 1712/2117/1169
f 1713/2118/1170 1689/2119/1038 1688/2112/1040
f 1713/2118/1170 1688/2112/1040 1710/2114/1167
f 1713/2118/1170 1710/2114/1167 1709/2113/1166
f 1714/2120/1171 1485/2116/1103 1484/2121/1099
f 1714/2120/1171 1711/2115/1168 1485/2116/1103
f 1715/2122/1172 1711/2115/1168 1714/2120/1171
f 1715/2122/1172 1712/2117/1169 1711/2115/1168
f 1716/2123/1173 1713/2118/1170 1712/2117/1169
f 1716/2123/1173 1450/2124/1036 1689/2119/1038
f 1716/2123/1173 1712/2117/1169 1715/2122/1172
f 1716/2123/1173 1689/2119/1038 1713/2118/1170
f 1717/2125/1174 1484/2121/1099 1693/2126/1097
f 1717/2125/1174 1714/2120/1171 1484/2121/1099
f 1718/2127/1175 1714/2120/1171 1717/2125/1174
f 1718/2127/1175 1715/2122/1172 1714/2120/1171
f 1719/2128/1176 1450/2124/1036 1716/2123/1173
f 1719/2128/1176 1451/2129/1034 1450/2124/1036
f 1719/2128/1176 1452/2130/1032 1451/2129/1034
f 1719/2128/1176 1715/2122/1172 1718/2127/1175
f 1719/2128/1176 1716/2123/1173 1715/2122/1172
f 1720/2131/1177 1693/2126/1097 1483/2132/1098
f 1720/2131/1177 1717/2125/1174 1693/2126/1097
f 1721/2133/1178 1719/2128/1176 1718/2127/1175
f 1721/2133/1178 1718/2127/1175 1717/2125/1174
f 1721/2133/1178 1717/2125/1174 1720/2131/1177
f 1722/2134/1179 1719/2128/1176 1721/2133/1178
f 1722/2134/1179 1452/2130/1032 1719/2128/1176
f 1723/2135/1180 1483/2132/1098 1482/2086/1102
f 1723/2135/1180 1720/2131/1177 1483/2132/1098
f 1723/2135/1180 1721/2133/1178 1720/2131/1177
f 1723/2135/1180 1482/2086/1102 1687/2085/1128
f 1724/2136/1181 1687/2085/1128 1660/2137/1132
f 1724/2136/1181 1723/2135/1180 1687/2085/1128
f 1724/2136/1181 1721/2133/1178 1723/2135/1180
f 1725/2138/1182 1660/2137/1132 1661/2090/1137
f 1725/2138/1182 1453/2089/1030 1452/2130/1032
f 1725/2138/1182 1452/2130/1032 1722/2134/1179
f 1725/2138/1182 1722/2134/1179 1721/2133/1178
f 1725/2138/1182 1724/2136/1181 1660/2137/1132
f 1725/2138/1182 1721/2133/1178 1724/2136/1181
f 1725/2138/1182 1661/2090/1137 1453/2089/1030
f 1677/2039/1141 1431/2139/1001 1676/251/1000
f 1677/2039/1141 1432/2140/1003 1431/2139/1001
f 1743/2141/1183 1433/400/997 1432/2140/1003
f 1743/2141/1183 1432/2140/1003 1677/2039/1141
f 1744/2142/1072 1743/2141/1184 1677/2039/1151
f 1731/2143/1185 1727/2144/1186 1745/156/160
f 1731/2143/1185 1745/156/160 1730/155/159
f 1732/2145/1187 1730/155/159 1729/158/162
f 1732/2145/1187 1731/2143/1185 1730/155/159
f 1733/2146/1188 1746/2147/1189 1727/2144/1186
f 1733/2146/1188 1731/2143/1185 1732/2145/1187
f 1733/2146/1188 1727/2144/1186 1731/2143/1185
f 1734/2148/1190 1729/158/162 155/161/165
f 1734/2148/1190 1732/2145/1187 1729/158/162
f 1735/2149/1191 1746/2147/1189 1733/2146/1188
f 1735/2149/1191 1732/2145/1187 1734/2148/1190
f 1735/2149/1191 1733/2146/1188 1732/2145/1187
f 1736/2150/1192 1734/2148/1190 155/161/165
f 1737/2151/1193 1735/2149/1191 1734/2148/1190
f 1737/2151/1193 1734/2148/1190 1736/2150/1192
f 1738/2152/1194 1726/203/169 1456/2153/1042
f 1738/2152/1194 155/161/165 1726/203/169
f 1738/2152/1194 1736/2150/1192 155/161/165
f 1739/2154/1195 1728/2155/1196 1746/2147/1189
f 1739/2154/1195 1746/2147/1189 1735/2149/1191
f 1739/2154/1195 1735/2149/1191 1737/2151/1193
f 1740/2156/1197 1737/2151/1193 1736/2150/1192
f 1740/2156/1197 1738/2152/1194 1456/2153/1042
f 1740/2156/1197 1736/2150/1192 1738/2152/1194
f 1741/2157/1198 1458/2158/1044 1728/2155/1196
f 1741/2157/1198 1728/2155/1196 1739/2154/1195
f 1741/2157/1198 1739/2154/1195 1737/2151/1193
f 1741/2157/1198 1737/2151/1193 1740/2156/1197
f 1742/2159/1199 1456/2153/1042 1458/2158/1044
f 1742/2159/1199 1740/2156/1197 1456/2153/1042
f 1742/2159/1199 1458/2158/1044 1741/2157/1198
f 1742/2159/1199 1741/2157/1198 1740/2156/1197
f 1748/2160/1200 1433/251/997 1743/2161/1183
f 1748/2160/1200 1430/2162/993 1433/251/997
f 1773/2163/1062 1743/2161/1184 1744/2164/1072
f 1773/2163/1062 1748/2160/1201 1743/2161/1184
f 1728/2165/1196 1458/2166/1044 1751/2167/1046
f 1728/2165/1196 1751/2167/1046 1747/2168/1202
f 1746/2169/1189 1747/2168/1202 1750/2170/1203
f 1746/2169/1189 1728/2165/1196 1747/2168/1202
f 1727/2171/1186 1749/2172/1204 1465/2173/1112
f 1727/2171/1186 1750/2170/1203 1749/2172/1204
f 1727/2171/1186 1746/2169/1189 1750/2170/1203
f 1745/2174/160 1727/2171/1186 1465/2173/1112
f 1748/2039/1200 1427/2175/991 1430/251/993
f 1772/2141/1205 1771/400/990 1427/2175/991
f 1772/2141/1205 1427/2175/991 1748/2039/1200
f 1773/2176/1062 1772/2141/1206 1748/2039/1201
f 1749/2177/1204 1466/2178/1107 1465/2179/1112
f 1747/2180/1202 1755/2181/1047 1750/2182/1203
f 1751/2183/1046 1755/2181/1047 1747/2180/1202
f 1758/2184/1207 1756/2185/1208 1783/2186/1115
f 1758/2184/1207 1783/2186/1115 1757/2187/1113
f 1759/2188/1209 1752/2189/1053 1464/2190/914
f 1759/2188/1209 1464/2190/914 1756/2185/1210
f 1759/2188/1209 1756/2185/1210 1758/2184/1211
f 1760/2191/1212 1757/2187/1113 1467/2192/1111
f 1760/2191/1212 1758/2184/1207 1757/2187/1113
f 1761/2193/1213 1753/2194/1051 1752/2189/1053
f 1761/2193/1213 1758/2184/1211 1760/2191/1212
f 1761/2193/1213 1759/2188/1209 1758/2184/1211
f 1761/2193/1213 1752/2189/1053 1759/2188/1209
f 1762/2195/1214 1760/2191/1212 1467/2192/1111
f 1763/2196/1215 1760/2191/1212 1762/2195/1214
f 1764/2197/1216 1754/2198/1049 1753/2194/1051
f 1764/2197/1216 1753/2194/1051 1761/2193/1213
f 1764/2197/1216 1761/2193/1213 1760/2191/1212
f 1764/2197/1216 1760/2191/1212 1763/2196/1215
f 1765/2199/1217 1467/2192/1111 1466/2178/1107
f 1765/2199/1217 1762/2195/1214 1467/2192/1111
f 1766/2200/1218 1763/2196/1215 1762/2195/1214
f 1766/2200/1218 1762/2195/1214 1765/2199/1217
f 1767/2201/1219 1764/2197/1216 1763/2196/1215
f 1767/2201/1219 1754/2198/1049 1764/2197/1216
f 1767/2201/1219 1763/2196/1215 1766/2200/1218
f 1768/2202/1220 1749/2177/1204 1750/2182/1203
f 1768/2202/1220 1765/2199/1217 1466/2178/1107
f 1768/2202/1220 1466/2178/1107 1749/2177/1204
f 1769/2203/1221 1765/2199/1217 1768/2202/1220
f 1769/2203/1221 1750/2182/1203 1755/2181/1047
f 1769/2203/1221 1766/2200/1218 1765/2199/1217
f 1769/2203/1221 1768/2202/1220 1750/2182/1203
f 1769/2203/1221 1767/2201/1219 1766/2200/1218
f 1770/2204/1222 1755/2181/1047 1754/2198/1049
f 1770/2204/1222 1754/2198/1049 1767/2201/1219
f 1770/2204/1222 1769/2203/1221 1755/2181/1047
f 1770/2204/1222 1767/2201/1219 1769/2203/1221
f 1422/2205/988 1771/2206/990 1772/2207/1205
f 1413/2208/975 1425/2209/980 1789/2210/1223
f 1778/2211/1224 1772/2207/1206 1773/2212/1062
f 1778/2211/1224 1773/2212/1062 1776/2213/1058
f 1778/2211/1225 1422/2205/988 1772/2207/1205
f 1779/2214/1226 1776/2213/1058 1478/2215/1057
f 1779/2214/1227 1777/2216/986 1422/2205/988
f 1779/2214/1227 1422/2205/988 1778/2211/1225
f 1779/2214/1226 1778/2211/1224 1776/2213/1058
f 1780/2217/1228 1478/2215/1057 1477/2218/1056
f 1780/2217/1229 1423/2219/984 1777/2216/986
f 1780/2217/1229 1777/2216/986 1779/2214/1227
f 1780/2217/1228 1779/2214/1226 1478/2215/1057
f 1781/2220/1230 1477/2218/1056 1775/2221/1060
f 1781/2220/1231 1424/2222/982 1423/2219/984
f 1781/2220/1230 1780/2217/1228 1477/2218/1056
f 1781/2220/1231 1423/2219/984 1780/2217/1229
f 1782/2223/1232 1774/2224/1064 1790/2225/1067
f 1782/2223/1232 1775/2221/1060 1774/2224/1064
f 1782/2223/1232 1790/2225/1067 1789/2210/1233
f 1782/2223/1234 1425/2209/980 1424/2222/982
f 1782/2223/1234 1424/2222/982 1781/2220/1231
f 1782/2223/1232 1781/2220/1230 1775/2221/1060
f 1782/2223/1234 1789/2210/1223 1425/2209/980
f 1786/2039/1235 1376/2139/910 1784/251/909
f 1786/2039/1235 1785/2140/912 1376/2139/910
f 1756/2141/1210 1464/400/914 1785/2140/912
f 1756/2141/1210 1785/2140/912 1786/2039/1235
f 1783/2226/1115 1756/2141/1208 1786/2039/1236
f 1789/2227/1223 1787/2040/976 1413/251/975
f 1791/2141/1237 1788/2228/978 1787/2040/976
f 1791/2141/1237 1414/400/973 1788/2228/978
f 1791/2141/1237 1787/2040/976 1789/2227/1223
f 1790/2229/1067 1791/2141/1237 1789/2227/1233
f 1786/2230/1235 1784/251/909 1794/2231/916
f 1786/2230/1235 1794/2231/916 1792/2232/1238
f 1793/2233/1116 1786/2230/1236 1792/2232/1239
f 1783/2234/1115 1786/2230/1236 1793/2233/1116
f 1797/2235/1240 1414/2236/973 1791/2237/1237
f 1797/2235/1240 1796/2238/942 1414/2236/973
f 1798/2239/32 1797/2235/1240 1791/2237/1237
f 1799/2240/1241 1791/2237/1237 1790/2241/1067
f 1799/2240/1241 1798/2239/32 1791/2237/1237
f 1800/2242/1071 1799/2240/1241 1790/2241/1067
f 1801/2039/1242 1381/2139/920 1795/251/919
f 1792/2141/1238 1382/2140/922 1381/2139/920
f 1792/2141/1238 1794/400/916 1382/2140/922
f 1792/2141/1238 1381/2139/920 1801/2039/1242
f 1793/2243/1116 1792/2141/1239 1801/2039/1243
f 1815/2244/1244 1796/2238/942 1797/2235/1240
f 1815/2244/1244 1813/2245/970 1796/2238/942
f 1816/2246/1245 1797/2235/1240 1798/2239/32
f 1816/2246/1245 1815/2244/1244 1797/2235/1240
f 1817/2247/1246 1798/2239/32 1799/2240/1241
f 1817/2247/1246 1816/2246/1245 1798/2239/32
f 131/2248/129 1799/2240/1241 1800/2242/1071
f 131/2248/129 1817/2247/1246 1799/2240/1241
f 1802/2249/932 1387/2250/934 1805/2251/1247
f 1795/2252/919 1804/2253/923 1801/2254/1242
f 1808/2255/1248 1805/2251/1249 1832/2256/1095
f 1808/2255/1248 1832/2256/1095 1807/2257/1094
f 1808/2255/1250 1802/2249/932 1805/2251/1247
f 1809/2258/1251 1803/2259/929 1802/2249/932
f 1809/2258/1252 1807/2257/1094 1470/2260/1096
f 1809/2258/1251 1802/2249/932 1808/2255/1250
f 1809/2258/1252 1808/2255/1248 1807/2257/1094
f 1810/2261/1253 1388/2262/927 1803/2259/929
f 1810/2261/1254 1470/2260/1096 1469/2263/1100
f 1810/2261/1253 1803/2259/929 1809/2258/1251
f 1810/2261/1254 1809/2258/1252 1470/2260/1096
f 1811/2264/1255 1389/2265/925 1388/2262/927
f 1811/2264/1256 1469/2263/1100 1468/2266/1104
f 1811/2264/1255 1388/2262/927 1810/2261/1253
f 1811/2264/1256 1810/2261/1254 1469/2263/1100
f 1812/2267/1257 1793/2268/1116 1801/2254/1243
f 1812/2267/1258 1804/2253/923 1389/2265/925
f 1812/2267/1257 1806/2269/1114 1793/2268/1116
f 1812/2267/1257 1468/2266/1104 1806/2269/1114
f 1812/2267/1257 1811/2264/1256 1468/2266/1104
f 1812/2267/1258 1389/2265/925 1811/2264/1255
f 1812/2267/1258 1801/2254/1242 1804/2253/923
f 1820/2270/1259 1412/2271/968 1813/168/970
f 1820/2270/1259 1813/168/970 1815/2272/1244
f 1821/2273/1260 1820/2270/1259 1815/2272/1244
f 1822/2274/1261 1820/2270/1259 1821/2273/1260
f 1822/2274/1261 1412/2271/968 1820/2270/1259
f 1823/2275/1262 1815/2272/1244 1816/2276/1245
f 1823/2275/1262 1821/2273/1260 1815/2272/1244
f 1824/2277/1263 1814/2278/120 1412/2271/968
f 1824/2277/1263 1412/2271/968 1822/2274/1261
f 1825/2279/1264 1822/2274/1261 1821/2273/1260
f 1825/2279/1264 1821/2273/1260 1823/2275/1262
f 1826/2280/1265 1816/2276/1245 1817/2281/1246
f 1826/2280/1265 1823/2275/1262 1816/2276/1245
f 1827/2282/1266 136/2283/121 1814/2278/120
f 1827/2282/1266 1814/2278/120 1824/2277/1263
f 1827/2282/1266 1824/2277/1263 1822/2274/1261
f 1827/2282/1266 1822/2274/1261 1825/2279/1264
f 1828/2284/1267 1825/2279/1264 1823/2275/1262
f 1828/2284/1267 1823/2275/1262 1826/2280/1265
f 1829/2285/1268 1817/2281/1246 131/156/129
f 1829/2285/1268 131/156/129 1819/2286/131
f 1829/2285/1268 1826/2280/1265 1817/2281/1246
f 1830/2287/1269 1818/2288/133 136/2283/121
f 1830/2287/1269 1825/2279/1264 1828/2284/1267
f 1830/2287/1269 136/2283/121 1827/2282/1266
f 1830/2287/1269 1828/2284/1267 1818/2288/133
f 1830/2287/1269 1827/2282/1266 1825/2279/1264
f 1831/2289/1270 1819/2286/131 1818/2288/133
f 1831/2289/1270 1829/2285/1268 1819/2286/131
f 1831/2289/1270 1818/2288/133 1828/2284/1267
f 1831/2289/1270 1828/2284/1267 1826/2280/1265
f 1831/2289/1270 1826/2280/1265 1829/2285/1268
f 1833/2039/1271 1834/2040/937 1395/251/936
f 1833/2039/1271 1390/2041/939 1834/2040/937
f 1805/2042/1247 1387/2043/934 1390/2041/939
f 1805/2042/1247 1390/2041/939 1833/2039/1271
f 1832/2044/1095 1805/2042/1249 1833/2039/1271
f 1842/2290/1272 1472/2291/1083 1886/2292/1082
f 1846/2293/1273 1836/2294/122 1835/40/124
f 1846/2293/1273 1835/40/124 1841/2295/1088
f 1847/2296/1274 132/2297/157 1836/2294/122
f 1847/2296/1274 1836/2294/122 1846/2293/1273
f 1848/2298/1275 1837/2299/127 132/2297/157
f 1848/2298/1275 133/45/125 1837/2299/127
f 1848/2298/1275 1843/2300/958 133/45/125
f 1848/2298/1275 132/2297/157 1847/2296/1274
f 1849/2301/1276 1841/2295/1088 1840/2302/1087
f 1849/2301/1276 1846/2293/1273 1841/2295/1088
f 1850/2303/1277 1846/2293/1273 1849/2301/1276
f 1850/2303/1277 1847/2296/1274 1846/2293/1273
f 1851/2304/1278 1404/2305/956 1843/2300/958
f 1851/2304/1278 1848/2298/1275 1847/2296/1274
f 1851/2304/1278 1847/2296/1274 1850/2303/1277
f 1851/2304/1278 1843/2300/958 1848/2298/1275
f 1852/2306/1279 1840/2302/1087 1839/2307/1092
f 1852/2306/1279 1849/2301/1276 1840/2302/1087
f 1853/2308/1280 1850/2303/1277 1849/2301/1276
f 1853/2308/1280 1849/2301/1276 1852/2306/1279
f 1854/2309/1281 1844/2310/954 1404/2305/956
f 1854/2309/1281 1850/2303/1277 1853/2308/1280
f 1854/2309/1281 1404/2305/956 1851/2304/1278
f 1854/2309/1281 1851/2304/1278 1850/2303/1277
f 1855/2311/1282 1839/2307/1092 1838/2312/1091
f 1855/2311/1282 1852/2306/1279 1839/2307/1092
f 1856/2313/1283 1853/2308/1280 1852/2306/1279
f 1856/2313/1283 1852/2306/1279 1855/2311/1282
f 1857/2314/1284 1405/2315/952 1844/2310/954
f 1857/2314/1284 1844/2310/954 1854/2309/1281
f 1857/2314/1284 1854/2309/1281 1853/2308/1280
f 1857/2314/1284 1853/2308/1280 1856/2313/1283
f 1858/2316/1285 1838/2312/1091 1473/2317/1084
f 1858/2316/1285 1855/2311/1282 1838/2312/1091
f 1859/2318/1286 1856/2313/1283 1855/2311/1282
f 1859/2318/1286 1855/2311/1282 1858/2316/1285
f 1860/2319/1287 1406/2320/950 1405/2315/952
f 1860/2319/1287 1405/2315/952 1857/2314/1284
f 1860/2319/1287 1857/2314/1284 1856/2313/1283
f 1860/2319/1287 1856/2313/1283 1859/2318/1286
f 1861/2321/1288 1473/2317/1084 1472/2291/1083
f 1861/2321/1288 1842/2290/1272 1868/2322/1289
f 1861/2321/1288 1472/2291/1083 1842/2290/1272
f 1861/2321/1288 1858/2316/1285 1473/2317/1084
f 1862/2323/1290 1868/2322/1289 1867/2324/1291
f 1862/2323/1290 1861/2321/1288 1868/2322/1289
f 1862/2323/1290 1859/2318/1286 1858/2316/1285
f 1862/2323/1290 1860/2319/1287 1859/2318/1286
f 1862/2323/1290 1858/2316/1285 1861/2321/1288
f 1863/2325/1292 1867/2324/1291 1864/2326/945
f 1863/2325/1292 1845/2327/948 1406/2320/950
f 1863/2325/1292 1864/2326/945 1845/2327/948
f 1863/2325/1292 1406/2320/950 1860/2319/1287
f 1863/2325/1292 1860/2319/1287 1862/2323/1290
f 1863/2325/1292 1862/2323/1290 1867/2324/1291
f 1395/2328/936 1396/2329/942 1884/2330/1240
f 1833/2331/1271 1883/2332/32 1882/2333/1241
f 1833/2331/1271 1884/2330/1240 1883/2332/32
f 1833/2331/1271 1395/2328/936 1884/2330/1240
f 1832/2334/1095 1882/2333/1241 1471/2335/1071
f 1832/2334/1095 1833/2331/1271 1882/2333/1241
f 1871/2336/1293 1865/2337/943 1864/2338/945
f 1871/2336/1293 1864/2338/945 1867/2339/1291
f 1872/2340/1294 1865/2337/943 1871/2336/1293
f 1873/2341/1295 1867/2339/1291 1868/2342/1289
f 1873/2341/1295 1871/2336/1293 1867/2339/1291
f 1874/2343/1296 1866/168/940 1865/2337/943
f 1874/2343/1296 1869/2272/1297 1866/168/940
f 1874/2343/1296 1865/2337/943 1872/2340/1294
f 1875/2344/1298 1872/2340/1294 1871/2336/1293
f 1875/2344/1298 1871/2336/1293 1873/2341/1295
f 1876/2345/1299 1872/2340/1294 1875/2344/1298
f 1876/2345/1299 1869/2272/1297 1874/2343/1296
f 1876/2345/1299 1874/2343/1296 1872/2340/1294
f 1877/2346/1300 1875/2344/1298 1873/2341/1295
f 1877/2346/1300 1873/2341/1295 1868/2342/1289
f 1878/2347/1301 1870/2276/1302 1869/2272/1297
f 1878/2347/1301 1869/2272/1297 1876/2345/1299
f 1878/2347/1301 1876/2345/1299 1875/2344/1298
f 1878/2347/1301 1875/2344/1298 1877/2346/1300
f 1879/2348/1303 1868/2342/1289 1842/2349/1272
f 1879/2348/1303 1877/2346/1300 1868/2342/1289
f 1880/2350/1304 1885/2281/1305 1870/2276/1302
f 1880/2350/1304 1870/2276/1302 1878/2347/1301
f 1880/2350/1304 1878/2347/1301 1877/2346/1300
f 1880/2350/1304 1877/2346/1300 1879/2348/1303
f 1881/2351/1306 1842/2349/1272 1886/156/1082
f 1881/2351/1306 1886/156/1082 1885/2281/1305
f 1881/2351/1306 1885/2281/1305 1880/2350/1304
f 1881/2351/1306 1879/2348/1303 1842/2349/1272
f 1881/2351/1306 1880/2350/1304 1879/2348/1303
f 1396/2329/942 1866/2352/940 1869/2353/1297
f 1884/2330/1240 1869/2353/1297 1870/2354/1302
f 1884/2330/1240 1396/2329/942 1869/2353/1297
f 1883/2332/32 1870/2354/1302 1885/2355/1305
f 1883/2332/32 1884/2330/1240 1870/2354/1302
f 1882/2333/1241 1885/2355/1305 1886/2356/1082
f 1882/2333/1241 1883/2332/32 1885/2355/1305
f 1471/2335/1071 1882/2333/1241 1886/2356/1082
f 92/2357/27 1488/1148/1093 1890/120/25
f 1904/2358/1307 1888/110/112 1887/109/111
f 1904/2358/1307 1887/109/111 1499/1153/1068
f 1905/2359/1308 1889/112/116 1888/110/115
f 1905/2359/1308 79/113/117 1889/112/116
f 1905/2359/1308 1896/2360/171 79/113/117
f 1905/2359/1308 1888/110/115 1904/2358/1309
f 1906/2361/1310 1904/2358/1307 1499/1153/1068
f 1906/2361/1310 1499/1153/1068 1498/1157/1066
f 1907/2362/1311 198/2363/172 1896/2360/171
f 1907/2362/1311 1904/2358/1309 1906/2361/1312
f 1907/2362/1311 1896/2360/171 1905/2359/1308
f 1907/2362/1311 1905/2359/1308 1904/2358/1309
f 1908/2364/1313 1498/1157/1066 1497/1161/1063
f 1908/2364/1313 1906/2361/1310 1498/1157/1066
f 1909/2365/1314 198/2363/172 1907/2362/1311
f 1909/2365/1314 1897/2366/173 198/2363/172
f 1909/2365/1314 1907/2362/1311 1906/2361/1312
f 1909/2365/1314 1906/2361/1312 1908/2364/1315
f 1910/2367/1316 1497/1161/1063 1496/1165/1059
f 1910/2367/1316 1908/2364/1313 1497/1161/1063
f 1911/2368/1317 1897/2366/173 1909/2365/1314
f 1911/2368/1317 1909/2365/1314 1908/2364/1315
f 1911/2368/1317 199/2369/174 1897/2366/173
f 1911/2368/1317 1908/2364/1315 1910/2367/1318
f 1912/2370/1319 1496/1165/1059 1495/1169/1055
f 1912/2370/1319 1910/2367/1316 1496/1165/1059
f 1913/2371/1320 200/2372/175 199/2369/174
f 1913/2371/1320 1911/2368/1317 1910/2367/1318
f 1913/2371/1320 199/2369/174 1911/2368/1317
f 1913/2371/1320 1910/2367/1318 1912/2370/1321
f 1914/2373/1322 1495/1169/1055 1494/1173/1061
f 1914/2373/1322 1912/2370/1319 1495/1169/1055
f 1914/2373/1323 1913/2371/1320 1912/2370/1321
f 1915/2374/1324 201/2375/176 200/2372/175
f 1915/2374/1324 202/2376/177 201/2375/176
f 1915/2374/1324 200/2372/175 1913/2371/1320
f 1915/2374/1324 1913/2371/1320 1914/2373/1323
f 1916/2377/1325 1494/1173/1061 1895/1177/1065
f 1916/2377/1326 1915/2374/1324 1914/2373/1323
f 1916/2377/1325 1914/2373/1322 1494/1173/1061
f 1917/2378/1327 202/2376/177 1915/2374/1324
f 1917/2378/1327 1915/2374/1324 1916/2377/1326
f 1918/2379/1328 1895/1177/1065 1493/1181/1069
f 1918/2379/1328 1916/2377/1325 1895/1177/1065
f 1918/2379/1329 1917/2378/1327 1916/2377/1326
f 1919/2380/1330 203/2381/178 202/2376/177
f 1919/2380/1330 202/2376/177 1917/2378/1327
f 1919/2380/1330 1917/2378/1327 1918/2379/1329
f 1920/2382/1331 1493/1181/1069 1894/1185/1070
f 1920/2382/1331 1918/2379/1328 1493/1181/1069
f 1921/2383/1332 203/2381/178 1919/2380/1330
f 1921/2383/1332 1918/2379/1329 1920/2382/1333
f 1921/2383/1332 1898/2384/179 203/2381/178
f 1921/2383/1332 1919/2380/1330 1918/2379/1329
f 1922/2385/1334 1894/1185/1070 1492/1189/1074
f 1922/2385/1335 1921/2383/1332 1920/2382/1333
f 1922/2385/1334 1920/2382/1331 1894/1185/1070
f 1923/2386/1336 1898/2384/179 1921/2383/1332
f 1923/2386/1336 1899/2387/180 1898/2384/179
f 1923/2386/1336 1921/2383/1332 1922/2385/1335
f 1924/2388/1337 1492/1189/1074 1491/1193/1073
f 1924/2388/1337 1922/2385/1334 1492/1189/1074
f 1925/2389/1338 1899/2387/180 1923/2386/1336
f 1925/2389/1338 1900/2390/181 1899/2387/180
f 1925/2389/1338 1923/2386/1336 1922/2385/1335
f 1925/2389/1338 1922/2385/1335 1924/2388/1339
f 1926/2391/1340 1491/1193/1073 1893/1197/1075
f 1926/2391/1340 1924/2388/1337 1491/1193/1073
f 1927/2392/1341 1901/2393/182 1900/2390/181
f 1927/2392/1341 1925/2389/1338 1924/2388/1339
f 1927/2392/1341 1924/2388/1339 1926/2391/1342
f 1927/2392/1341 1900/2390/181 1925/2389/1338
f 1928/2394/1343 1893/1197/1075 1892/1198/1077
f 1928/2394/1343 1926/2391/1340 1893/1197/1075
f 1929/2395/1344 1902/2396/183 1901/2393/182
f 1929/2395/1344 1927/2392/1341 1926/2391/1342
f 1929/2395/1344 1926/2391/1342 1928/2394/1345
f 1929/2395/1344 1901/2393/182 1927/2392/1341
f 1930/2397/1346 1928/2394/1343 1892/1198/1077
f 1930/2397/1346 1892/1198/1077 1490/1205/1080
f 1931/2398/1347 204/2399/184 1902/2396/183
f 1931/2398/1347 1902/2396/183 1929/2395/1344
f 1931/2398/1347 1928/2394/1345 1930/2397/1348
f 1931/2398/1347 1929/2395/1344 1928/2394/1345
f 1932/2400/1349 1490/1205/1080 1489/1209/1085
f 1932/2400/1349 1930/2397/1346 1490/1205/1080
f 1933/2401/1350 1930/2397/1348 1932/2400/1351
f 1933/2401/1350 1903/2402/185 204/2399/184
f 1933/2401/1350 204/2399/184 1931/2398/1347
f 1933/2401/1350 1931/2398/1347 1930/2397/1348
f 1934/2403/1352 1489/1209/1085 1891/1210/1089
f 1934/2403/1352 1932/2400/1349 1489/1209/1085
f 1934/2403/1353 1933/2401/1350 1932/2400/1351
f 1935/2404/1354 205/2405/186 1903/2402/185
f 1935/2404/1354 1903/2402/185 1933/2401/1350
f 1935/2404/1354 1933/2401/1350 1934/2403/1353
f 1936/2406/1355 1891/1210/1089 1488/1148/1093
f 1936/2406/1355 1488/1148/1093 92/2357/27
f 1936/2406/1355 1934/2403/1352 1891/1210/1089
f 1936/2406/1356 1935/2404/1354 1934/2403/1353
f 1937/2407/1357 1936/2406/1356 92/2357/32
f 1937/2407/1357 92/2357/32 93/2408/31
f 1937/2407/1357 93/2408/31 197/121/30
f 1937/2407/1357 206/2409/187 205/2405/186
f 1937/2407/1357 197/121/30 206/2409/187
f 1937/2407/1357 205/2405/186 1935/2404/1354
f 1937/2407/1357 1935/2404/1354 1936/2406/1356
f 608/2410/20 481/2411/565 480/2412/20
f 1938/2413/565 482/2414/544 481/2411/565
f 1938/2413/565 481/2411/565 608/2410/20
f 609/2415/544 483/2416/541 482/2414/544
f 609/2415/544 482/2414/544 1938/2413/565
f 1939/2417/541 484/2418/539 483/2416/541
f 1939/2417/541 483/2416/541 609/2415/544
f 1940/2419/539 484/2418/539 1939/2417/541
f 1941/2420/538 485/2421/538 484/2418/539
f 1941/2420/538 1952/2422/536 485/2421/538
f 1941/2420/538 484/2418/539 1940/2419/539
f 1942/2423/536 486/2424/533 1952/2422/536
f 1942/2423/536 1952/2422/536 1941/2420/538
f 1943/2425/533 1953/2426/532 486/2424/533
f 1943/2425/533 486/2424/533 1942/2423/536
f 610/2427/532 1953/2426/532 1943/2425/533
f 1944/2428/439 1954/2429/439 1953/2426/532
f 1944/2428/439 1953/2426/532 610/2427/532
f 611/2430/529 1955/2431/529 1954/2429/439
f 611/2430/529 1956/2432/527 1955/2431/529
f 611/2430/529 1954/2429/439 1944/2428/439
f 1945/2433/527 487/2434/525 1956/2432/527
f 1945/2433/527 1956/2432/527 611/2430/529
f 1946/2435/525 488/2436/523 487/2434/525
f 1946/2435/525 487/2434/525 1945/2433/527
f 1947/2437/523 488/2436/523 1946/2435/525
f 1948/2438/521 1957/2439/521 488/2436/523
f 1948/2438/521 488/2436/523 1947/2437/523
f 1949/2440/519 1957/2439/521 1948/2438/521
f 1949/2440/519 489/2441/519 1957/2439/521
f 612/2442/517 489/2441/519 1949/2440/519
f 612/2442/517 490/2443/517 489/2441/519
f 1950/2444/564 490/2443/517 612/2442/517
f 1950/2444/564 491/2445/564 490/2443/517
f 1950/2444/564 64/2/2 491/2445/564
f 1951/3/2 64/2/2 1950/2444/564
f 1958/2410/20 1963/2411/565 33/2412/20
f 589/2413/565 464/2414/544 1963/2411/565
f 589/2413/565 1963/2411/565 1958/2410/20
f 590/2415/544 465/2416/541 464/2414/544
f 590/2415/544 464/2414/544 589/2413/565
f 591/2417/541 1964/2418/539 465/2416/541
f 591/2417/541 465/2416/541 590/2415/544
f 592/2419/539 1964/2418/539 591/2417/541
f 593/2420/538 1965/2421/538 1964/2418/539
f 593/2420/538 466/2422/536 1965/2421/538
f 593/2420/538 1964/2418/539 592/2419/539
f 594/2423/536 1966/2424/533 466/2422/536
f 594/2423/536 466/2422/536 593/2420/538
f 595/2425/533 1967/2426/532 1966/2424/533
f 595/2425/533 1966/2424/533 594/2423/536
f 596/2427/532 1967/2426/532 595/2425/533
f 597/2428/439 1968/2429/439 1967/2426/532
f 597/2428/439 1967/2426/532 596/2427/532
f 598/2430/529 1969/2431/529 1968/2429/439
f 598/2430/529 1970/2432/527 1969/2431/529
f 598/2430/529 1968/2429/439 597/2428/439
f 599/2433/527 1971/2434/525 1970/2432/527
f 599/2433/527 1970/2432/527 598/2430/529
f 1959/2435/525 467/2436/523 1971/2434/525
f 1959/2435/525 1971/2434/525 599/2433/527
f 1960/2437/523 467/2436/523 1959/2435/525
f 600/2438/521 468/2439/521 467/2436/523
f 600/2438/521 467/2436/523 1960/2437/523
f 1961/2440/519 468/2439/521 600/2438/521
f 1961/2440/519 469/2441/519 468/2439/521
f 1962/2442/517 469/2441/519 1961/2440/519
f 1962/2442/517 1972/2443/517 469/2441/519
f 601/2444/564 1972/2443/517 1962/2442/517
f 601/2444/564 1973/2445/515 1972/2443/517
f 601/2444/564 1974/2/2 1973/2445/515
f 34/3/2 1974/2/2 601/2444/564
f 570/2410/20 1984/2411/565 11/2412/20
f 571/2413/565 1985/2414/544 1984/2411/565
f 571/2413/565 1984/2411/565 570/2410/20
f 572/2415/544 1986/2416/541 1985/2414/544
f 572/2415/544 1985/2414/544 571/2413/565
f 573/2417/541 1987/2418/539 1986/2416/541
f 573/2417/541 1986/2416/541 572/2415/544
f 574/2419/539 1987/2418/539 573/2417/541
f 575/2420/538 1988/2421/538 1987/2418/539
f 575/2420/538 1989/2422/536 1988/2421/538
f 575/2420/538 1987/2418/539 574/2419/539
f 576/2423/536 1990/2424/533 1989/2422/536
f 576/2423/536 1989/2422/536 575/2420/538
f 577/2425/533 1991/2426/1117 1990/2424/533
f 577/2425/533 1990/2424/533 576/2423/536
f 1975/2427/1117 1991/2426/1117 577/2425/533
f 1976/2428/439 1992/2429/439 1991/2426/1117
f 1976/2428/439 1991/2426/1117 1975/2427/1117
f 578/2430/1358 1993/2431/1358 1992/2429/439
f 578/2430/1358 1994/2432/527 1993/2431/1358
f 578/2430/1358 1992/2429/439 1976/2428/439
f 1977/2433/527 1995/2434/525 1994/2432/527
f 1977/2433/527 1994/2432/527 578/2430/1358
f 1978/2435/525 1996/2436/523 1995/2434/525
f 1978/2435/525 1995/2434/525 1977/2433/527
f 1979/2437/523 1996/2436/523 1978/2435/525
f 1980/2438/521 1997/2439/521 1996/2436/523
f 1980/2438/521 1996/2436/523 1979/2437/523
f 1981/2440/519 1997/2439/521 1980/2438/521
f 1981/2440/519 1998/2441/519 1997/2439/521
f 1982/2442/517 1998/2441/519 1981/2440/519
f 1982/2442/517 1999/2443/517 1998/2441/519
f 1983/2444/564 1999/2443/517 1982/2442/517
f 1983/2444/564 2000/2445/515 1999/2443/517
f 1983/2444/564 453/2/2 2000/2445/515
f 579/3/2 453/2/2 1983/2444/564
f 535/2410/20 2001/2411/565 1/2412/20
f 536/2413/565 2002/2414/544 2001/2411/565
f 536/2413/565 2001/2411/565 535/2410/20
f 537/2415/544 448/2416/541 2002/2414/544
f 537/2415/544 2002/2414/544 536/2413/565
f 538/2417/541 2003/2418/539 448/2416/541
f 538/2417/541 448/2416/541 537/2415/544
f 539/2419/539 2003/2418/539 538/2417/541
f 540/2420/538 2004/2421/538 2003/2418/539
f 540/2420/538 2005/2422/536 2004/2421/538
f 540/2420/538 2003/2418/539 539/2419/539
f 541/2423/536 449/2424/533 2005/2422/536
f 541/2423/536 2005/2422/536 540/2420/538
f 542/2425/533 2006/2426/1117 449/2424/533
f 542/2425/533 449/2424/533 541/2423/536
f 543/2427/1117 2006/2426/1117 542/2425/533
f 544/2428/439 2007/2429/439 2006/2426/1117
f 544/2428/439 2006/2426/1117 543/2427/1117
f 545/2430/1358 2008/2431/1358 2007/2429/439
f 545/2430/1358 2009/2432/527 2008/2431/1358
f 545/2430/1358 2007/2429/439 544/2428/439
f 546/2433/527 450/2434/525 2009/2432/527
f 546/2433/527 2009/2432/527 545/2430/1358
f 547/2435/525 2010/2436/523 450/2434/525
f 547/2435/525 450/2434/525 546/2433/527
f 548/2437/523 2010/2436/523 547/2435/525
f 549/2438/521 2011/2439/521 2010/2436/523
f 549/2438/521 2010/2436/523 548/2437/523
f 550/2440/519 2011/2439/521 549/2438/521
f 550/2440/519 451/2441/519 2011/2439/521
f 551/2442/517 451/2441/519 550/2440/519
f 551/2442/517 2012/2443/517 451/2441/519
f 552/2444/564 2012/2443/517 551/2442/517
f 552/2444/564 452/2445/564 2012/2443/517
f 552/2444/564 438/2/2 452/2445/564
f 553/3/2 438/2/2 552/2444/564
f 2068/2446/318 2024/2447/324 2023/2448/1359
f 2069/2449/1360 2068/2446/318 2023/2448/1359
f 2015/2450/1361 2023/2448/1359 2022/2451/1362
f 2015/2450/1361 2069/2449/1360 2023/2448/1359
f 2016/2452/1363 2022/2451/1362 2014/2453/1364
f 2016/2452/1363 2015/2450/1361 2022/2451/1362
f 2017/2454/1365 2013/2455/1366 2021/2456/1367
f 2017/2454/1365 2014/2453/1364 2013/2455/1366
f 2017/2454/1365 2016/2452/1363 2014/2453/1364
f 2070/2457/1368 2017/2454/1365 2021/2456/1367
f 2071/2458/375 2021/2456/1367 656/2459/378
f 2071/2458/375 2070/2457/1368 2021/2456/1367
f 2026/2460/1369 655/251/374 2020/2461/1370
f 2026/2460/1369 2116/2462/1371 655/251/374
f 2027/2463/1372 2020/2461/1370 2019/263/1373
f 2027/2463/1372 2026/2460/1369 2020/2461/1370
f 2028/2464/1374 2019/263/1373 2123/2465/1375
f 2028/2464/1374 2027/2463/1372 2019/263/1373
f 2029/2466/1376 2117/2467/1377 2116/2462/1371
f 2029/2466/1376 2116/2462/1371 2026/2460/1369
f 2029/2466/1376 2026/2460/1369 2027/2463/1372
f 2030/2468/1378 2028/2464/1374 2123/2465/1375
f 2031/2469/1379 2029/2466/1376 2027/2463/1372
f 2031/2469/1379 2027/2463/1372 2028/2464/1374
f 2032/2470/1380 2118/255/1381 2117/2467/1377
f 2032/2470/1380 2117/2467/1377 2029/2466/1376
f 2033/2471/1382 2123/2465/1375 2122/275/1383
f 2033/2471/1382 2030/2468/1378 2123/2465/1375
f 2034/2472/1384 2031/2469/1379 2028/2464/1374
f 2034/2472/1384 2028/2464/1374 2030/2468/1378
f 2035/2473/1385 2029/2466/1376 2031/2469/1379
f 2035/2473/1385 2032/2470/1380 2029/2466/1376
f 2036/2474/1386 2122/275/1383 2018/2475/1387
f 2036/2474/1386 2033/2471/1382 2122/275/1383
f 2037/2476/1388 2030/2468/1378 2033/2471/1382
f 2037/2476/1388 2034/2472/1384 2030/2468/1378
f 2038/2477/1389 2031/2469/1379 2034/2472/1384
f 2038/2477/1389 2035/2473/1385 2031/2469/1379
f 2039/2478/1390 2119/2479/1391 2118/255/1381
f 2039/2478/1390 2118/255/1381 2032/2470/1380
f 2039/2478/1390 2032/2470/1380 2035/2473/1385
f 2040/2480/1392 2018/2475/1387 656/287/378
f 2040/2480/1392 656/287/378 2021/2481/1367
f 2040/2480/1392 2036/2474/1386 2018/2475/1387
f 2041/2482/1393 2033/2471/1382 2036/2474/1386
f 2041/2482/1393 2037/2476/1388 2033/2471/1382
f 2042/2483/1394 2034/2472/1384 2037/2476/1388
f 2042/2483/1394 2038/2477/1389 2034/2472/1384
f 2043/2484/1395 2035/2473/1385 2038/2477/1389
f 2043/2484/1395 2039/2478/1390 2035/2473/1385
f 2044/2485/1396 2025/2486/1397 2119/2479/1391
f 2044/2485/1396 2119/2479/1391 2039/2478/1390
f 2045/2487/1398 2021/2481/1367 2013/2488/1366
f 2045/2487/1398 2040/2480/1392 2021/2481/1367
f 2045/2487/1398 2036/2474/1386 2040/2480/1392
f 2045/2487/1398 2041/2482/1393 2036/2474/1386
f 2046/2489/1399 2037/2476/1388 2041/2482/1393
f 2046/2489/1399 2042/2483/1394 2037/2476/1388
f 2047/2490/1400 2038/2477/1389 2042/2483/1394
f 2047/2490/1400 2043/2484/1395 2038/2477/1389
f 2048/2491/1401 2039/2478/1390 2043/2484/1395
f 2048/2491/1401 2044/2485/1396 2039/2478/1390
f 2049/2492/1402 2041/2482/1393 2045/2487/1398
f 2049/2492/1402 2046/2489/1399 2041/2482/1393
f 2050/2493/1403 2042/2483/1394 2046/2489/1399
f 2050/2493/1403 2047/2490/1400 2042/2483/1394
f 2051/2494/1404 2048/2491/1401 2043/2484/1395
f 2051/2494/1404 2043/2484/1395 2047/2490/1400
f 2052/2495/1405 2024/40/324 2025/2486/1397
f 2052/2495/1405 2025/2486/1397 2044/2485/1396
f 2052/2495/1405 2044/2485/1396 2048/2491/1401
f 2053/2496/1406 2049/2492/1402 2045/2487/1398
f 2053/2496/1406 2013/2488/1366 2014/288/1364
f 2053/2496/1406 2045/2487/1398 2013/2488/1366
f 2054/2497/1407 2046/2489/1399 2049/2492/1402
f 2054/2497/1407 2050/2493/1403 2046/2489/1399
f 2055/2498/1408 2051/2494/1404 2047/2490/1400
f 2055/2498/1408 2047/2490/1400 2050/2493/1403
f 2056/2499/1409 2052/2495/1405 2048/2491/1401
f 2056/2499/1409 2048/2491/1401 2051/2494/1404
f 2056/2499/1409 2024/40/324 2052/2495/1405
f 2057/2500/1410 2014/288/1364 2022/2501/1362
f 2057/2500/1410 2053/2496/1406 2014/288/1364
f 2057/2500/1410 2049/2492/1402 2053/2496/1406
f 2057/2500/1410 2054/2497/1407 2049/2492/1402
f 2058/2502/1411 2050/2493/1403 2054/2497/1407
f 2058/2502/1411 2055/2498/1408 2050/2493/1403
f 2059/2503/1412 2051/2494/1404 2055/2498/1408
f 2059/2503/1412 2056/2499/1409 2051/2494/1404
f 2059/2503/1412 2024/40/324 2056/2499/1409
f 2060/2504/1413 2054/2497/1407 2057/2500/1410
f 2060/2504/1413 2058/2502/1411 2054/2497/1407
f 2061/2505/1414 2059/2503/1412 2055/2498/1408
f 2061/2505/1414 2024/40/324 2059/2503/1412
f 2061/2505/1414 2055/2498/1408 2058/2502/1411
f 2062/2506/1415 2022/2501/1362 2023/2507/1359
f 2062/2506/1415 2060/2504/1413 2057/2500/1410
f 2062/2506/1415 2057/2500/1410 2022/2501/1362
f 2063/2508/1416 2024/76/324 2061/2505/1414
f 2063/2508/1416 2058/2502/1411 2060/2504/1413
f 2063/2508/1416 2061/2505/1414 2058/2502/1411
f 2064/2509/1417 2023/2507/1359 2024/76/324
f 2064/2509/1417 2024/76/324 2063/2508/1416
f 2064/2509/1417 2062/2506/1415 2023/2507/1359
f 2064/2509/1417 2060/2504/1413 2062/2506/1415
f 2064/2509/1417 2063/2508/1416 2060/2504/1413
f 2077/2510/1418 2070/2481/1368 2071/287/375
f 2077/2510/1418 2071/287/375 2076/2511/1419
f 2078/2512/1420 2076/2511/1419 2075/299/1421
f 2078/2512/1420 2077/2510/1418 2076/2511/1419
f 2079/2513/1422 2075/299/1421 2074/2514/1423
f 2079/2513/1422 2078/2512/1420 2075/299/1421
f 2080/2515/1424 2017/2488/1365 2070/2481/1368
f 2080/2515/1424 2077/2510/1418 2078/2512/1420
f 2080/2515/1424 2070/2481/1368 2077/2510/1418
f 2081/2516/1425 2079/2513/1422 2074/2514/1423
f 2082/2517/1426 2080/2515/1424 2078/2512/1420
f 2082/2517/1426 2078/2512/1420 2079/2513/1422
f 2083/2518/1427 2016/288/1363 2017/2488/1365
f 2083/2518/1427 2017/2488/1365 2080/2515/1424
f 2084/2519/1428 2074/2514/1423 2073/311/1429
f 2084/2519/1428 2081/2516/1425 2074/2514/1423
f 2085/2520/1430 2082/2517/1426 2079/2513/1422
f 2085/2520/1430 2079/2513/1422 2081/2516/1425
f 2086/2521/1431 2080/2515/1424 2082/2517/1426
f 2086/2521/1431 2083/2518/1427 2080/2515/1424
f 2087/2522/1432 2073/311/1429 2072/2523/1433
f 2087/2522/1432 2084/2519/1428 2073/311/1429
f 2088/2524/1434 2081/2516/1425 2084/2519/1428
f 2088/2524/1434 2085/2520/1430 2081/2516/1425
f 2089/2525/1435 2082/2517/1426 2085/2520/1430
f 2089/2525/1435 2086/2521/1431 2082/2517/1426
f 2090/2526/1436 2015/2501/1361 2016/288/1363
f 2090/2526/1436 2016/288/1363 2083/2518/1427
f 2090/2526/1436 2083/2518/1427 2086/2521/1431
f 2091/2527/1437 2133/168/363 2067/2528/1438
f 2091/2527/1437 2072/2523/1433 2133/168/363
f 2091/2527/1437 2087/2522/1432 2072/2523/1433
f 2092/2529/1439 2084/2519/1428 2087/2522/1432
f 2092/2529/1439 2088/2524/1434 2084/2519/1428
f 2093/2530/1440 2085/2520/1430 2088/2524/1434
f 2093/2530/1440 2089/2525/1435 2085/2520/1430
f 2094/2531/1441 2086/2521/1431 2089/2525/1435
f 2094/2531/1441 2090/2526/1436 2086/2521/1431
f 2095/2532/1442 2069/2507/1360 2015/2501/1361
f 2095/2532/1442 2015/2501/1361 2090/2526/1436
f 2096/2533/1443 2067/2528/1438 2138/2534/1444
f 2096/2533/1443 2091/2527/1437 2067/2528/1438
f 2096/2533/1443 2087/2522/1432 2091/2527/1437
f 2096/2533/1443 2092/2529/1439 2087/2522/1432
f 2097/2535/1445 2088/2524/1434 2092/2529/1439
f 2097/2535/1445 2093/2530/1440 2088/2524/1434
f 2098/2536/1446 2089/2525/1435 2093/2530/1440
f 2098/2536/1446 2094/2531/1441 2089/2525/1435
f 2099/2537/1447 2090/2526/1436 2094/2531/1441
f 2099/2537/1447 2095/2532/1442 2090/2526/1436
f 2100/2538/1448 2092/2529/1439 2096/2533/1443
f 2100/2538/1448 2097/2535/1445 2092/2529/1439
f 2101/2539/1449 2093/2530/1440 2097/2535/1445
f 2101/2539/1449 2098/2536/1446 2093/2530/1440
f 2102/2540/1450 2099/2537/1447 2094/2531/1441
f 2102/2540/1450 2094/2531/1441 2098/2536/1446
f 2103/2541/1451 2068/76/318 2069/2507/1360
f 2103/2541/1451 2069/2507/1360 2095/2532/1442
f 2103/2541/1451 2095/2532/1442 2099/2537/1447
f 2104/2542/1452 2138/2534/1444 2066/322/1453
f 2104/2542/1452 2096/2533/1443 2138/2534/1444
f 2104/2542/1452 2100/2538/1448 2096/2533/1443
f 2105/2543/1454 2097/2535/1445 2100/2538/1448
f 2105/2543/1454 2101/2539/1449 2097/2535/1445
f 2106/2544/1455 2102/2540/1450 2098/2536/1446
f 2106/2544/1455 2098/2536/1446 2101/2539/1449
f 2107/2545/1456 2099/2537/1447 2102/2540/1450
f 2107/2545/1456 2103/2541/1451 2099/2537/1447
f 2107/2545/1456 2068/76/318 2103/2541/1451
f 2108/2546/1457 2066/322/1453 2137/2547/1458
f 2108/2546/1457 2104/2542/1452 2066/322/1453
f 2108/2546/1457 2100/2538/1448 2104/2542/1452
f 2108/2546/1457 2105/2543/1454 2100/2538/1448
f 2109/2548/1459 2101/2539/1449 2105/2543/1454
f 2109/2548/1459 2106/2544/1455 2101/2539/1449
f 2110/2549/1460 2102/2540/1450 2106/2544/1455
f 2110/2549/1460 2107/2545/1456 2102/2540/1450
f 2110/2549/1460 2068/76/318 2107/2545/1456
f 2111/2550/1461 2105/2543/1454 2108/2546/1457
f 2111/2550/1461 2109/2548/1459 2105/2543/1454
f 2112/2551/1462 2110/2549/1460 2106/2544/1455
f 2112/2551/1462 2106/2544/1455 2109/2548/1459
f 2112/2551/1462 2068/76/318 2110/2549/1460
f 2113/2552/1463 2137/2547/1458 2065/2553/1464
f 2113/2552/1463 2111/2550/1461 2108/2546/1457
f 2113/2552/1463 2108/2546/1457 2137/2547/1458
f 2114/2554/1465 2109/2548/1459 2111/2550/1461
f 2114/2554/1465 2068/109/318 2112/2551/1462
f 2114/2554/1465 2112/2551/1462 2109/2548/1459
f 2115/2555/1466 2065/2553/1464 2068/109/318
f 2115/2555/1466 2068/109/318 2114/2554/1465
f 2115/2555/1466 2113/2552/1463 2065/2553/1464
f 2115/2555/1466 2111/2550/1461 2113/2552/1463
f 2115/2555/1466 2114/2554/1465 2111/2550/1461
f 2025/2556/1397 2024/2557/324 2153/2558/322
f 2025/2556/1397 2153/2558/322 2121/2559/1467
f 2119/2560/1391 2121/2559/1467 2152/2561/1468
f 2119/2560/1391 2025/2556/1397 2121/2559/1467
f 2118/2562/1381 2152/2561/1468 2120/2563/1469
f 2118/2562/1381 2119/2560/1391 2152/2561/1468
f 2117/2564/1377 2120/2563/1469 2151/2565/1470
f 2117/2564/1377 2118/2562/1381 2120/2563/1469
f 2116/2566/1371 2151/2565/1470 2150/2567/1471
f 2116/2566/1371 2117/2564/1377 2151/2565/1470
f 655/2568/374 2150/2567/1471 2149/2569/371
f 655/2568/374 2116/2566/1371 2150/2567/1471
f 2200/2570/1472 656/1344/378 2018/2571/1387
f 2200/2570/1472 2129/2572/376 656/1344/378
f 2201/2573/1473 2018/2571/1387 2122/2574/1383
f 2201/2573/1473 2200/2570/1472 2018/2571/1387
f 2202/2575/1474 2122/2574/1383 2123/2576/1375
f 2202/2575/1474 2201/2573/1473 2122/2574/1383
f 2125/2577/1475 2123/2576/1375 2019/2578/1373
f 2125/2577/1475 2202/2575/1474 2123/2576/1375
f 2126/2579/1476 2019/2578/1373 2020/2580/1370
f 2126/2579/1476 2125/2577/1475 2019/2578/1373
f 2124/2581/373 2020/2580/1370 655/2558/374
f 2124/2581/373 2126/2579/1476 2020/2580/1370
f 2197/2582/1477 2250/2583/356 2249/2584/1478
f 2197/2582/1477 2130/2585/362 2250/2583/356
f 2198/2586/1479 2128/2587/1480 2248/2588/1481
f 2198/2586/1479 2249/2584/1478 2128/2587/1480
f 2198/2586/1479 2197/2582/1477 2249/2584/1478
f 2131/2589/1482 2198/2586/1479 2248/2588/1481
f 2132/2590/1483 2248/2588/1481 2247/2591/1484
f 2132/2590/1483 2131/2589/1482 2248/2588/1481
f 2199/2592/1485 2247/2591/1484 2127/2593/1486
f 2199/2592/1485 2132/2590/1483 2247/2591/1484
f 2129/2594/376 2127/2593/1486 2246/2595/377
f 2129/2594/376 2199/2592/1485 2127/2593/1486
f 2134/2596/1487 2133/2597/363 2072/2598/1433
f 2134/2596/1487 2072/2598/1433 2073/2599/1429
f 2134/2596/1487 653/2600/364 2133/2597/363
f 2244/2601/1488 2134/2596/1487 2073/2599/1429
f 2135/2602/1489 2073/2599/1429 2074/2603/1423
f 2135/2602/1489 2244/2601/1488 2073/2599/1429
f 2245/2604/1490 2074/2603/1423 2075/2605/1421
f 2245/2604/1490 2135/2602/1489 2074/2603/1423
f 2136/2606/1491 2075/2605/1421 2076/2607/1419
f 2136/2606/1491 2245/2604/1490 2075/2605/1421
f 2246/2608/377 2076/2607/1419 2071/2609/375
f 2246/2608/377 2136/2606/1491 2076/2607/1419
f 2293/2446/317 2068/2610/318 2065/2611/1464
f 2139/2449/1492 2065/2611/1464 2137/2612/1458
f 2139/2449/1492 2293/2446/317 2065/2611/1464
f 2294/2450/1493 2137/2612/1458 2066/2613/1453
f 2294/2450/1493 2139/2449/1492 2137/2612/1458
f 2295/2452/1494 2066/2613/1453 2138/2614/1444
f 2295/2452/1494 2294/2450/1493 2066/2613/1453
f 2140/2454/1495 2138/2614/1444 2067/2615/1438
f 2140/2454/1495 2295/2452/1494 2138/2614/1444
f 2141/2457/1496 2067/2615/1438 2133/2616/363
f 2141/2457/1496 2140/2454/1495 2067/2615/1438
f 654/2458/366 2141/2457/1496 2133/2616/363
f 2153/2617/322 2293/2558/317 2148/2559/1497
f 2142/2618/1498 2148/2559/1497 2147/2561/1499
f 2142/2618/1498 2153/2617/322 2148/2559/1497
f 2154/2619/1500 2147/2561/1499 2292/2563/1501
f 2154/2619/1500 2142/2618/1498 2147/2561/1499
f 2143/2620/1502 2292/2563/1501 2146/2565/1503
f 2143/2620/1502 2154/2619/1500 2292/2563/1501
f 2155/2621/1504 2146/2565/1503 2291/2567/1505
f 2155/2621/1504 2143/2620/1502 2146/2565/1503
f 2144/2622/1506 2291/2567/1505 2356/2569/368
f 2144/2622/1506 2155/2621/1504 2291/2567/1505
f 2145/2623/367 2144/2622/1506 2356/2569/368
f 2158/2624/1507 2144/2625/1506 2145/156/367
f 2158/2624/1507 2145/156/367 2338/2626/1508
f 2159/2627/1509 2338/2626/1508 2157/190/1510
f 2159/2627/1509 2158/2624/1507 2338/2626/1508
f 2160/2628/1511 2157/190/1510 2337/158/1512
f 2160/2628/1511 2159/2627/1509 2157/190/1510
f 2161/2629/1513 2155/2630/1504 2144/2625/1506
f 2161/2629/1513 2158/2624/1507 2159/2627/1509
f 2161/2629/1513 2144/2625/1506 2158/2624/1507
f 2162/2631/1514 2160/2628/1511 2337/158/1512
f 2163/2632/1515 2161/2629/1513 2159/2627/1509
f 2163/2632/1515 2159/2627/1509 2160/2628/1511
f 2164/2633/1516 2143/1183/1502 2155/2630/1504
f 2164/2633/1516 2155/2630/1504 2161/2629/1513
f 2165/2634/1517 2337/158/1512 2336/196/1518
f 2165/2634/1517 2162/2631/1514 2337/158/1512
f 2166/2635/1519 2163/2632/1515 2160/2628/1511
f 2166/2635/1519 2160/2628/1511 2162/2631/1514
f 2167/2636/1520 2164/2633/1516 2161/2629/1513
f 2167/2636/1520 2161/2629/1513 2163/2632/1515
f 2168/2637/1521 2336/196/1518 2156/2638/1522
f 2168/2637/1521 2165/2634/1517 2336/196/1518
f 2169/2639/1523 2162/2631/1514 2165/2634/1517
f 2169/2639/1523 2166/2635/1519 2162/2631/1514
f 2170/2640/1524 2163/2632/1515 2166/2635/1519
f 2170/2640/1524 2167/2636/1520 2163/2632/1515
f 2171/2641/1525 2154/2642/1500 2143/1183/1502
f 2171/2641/1525 2164/2633/1516 2167/2636/1520
f 2171/2641/1525 2143/1183/1502 2164/2633/1516
f 2172/2643/1526 2149/203/371 2150/2644/1471
f 2172/2643/1526 2156/2638/1522 2149/203/371
f 2172/2643/1526 2168/2637/1521 2156/2638/1522
f 2173/2645/1527 2165/2634/1517 2168/2637/1521
f 2173/2645/1527 2169/2639/1523 2165/2634/1517
f 2174/2646/1528 2166/2635/1519 2169/2639/1523
f 2174/2646/1528 2170/2640/1524 2166/2635/1519
f 2175/2647/1529 2167/2636/1520 2170/2640/1524
f 2175/2647/1529 2171/2641/1525 2167/2636/1520
f 2176/2648/1530 2142/2649/1498 2154/2642/1500
f 2176/2648/1530 2154/2642/1500 2171/2641/1525
f 2177/2650/1531 2150/2644/1471 2151/2651/1470
f 2177/2650/1531 2172/2643/1526 2150/2644/1471
f 2177/2650/1531 2168/2637/1521 2172/2643/1526
f 2177/2650/1531 2173/2645/1527 2168/2637/1521
f 2178/2652/1532 2169/2639/1523 2173/2645/1527
f 2178/2652/1532 2174/2646/1528 2169/2639/1523
f 2179/2653/1533 2170/2640/1524 2174/2646/1528
f 2179/2653/1533 2175/2647/1529 2170/2640/1524
f 2180/2654/1534 2171/2641/1525 2175/2647/1529
f 2180/2654/1534 2176/2648/1530 2171/2641/1525
f 2181/2655/1535 2173/2645/1527 2177/2650/1531
f 2181/2655/1535 2178/2652/1532 2173/2645/1527
f 2182/2656/1536 2174/2646/1528 2178/2652/1532
f 2182/2656/1536 2179/2653/1533 2174/2646/1528
f 2183/2657/1537 2180/2654/1534 2175/2647/1529
f 2183/2657/1537 2175/2647/1529 2179/2653/1533
f 2184/2658/1538 2176/2648/1530 2180/2654/1534
f 2184/2658/1538 2153/1185/322 2142/2649/1498
f 2184/2658/1538 2142/2649/1498 2176/2648/1530
f 2185/2659/1539 2151/2651/1470 2120/1216/1469
f 2185/2659/1539 2181/2655/1535 2177/2650/1531
f 2185/2659/1539 2177/2650/1531 2151/2651/1470
f 2186/2660/1540 2178/2652/1532 2181/2655/1535
f 2186/2660/1540 2182/2656/1536 2178/2652/1532
f 2187/2661/1541 2183/2657/1537 2179/2653/1533
f 2187/2661/1541 2179/2653/1533 2182/2656/1536
f 2188/2662/1542 2153/1185/322 2184/2658/1538
f 2188/2662/1542 2180/2654/1534 2183/2657/1537
f 2188/2662/1542 2184/2658/1538 2180/2654/1534
f 2189/2663/1543 2120/1216/1469 2152/2664/1468
f 2189/2663/1543 2186/2660/1540 2181/2655/1535
f 2189/2663/1543 2185/2659/1539 2120/1216/1469
f 2189/2663/1543 2181/2655/1535 2185/2659/1539
f 2190/2665/1544 2182/2656/1536 2186/2660/1540
f 2190/2665/1544 2187/2661/1541 2182/2656/1536
f 2191/2666/1545 2183/2657/1537 2187/2661/1541
f 2191/2666/1545 2188/2662/1542 2183/2657/1537
f 2191/2666/1545 2153/1185/322 2188/2662/1542
f 2192/2667/1546 2186/2660/1540 2189/2663/1543
f 2192/2667/1546 2190/2665/1544 2186/2660/1540
f 2193/2668/1547 2187/2661/1541 2190/2665/1544
f 2193/2668/1547 2153/1185/322 2191/2666/1545
f 2193/2668/1547 2191/2666/1545 2187/2661/1541
f 2194/2669/1548 2152/2664/1468 2121/2670/1467
f 2194/2669/1548 2192/2667/1546 2189/2663/1543
f 2194/2669/1548 2189/2663/1543 2152/2664/1468
f 2195/2671/1549 2190/2665/1544 2192/2667/1546
f 2195/2671/1549 2153/120/322 2193/2668/1547
f 2195/2671/1549 2193/2668/1547 2190/2665/1544
f 2196/2672/1550 2121/2670/1467 2153/120/322
f 2196/2672/1550 2153/120/322 2195/2671/1549
f 2196/2672/1550 2194/2669/1548 2121/2670/1467
f 2196/2672/1550 2192/2667/1546 2194/2669/1548
f 2196/2672/1550 2195/2671/1549 2192/2667/1546
f 2205/2673/1551 2342/2674/1552 2130/1273/362
f 2206/2675/1553 2205/2673/1551 2130/1273/362
f 2207/2676/1554 2206/2675/1553 2130/1273/362
f 2208/2677/1555 2343/2678/1556 2342/2674/1552
f 2208/2677/1555 2205/2673/1551 2206/2675/1553
f 2208/2677/1555 2342/2674/1552 2205/2673/1551
f 2209/2679/1557 2207/2676/1554 2130/1273/362
f 2210/2680/1558 2206/2675/1553 2207/2676/1554
f 2210/2680/1558 2208/2677/1555 2206/2675/1553
f 2211/2681/1559 2344/2682/1560 2343/2678/1556
f 2211/2681/1559 2343/2678/1556 2208/2677/1555
f 2212/2683/1561 2209/2679/1557 2130/1277/362
f 2213/2684/1562 2210/2680/1558 2207/2676/1554
f 2213/2684/1562 2207/2676/1554 2209/2679/1557
f 2214/2685/1563 2208/2677/1555 2210/2680/1558
f 2214/2685/1563 2211/2681/1559 2208/2677/1555
f 2215/2686/1564 2212/2683/1561 2130/1277/362
f 2216/2687/1565 2209/2679/1557 2212/2683/1561
f 2216/2687/1565 2213/2684/1562 2209/2679/1557
f 2217/2688/1566 2210/2680/1558 2213/2684/1562
f 2217/2688/1566 2214/2685/1563 2210/2680/1558
f 2218/2689/1567 2203/2690/1568 2344/2682/1560
f 2218/2689/1567 2344/2682/1560 2211/2681/1559
f 2218/2689/1567 2211/2681/1559 2214/2685/1563
f 2219/2691/1569 2130/1277/362 2197/2692/1477
f 2219/2691/1569 2215/2686/1564 2130/1277/362
f 2220/2693/1570 2212/2683/1561 2215/2686/1564
f 2220/2693/1570 2216/2687/1565 2212/2683/1561
f 2221/2694/1571 2213/2684/1562 2216/2687/1565
f 2221/2694/1571 2217/2688/1566 2213/2684/1562
f 2222/2695/1572 2214/2685/1563 2217/2688/1566
f 2222/2695/1572 2218/2689/1567 2214/2685/1563
f 2223/2696/1573 2204/2697/1574 2203/2690/1568
f 2223/2696/1573 2203/2690/1568 2218/2689/1567
f 2224/2698/1575 2197/2692/1477 2198/2699/1479
f 2224/2698/1575 2219/2691/1569 2197/2692/1477
f 2224/2698/1575 2215/2686/1564 2219/2691/1569
f 2224/2698/1575 2220/2693/1570 2215/2686/1564
f 2225/2700/1576 2221/2694/1571 2216/2687/1565
f 2225/2700/1576 2216/2687/1565 2220/2693/1570
f 2226/2701/1577 2217/2688/1566 2221/2694/1571
f 2226/2701/1577 2222/2695/1572 2217/2688/1566
f 2227/2702/1578 2218/2689/1567 2222/2695/1572
f 2227/2702/1578 2223/2696/1573 2218/2689/1567
f 2228/2703/1579 2220/2693/1570 2224/2698/1575
f 2228/2703/1579 2225/2700/1576 2220/2693/1570
f 2229/2704/1580 2226/2701/1577 2221/2694/1571
f 2229/2704/1580 2221/2694/1571 2225/2700/1576
f 2230/2705/1581 2222/2695/1572 2226/2701/1577
f 2230/2705/1581 2227/2702/1578 2222/2695/1572
f 2231/2706/1582 2223/2696/1573 2227/2702/1578
f 2231/2706/1582 2126/2461/1476 2124/251/373
f 2231/2706/1582 2124/251/373 2204/2697/1574
f 2231/2706/1582 2204/2697/1574 2223/2696/1573
f 2232/2707/1583 2198/2699/1479 2131/1283/1482
f 2232/2707/1583 2224/2698/1575 2198/2699/1479
f 2232/2707/1583 2228/2703/1579 2224/2698/1575
f 2233/2708/1584 2225/2700/1576 2228/2703/1579
f 2233/2708/1584 2229/2704/1580 2225/2700/1576
f 2234/2709/1585 2226/2701/1577 2229/2704/1580
f 2234/2709/1585 2230/2705/1581 2226/2701/1577
f 2235/2710/1586 2231/2706/1582 2227/2702/1578
f 2235/2710/1586 2125/263/1475 2126/2461/1476
f 2235/2710/1586 2227/2702/1578 2230/2705/1581
f 2235/2710/1586 2126/2461/1476 2231/2706/1582
f 2236/2711/1587 2131/1283/1482 2132/2712/1483
f 2236/2711/1587 2232/2707/1583 2131/1283/1482
f 2236/2711/1587 2228/2703/1579 2232/2707/1583
f 2236/2711/1587 2233/2708/1584 2228/2703/1579
f 2237/2713/1588 2229/2704/1580 2233/2708/1584
f 2237/2713/1588 2234/2709/1585 2229/2704/1580
f 2238/2714/1589 2202/2465/1474 2125/263/1475
f 2238/2714/1589 2230/2705/1581 2234/2709/1585
f 2238/2714/1589 2235/2710/1586 2230/2705/1581
f 2238/2714/1589 2125/263/1475 2235/2710/1586
f 2239/2715/1590 2233/2708/1584 2236/2711/1587
f 2239/2715/1590 2237/2713/1588 2233/2708/1584
f 2240/2716/1591 2201/275/1473 2202/2465/1474
f 2240/2716/1591 2202/2465/1474 2238/2714/1589
f 2240/2716/1591 2234/2709/1585 2237/2713/1588
f 2240/2716/1591 2238/2714/1589 2234/2709/1585
f 2241/2717/1592 2132/2712/1483 2199/2718/1485
f 2241/2717/1592 2239/2715/1590 2236/2711/1587
f 2241/2717/1592 2236/2711/1587 2132/2712/1483
f 2242/2719/1593 2200/2475/1472 2201/275/1473
f 2242/2719/1593 2201/275/1473 2240/2716/1591
f 2242/2719/1593 2237/2713/1588 2239/2715/1590
f 2242/2719/1593 2240/2716/1591 2237/2713/1588
f 2243/2720/1594 2199/2718/1485 2129/287/376
f 2243/2720/1594 2129/287/376 2200/2475/1472
f 2243/2720/1594 2200/2475/1472 2242/2719/1593
f 2243/2720/1594 2241/2717/1592 2199/2718/1485
f 2243/2720/1594 2239/2715/1590 2241/2717/1592
f 2243/2720/1594 2242/2719/1593 2239/2715/1590
f 2252/2721/1595 2249/2692/1478 2250/1277/356
f 2253/2722/1596 2252/2721/1595 2250/1277/356
f 2254/2723/1597 2253/2722/1596 2250/1277/356
f 2255/2724/1598 2128/2699/1480 2249/2692/1478
f 2255/2724/1598 2249/2692/1478 2252/2721/1595
f 2255/2724/1598 2252/2721/1595 2253/2722/1596
f 2256/2725/1599 2254/2723/1597 2250/1277/356
f 2257/2726/1600 2253/2722/1596 2254/2723/1597
f 2257/2726/1600 2255/2724/1598 2253/2722/1596
f 2258/2727/1601 2248/1283/1481 2128/2699/1480
f 2258/2727/1601 2128/2699/1480 2255/2724/1598
f 2259/2728/1602 2256/2725/1599 2250/2729/356
f 2260/2730/1603 2254/2723/1597 2256/2725/1599
f 2260/2730/1603 2257/2726/1600 2254/2723/1597
f 2261/2731/1604 2255/2724/1598 2257/2726/1600
f 2261/2731/1604 2258/2727/1601 2255/2724/1598
f 2262/2732/1605 2259/2728/1602 2250/2729/356
f 2263/2733/1606 2256/2725/1599 2259/2728/1602
f 2263/2733/1606 2260/2730/1603 2256/2725/1599
f 2264/2734/1607 2257/2726/1600 2260/2730/1603
f 2264/2734/1607 2261/2731/1604 2257/2726/1600
f 2265/2735/1608 2247/2712/1484 2248/1283/1481
f 2265/2735/1608 2248/1283/1481 2258/2727/1601
f 2265/2735/1608 2258/2727/1601 2261/2731/1604
f 2266/2736/1609 2250/2729/356 2251/2737/1610
f 2266/2736/1609 2262/2732/1605 2250/2729/356
f 2267/2738/1611 2259/2728/1602 2262/2732/1605
f 2267/2738/1611 2263/2733/1606 2259/2728/1602
f 2268/2739/1612 2260/2730/1603 2263/2733/1606
f 2268/2739/1612 2264/2734/1607 2260/2730/1603
f 2269/2740/1613 2261/2731/1604 2264/2734/1607
f 2269/2740/1613 2265/2735/1608 2261/2731/1604
f 2270/2741/1614 2127/2718/1486 2247/2712/1484
f 2270/2741/1614 2247/2712/1484 2265/2735/1608
f 2271/2742/1615 2251/2737/1610 2352/2743/1616
f 2271/2742/1615 2266/2736/1609 2251/2737/1610
f 2271/2742/1615 2262/2732/1605 2266/2736/1609
f 2271/2742/1615 2267/2738/1611 2262/2732/1605
f 2272/2744/1617 2268/2739/1612 2263/2733/1606
f 2272/2744/1617 2263/2733/1606 2267/2738/1611
f 2273/2745/1618 2264/2734/1607 2268/2739/1612
f 2273/2745/1618 2269/2740/1613 2264/2734/1607
f 2274/2746/1619 2265/2735/1608 2269/2740/1613
f 2274/2746/1619 2270/2741/1614 2265/2735/1608
f 2275/2747/1620 2267/2738/1611 2271/2742/1615
f 2275/2747/1620 2272/2744/1617 2267/2738/1611
f 2276/2748/1621 2268/2739/1612 2272/2744/1617
f 2276/2748/1621 2273/2745/1618 2268/2739/1612
f 2277/2749/1622 2269/2740/1613 2273/2745/1618
f 2277/2749/1622 2274/2746/1619 2269/2740/1613
f 2278/2750/1623 2270/2741/1614 2274/2746/1619
f 2278/2750/1623 2136/2511/1491 2246/287/377
f 2278/2750/1623 2246/287/377 2127/2718/1486
f 2278/2750/1623 2127/2718/1486 2270/2741/1614
f 2279/2751/1624 2352/2743/1616 2351/2752/1625
f 2279/2751/1624 2271/2742/1615 2352/2743/1616
f 2279/2751/1624 2275/2747/1620 2271/2742/1615
f 2280/2753/1626 2272/2744/1617 2275/2747/1620
f 2280/2753/1626 2276/2748/1621 2272/2744/1617
f 2281/2754/1627 2273/2745/1618 2276/2748/1621
f 2281/2754/1627 2277/2749/1622 2273/2745/1618
f 2282/2755/1628 2278/2750/1623 2274/2746/1619
f 2282/2755/1628 2245/299/1490 2136/2511/1491
f 2282/2755/1628 2274/2746/1619 2277/2749/1622
f 2282/2755/1628 2136/2511/1491 2278/2750/1623
f 2283/2756/1629 2279/2751/1624 2351/2752/1625
f 2283/2756/1629 2351/2752/1625 2350/2757/1630
f 2283/2756/1629 2275/2747/1620 2279/2751/1624
f 2283/2756/1629 2280/2753/1626 2275/2747/1620
f 2284/2758/1631 2281/2754/1627 2276/2748/1621
f 2284/2758/1631 2276/2748/1621 2280/2753/1626
f 2285/2759/1632 2135/2514/1489 2245/299/1490
f 2285/2759/1632 2277/2749/1622 2281/2754/1627
f 2285/2759/1632 2245/299/1490 2282/2755/1628
f 2285/2759/1632 2282/2755/1628 2277/2749/1622
f 2286/2760/1633 2280/2753/1626 2283/2756/1629
f 2286/2760/1633 2284/2758/1631 2280/2753/1626
f 2287/2761/1634 2244/311/1488 2135/2514/1489
f 2287/2761/1634 2135/2514/1489 2285/2759/1632
f 2287/2761/1634 2281/2754/1627 2284/2758/1631
f 2287/2761/1634 2285/2759/1632 2281/2754/1627
f 2288/2762/1635 2350/2757/1630 2349/2763/1636
f 2288/2762/1635 2283/2756/1629 2350/2757/1630
f 2288/2762/1635 2286/2760/1633 2283/2756/1629
f 2289/2764/1637 2134/2523/1487 2244/311/1488
f 2289/2764/1637 2244/311/1488 2287/2761/1634
f 2289/2764/1637 2284/2758/1631 2286/2760/1633
f 2289/2764/1637 2287/2761/1634 2284/2758/1631
f 2290/2765/1638 653/168/364 2134/2523/1487
f 2290/2765/1638 2349/2763/1636 653/168/364
f 2290/2765/1638 2289/2764/1637 2286/2760/1633
f 2290/2765/1638 2134/2523/1487 2289/2764/1637
f 2290/2765/1638 2288/2762/1635 2349/2763/1636
f 2290/2765/1638 2286/2760/1633 2288/2762/1635
f 2297/2766/1639 2141/2528/1496 654/168/366
f 2297/2766/1639 654/168/366 2360/2767/1640
f 2298/2768/1641 2360/2767/1640 2359/173/1642
f 2298/2768/1641 2297/2766/1639 2360/2767/1640
f 2299/2769/1643 2359/173/1642 2358/2276/1644
f 2299/2769/1643 2298/2768/1641 2359/173/1642
f 2300/2770/1645 2140/2534/1495 2141/2528/1496
f 2300/2770/1645 2297/2766/1639 2298/2768/1641
f 2300/2770/1645 2141/2528/1496 2297/2766/1639
f 2301/2771/1646 2299/2769/1643 2358/2276/1644
f 2302/2772/1647 2300/2770/1645 2298/2768/1641
f 2302/2772/1647 2298/2768/1641 2299/2769/1643
f 2303/2773/1648 2295/322/1494 2140/2534/1495
f 2303/2773/1648 2140/2534/1495 2300/2770/1645
f 2304/2774/1649 2358/2276/1644 2357/180/1650
f 2304/2774/1649 2301/2771/1646 2358/2276/1644
f 2305/2775/1651 2302/2772/1647 2299/2769/1643
f 2305/2775/1651 2299/2769/1643 2301/2771/1646
f 2306/2776/1652 2303/2773/1648 2300/2770/1645
f 2306/2776/1652 2300/2770/1645 2302/2772/1647
f 2307/2777/1653 2357/180/1650 2296/2778/1654
f 2307/2777/1653 2304/2774/1649 2357/180/1650
f 2308/2779/1655 2301/2771/1646 2304/2774/1649
f 2308/2779/1655 2305/2775/1651 2301/2771/1646
f 2309/2780/1656 2302/2772/1647 2305/2775/1651
f 2309/2780/1656 2306/2776/1652 2302/2772/1647
f 2310/2781/1657 2294/2547/1493 2295/322/1494
f 2310/2781/1657 2303/2773/1648 2306/2776/1652
f 2310/2781/1657 2295/322/1494 2303/2773/1648
f 2311/2782/1658 2356/156/368 2291/2625/1505
f 2311/2782/1658 2296/2778/1654 2356/156/368
f 2311/2782/1658 2307/2777/1653 2296/2778/1654
f 2312/2783/1659 2304/2774/1649 2307/2777/1653
f 2312/2783/1659 2308/2779/1655 2304/2774/1649
f 2313/2784/1660 2305/2775/1651 2308/2779/1655
f 2313/2784/1660 2309/2780/1656 2305/2775/1651
f 2314/2785/1661 2306/2776/1652 2309/2780/1656
f 2314/2785/1661 2310/2781/1657 2306/2776/1652
f 2315/2786/1662 2139/2553/1492 2294/2547/1493
f 2315/2786/1662 2294/2547/1493 2310/2781/1657
f 2316/2787/1663 2291/2625/1505 2146/2630/1503
f 2316/2787/1663 2311/2782/1658 2291/2625/1505
f 2316/2787/1663 2307/2777/1653 2311/2782/1658
f 2316/2787/1663 2312/2783/1659 2307/2777/1653
f 2317/2788/1664 2308/2779/1655 2312/2783/1659
f 2317/2788/1664 2313/2784/1660 2308/2779/1655
f 2318/2789/1665 2309/2780/1656 2313/2784/1660
f 2318/2789/1665 2314/2785/1661 2309/2780/1656
f 2319/2790/1666 2310/2781/1657 2314/2785/1661
f 2319/2790/1666 2315/2786/1662 2310/2781/1657
f 2320/2791/1667 2312/2783/1659 2316/2787/1663
f 2320/2791/1667 2317/2788/1664 2312/2783/1659
f 2321/2792/1668 2313/2784/1660 2317/2788/1664
f 2321/2792/1668 2318/2789/1665 2313/2784/1660
f 2322/2793/1669 2319/2790/1666 2314/2785/1661
f 2322/2793/1669 2314/2785/1661 2318/2789/1665
f 2323/2794/1670 2315/2786/1662 2319/2790/1666
f 2323/2794/1670 2293/109/317 2139/2553/1492
f 2323/2794/1670 2139/2553/1492 2315/2786/1662
f 2324/2795/1671 2146/2630/1503 2292/1183/1501
f 2324/2795/1671 2320/2791/1667 2316/2787/1663
f 2324/2795/1671 2316/2787/1663 2146/2630/1503
f 2325/2796/1672 2317/2788/1664 2320/2791/1667
f 2325/2796/1672 2321/2792/1668 2317/2788/1664
f 2326/2797/1673 2322/2793/1669 2318/2789/1665
f 2326/2797/1673 2318/2789/1665 2321/2792/1668
f 2327/2798/1674 2293/109/317 2323/2794/1670
f 2327/2798/1674 2319/2790/1666 2322/2793/1669
f 2327/2798/1674 2323/2794/1670 2319/2790/1666
f 2328/2799/1675 2292/1183/1501 2147/2642/1499
f 2328/2799/1675 2325/2796/1672 2320/2791/1667
f 2328/2799/1675 2324/2795/1671 2292/1183/1501
f 2328/2799/1675 2320/2791/1667 2324/2795/1671
f 2329/2800/1676 2321/2792/1668 2325/2796/1672
f 2329/2800/1676 2326/2797/1673 2321/2792/1668
f 2330/2801/1677 2322/2793/1669 2326/2797/1673
f 2330/2801/1677 2327/2798/1674 2322/2793/1669
f 2330/2801/1677 2293/109/317 2327/2798/1674
f 2331/2802/1678 2325/2796/1672 2328/2799/1675
f 2331/2802/1678 2329/2800/1676 2325/2796/1672
f 2332/2803/1679 2326/2797/1673 2329/2800/1676
f 2332/2803/1679 2293/109/317 2330/2801/1677
f 2332/2803/1679 2330/2801/1677 2326/2797/1673
f 2333/2804/1680 2147/2642/1499 2148/2649/1497
f 2333/2804/1680 2331/2802/1678 2328/2799/1675
f 2333/2804/1680 2328/2799/1675 2147/2642/1499
f 2334/2805/1681 2329/2800/1676 2331/2802/1678
f 2334/2805/1681 2293/1185/317 2332/2803/1679
f 2334/2805/1681 2332/2803/1679 2329/2800/1676
f 2335/2806/1682 2148/2649/1497 2293/1185/317
f 2335/2806/1682 2293/1185/317 2334/2805/1681
f 2335/2806/1682 2333/2804/1680 2148/2649/1497
f 2335/2806/1682 2331/2802/1678 2333/2804/1680
f 2335/2806/1682 2334/2805/1681 2331/2802/1678
f 2363/2581/372 2149/2558/371 2156/2559/1522
f 2339/2807/1683 2156/2559/1522 2336/2561/1518
f 2339/2807/1683 2363/2581/372 2156/2559/1522
f 2340/2808/1684 2336/2561/1518 2337/2563/1512
f 2340/2808/1684 2339/2807/1683 2336/2561/1518
f 2341/2809/1685 2337/2563/1512 2157/2565/1510
f 2341/2809/1685 2340/2808/1684 2337/2563/1512
f 2364/2810/1686 2157/2565/1510 2338/2567/1508
f 2364/2810/1686 2341/2809/1685 2157/2565/1510
f 2365/2811/1687 2338/2567/1508 2145/2569/367
f 2365/2811/1687 2364/2810/1686 2338/2567/1508
f 2460/2812/370 2365/2811/1687 2145/2569/367
f 2362/2813/1688 2130/2814/362 2342/2815/1552
f 2362/2813/1688 534/2816/359 2130/2814/362
f 2345/2817/1689 2342/2815/1552 2343/2818/1556
f 2345/2817/1689 2362/2813/1688 2342/2815/1552
f 2346/2819/1690 2343/2818/1556 2344/2820/1560
f 2346/2819/1690 2345/2817/1689 2343/2818/1556
f 2347/2821/1691 2344/2820/1560 2203/2822/1568
f 2347/2821/1691 2346/2819/1690 2344/2820/1560
f 2348/2823/1692 2203/2822/1568 2204/2824/1574
f 2348/2823/1692 2347/2821/1691 2203/2822/1568
f 2363/2825/372 2204/2824/1574 2124/2826/373
f 2363/2825/372 2348/2823/1692 2204/2824/1574
f 2251/2813/1610 2250/2816/356 2415/2814/354
f 2251/2813/1610 2414/2815/1693 2355/2818/1694
f 2251/2813/1610 2415/2814/354 2414/2815/1693
f 2352/2817/1616 2355/2818/1694 2413/2820/1695
f 2352/2817/1616 2251/2813/1610 2355/2818/1694
f 2351/2819/1625 2413/2820/1695 2354/2822/1696
f 2351/2819/1625 2352/2817/1616 2413/2820/1695
f 2350/2821/1630 2354/2822/1696 2412/2824/1697
f 2350/2821/1630 2351/2819/1625 2354/2822/1696
f 2349/2823/1636 2350/2821/1630 2412/2824/1697
f 653/2825/364 2412/2824/1697 2353/2826/365
f 653/2825/364 2349/2823/1636 2412/2824/1697
f 2407/2827/1698 2356/2569/368 2296/2828/1654
f 2407/2827/1698 2296/2828/1654 2357/2829/1650
f 2407/2827/1698 2361/2812/369 2356/2569/368
f 2408/2830/1699 2357/2829/1650 2358/2831/1644
f 2408/2830/1699 2407/2827/1698 2357/2829/1650
f 2409/2832/1700 2358/2831/1644 2359/2833/1642
f 2409/2832/1700 2408/2830/1699 2358/2831/1644
f 2410/2834/1701 2359/2833/1642 2360/2835/1640
f 2410/2834/1701 2409/2832/1700 2359/2833/1642
f 2411/2836/1702 2410/2834/1701 2360/2835/1640
f 2353/2600/365 2360/2835/1640 654/2597/366
f 2353/2600/365 2411/2836/1702 2360/2835/1640
f 2368/2837/1703 2366/2838/1704 534/2839/359
f 2369/2840/1705 2368/2837/1703 534/2839/359
f 2370/2841/1706 2369/2840/1705 534/2839/359
f 2371/2842/1707 2367/2843/1708 2366/2838/1704
f 2371/2842/1707 2368/2837/1703 2369/2840/1705
f 2371/2842/1707 2366/2838/1704 2368/2837/1703
f 2372/2844/1709 2370/2841/1706 534/2839/359
f 2373/2845/1710 2369/2840/1705 2370/2841/1706
f 2373/2845/1710 2371/2842/1707 2369/2840/1705
f 2374/2846/1711 2457/2847/1712 2367/2843/1708
f 2374/2846/1711 2367/2843/1708 2371/2842/1707
f 2375/2848/1713 2372/2844/1709 534/2849/359
f 2376/2850/1714 2373/2845/1710 2370/2841/1706
f 2376/2850/1714 2370/2841/1706 2372/2844/1709
f 2377/2851/1715 2371/2842/1707 2373/2845/1710
f 2377/2851/1715 2374/2846/1711 2371/2842/1707
f 2378/2852/1716 2375/2848/1713 534/2849/359
f 2379/2853/1717 2372/2844/1709 2375/2848/1713
f 2379/2853/1717 2376/2850/1714 2372/2844/1709
f 2380/2854/1718 2373/2845/1710 2376/2850/1714
f 2380/2854/1718 2377/2851/1715 2373/2845/1710
f 2381/2855/1719 2458/2856/1720 2457/2847/1712
f 2381/2855/1719 2457/2847/1712 2374/2846/1711
f 2381/2855/1719 2374/2846/1711 2377/2851/1715
f 2382/2857/1721 534/2849/359 2362/2858/1688
f 2382/2857/1721 2378/2852/1716 534/2849/359
f 2383/2859/1722 2375/2848/1713 2378/2852/1716
f 2383/2859/1722 2379/2853/1717 2375/2848/1713
f 2384/2860/1723 2376/2850/1714 2379/2853/1717
f 2384/2860/1723 2380/2854/1718 2376/2850/1714
f 2385/2861/1724 2377/2851/1715 2380/2854/1718
f 2385/2861/1724 2381/2855/1719 2377/2851/1715
f 2386/2862/1725 2459/2863/1726 2458/2856/1720
f 2386/2862/1725 2458/2856/1720 2381/2855/1719
f 2387/2864/1727 2362/2858/1688 2345/2865/1689
f 2387/2864/1727 2382/2857/1721 2362/2858/1688
f 2387/2864/1727 2378/2852/1716 2382/2857/1721
f 2387/2864/1727 2383/2859/1722 2378/2852/1716
f 2388/2866/1728 2384/2860/1723 2379/2853/1717
f 2388/2866/1728 2379/2853/1717 2383/2859/1722
f 2389/2867/1729 2380/2854/1718 2384/2860/1723
f 2389/2867/1729 2385/2861/1724 2380/2854/1718
f 2390/2868/1730 2381/2855/1719 2385/2861/1724
f 2390/2868/1730 2386/2862/1725 2381/2855/1719
f 2391/2869/1731 2383/2859/1722 2387/2864/1727
f 2391/2869/1731 2388/2866/1728 2383/2859/1722
f 2392/2870/1732 2389/2867/1729 2384/2860/1723
f 2392/2870/1732 2384/2860/1723 2388/2866/1728
f 2393/2871/1733 2385/2861/1724 2389/2867/1729
f 2393/2871/1733 2390/2868/1730 2385/2861/1724
f 2394/2872/1734 2386/2862/1725 2390/2868/1730
f 2394/2872/1734 2365/2626/1687 2460/156/370
f 2394/2872/1734 2460/156/370 2459/2863/1726
f 2394/2872/1734 2459/2863/1726 2386/2862/1725
f 2395/2873/1735 2345/2865/1689 2346/2874/1690
f 2395/2873/1735 2387/2864/1727 2345/2865/1689
f 2395/2873/1735 2391/2869/1731 2387/2864/1727
f 2396/2875/1736 2388/2866/1728 2391/2869/1731
f 2396/2875/1736 2392/2870/1732 2388/2866/1728
f 2397/2876/1737 2389/2867/1729 2392/2870/1732
f 2397/2876/1737 2393/2871/1733 2389/2867/1729
f 2398/2877/1738 2394/2872/1734 2390/2868/1730
f 2398/2877/1738 2364/190/1686 2365/2626/1687
f 2398/2877/1738 2390/2868/1730 2393/2871/1733
f 2398/2877/1738 2365/2626/1687 2394/2872/1734
f 2399/2878/1739 2346/2874/1690 2347/2879/1691
f 2399/2878/1739 2395/2873/1735 2346/2874/1690
f 2399/2878/1739 2391/2869/1731 2395/2873/1735
f 2399/2878/1739 2396/2875/1736 2391/2869/1731
f 2400/2880/1740 2392/2870/1732 2396/2875/1736
f 2400/2880/1740 2397/2876/1737 2392/2870/1732
f 2401/2881/1741 2341/158/1685 2364/190/1686
f 2401/2881/1741 2393/2871/1733 2397/2876/1737
f 2401/2881/1741 2398/2877/1738 2393/2871/1733
f 2401/2881/1741 2364/190/1686 2398/2877/1738
f 2402/2882/1742 2396/2875/1736 2399/2878/1739
f 2402/2882/1742 2400/2880/1740 2396/2875/1736
f 2403/2883/1743 2340/196/1684 2341/158/1685
f 2403/2883/1743 2341/158/1685 2401/2881/1741
f 2403/2883/1743 2397/2876/1737 2400/2880/1740
f 2403/2883/1743 2401/2881/1741 2397/2876/1737
f 2404/2884/1744 2347/2879/1691 2348/2885/1692
f 2404/2884/1744 2402/2882/1742 2399/2878/1739
f 2404/2884/1744 2399/2878/1739 2347/2879/1691
f 2405/2886/1745 2339/2638/1683 2340/196/1684
f 2405/2886/1745 2340/196/1684 2403/2883/1743
f 2405/2886/1745 2400/2880/1740 2402/2882/1742
f 2405/2886/1745 2403/2883/1743 2400/2880/1740
f 2406/2887/1746 2348/2885/1692 2363/203/372
f 2406/2887/1746 2363/203/372 2339/2638/1683
f 2406/2887/1746 2339/2638/1683 2405/2886/1745
f 2406/2887/1746 2404/2884/1744 2348/2885/1692
f 2406/2887/1746 2402/2882/1742 2404/2884/1744
f 2406/2887/1746 2405/2886/1745 2402/2882/1742
f 2418/2888/1747 2414/2737/1693 2415/2729/354
f 2419/2889/1748 2418/2888/1747 2415/2729/354
f 2420/2890/1749 2419/2889/1748 2415/2729/354
f 2421/2891/1750 2355/2743/1694 2414/2737/1693
f 2421/2891/1750 2414/2737/1693 2418/2888/1747
f 2421/2891/1750 2418/2888/1747 2419/2889/1748
f 2422/2892/1751 2420/2890/1749 2415/2729/354
f 2423/2893/1752 2419/2889/1748 2420/2890/1749
f 2423/2893/1752 2421/2891/1750 2419/2889/1748
f 2424/2894/1753 2413/2752/1695 2355/2743/1694
f 2424/2894/1753 2355/2743/1694 2421/2891/1750
f 2425/2895/1754 2422/2892/1751 2415/2839/354
f 2426/2896/1755 2420/2890/1749 2422/2892/1751
f 2426/2896/1755 2423/2893/1752 2420/2890/1749
f 2427/2897/1756 2421/2891/1750 2423/2893/1752
f 2427/2897/1756 2424/2894/1753 2421/2891/1750
f 2428/2898/1757 2425/2895/1754 2415/2839/354
f 2429/2899/1758 2422/2892/1751 2425/2895/1754
f 2429/2899/1758 2426/2896/1755 2422/2892/1751
f 2430/2900/1759 2423/2893/1752 2426/2896/1755
f 2430/2900/1759 2427/2897/1756 2423/2893/1752
f 2431/2901/1760 2354/2757/1696 2413/2752/1695
f 2431/2901/1760 2413/2752/1695 2424/2894/1753
f 2431/2901/1760 2424/2894/1753 2427/2897/1756
f 2432/2902/1761 2415/2839/354 2463/2838/1762
f 2432/2902/1761 2428/2898/1757 2415/2839/354
f 2433/2903/1763 2425/2895/1754 2428/2898/1757
f 2433/2903/1763 2429/2899/1758 2425/2895/1754
f 2434/2904/1764 2426/2896/1755 2429/2899/1758
f 2434/2904/1764 2430/2900/1759 2426/2896/1755
f 2435/2905/1765 2427/2897/1756 2430/2900/1759
f 2435/2905/1765 2431/2901/1760 2427/2897/1756
f 2436/2906/1766 2412/2763/1697 2354/2757/1696
f 2436/2906/1766 2354/2757/1696 2431/2901/1760
f 2437/2907/1767 2463/2838/1762 2417/2843/1768
f 2437/2907/1767 2432/2902/1761 2463/2838/1762
f 2437/2907/1767 2428/2898/1757 2432/2902/1761
f 2437/2907/1767 2433/2903/1763 2428/2898/1757
f 2438/2908/1769 2434/2904/1764 2429/2899/1758
f 2438/2908/1769 2429/2899/1758 2433/2903/1763
f 2439/2909/1770 2430/2900/1759 2434/2904/1764
f 2439/2909/1770 2435/2905/1765 2430/2900/1759
f 2440/2910/1771 2431/2901/1760 2435/2905/1765
f 2440/2910/1771 2436/2906/1766 2431/2901/1760
f 2441/2911/1772 2433/2903/1763 2437/2907/1767
f 2441/2911/1772 2438/2908/1769 2433/2903/1763
f 2442/2912/1773 2434/2904/1764 2438/2908/1769
f 2442/2912/1773 2439/2909/1770 2434/2904/1764
f 2443/2913/1774 2435/2905/1765 2439/2909/1770
f 2443/2913/1774 2440/2910/1771 2435/2905/1765
f 2444/2914/1775 2436/2906/1766 2440/2910/1771
f 2444/2914/1775 2411/2767/1702 2353/168/365
f 2444/2914/1775 2353/168/365 2412/2763/1697
f 2444/2914/1775 2412/2763/1697 2436/2906/1766
f 2445/2915/1776 2417/2843/1768 2462/2847/1777
f 2445/2915/1776 2437/2907/1767 2417/2843/1768
f 2445/2915/1776 2441/2911/1772 2437/2907/1767
f 2446/2916/1778 2438/2908/1769 2441/2911/1772
f 2446/2916/1778 2442/2912/1773 2438/2908/1769
f 2447/2917/1779 2439/2909/1770 2442/2912/1773
f 2447/2917/1779 2443/2913/1774 2439/2909/1770
f 2448/2918/1780 2444/2914/1775 2440/2910/1771
f 2448/2918/1780 2410/173/1701 2411/2767/1702
f 2448/2918/1780 2440/2910/1771 2443/2913/1774
f 2448/2918/1780 2411/2767/1702 2444/2914/1775
f 2449/2919/1781 2445/2915/1776 2462/2847/1777
f 2449/2919/1781 2462/2847/1777 2416/2856/1782
f 2449/2919/1781 2441/2911/1772 2445/2915/1776
f 2449/2919/1781 2446/2916/1778 2441/2911/1772
f 2450/2920/1783 2447/2917/1779 2442/2912/1773
f 2450/2920/1783 2442/2912/1773 2446/2916/1778
f 2451/2921/1784 2409/2276/1700 2410/173/1701
f 2451/2921/1784 2443/2913/1774 2447/2917/1779
f 2451/2921/1784 2448/2918/1780 2443/2913/1774
f 2451/2921/1784 2410/173/1701 2448/2918/1780
f 2452/2922/1785 2446/2916/1778 2449/2919/1781
f 2452/2922/1785 2450/2920/1783 2446/2916/1778
f 2453/2923/1786 2408/180/1699 2409/2276/1700
f 2453/2923/1786 2409/2276/1700 2451/2921/1784
f 2453/2923/1786 2447/2917/1779 2450/2920/1783
f 2453/2923/1786 2451/2921/1784 2447/2917/1779
f 2454/2924/1787 2416/2856/1782 2461/2863/1788
f 2454/2924/1787 2449/2919/1781 2416/2856/1782
f 2454/2924/1787 2452/2922/1785 2449/2919/1781
f 2455/2925/1789 2407/2778/1698 2408/180/1699
f 2455/2925/1789 2408/180/1699 2453/2923/1786
f 2455/2925/1789 2450/2920/1783 2452/2922/1785
f 2455/2925/1789 2453/2923/1786 2450/2920/1783
f 2456/2926/1790 2361/156/369 2407/2778/1698
f 2456/2926/1790 2461/2863/1788 2361/156/369
f 2456/2926/1790 2455/2925/1789 2452/2922/1785
f 2456/2926/1790 2407/2778/1698 2455/2925/1789
f 2456/2926/1790 2454/2924/1787 2461/2863/1788
f 2456/2926/1790 2452/2922/1785 2454/2924/1787
f 2463/2927/1762 534/2928/359 2366/2929/1704
f 2463/2927/1762 2366/2929/1704 2367/2930/1708
f 2463/2927/1762 2415/2931/354 534/2928/359
f 2417/2932/1768 2367/2930/1708 2457/2933/1712
f 2417/2932/1768 2463/2927/1762 2367/2930/1708
f 2462/2934/1777 2417/2932/1768 2457/2933/1712
f 2416/2935/1782 2457/2933/1712 2458/2936/1720
f 2416/2935/1782 2462/2934/1777 2457/2933/1712
f 2461/2937/1788 2458/2936/1720 2459/2938/1726
f 2461/2937/1788 2459/2938/1726 2460/2939/370
f 2461/2937/1788 2416/2935/1782 2458/2936/1720
f 2361/2940/369 2461/2937/1788 2460/2939/370
o Base
v -76.925003 69.925003 17.970005
v -47.075001 69.925003 17.970005
v -41.000000 63.924999 17.970005
v 41.000000 63.924999 17.970005
v 47.075001 69.925003 17.970005
v 76.925003 -69.925003 17.969994
v 41.000000 -63.924999 17.969994
v -47.075001 -69.925003 17.969994
v -76.925003 -69.925003 17.969994
v -72.925003 14.999999 17.970001
v -55.525002 45.025002 17.970003
v -55.247162 45.049309 17.970003
v -54.977768 45.121490 17.970003
v -54.724998 45.239361 17.970003
v -54.496540 45.399330 17.970003
v -54.139359 45.825001 17.970003
v -54.021492 46.077766 17.970003
v -53.949306 46.347164 17.970003
v -54.139359 47.424999 17.970003
v -54.299328 47.653461 17.970003
v -54.496540 47.850670 17.970003
v -54.724998 48.010639 17.970003
v -55.247162 48.200691 17.970003
v -70.602837 48.200691 17.970003
v -71.353462 47.850670 17.970003
v -71.710640 47.424999 17.970003
v -71.900696 46.902836 17.970003
v -71.828506 46.077766 17.970003
v -71.710640 45.825001 17.970003
v -71.353462 45.399330 17.970003
v -70.872231 45.121490 17.970003
v -55.525002 -48.224998 17.969995
v -55.247162 -48.200691 17.969995
v -54.977768 -48.128510 17.969995
v -54.724998 -48.010639 17.969995
v -54.496540 -47.850670 17.969995
v -54.021492 -47.172234 17.969995
v -53.924999 -46.625000 17.969995
v -54.021492 -46.077766 17.969995
v -54.977768 -45.121490 17.969995
v -55.247162 -45.049309 17.969995
v -70.602837 -45.049309 17.969995
v -70.872231 -45.121490 17.969995
v -71.353462 -45.399330 17.969995
v -71.550674 -45.596539 17.969995
v -71.710640 -45.825001 17.969995
v -71.900696 -46.347164 17.969995
v -71.925003 -46.625000 17.969995
v -71.900696 -46.902836 17.969995
v -71.828506 -47.172234 17.969995
v -71.710640 -47.424999 17.969995
v -71.353462 -47.850670 17.969995
v -70.872231 -48.128510 17.969995
v -70.324997 -54.674999 17.969995
v -55.525002 -54.674999 17.969995
v -55.247162 -54.650692 17.969995
v -54.977768 -54.578506 17.969995
v -54.724998 -54.460640 17.969995
v -54.724998 -51.689358 17.969995
v -71.710640 -52.275002 17.969995
v -71.828506 -52.527767 17.969995
v -71.900696 -52.797161 17.969995
v -71.828506 -53.622231 17.969995
v -71.550674 -54.103458 17.969995
v -71.125000 -54.460640 17.969995
v 69.310638 12.299999 17.969999
v 69.150673 12.528461 17.969999
v 68.472229 13.003508 17.970001
v 67.377769 13.003508 17.970001
v 66.421494 12.047232 17.969999
v 66.324997 11.499999 17.969999
v 67.125000 -12.885642 17.969997
v 67.377769 -13.003510 17.969997
v 67.647163 -13.075693 17.969997
v 67.925003 -13.100001 17.969997
v 68.724998 -12.885642 17.969997
v 68.953461 -12.725672 17.969997
v 69.150673 -12.528462 17.969999
v 69.310638 -12.300001 17.969999
v 69.525002 -11.500001 17.969999
v -70.324997 51.474998 17.970003
v -54.977768 51.571491 17.970003
v -54.299328 52.046539 17.970003
v -54.021492 52.527767 17.970003
v -53.949306 52.797161 17.970003
v -53.924999 53.075001 17.970003
v -53.949306 53.352837 17.970003
v -54.724998 54.460640 17.970003
v -55.247162 54.650692 17.970003
v -55.525002 54.674999 17.970003
v -70.602837 54.650692 17.970003
v -70.872231 54.578506 17.970003
v -71.353462 54.300671 17.970003
v -71.550674 54.103458 17.970003
v -71.550674 52.046539 17.970003
v -70.602837 51.499306 17.970003
v 55.247162 54.650692 17.970003
v 54.724998 54.460640 17.970003
v 54.496540 54.300671 17.970003
v 54.299328 54.103458 17.970003
v 54.021492 53.622231 17.970003
v 53.949306 52.797161 17.970003
v 54.299328 52.046539 17.970003
v 54.496540 51.849327 17.970003
v 54.724998 51.689358 17.970003
v 54.977768 51.571491 17.970003
v 55.247162 51.499306 17.970003
v 70.324997 51.474998 17.970003
v 70.602837 51.499306 17.970003
v 70.872231 51.571491 17.970003
v 71.125000 51.689358 17.970003
v 71.353462 51.849327 17.970003
v 71.550674 52.046539 17.970003
v 71.710640 52.275002 17.970003
v 71.828506 52.527767 17.970003
v 71.925003 53.075001 17.970003
v 71.900696 53.352837 17.970003
v 71.828506 53.622231 17.970003
v 71.550674 54.103458 17.970003
v 71.353462 54.300671 17.970003
v 70.602837 54.650692 17.970003
v 55.247162 48.200691 17.970003
v 54.977768 48.128510 17.970003
v 54.724998 48.010639 17.970003
v 54.496540 47.850670 17.970003
v 54.299328 47.653461 17.970003
v 54.021492 47.172234 17.970003
v 53.924999 46.625000 17.970003
v 54.021492 46.077766 17.970003
v 54.299328 45.596539 17.970003
v 54.496540 45.399330 17.970003
v 54.977768 45.121490 17.970003
v 55.247162 45.049309 17.970003
v 55.525002 45.025002 17.970003
v 70.324997 45.025002 17.970003
v 71.125000 45.239361 17.970003
v 71.353462 45.399330 17.970003
v 71.900696 46.347164 17.970003
v 71.550674 47.653461 17.970003
v 71.353462 47.850670 17.970003
v 70.602837 48.200691 17.970003
v 55.525002 -48.224998 17.969995
v 70.602837 -48.200691 17.969995
v 70.872231 -48.128510 17.969995
v 71.353462 -47.850670 17.969995
v 71.550674 -47.653461 17.969995
v 71.828506 -47.172234 17.969995
v 71.925003 -46.625000 17.969995
v 71.900696 -46.347164 17.969995
v 71.828506 -46.077766 17.969995
v 71.550674 -45.596539 17.969995
v 71.353462 -45.399330 17.969995
v 70.872231 -45.121490 17.969995
v 70.602837 -45.049309 17.969995
v 55.247162 -45.049309 17.969995
v 54.977768 -45.121490 17.969995
v 54.724998 -45.239361 17.969995
v 54.299328 -45.596539 17.969995
v 54.021492 -46.077766 17.969995
v 53.949306 -46.347164 17.969995
v 54.021492 -47.172234 17.969995
v 54.496540 -47.850670 17.969995
v 54.724998 -48.010639 17.969995
v 54.977768 -48.128510 17.969995
v 55.247162 -48.200691 17.969995
v 16.028460 42.699329 17.970003
v 16.575693 43.647163 17.970003
v 16.600000 43.924999 17.970003
v 16.575693 44.202839 17.970003
v 16.503508 44.472233 17.970003
v 16.385641 44.724998 17.970003
v 16.225672 44.953461 17.970003
v 16.028460 45.150673 17.970003
v -15.940456 45.219429 17.970003
v -16.131371 45.056370 17.970003
v -16.425610 44.651386 17.970003
v -16.580301 44.175297 17.970003
v -16.600000 43.924999 17.970003
v -16.575693 43.647163 17.970003
v -16.385641 43.125000 17.970003
v -16.028460 42.699329 17.970003
v 15.000000 -42.325001 17.969995
v -15.250295 -42.344700 17.969995
v -16.294428 -42.984543 17.969995
v -16.425610 -43.198616 17.969995
v -16.580301 -43.674706 17.969995
v -16.385641 -44.724998 17.969995
v -16.225672 -44.953461 17.969995
v -15.277837 -45.500694 17.969995
v 15.547233 -45.428509 17.969995
v 15.800000 -45.310642 17.969995
v 16.028460 -45.150673 17.969995
v 16.225672 -44.953461 17.969995
v 16.385641 -44.724998 17.969995
v 16.503508 -44.472233 17.969995
v 16.575693 -44.202839 17.969995
v 15.277837 -42.349308 17.969995
v -33.277836 -57.349308 17.969995
v -33.547234 -57.421494 17.969995
v -34.225670 -57.896542 17.969995
v -34.575691 -59.202839 17.969995
v -34.225670 -59.953461 17.969995
v -34.028461 -60.150673 17.969995
v -33.799999 -60.310642 17.969995
v -33.277836 -60.500694 17.969995
v -33.000000 -60.525002 17.969995
v 33.000000 -60.525002 17.969995
v 33.277836 -60.500694 17.969995
v 33.547234 -60.428509 17.969995
v 33.799999 -60.310642 17.969995
v 34.028461 -60.150673 17.969995
v 34.225670 -59.953461 17.969995
v 34.385639 -59.724998 17.969995
v 34.503510 -59.472233 17.969995
v 34.575691 -59.202839 17.969995
v 34.599998 -58.924999 17.969995
v 34.575691 -58.647163 17.969995
v 34.503510 -58.377769 17.969995
v 34.385639 -58.125000 17.969995
v 34.225670 -57.896542 17.969995
v 34.028461 -57.699329 17.969995
v 33.799999 -57.539360 17.969995
v 33.277836 -57.349308 17.969995
v -66.896538 12.725670 17.970001
v -67.125000 12.885640 17.970001
v -67.377769 13.003508 17.970001
v -67.925003 13.099999 17.970001
v -68.202835 13.075691 17.970001
v -68.472229 13.003508 17.970001
v -68.724998 12.885640 17.970001
v -69.525002 11.499999 17.969999
v -69.428505 -12.047234 17.969999
v -68.724998 -12.885642 17.969997
v -68.202835 -13.075693 17.969997
v -67.647163 -13.075693 17.969997
v -67.377769 -13.003510 17.969997
v -66.539360 -12.300001 17.969999
v -66.349304 -11.777838 17.969999
v -66.324997 -11.500001 17.969999
v 33.547234 57.421494 17.970003
v 33.799999 57.539360 17.970003
v 34.028461 57.699329 17.970003
v 34.575691 58.647163 17.970003
v 34.575691 59.202839 17.970003
v 34.503510 59.472233 17.970003
v -34.028461 60.150673 17.970003
v -34.225670 59.953461 17.970003
v -34.385639 59.724998 17.970003
v -34.503510 59.472233 17.970003
v -34.575691 59.202839 17.970003
v -34.599998 58.924999 17.970003
v -34.575691 58.647163 17.970003
v -34.503510 58.377769 17.970003
v -34.385639 58.125000 17.970003
v -34.225670 57.896542 17.970003
v -34.028461 57.699329 17.970003
v -33.799999 57.539360 17.970003
v 70.324997 -54.674999 17.969995
v 70.602837 -54.650692 17.969995
v 71.125000 -54.460640 17.969995
v 71.353462 -54.300671 17.969995
v 71.353462 -51.849327 17.969995
v 71.125000 -51.689358 17.969995
v 70.602837 -51.499306 17.969995
v 55.247162 -51.499306 17.969995
v 54.724998 -51.689358 17.969995
v 54.496540 -51.849327 17.969995
v 54.021492 -52.527767 17.969995
v 53.949306 -52.797161 17.969995
v 53.924999 -53.075001 17.969995
v 53.949306 -53.352837 17.969995
v 54.021492 -53.622231 17.969995
v 54.496540 -54.300671 17.969995
v 54.977768 -54.578506 17.969995
v 55.247162 -54.650692 17.969995
v -27.358839 8.077099 17.969999
v -27.496159 8.008389 17.969999
v -27.678617 7.767081 17.969999
v -27.909857 7.237828 17.969999
v -28.215364 6.746778 17.969999
v -30.158815 5.287948 17.969999
v -30.350004 -4.894513 17.969999
v -30.327946 -5.042687 17.969999
v -30.028166 -5.361232 17.969999
v -29.504538 -5.604938 17.969999
v -28.588297 -6.305247 17.969999
v -28.215681 -6.746377 17.969999
v -27.909950 -7.237576 17.969999
v -27.496170 -8.008384 17.969999
v 4.507843 -8.100005 17.969999
v 4.658845 -8.077098 17.969999
v 4.906404 -7.902678 17.969999
v 6.703968 -5.662884 17.969999
v 7.328154 -5.361236 17.969999
v 7.458815 -5.287951 17.969999
v 7.627944 -5.043611 17.969999
v 7.650004 4.894513 17.969999
v 7.627947 5.042683 17.969999
v 7.561775 5.177986 17.969999
v 6.703986 5.662870 17.969999
v 6.141251 6.067764 17.969999
v 4.796169 8.008382 17.969999
v 67.925003 27.924997 19.557503
v 67.925003 17.924997 19.557503
v 72.925003 -15.000002 19.557499
v 76.925003 -33.924999 19.557499
v 47.075001 -69.925003 19.557495
v 41.000000 -63.924999 19.557495
v -47.075001 -69.925003 19.557495
v -72.925003 -15.000002 19.557499
v 55.247162 -51.499306 19.557497
v 54.724998 -54.460640 19.557497
v 54.496540 -54.300671 19.557497
v 53.949306 -53.352837 19.557497
v 70.324997 -54.674999 19.557497
v 71.925003 -53.075001 19.557497
v 71.828506 -53.622231 19.557497
v 71.710640 -53.875000 19.557497
v 71.550674 -54.103458 19.557497
v 71.353462 -54.300671 19.557497
v 71.125000 -54.460640 19.557497
v 70.872231 -54.578506 19.557497
v 70.602837 -54.650692 19.557497
v 70.602837 -51.499306 19.557497
v 71.550674 -52.046539 19.557497
v 71.900696 -52.797161 19.557497
v 33.000000 60.525002 19.557505
v -33.000000 60.525002 19.557505
v -34.503510 59.472233 19.557505
v -33.799999 60.310642 19.557505
v -33.547234 60.428509 19.557505
v -33.277836 60.500694 19.557505
v -33.000000 57.325001 19.557505
v -33.799999 57.539360 19.557505
v -34.028461 57.699329 19.557505
v -34.225670 57.896542 19.557505
v -34.575691 58.647163 19.557505
v 34.503510 58.377769 19.557505
v 34.225670 57.896542 19.557505
v 33.799999 57.539360 19.557505
v 33.547234 57.421494 19.557505
v 34.225670 59.953461 19.557505
v 34.385639 59.724998 19.557505
v -66.324997 -11.500002 19.557501
v -67.925003 13.099998 19.557503
v -66.896538 12.725669 19.557503
v -66.539360 12.299998 19.557501
v -66.349304 11.777835 19.557501
v -69.428505 12.047231 19.557501
v -69.150673 12.528460 19.557501
v -68.472229 13.003507 19.557503
v -68.202835 13.075690 19.557503
v -69.525002 -11.500002 19.557501
v -68.202835 -13.075694 19.557499
v -68.472229 -13.003510 19.557499
v -68.724998 -12.885643 19.557499
v -68.953461 -12.725673 19.557499
v -69.428505 -12.047235 19.557501
v -66.896538 -12.725673 19.557499
v -67.377769 -13.003510 19.557499
v -67.647163 -13.075694 19.557499
v -33.000000 -57.325001 19.557497
v -34.599998 -58.924999 19.557497
v -34.385639 -58.125000 19.557497
v -34.225670 -57.896542 19.557497
v -34.028461 -57.699329 19.557497
v -33.799999 -57.539360 19.557497
v -33.547234 -57.421494 19.557497
v -33.277836 -57.349308 19.557497
v -33.000000 -60.525002 19.557497
v -33.799999 -60.310642 19.557497
v -34.028461 -60.150673 19.557497
v -34.225670 -59.953461 19.557497
v -34.385639 -59.724998 19.557497
v -34.575691 -59.202839 19.557497
v 15.000000 -45.525002 19.557497
v 16.600000 -43.924999 19.557497
v 16.575693 -44.202839 19.557497
v 16.385641 -44.724998 19.557497
v 16.225672 -44.953461 19.557497
v 16.028460 -45.150673 19.557497
v 15.800000 -45.310642 19.557497
v 15.547233 -45.428509 19.557497
v 16.225672 -42.896542 19.557497
v 16.503508 -43.377769 19.557497
v 16.575693 -43.647163 19.557497
v -15.726385 -42.499390 19.557497
v -15.494427 -42.403309 19.557497
v -15.547233 -45.428509 19.557497
v -16.225672 -44.953461 19.557497
v -16.503508 -44.472233 19.557497
v -16.575693 -44.202839 19.557497
v -15.000000 45.525002 19.557505
v -16.425610 44.651386 19.557505
v -16.294428 44.865456 19.557505
v -16.131371 45.056370 19.557505
v -15.726385 45.350609 19.557505
v -15.250295 45.505302 19.557505
v -15.000000 42.325001 19.557505
v -15.277837 42.349308 19.557505
v -15.547233 42.421494 19.557505
v -16.225672 42.896542 19.557505
v 16.503508 43.377769 19.557505
v 16.225672 42.896542 19.557505
v 16.028460 42.699329 19.557505
v 15.800000 42.539360 19.557505
v 16.385641 44.724998 19.557505
v 16.575693 44.202839 19.557505
v 53.924999 -46.625000 19.557497
v 54.299328 -45.596539 19.557497
v 54.496540 -45.399330 19.557497
v 54.977768 -45.121490 19.557497
v 54.139359 -47.424999 19.557497
v 54.021492 -47.172234 19.557497
v 53.949306 -46.902836 19.557497
v 71.710640 -47.424999 19.557497
v 71.550674 -47.653461 19.557497
v 71.353462 -47.850670 19.557497
v 70.872231 -45.121490 19.557497
v 71.125000 -45.239361 19.557497
v 71.353462 -45.399330 19.557497
v 71.710640 -45.825001 19.557497
v 71.828506 -46.077766 19.557497
v 71.900696 46.347164 19.557505
v 71.550674 45.596539 19.557505
v 70.872231 45.121490 19.557505
v 70.324997 48.224998 19.557505
v 70.872231 48.128510 19.557505
v 71.125000 48.010639 19.557505
v 71.550674 47.653461 19.557505
v 71.900696 46.902836 19.557505
v 54.139359 47.424999 19.557505
v 54.496540 47.850670 19.557505
v 55.525002 45.025002 19.557505
v 54.299328 45.596539 19.557505
v 54.139359 45.825001 19.557505
v 71.925003 53.075001 19.557505
v 71.710640 52.275002 19.557505
v 71.550674 52.046539 19.557505
v 71.353462 51.849327 19.557505
v 71.125000 51.689358 19.557505
v 70.872231 51.571491 19.557505
v 70.602837 51.499306 19.557505
v 70.324997 51.474998 19.557505
v 70.324997 54.674999 19.557505
v 70.602837 54.650692 19.557505
v 70.872231 54.578506 19.557505
v 71.125000 54.460640 19.557505
v 71.353462 54.300671 19.557505
v 71.710640 53.875000 19.557505
v 55.525002 54.674999 19.557505
v 53.924999 53.075001 19.557505
v 53.949306 53.352837 19.557505
v 54.021492 53.622231 19.557505
v 54.139359 53.875000 19.557505
v 54.977768 54.578506 19.557505
v 54.977768 51.571491 19.557505
v 54.724998 51.689358 19.557505
v 54.496540 51.849327 19.557505
v 54.139359 52.275002 19.557505
v 54.021492 52.527767 19.557505
v -55.525002 54.674999 19.557505
v -71.925003 53.075001 19.557505
v -71.900696 53.352837 19.557505
v -71.828506 53.622231 19.557505
v -71.710640 53.875000 19.557505
v -71.125000 54.460640 19.557505
v -70.872231 54.578506 19.557505
v -70.602837 54.650692 19.557505
v -70.872231 51.571491 19.557505
v -71.353462 51.849327 19.557505
v -71.550674 52.046539 19.557505
v -71.828506 52.527767 19.557505
v -71.900696 52.797161 19.557505
v -54.299328 52.046539 19.557505
v -54.724998 51.689358 19.557505
v -54.977768 51.571491 19.557505
v -55.247162 54.650692 19.557505
v -54.977768 54.578506 19.557505
v -53.949306 53.352837 19.557505
v 67.925003 13.099998 19.557503
v 68.202835 13.075690 19.557503
v 68.472229 13.003507 19.557503
v 69.150673 12.528460 19.557501
v 69.525002 11.499998 19.557501
v 66.349304 11.777835 19.557501
v 66.699326 12.528460 19.557501
v 66.896538 12.725669 19.557503
v 67.647163 -13.075694 19.557499
v 67.125000 -12.885643 19.557499
v 66.699326 -12.528463 19.557501
v 66.421494 -12.047235 19.557501
v 69.150673 -12.528463 19.557501
v 68.953461 -12.725673 19.557499
v 68.724998 -12.885643 19.557499
v 68.472229 -13.003510 19.557499
v -71.353462 -51.849327 19.557497
v -71.125000 -51.689358 19.557497
v -70.602837 -51.499306 19.557497
v -70.602837 -54.650692 19.557497
v -70.872231 -54.578506 19.557497
v -71.710640 -53.875000 19.557497
v -71.828506 -53.622231 19.557497
v -71.900696 -53.352837 19.557497
v -55.525002 -54.674999 19.557497
v -54.299328 -54.103458 19.557497
v -54.496540 -54.300671 19.557497
v -55.247162 -54.650692 19.557497
v -55.247162 -51.499306 19.557497
v -54.496540 -51.849327 19.557497
v -54.139359 -52.275002 19.557497
v -54.021492 -52.527767 19.557497
v -53.949306 -52.797161 19.557497
v -55.525002 -45.025002 19.557497
v -70.324997 -45.025002 19.557497
v -71.828506 -46.077766 19.557497
v -71.550674 -45.596539 19.557497
v -71.353462 -45.399330 19.557497
v -71.125000 -45.239361 19.557497
v -70.872231 -45.121490 19.557497
v -70.602837 -48.200691 19.557497
v -70.872231 -48.128510 19.557497
v -71.125000 -48.010639 19.557497
v -71.710640 -47.424999 19.557497
v -71.828506 -47.172234 19.557497
v -53.924999 -46.625000 19.557497
v -54.139359 -47.424999 19.557497
v -54.496540 -47.850670 19.557497
v -54.977768 -48.128510 19.557497
v -54.977768 -45.121490 19.557497
v -54.139359 -45.825001 19.557497
v -53.949306 -46.347164 19.557497
v -71.828506 47.172234 19.557505
v -71.550674 47.653461 19.557505
v -71.353462 47.850670 19.557505
v -71.125000 48.010639 19.557505
v -70.602837 48.200691 19.557505
v -70.872231 45.121490 19.557505
v -71.353462 45.399330 19.557505
v -71.550674 45.596539 19.557505
v -71.900696 46.347164 19.557505
v -54.724998 45.239361 19.557505
v -55.247162 48.200691 19.557505
v -54.724998 48.010639 19.557505
v -54.496540 47.850670 19.557505
v -54.139359 47.424999 19.557505
v -54.021492 47.172234 19.557505
v -53.949306 46.902836 19.557505
v -27.678617 7.767081 19.557501
v -27.909857 7.237828 19.557501
v -29.504293 5.605030 19.557501
v -30.028154 5.361233 19.557501
v -30.261765 5.177999 19.557501
v -30.327944 5.043608 19.557501
v -30.350004 -4.894513 19.557501
v -30.327946 -5.042687 19.557501
v -30.261770 -5.177994 19.557501
v -30.159678 -5.287620 19.557501
v -30.028166 -5.361232 19.557501
v -29.504538 -5.604938 19.557501
v -27.678623 -7.767057 19.557501
v -27.606712 -7.901801 19.557501
v 4.796171 -8.008383 19.557501
v 4.978625 -7.767055 19.557501
v 5.265415 -7.135902 19.557501
v 6.703968 -5.662884 19.557501
v 7.328154 -5.361236 19.557501
v 7.458815 -5.287951 19.557501
v 7.627944 -5.043611 19.557501
v 7.328179 5.361223 19.557501
v 6.703986 5.662870 19.557501
v 6.141251 6.067764 19.557501
v 5.656878 6.563738 19.557501
v 5.265416 7.135898 19.557501
v 4.978624 7.767055 19.557501
v 4.796169 8.008381 19.557501
v 4.659779 8.077096 19.557501
v 4.507843 8.100002 19.557501
v -76.925003 33.924999 17.970001
v -76.925003 33.924999 19.557503
v -76.925003 69.925003 19.557507
v -47.075001 69.925003 19.557507
v -41.000000 63.924999 19.557507
v 41.000000 63.924999 19.557507
v 47.075001 69.925003 19.557507
v 76.925003 69.925003 19.557507
v 76.925003 69.925003 17.970005
v 76.925003 33.924999 17.970001
v 76.925003 33.924999 19.557503
v 67.925003 27.924997 17.970001
v 67.925003 17.924997 17.970001
v 72.925003 14.999999 17.970001
v 72.925003 14.999998 19.557503
v 72.925003 -15.000001 17.969997
v 67.925003 -17.925001 17.969997
v 67.925003 -17.925001 19.557499
v 67.925003 -27.925001 19.557499
v 67.925003 -27.925001 17.969997
v 76.925003 -33.924999 17.969997
v 76.925003 -69.925003 19.557495
v 47.075001 -69.925003 17.969994
v -41.000000 -63.924999 17.969994
v -41.000000 -63.924999 19.557495
v -76.925003 -69.925003 19.557495
v -76.925003 -33.924999 19.557499
v -76.925003 -33.924999 17.969997
v -67.925003 -27.925001 17.969997
v -67.925003 -27.925001 19.557499
v -67.925003 -17.925001 17.969997
v -67.925003 -17.925001 19.557499
v -72.925003 -15.000001 17.969997
v -72.925003 14.999998 19.557503
v -67.925003 17.924997 17.970001
v -67.925003 17.924997 19.557503
v -67.925003 27.924997 17.970001
v -67.925003 27.924997 19.557503
v 70.324997 -51.474998 19.557497
v 70.324997 -51.474998 17.969995
v 33.000000 57.325001 17.970003
v -69.525002 -11.500001 17.969999
v -69.525002 11.499998 19.557501
v 33.000000 -57.325001 17.969995
v -33.000000 -57.325001 17.969995
v 33.000000 -60.525002 19.557497
v 15.000000 -42.325001 19.557497
v -15.000000 -42.325001 19.557497
v -15.000000 -45.525002 19.557497
v -15.000000 -45.525002 17.969995
v 15.000000 42.325001 19.557505
v 15.000000 42.325001 17.970003
v -15.000000 42.325001 17.970003
v 15.000000 45.525002 17.970003
v 55.525002 -48.224998 19.557497
v 55.525002 -45.025002 19.557497
v 55.525002 -45.025002 17.969995
v 70.324997 -45.025002 17.969995
v 55.525002 48.224998 19.557505
v 70.324997 48.224998 17.970003
v 55.525002 54.674999 17.970003
v 70.324997 54.674999 17.970003
v 55.525002 51.474998 17.970003
v 55.525002 51.474998 19.557505
v -55.525002 51.474998 19.557505
v -70.324997 51.474998 19.557505
v 66.324997 -11.500002 19.557501
v 66.324997 -11.500001 17.969999
v 66.324997 11.499998 19.557501
v 69.525002 -11.500002 19.557501
v -70.324997 -54.674999 19.557497
v -55.525002 -48.224998 19.557497
v -70.324997 -45.025002 17.969995
v -70.324997 45.025002 19.557505
v -70.324997 48.224998 17.970003
v -71.925003 46.625000 19.557505
v -71.900696 46.902836 19.557505
v -71.710640 47.424999 19.557505
v -70.872231 48.128510 19.557505
v -70.324997 48.224998 19.557505
v -70.872231 48.128510 17.970003
v -71.125000 48.010639 17.970003
v -71.550674 47.653461 17.970003
v -71.828506 47.172234 17.970003
v -70.324997 45.025002 17.970003
v -70.602837 45.049309 19.557505
v -71.125000 45.239361 19.557505
v -71.710640 45.825001 19.557505
v -71.828506 46.077766 19.557505
v -71.925003 46.625000 17.970003
v -71.900696 46.347164 17.970003
v -71.550674 45.596539 17.970003
v -71.125000 45.239361 17.970003
v -70.602837 45.049309 17.970003
v -71.550674 54.103458 19.557505
v -71.353462 54.300671 19.557505
v -70.324997 54.674999 19.557505
v -70.324997 54.674999 17.970003
v -71.125000 54.460640 17.970003
v -71.710640 53.875000 17.970003
v -71.828506 53.622231 17.970003
v -71.900696 53.352837 17.970003
v -70.602837 51.499306 19.557505
v -71.125000 51.689358 19.557505
v -71.710640 52.275002 19.557505
v -71.925003 53.075001 17.970003
v -71.900696 52.797161 17.970003
v -71.828506 52.527767 17.970003
v -71.710640 52.275002 17.970003
v -71.353462 51.849327 17.970003
v -71.125000 51.689358 17.970003
v -70.872231 51.571491 17.970003
v -53.949306 52.797161 19.557505
v -54.021492 52.527767 19.557505
v -54.139359 52.275002 19.557505
v -54.496540 51.849327 19.557505
v -55.247162 51.499306 19.557505
v -55.525002 51.474998 17.970003
v -55.247162 51.499306 17.970003
v -54.724998 51.689358 17.970003
v -54.496540 51.849327 17.970003
v -54.139359 52.275002 17.970003
v -54.724998 54.460640 19.557505
v -54.496540 54.300671 19.557505
v -54.299328 54.103458 19.557505
v -54.139359 53.875000 19.557505
v -54.021492 53.622231 19.557505
v -53.924999 53.075001 19.557505
v -54.021492 53.622231 17.970003
v -54.139359 53.875000 17.970003
v -54.299328 54.103458 17.970003
v -54.496540 54.300671 17.970003
v -54.977768 54.578506 17.970003
v -53.924999 46.625000 19.557505
v -53.949306 46.347164 19.557505
v -54.021492 46.077766 19.557505
v -54.139359 45.825001 19.557505
v -54.299328 45.596539 19.557505
v -54.496540 45.399330 19.557505
v -54.977768 45.121490 19.557505
v -55.247162 45.049309 19.557505
v -55.525002 45.025002 19.557505
v -54.299328 45.596539 17.970003
v -55.525002 48.224998 17.970003
v -55.525002 48.224998 19.557505
v -54.977768 48.128510 19.557505
v -54.299328 47.653461 19.557505
v -53.924999 46.625000 17.970003
v -53.949306 46.902836 17.970003
v -54.021492 47.172234 17.970003
v -54.977768 48.128510 17.970003
v -69.500694 11.777835 19.557501
v -69.310638 12.299998 19.557501
v -68.953461 12.725669 19.557503
v -68.724998 12.885639 19.557503
v -68.953461 12.725670 17.970001
v -69.150673 12.528461 17.969999
v -69.310638 12.299999 17.969999
v -69.428505 12.047232 17.969999
v -69.500694 11.777836 17.969999
v -67.647163 13.075690 19.557503
v -67.377769 13.003507 19.557503
v -67.125000 12.885639 19.557503
v -66.699326 12.528460 19.557501
v -66.421494 12.047231 19.557501
v -66.324997 11.499998 19.557501
v -66.324997 11.499999 17.969999
v -66.349304 11.777836 17.969999
v -66.421494 12.047232 17.969999
v -66.539360 12.299999 17.969999
v -66.699326 12.528461 17.969999
v -67.647163 13.075691 17.970001
v -69.150673 -12.528463 19.557501
v -69.310638 -12.300002 19.557501
v -69.500694 -11.777839 19.557501
v -69.500694 -11.777838 17.969999
v -69.310638 -12.300001 17.969999
v -69.150673 -12.528462 17.969999
v -68.953461 -12.725672 17.969997
v -68.472229 -13.003510 17.969997
v -66.349304 -11.777839 19.557501
v -66.421494 -12.047235 19.557501
v -66.539360 -12.300002 19.557501
v -66.699326 -12.528463 19.557501
v -67.125000 -12.885643 19.557499
v -67.925003 -13.100002 19.557499
v -67.925003 -13.100001 17.969997
v -67.125000 -12.885642 17.969997
v -66.896538 -12.725672 17.969997
v -66.699326 -12.528462 17.969999
v -66.421494 -12.047234 17.969999
v -70.324997 -48.224998 19.557497
v -71.353462 -47.850670 19.557497
v -71.550674 -47.653461 19.557497
v -71.900696 -46.902836 19.557497
v -71.550674 -47.653461 17.969995
v -71.125000 -48.010639 17.969995
v -70.602837 -48.200691 17.969995
v -70.324997 -48.224998 17.969995
v -71.925003 -46.625000 19.557497
v -71.900696 -46.347164 19.557497
v -71.710640 -45.825001 19.557497
v -70.602837 -45.049309 19.557497
v -71.125000 -45.239361 17.969995
v -71.828506 -46.077766 17.969995
v -71.125000 -54.460640 19.557497
v -71.353462 -54.300671 19.557497
v -71.550674 -54.103458 19.557497
v -71.900696 -53.352837 17.969995
v -71.710640 -53.875000 17.969995
v -71.353462 -54.300671 17.969995
v -70.872231 -54.578506 17.969995
v -70.602837 -54.650692 17.969995
v -71.925003 -53.075001 19.557497
v -71.925003 -53.075001 17.969995
v -71.900696 -52.797161 19.557497
v -71.828506 -52.527767 19.557497
v -71.710640 -52.275002 19.557497
v -71.550674 -52.046539 19.557497
v -70.872231 -51.571491 19.557497
v -70.324997 -51.474998 19.557497
v -70.324997 -51.474998 17.969995
v -70.602837 -51.499306 17.969995
v -70.872231 -51.571491 17.969995
v -71.125000 -51.689358 17.969995
v -71.353462 -51.849327 17.969995
v -71.550674 -52.046539 17.969995
v -53.949306 -46.902836 19.557497
v -54.021492 -47.172234 19.557497
v -54.299328 -47.653461 19.557497
v -54.724998 -48.010639 19.557497
v -55.247162 -48.200691 19.557497
v -54.299328 -47.653461 17.969995
v -54.139359 -47.424999 17.969995
v -53.949306 -46.902836 17.969995
v -55.525002 -45.025002 17.969995
v -55.247162 -45.049309 19.557497
v -54.724998 -45.239361 19.557497
v -54.496540 -45.399330 19.557497
v -54.299328 -45.596539 19.557497
v -54.021492 -46.077766 19.557497
v -53.949306 -46.347164 17.969995
v -54.139359 -45.825001 17.969995
v -54.299328 -45.596539 17.969995
v -54.496540 -45.399330 17.969995
v -54.724998 -45.239361 17.969995
v -53.949306 -53.352837 19.557497
v -54.021492 -53.622231 19.557497
v -54.139359 -53.875000 19.557497
v -54.724998 -54.460640 19.557497
v -54.977768 -54.578506 19.557497
v -54.496540 -54.300671 17.969995
v -54.299328 -54.103458 17.969995
v -54.139359 -53.875000 17.969995
v -54.021492 -53.622231 17.969995
v -53.949306 -53.352837 17.969995
v -53.924999 -53.075001 17.969995
v -55.525002 -51.474998 17.969995
v -55.525002 -51.474998 19.557497
v -54.977768 -51.571491 19.557497
v -54.724998 -51.689358 19.557497
v -54.299328 -52.046539 19.557497
v -53.924999 -53.075001 19.557497
v -53.949306 -52.797161 17.969995
v -54.021492 -52.527767 17.969995
v -54.139359 -52.275002 17.969995
v -54.299328 -52.046539 17.969995
v -54.496540 -51.849327 17.969995
v -54.977768 -51.571491 17.969995
v -55.247162 -51.499306 17.969995
v -33.277836 -60.500694 19.557497
v -33.547234 -60.428509 19.557497
v -34.503510 -59.472233 19.557497
v -34.599998 -58.924999 17.969995
v -34.503510 -59.472233 17.969995
v -34.385639 -59.724998 17.969995
v -33.547234 -60.428509 17.969995
v -34.575691 -58.647163 19.557497
v -34.503510 -58.377769 19.557497
v -33.799999 -57.539360 17.969995
v -34.028461 -57.699329 17.969995
v -34.385639 -58.125000 17.969995
v -34.503510 -58.377769 17.969995
v -34.575691 -58.647163 17.969995
v -16.600000 -43.924999 19.557497
v -16.580301 -43.674706 19.557497
v -16.521690 -43.430573 19.557497
v -16.425610 -43.198616 19.557497
v -16.294428 -42.984543 19.557497
v -16.131371 -42.793629 19.557497
v -15.940456 -42.630573 19.557497
v -15.250295 -42.344700 19.557497
v -15.000000 -42.325001 17.969995
v -15.494427 -42.403309 17.969995
v -15.726385 -42.499390 17.969995
v -15.940456 -42.630573 17.969995
v -16.131371 -42.793629 17.969995
v -16.521690 -43.430573 17.969995
v -16.600000 -43.924999 17.969995
v -15.277837 -45.500694 19.557497
v -15.800000 -45.310642 19.557497
v -16.028460 -45.150673 19.557497
v -16.385641 -44.724998 19.557497
v -16.575693 -44.202839 17.969995
v -16.503508 -44.472233 17.969995
v -16.028460 -45.150673 17.969995
v -15.800000 -45.310642 17.969995
v -15.547233 -45.428509 17.969995
v 16.503508 -44.472233 19.557497
v 15.277837 -45.500694 19.557497
v 15.000000 -45.525002 17.969995
v 15.277837 -45.500694 17.969995
v 15.277837 -42.349308 19.557497
v 15.547233 -42.421494 19.557497
v 15.800000 -42.539360 19.557497
v 16.028460 -42.699329 19.557497
v 16.385641 -43.125000 19.557497
v 16.600000 -43.924999 17.969995
v 16.575693 -43.647163 17.969995
v 16.503508 -43.377769 17.969995
v 16.385641 -43.125000 17.969995
v 16.225672 -42.896542 17.969995
v 16.028460 -42.699329 17.969995
v 15.800000 -42.539360 17.969995
v 15.547233 -42.421494 17.969995
v 34.599998 -58.924999 19.557497
v 34.575691 -59.202839 19.557497
v 34.503510 -59.472233 19.557497
v 34.385639 -59.724998 19.557497
v 34.225670 -59.953461 19.557497
v 34.028461 -60.150673 19.557497
v 33.799999 -60.310642 19.557497
v 33.547234 -60.428509 19.557497
v 33.277836 -60.500694 19.557497
v 33.000000 -57.325001 19.557497
v 33.277836 -57.349308 19.557497
v 33.547234 -57.421494 19.557497
v 33.799999 -57.539360 19.557497
v 34.028461 -57.699329 19.557497
v 34.225670 -57.896542 19.557497
v 34.385639 -58.125000 19.557497
v 34.503510 -58.377769 19.557497
v 34.575691 -58.647163 19.557497
v 33.547234 -57.421494 17.969995
v -33.277836 57.349308 19.557505
v -33.547234 57.421494 19.557505
v -34.385639 58.125000 19.557505
v -34.503510 58.377769 19.557505
v -34.599998 58.924999 19.557505
v -33.547234 57.421494 17.970003
v -33.277836 57.349308 17.970003
v -33.000000 57.325001 17.970003
v -34.575691 59.202839 19.557505
v -34.385639 59.724998 19.557505
v -34.225670 59.953461 19.557505
v -34.028461 60.150673 19.557505
v -33.000000 60.525002 17.970003
v -33.277836 60.500694 17.970003
v -33.547234 60.428509 17.970003
v -33.799999 60.310642 17.970003
v -15.800000 42.539360 19.557505
v -16.028460 42.699329 19.557505
v -16.385641 43.125000 19.557505
v -16.503508 43.377769 19.557505
v -16.575693 43.647163 19.557505
v -16.503508 43.377769 17.970003
v -16.225672 42.896542 17.970003
v -15.800000 42.539360 17.970003
v -15.547233 42.421494 17.970003
v -15.277837 42.349308 17.970003
v -16.600000 43.924999 19.557505
v -16.580301 44.175297 19.557505
v -16.521690 44.419426 19.557505
v -15.940456 45.219429 19.557505
v -15.494427 45.446690 19.557505
v -15.000000 45.525002 17.970003
v -15.250295 45.505302 17.970003
v -15.494427 45.446690 17.970003
v -15.726385 45.350609 17.970003
v -16.294428 44.865456 17.970003
v -16.521690 44.419426 17.970003
v 16.600000 43.924999 19.557505
v 16.575693 43.647163 19.557505
v 16.385641 43.125000 19.557505
v 15.547233 42.421494 19.557505
v 15.277837 42.349308 19.557505
v 15.277837 42.349308 17.970003
v 15.547233 42.421494 17.970003
v 15.800000 42.539360 17.970003
v 16.225672 42.896542 17.970003
v 16.385641 43.125000 17.970003
v 16.503508 43.377769 17.970003
v 15.000000 45.525002 19.557505
v 15.277837 45.500694 19.557505
v 15.547233 45.428509 19.557505
v 15.800000 45.310642 19.557505
v 16.028460 45.150673 19.557505
v 16.225672 44.953461 19.557505
v 16.503508 44.472233 19.557505
v 15.800000 45.310642 17.970003
v 15.547233 45.428509 17.970003
v 15.277837 45.500694 17.970003
v 34.575691 58.647163 19.557505
v 34.385639 58.125000 19.557505
v 34.028461 57.699329 19.557505
v 33.277836 57.349308 19.557505
v 33.000000 57.325001 19.557505
v 33.277836 57.349308 17.970003
v 34.225670 57.896542 17.970003
v 34.385639 58.125000 17.970003
v 34.503510 58.377769 17.970003
v 33.000000 60.525002 17.970003
v 33.277836 60.500694 19.557505
v 33.547234 60.428509 19.557505
v 33.799999 60.310642 19.557505
v 34.028461 60.150673 19.557505
v 34.503510 59.472233 19.557505
v 34.575691 59.202839 19.557505
v 34.599998 58.924999 19.557505
v 34.599998 58.924999 17.970003
v 34.385639 59.724998 17.970003
v 34.225670 59.953461 17.970003
v 34.028461 60.150673 17.970003
v 33.799999 60.310642 17.970003
v 33.547234 60.428509 17.970003
v 33.277836 60.500694 17.970003
v 71.900696 52.797161 19.557505
v 71.828506 52.527767 19.557505
v 71.900696 52.797161 17.970003
v 71.550674 54.103458 19.557505
v 71.828506 53.622231 19.557505
v 71.900696 53.352837 19.557505
v 71.710640 53.875000 17.970003
v 71.125000 54.460640 17.970003
v 70.872231 54.578506 17.970003
v 55.247162 51.499306 19.557505
v 54.299328 52.046539 19.557505
v 53.949306 52.797161 19.557505
v 53.924999 53.075001 17.970003
v 54.021492 52.527767 17.970003
v 54.139359 52.275002 17.970003
v 54.299328 54.103458 19.557505
v 54.496540 54.300671 19.557505
v 54.724998 54.460640 19.557505
v 55.247162 54.650692 19.557505
v 54.977768 54.578506 17.970003
v 54.139359 53.875000 17.970003
v 53.949306 53.352837 17.970003
v 71.828506 46.077766 19.557505
v 71.710640 45.825001 19.557505
v 71.353462 45.399330 19.557505
v 71.125000 45.239361 19.557505
v 70.602837 45.049309 19.557505
v 70.324997 45.025002 19.557505
v 70.602837 45.049309 17.970003
v 70.872231 45.121490 17.970003
v 71.550674 45.596539 17.970003
v 71.710640 45.825001 17.970003
v 71.828506 46.077766 17.970003
v 70.602837 48.200691 19.557505
v 71.353462 47.850670 19.557505
v 71.710640 47.424999 19.557505
v 71.828506 47.172234 19.557505
v 71.925003 46.625000 19.557505
v 71.925003 46.625000 17.970003
v 71.900696 46.902836 17.970003
v 71.828506 47.172234 17.970003
v 71.710640 47.424999 17.970003
v 71.125000 48.010639 17.970003
v 70.872231 48.128510 17.970003
v 55.247162 45.049309 19.557505
v 54.977768 45.121490 19.557505
v 54.724998 45.239361 19.557505
v 54.496540 45.399330 19.557505
v 54.021492 46.077766 19.557505
v 53.949306 46.347164 19.557505
v 53.949306 46.347164 17.970003
v 54.139359 45.825001 17.970003
v 54.724998 45.239361 17.970003
v 53.924999 46.625000 19.557505
v 53.949306 46.902836 19.557505
v 54.021492 47.172234 19.557505
v 54.299328 47.653461 19.557505
v 54.724998 48.010639 19.557505
v 54.977768 48.128510 19.557505
v 55.247162 48.200691 19.557505
v 55.525002 48.224998 17.970003
v 54.139359 47.424999 17.970003
v 53.949306 46.902836 17.970003
v 66.421494 12.047231 19.557501
v 66.539360 12.299998 19.557501
v 67.125000 12.885639 19.557503
v 67.377769 13.003507 19.557503
v 67.647163 13.075690 19.557503
v 67.925003 13.099999 17.970001
v 67.647163 13.075691 17.970001
v 67.125000 12.885640 17.970001
v 66.896538 12.725670 17.970001
v 66.699326 12.528461 17.969999
v 66.539360 12.299999 17.969999
v 66.349304 11.777836 17.969999
v 68.724998 12.885639 19.557503
v 68.953461 12.725669 19.557503
v 69.310638 12.299998 19.557501
v 69.428505 12.047231 19.557501
v 69.500694 11.777835 19.557501
v 69.525002 11.499999 17.969999
v 69.500694 11.777836 17.969999
v 69.428505 12.047232 17.969999
v 68.953461 12.725670 17.970001
v 68.724998 12.885640 17.970001
v 68.202835 13.075691 17.970001
v 69.500694 -11.777839 19.557501
v 69.428505 -12.047235 19.557501
v 69.310638 -12.300002 19.557501
v 68.202835 -13.075694 19.557499
v 68.202835 -13.075693 17.969997
v 68.472229 -13.003510 17.969997
v 69.428505 -12.047234 17.969999
v 69.500694 -11.777838 17.969999
v 67.925003 -13.100002 19.557499
v 67.377769 -13.003510 19.557499
v 66.896538 -12.725673 19.557499
v 66.539360 -12.300002 19.557501
v 66.349304 -11.777839 19.557501
v 66.349304 -11.777838 17.969999
v 66.421494 -12.047234 17.969999
v 66.539360 -12.300001 17.969999
v 66.699326 -12.528462 17.969999
v 66.896538 -12.725672 17.969997
v 71.925003 -46.625000 19.557497
v 71.900696 -46.902836 19.557497
v 71.828506 -47.172234 19.557497
v 71.125000 -48.010639 19.557497
v 70.872231 -48.128510 19.557497
v 70.602837 -48.200691 19.557497
v 70.324997 -48.224998 19.557497
v 70.324997 -48.224998 17.969995
v 71.125000 -48.010639 17.969995
v 71.710640 -47.424999 17.969995
v 71.900696 -46.902836 17.969995
v 70.324997 -45.025002 19.557497
v 70.602837 -45.049309 19.557497
v 71.550674 -45.596539 19.557497
v 71.900696 -46.347164 19.557497
v 71.710640 -45.825001 17.969995
v 71.125000 -45.239361 17.969995
v 55.247162 -48.200691 19.557497
v 54.977768 -48.128510 19.557497
v 54.724998 -48.010639 19.557497
v 54.496540 -47.850670 19.557497
v 54.299328 -47.653461 19.557497
v 53.949306 -46.902836 17.969995
v 54.139359 -47.424999 17.969995
v 54.299328 -47.653461 17.969995
v 53.924999 -46.625000 17.969995
v 53.949306 -46.347164 19.557497
v 54.021492 -46.077766 19.557497
v 54.139359 -45.825001 19.557497
v 54.724998 -45.239361 19.557497
v 55.247162 -45.049309 19.557497
v 54.496540 -45.399330 17.969995
v 54.139359 -45.825001 17.969995
v 71.900696 -53.352837 19.557497
v 70.872231 -54.578506 17.969995
v 71.550674 -54.103458 17.969995
v 71.710640 -53.875000 17.969995
v 71.828506 -53.622231 17.969995
v 71.900696 -53.352837 17.969995
v 71.925003 -53.075001 17.969995
v 70.872231 -51.571491 19.557497
v 71.125000 -51.689358 19.557497
v 71.353462 -51.849327 19.557497
v 71.710640 -52.275002 19.557497
v 71.828506 -52.527767 19.557497
v 71.900696 -52.797161 17.969995
v 71.828506 -52.527767 17.969995
v 71.710640 -52.275002 17.969995
v 71.550674 -52.046539 17.969995
v 70.872231 -51.571491 17.969995
v 53.924999 -53.075001 19.557497
v 53.949306 -52.797161 19.557497
v 54.021492 -52.527767 19.557497
v 54.139359 -52.275002 19.557497
v 54.299328 -52.046539 19.557497
v 54.496540 -51.849327 19.557497
v 54.724998 -51.689358 19.557497
v 54.977768 -51.571491 19.557497
v 55.525002 -51.474998 19.557497
v 55.525002 -51.474998 17.969995
v 54.977768 -51.571491 17.969995
v 54.299328 -52.046539 17.969995
v 54.139359 -52.275002 17.969995
v 55.525002 -54.674999 17.969995
v 55.525002 -54.674999 19.557497
v 55.247162 -54.650692 19.557497
v 54.977768 -54.578506 19.557497
v 54.299328 -54.103458 19.557497
v 54.139359 -53.875000 19.557497
v 54.021492 -53.622231 19.557497
v 54.139359 -53.875000 17.969995
v 54.299328 -54.103458 17.969995
v 54.724998 -54.460640 17.969995
v -27.606390 7.902695 17.969999
v -27.207842 8.100002 19.557501
v -27.358839 8.077098 19.557501
v -27.496159 8.008389 19.557501
v -27.606390 7.902695 19.557501
v -28.588282 6.305259 17.969999
v -29.020468 5.922304 17.969999
v -29.504293 5.605030 17.969999
v -30.028154 5.361233 17.969999
v -28.215364 6.746778 19.557501
v -28.588282 6.305259 19.557501
v -29.020468 5.922304 19.557501
v -30.261765 5.177999 17.969999
v -30.327944 5.043608 17.969999
v -30.350004 4.894518 17.969999
v -30.158815 5.287948 19.557501
v -30.350004 4.894518 19.557501
v -30.261770 -5.177994 17.969999
v -30.159678 -5.287620 17.969999
v -29.020863 -5.921983 17.969999
v -29.020863 -5.921983 19.557501
v -28.588297 -6.305247 19.557501
v -28.215681 -6.746377 19.557501
v -27.909950 -7.237576 19.557501
v -27.678623 -7.767057 17.969999
v -27.606712 -7.901801 17.969999
v -27.359777 -8.077099 17.969999
v -27.496170 -8.008385 19.557501
v -27.359777 -8.077100 19.557501
v -27.207842 -8.100005 17.969999
v -27.207842 -8.100006 19.557501
v 4.796171 -8.008382 17.969999
v 4.978625 -7.767055 17.969999
v 4.507843 -8.100006 19.557501
v 4.658845 -8.077099 19.557501
v 4.906404 -7.902678 19.557501
v 5.265415 -7.135902 17.969999
v 5.656872 -6.563748 17.969999
v 6.141240 -6.067776 17.969999
v 5.656872 -6.563748 19.557501
v 6.141240 -6.067776 19.557501
v 7.561765 -5.178002 17.969999
v 7.561765 -5.178002 19.557501
v 7.650004 -4.894521 19.557501
v 7.650004 -4.894521 17.969999
v 7.459686 5.287610 17.969999
v 7.650004 4.894513 19.557501
v 7.627947 5.042683 19.557501
v 7.561775 5.177986 19.557501
v 7.459686 5.287610 19.557501
v 7.328179 5.361223 17.969999
v 5.656878 6.563738 17.969999
v 5.265416 7.135898 17.969999
v 4.978624 7.767055 17.969999
v 4.906713 7.901798 17.969999
v 4.659779 8.077097 17.969999
v 4.507843 8.100003 17.969999
v 4.906713 7.901798 19.557501
v -27.207842 8.100003 17.969999
vn -0.0000 -0.0000 -1.0000
vn -0.0000 0.0001 -1.0000
vn -0.0000 -0.0000 1.0000
vn -1.0000 -0.0000 -0.0000
vn -0.0000 1.0000 -0.0000
vn 0.7027 0.7115 -0.0000
vn -0.7027 0.7115 -0.0000
vn 1.0000 -0.0000 -0.0000
vn 0.5547 -0.8321 -0.0000
vn 0.5049 0.8632 -0.0000
vn 0.5049 -0.8632 -0.0000
vn 0.5547 0.8321 -0.0000
vn -0.0000 -1.0000 -0.0000
vn -0.7027 -0.7115 -0.0000
vn 0.7027 -0.7115 -0.0000
vn -0.5547 0.8321 -0.0000
vn -0.5049 -0.8632 -0.0000
vn -0.5049 0.8632 -0.0000
vn -0.5547 -0.8321 -0.0000
vn 0.0436 0.9990 -0.0000
vn -0.0436 0.9990 -0.0000
vn 0.0436 -0.9990 -0.0000
vn -0.0436 -0.9990 -0.0000
vn 0.9990 -0.0436 -0.0000
vn 0.9990 0.0436 -0.0000
vn -0.9990 -0.0436 -0.0000
vn -0.9990 0.0436 -0.0000
vn 0.0393 -0.9992 -0.0000
vn 0.9848 -0.1737 -0.0000
vn 0.9397 -0.3420 -0.0000
vn 0.8660 -0.5000 -0.0000
vn 0.7660 -0.6428 -0.0000
vn 0.6428 -0.7660 -0.0000
vn 0.6428 -0.7661 -0.0000
vn 0.5000 -0.8660 -0.0000
vn 0.3420 -0.9397 -0.0000
vn 0.1736 -0.9848 -0.0000
vn 0.1737 0.9848 -0.0000
vn 0.1736 0.9848 -0.0000
vn 0.3420 0.9397 -0.0000
vn 0.5000 0.8660 -0.0000
vn 0.6428 0.7661 -0.0000
vn 0.6428 0.7660 -0.0000
vn 0.7660 0.6428 -0.0000
vn 0.7661 0.6428 -0.0000
vn 0.8660 0.5000 -0.0000
vn 0.9397 0.3420 -0.0000
vn 0.9848 0.1737 -0.0000
vn 0.7661 -0.6428 -0.0000
vn 0.1737 -0.9848 -0.0000
vn -0.9848 0.1737 -0.0000
vn -0.9848 0.1736 -0.0000
vn -0.9397 0.3420 -0.0000
vn -0.8660 0.5000 -0.0000
vn -0.7660 0.6428 -0.0000
vn -0.6428 0.7660 -0.0000
vn -0.5000 0.8660 -0.0000
vn -0.3420 0.9397 -0.0000
vn -0.1736 0.9848 -0.0000
vn -0.1737 0.9848 -0.0000
vn -0.1737 -0.9848 -0.0000
vn -0.3420 -0.9397 -0.0000
vn -0.5000 -0.8660 -0.0000
vn -0.6428 -0.7660 -0.0000
vn -0.6428 -0.7661 -0.0000
vn -0.7660 -0.6428 -0.0000
vn -0.8660 -0.5000 -0.0000
vn -0.9397 -0.3420 -0.0000
vn -0.9848 -0.1737 -0.0000
vn -0.9848 -0.1736 -0.0000
vn -0.1736 -0.9848 -0.0000
vn 0.9848 0.1736 -0.0000
vn 0.9848 -0.1736 -0.0000
vn 1.0000 0.0044 -0.0000
vn 0.9877 -0.1564 -0.0000
vn 0.9511 -0.3090 -0.0000
vn 0.8910 -0.4540 -0.0000
vn 0.8090 -0.5878 -0.0000
vn 0.7071 -0.7071 -0.0000
vn 0.5878 -0.8090 -0.0000
vn 0.4540 -0.8910 -0.0000
vn 0.3090 -0.9511 -0.0000
vn 0.1564 -0.9877 -0.0000
vn -0.7661 0.6428 -0.0000
vn -0.7661 -0.6428 -0.0000
vn -0.6428 0.7661 -0.0000
vn 0.3024 -0.9532 -0.0000
vn 0.0752 -0.9972 -0.0000
vn 0.5763 -0.8173 -0.0000
vn 0.7974 -0.6035 -0.0000
vn 0.9002 -0.4356 -0.0000
vn 0.8850 -0.4655 -0.0000
vn 0.8086 -0.5883 -0.0000
vn 0.7154 -0.6987 -0.0000
vn 0.6074 -0.7944 -0.0000
vn 0.4864 -0.8737 -0.0000
vn 0.4559 -0.8900 -0.0000
vn 0.6168 -0.7871 -0.0000
vn 0.8225 -0.5688 -0.0000
vn 0.9547 -0.2977 -0.0000
vn 0.9973 -0.0734 -0.0000
vn 0.9973 0.0738 -0.0000
vn 0.9549 0.2968 -0.0000
vn 0.8240 0.5666 -0.0000
vn 0.6176 0.7865 -0.0000
vn 0.4555 0.8902 -0.0000
vn 0.4864 0.8738 -0.0000
vn 0.6073 0.7945 -0.0000
vn 0.7154 0.6987 -0.0000
vn 0.8086 0.5884 -0.0000
vn 0.8850 0.4656 -0.0000
vn 0.9000 0.4359 -0.0000
vn 0.7979 0.6027 -0.0000
vn 0.5785 0.8157 -0.0000
vn 0.3033 0.9529 -0.0000
vn 0.0747 0.9972 -0.0000
vn 0.0748 0.9972 -0.0000
vn -0.0752 0.9972 -0.0000
vn -0.3024 0.9532 -0.0000
vn -0.5763 0.8172 -0.0000
vn -0.7974 0.6035 -0.0000
vn -0.8970 0.4421 -0.0000
vn -0.8711 0.4910 -0.0000
vn -0.7733 0.6341 -0.0000
vn -0.6522 0.7581 -0.0000
vn -0.5115 0.8593 -0.0000
vn -0.4624 0.8867 -0.0000
vn -0.6168 0.7871 -0.0000
vn -0.8225 0.5688 -0.0000
vn -0.9547 0.2977 -0.0000
vn -0.9973 0.0734 -0.0000
vn -0.9973 -0.0738 -0.0000
vn -0.9549 -0.2968 -0.0000
vn -0.8240 -0.5666 -0.0000
vn -0.6176 -0.7865 -0.0000
vn -0.4620 -0.8869 -0.0000
vn -0.5115 -0.8593 -0.0000
vn -0.6522 -0.7581 -0.0000
vn -0.7733 -0.6341 -0.0000
vn -0.8711 -0.4910 -0.0000
vn -0.8968 -0.4425 -0.0000
vn -0.7979 -0.6027 -0.0000
vn -0.5785 -0.8157 -0.0000
vn -0.3033 -0.9529 -0.0000
vn -0.0747 -0.9972 -0.0000
vn -0.0748 -0.9972 -0.0000
vt -71.550674 -54.103458
vt -76.925003 -69.925003
vt -71.353462 -54.300671
vt -71.710640 -53.875000
vt -71.125000 -54.460640
vt -71.828506 -53.622231
vt -70.872231 -54.578506
vt -70.602837 -54.650692
vt -71.900696 -53.352837
vt -70.324997 -54.674999
vt -71.925003 -53.075001
vt -71.353462 -47.850670
vt -71.353462 -51.849327
vt -71.125000 -51.689358
vt -71.550674 -47.653461
vt -71.550674 -52.046539
vt -71.710640 -47.424999
vt -71.710640 -52.275002
vt -71.125000 -48.010639
vt -71.828506 -47.172234
vt -71.828506 -52.527767
vt -70.872231 -48.128510
vt -70.872231 -51.571491
vt -70.602837 -48.200691
vt -70.602837 -51.499306
vt -71.900696 -46.902836
vt -71.900696 -52.797161
vt -70.324997 -48.224998
vt -70.324997 -51.474998
vt -76.925003 -33.924999
vt -71.925003 -46.625000
vt -71.900696 -46.347164
vt -71.828506 -46.077766
vt -71.710640 -45.825001
vt -71.550674 -45.596539
vt -71.353462 -45.399330
vt -71.125000 -45.239361
vt -70.872231 -45.121490
vt -70.602837 -45.049309
vt -70.324997 -45.025002
vt -55.525002 -54.674999
vt -47.075001 -69.925003
vt -55.247162 -54.650692
vt -54.977768 -54.578506
vt -54.724998 -54.460640
vt -54.496540 -54.300671
vt -55.525002 -51.474998
vt -41.000000 -63.924999
vt -53.924999 -53.075001
vt -53.949306 -53.352837
vt -54.021492 -53.622231
vt -54.139359 -53.875000
vt -54.299328 -54.103458
vt -55.525002 -48.224998
vt -55.247162 -48.200691
vt -55.247162 -51.499306
vt -54.977768 -48.128510
vt -54.977768 -51.571491
vt -54.724998 -48.010639
vt -54.724998 -51.689358
vt -54.496540 -51.849327
vt -54.496540 -47.850670
vt -54.299328 -52.046539
vt -54.299328 -47.653461
vt -54.139359 -52.275002
vt -54.139359 -47.424999
vt -54.021492 -47.172234
vt -54.021492 -52.527767
vt -53.949306 -52.797161
vt -53.949306 -46.902836
vt -67.925003 -27.924999
vt -55.525002 -45.025002
vt -55.247162 -45.049309
vt -54.977768 -45.121490
vt -54.724998 -45.239361
vt -34.225670 -59.953461
vt -34.028461 -60.150673
vt -33.799999 -60.310642
vt -34.385639 -59.724998
vt -33.547234 -60.428509
vt -34.503510 -59.472233
vt -33.277836 -60.500694
vt -34.575691 -59.202839
vt -33.000000 -60.525002
vt -34.599998 -58.924999
vt -34.575691 -58.647163
vt -34.503510 -58.377769
vt -34.385639 -58.125000
vt -34.225670 -57.896542
vt -34.028461 -57.699329
vt -53.924999 -46.625000
vt -33.799999 -57.539360
vt -53.949306 -46.347164
vt -33.547234 -57.421494
vt -54.021492 -46.077766
vt -33.277836 -57.349308
vt -54.139359 -45.825001
vt -67.925003 -17.924999
vt -69.150673 -12.528461
vt -72.925003 -15.000000
vt -68.953461 -12.725671
vt -68.724998 -12.885641
vt -69.310638 -12.300000
vt -68.472229 -13.003509
vt -69.428505 -12.047233
vt -68.202835 -13.075692
vt -69.500694 -11.777837
vt -67.925003 -13.100000
vt -69.525002 -11.500000
vt -67.647163 -13.075692
vt -67.377769 -13.003509
vt -67.125000 -12.885641
vt -66.896538 -12.725671
vt -66.699326 -12.528461
vt -66.539360 -12.300000
vt -66.421494 -12.047233
vt -54.496540 -45.399330
vt -16.225672 -44.953461
vt -33.000000 -57.325001
vt -16.028460 -45.150673
vt -16.385641 -44.724998
vt -15.800000 -45.310642
vt -16.503508 -44.472233
vt -15.547233 -45.428509
vt -16.575693 -44.202839
vt -16.600000 -43.924999
vt -16.575693 -43.647163
vt -16.503508 -43.377769
vt -16.385641 -43.125000
vt -54.299328 -45.596539
vt -16.225672 -42.896542
vt -16.028460 -42.699329
vt -66.349304 -11.777837
vt -72.925003 15.000000
vt -69.525002 11.500000
vt -69.500694 11.777837
vt -69.428505 12.047233
vt -69.310638 12.300000
vt -69.150673 12.528461
vt -68.953461 12.725671
vt -68.724998 12.885641
vt -67.925003 17.924999
vt -68.472229 13.003509
vt -68.202835 13.075692
vt -67.925003 13.100000
vt -67.647163 13.075692
vt -67.377769 13.003509
vt -67.125000 12.885641
vt -66.896538 12.725671
vt -66.699326 12.528461
vt -66.539360 12.300000
vt -66.421494 12.047233
vt -71.550674 45.596539
vt -76.925003 33.924999
vt -71.353462 45.399330
vt -71.710640 45.825001
vt -71.125000 45.239361
vt -70.872231 45.121490
vt -71.828506 46.077766
vt -70.602837 45.049309
vt -71.900696 46.347164
vt -70.324997 45.025002
vt -67.925003 27.924999
vt -71.925003 46.625000
vt -71.900696 46.902836
vt 33.000000 -57.325001
vt 16.521690 -43.430573
vt 16.580301 -43.674706
vt 16.600000 -43.924999
vt 16.575693 -44.202839
vt 16.503508 -44.472233
vt 16.385641 -44.724998
vt 16.225672 -44.953461
vt 16.028460 -45.150673
vt 15.800000 -45.310642
vt 15.547233 -45.428509
vt 33.277836 -57.349308
vt 41.000000 -63.924999
vt 34.503510 -58.377769
vt 34.575691 -58.647163
vt 34.599998 -58.924999
vt 34.575691 -59.202839
vt 34.503510 -59.472233
vt 34.385639 -59.724998
vt 34.225670 -59.953461
vt 34.028461 -60.150673
vt 33.799999 -60.310642
vt 33.547234 -60.428509
vt 33.277836 -60.500694
vt 33.000000 -60.525002
vt -71.550674 52.046539
vt -71.353462 47.850670
vt -71.353462 51.849327
vt -71.550674 47.653461
vt -71.710640 52.275002
vt -71.710640 47.424999
vt -71.125000 51.689358
vt -71.125000 48.010639
vt -71.828506 52.527767
vt -71.828506 47.172234
vt -70.872231 51.571491
vt -70.872231 48.128510
vt -70.602837 51.499306
vt -70.602837 48.200691
vt -71.900696 52.797161
vt -70.324997 51.474998
vt -70.324997 48.224998
vt -71.925003 53.075001
vt -4.906404 -7.902677
vt -15.547233 -42.421494
vt -15.277837 -42.349308
vt -4.796171 -8.008381
vt -15.000000 -42.325001
vt -7.458815 -5.287949
vt -4.978625 -7.767053
vt -7.561765 -5.178001
vt -15.800000 -42.539360
vt -4.658845 -8.077097
vt -7.328154 -5.361234
vt -7.627944 -5.043609
vt -66.324997 -11.500000
vt -4.507843 -8.100004
vt 15.000000 -42.325001
vt -7.650004 -4.894520
vt -5.265415 -7.135901
vt -5.656872 -6.563747
vt -6.141240 -6.067775
vt -6.703968 -5.662883
vt -55.525002 45.025002
vt -55.247162 45.049309
vt -54.977768 45.121490
vt -54.724998 45.239361
vt -54.496540 45.399330
vt -76.925003 69.925003
vt -71.900696 53.352837
vt -71.828506 53.622231
vt -71.710640 53.875000
vt -71.550674 54.103458
vt -71.353462 54.300671
vt -71.125000 54.460640
vt -70.872231 54.578506
vt -70.602837 54.650692
vt -70.324997 54.674999
vt -55.525002 51.474998
vt -55.525002 48.224998
vt -55.247162 48.200691
vt -55.247162 51.499306
vt -54.977768 51.571491
vt -54.977768 48.128510
vt -54.724998 48.010639
vt -54.724998 51.689358
vt -7.650004 4.894514
vt -66.324997 11.500000
vt -54.496540 51.849327
vt -54.496540 47.850670
vt -7.627947 5.042684
vt -66.349304 11.777837
vt -54.299328 52.046539
vt -54.299328 47.653461
vt -54.139359 52.275002
vt -54.139359 47.424999
vt -54.021492 52.527767
vt -54.021492 47.172234
vt -53.949306 52.797161
vt -53.949306 46.902836
vt -55.525002 54.674999
vt 54.496540 -54.300671
vt 47.075001 -69.925003
vt 54.299328 -54.103458
vt 54.724998 -54.460640
vt 54.139359 -53.875000
vt 54.977768 -54.578506
vt 54.021492 -53.622231
vt 55.247162 -54.650692
vt 53.949306 -53.352837
vt 55.525002 -54.674999
vt 53.924999 -53.075001
vt 34.385639 -58.125000
vt -5.656878 6.563740
vt -7.328179 5.361224
vt -6.703986 5.662872
vt -6.141251 6.067765
vt 53.949306 -52.797161
vt 34.225670 -57.896542
vt -5.265416 7.135899
vt -4.978624 7.767056
vt -7.459686 5.287611
vt -4.906713 7.901799
vt 54.299328 -47.653461
vt 54.299328 -52.046539
vt 54.496540 -51.849327
vt 54.496540 -47.850670
vt 54.139359 -47.424999
vt 54.139359 -52.275002
vt 54.724998 -48.010639
vt 54.724998 -51.689358
vt 54.021492 -47.172234
vt 54.021492 -52.527767
vt 54.977768 -48.128510
vt 54.977768 -51.571491
vt 76.925003 -69.925003
vt 53.949306 -46.902836
vt 34.028461 -57.699329
vt 55.247162 -48.200691
vt 55.247162 -51.499306
vt 55.525002 -51.474998
vt 55.525002 -48.224998
vt 53.924999 -46.625000
vt 33.799999 -57.539360
vt 53.949306 -46.347164
vt 33.547234 -57.421494
vt 54.021492 -46.077766
vt 54.139359 -45.825001
vt 16.425610 -43.198616
vt 54.299328 -45.596539
vt 16.294428 -42.984543
vt 70.324997 -54.674999
vt 70.602837 -54.650692
vt 70.872231 -54.578506
vt 71.125000 -54.460640
vt 71.353462 -54.300671
vt 71.550674 -54.103458
vt 71.710640 -53.875000
vt 71.828506 -53.622231
vt 71.900696 -53.352837
vt 71.925003 -53.075001
vt 27.207842 -8.100004
vt 15.250295 -42.344700
vt 15.494427 -42.403309
vt 15.726385 -42.499390
vt 15.940456 -42.630573
vt 16.131371 -42.793629
vt 27.359777 -8.077098
vt 54.496540 -45.399330
vt 27.496170 -8.008383
vt 54.724998 -45.239361
vt 27.606712 -7.901799
vt 28.215681 -6.746376
vt 27.909950 -7.237574
vt 27.678623 -7.767056
vt 70.324997 -48.224998
vt 70.324997 -51.474998
vt 28.588297 -6.305246
vt 70.602837 -48.200691
vt 70.602837 -51.499306
vt 70.872231 -51.571491
vt 70.872231 -48.128510
vt -47.075001 69.925003
vt -55.247162 54.650692
vt -54.977768 54.578506
vt -54.724998 54.460640
vt -54.496540 54.300671
vt -41.000000 63.924999
vt -54.299328 54.103458
vt -54.139359 53.875000
vt -54.021492 53.622231
vt -53.949306 53.352837
vt -53.924999 53.075001
vt 71.125000 -48.010639
vt 71.125000 -51.689358
vt 71.353462 -51.849327
vt 71.353462 -47.850670
vt -34.028461 57.699329
vt -53.924999 46.625000
vt -34.225670 57.896542
vt -33.799999 57.539360
vt -53.949306 46.347164
vt -34.385639 58.125000
vt -33.547234 57.421494
vt -54.021492 46.077766
vt -34.503510 58.377769
vt 71.550674 -47.653461
vt 71.550674 -52.046539
vt 29.504538 -5.604936
vt 29.020863 -5.921982
vt -34.575691 58.647163
vt -33.277836 57.349308
vt -54.139359 45.825001
vt 71.710640 -47.424999
vt 71.710640 -52.275002
vt -34.599998 58.924999
vt -34.575691 59.202839
vt 71.828506 -47.172234
vt 71.828506 -52.527767
vt 30.028166 -5.361231
vt 30.159678 -5.287618
vt -34.503510 59.472233
vt 71.900696 -46.902836
vt 71.900696 -52.797161
vt -34.385639 59.724998
vt -34.225670 59.953461
vt -34.028461 60.150673
vt -33.799999 60.310642
vt -16.028460 42.699329
vt -7.561775 5.177987
vt -16.225672 42.896542
vt -54.299328 45.596539
vt -15.800000 42.539360
vt -16.385641 43.125000
vt -16.503508 43.377769
vt -33.000000 57.325001
vt -15.547233 42.421494
vt -33.547234 60.428509
vt -16.575693 43.647163
vt -15.277837 42.349308
vt -4.796169 8.008383
vt -33.277836 60.500694
vt -15.000000 42.325001
vt -4.659779 8.077098
vt -4.507843 8.100004
vt -16.600000 43.924999
vt -33.000000 60.525002
vt -16.575693 44.202839
vt -16.503508 44.472233
vt -16.385641 44.724998
vt -16.225672 44.953461
vt -16.028460 45.150673
vt -15.800000 45.310642
vt -15.547233 45.428509
vt 27.909857 7.237829
vt 28.215364 6.746780
vt 28.588282 6.305260
vt 30.028154 5.361234
vt 29.020468 5.922305
vt 29.504293 5.605031
vt 27.678617 7.767082
vt 30.158815 5.287949
vt 27.606390 7.902696
vt 67.925003 -27.924999
vt 54.977768 -45.121490
vt 55.247162 -45.049309
vt 55.525002 -45.025002
vt 70.324997 -45.025002
vt 76.925003 -33.924999
vt 70.602837 -45.049309
vt 70.872231 -45.121490
vt 71.125000 -45.239361
vt 71.353462 -45.399330
vt 71.550674 -45.596539
vt 71.710640 -45.825001
vt 71.828506 -46.077766
vt 71.900696 -46.347164
vt 71.925003 -46.625000
vt 67.925003 -17.924999
vt 66.896538 -12.725671
vt 66.699326 -12.528461
vt 66.539360 -12.300000
vt 67.125000 -12.885641
vt 66.421494 -12.047233
vt 30.261770 -5.177993
vt 67.377769 -13.003509
vt 67.647163 -13.075692
vt 66.349304 -11.777837
vt 30.327946 -5.042686
vt 67.925003 -13.100000
vt 66.324997 -11.500000
vt 30.350004 -4.894511
vt 68.202835 -13.075692
vt 68.472229 -13.003509
vt 68.724998 -12.885641
vt 15.000000 42.325001
vt 27.207842 8.100004
vt 15.277837 42.349308
vt 72.925003 -15.000000
vt 69.500694 -11.777837
vt 69.428505 -12.047233
vt 69.310638 -12.300000
vt 69.150673 -12.528461
vt 68.953461 -12.725671
vt 15.547233 42.421494
vt 69.525002 -11.500000
vt 15.800000 42.539360
vt 16.028460 42.699329
vt 27.358839 8.077100
vt 16.225672 42.896542
vt 16.385641 43.125000
vt 66.324997 11.500000
vt 30.327944 5.043609
vt 30.350004 4.894520
vt 66.349304 11.777837
vt 30.261765 5.178001
vt 66.421494 12.047233
vt 67.925003 17.924999
vt 66.539360 12.300000
vt 66.699326 12.528461
vt 66.896538 12.725671
vt 67.125000 12.885641
vt 67.377769 13.003509
vt 67.647163 13.075692
vt 67.925003 13.100000
vt 68.202835 13.075692
vt 68.472229 13.003509
vt 68.724998 12.885641
vt 72.925003 15.000000
vt 68.953461 12.725671
vt 69.150673 12.528461
vt 69.310638 12.300000
vt 69.428505 12.047233
vt 69.500694 11.777837
vt 69.525002 11.500000
vt 33.000000 57.325001
vt 15.494427 45.446690
vt 15.726385 45.350609
vt 15.940456 45.219429
vt 16.131371 45.056370
vt 16.294428 44.865456
vt 16.425610 44.651386
vt 16.521690 44.419426
vt 16.580301 44.175297
vt 16.600000 43.924999
vt 16.575693 43.647163
vt 16.503508 43.377769
vt 33.277836 57.349308
vt 67.925003 27.924999
vt 54.496540 45.399330
vt 27.496159 8.008390
vt 54.299328 45.596539
vt 54.724998 45.239361
vt 54.139359 45.825001
vt 54.977768 45.121490
vt 54.021492 46.077766
vt 33.547234 57.421494
vt 53.949306 46.347164
vt 33.799999 57.539360
vt 55.247162 45.049309
vt 53.924999 46.625000
vt 34.028461 57.699329
vt 55.525002 45.025002
vt 53.949306 46.902836
vt 34.225670 57.896542
vt 41.000000 63.924999
vt 33.000000 60.525002
vt 33.277836 60.500694
vt 33.547234 60.428509
vt 33.799999 60.310642
vt 34.028461 60.150673
vt 34.225670 59.953461
vt 34.385639 59.724998
vt 34.503510 59.472233
vt 34.575691 59.202839
vt 34.599998 58.924999
vt 34.575691 58.647163
vt 34.503510 58.377769
vt 54.496540 51.849327
vt 54.299328 47.653461
vt 54.496540 47.850670
vt 54.299328 52.046539
vt 54.724998 51.689358
vt 54.724998 48.010639
vt 54.139359 52.275002
vt 54.139359 47.424999
vt 54.977768 51.571491
vt 54.977768 48.128510
vt 55.247162 48.200691
vt 54.021492 52.527767
vt 54.021492 47.172234
vt 55.247162 51.499306
vt 55.525002 48.224998
vt 53.949306 52.797161
vt 34.385639 58.125000
vt 55.525002 51.474998
vt 53.924999 53.075001
vt 53.949306 53.352837
vt 54.021492 53.622231
vt 54.139359 53.875000
vt 54.299328 54.103458
vt 54.496540 54.300671
vt 70.324997 45.025002
vt 76.925003 33.924999
vt 70.602837 45.049309
vt 70.872231 45.121490
vt 71.125000 45.239361
vt 71.353462 45.399330
vt 47.075001 69.925003
vt 54.724998 54.460640
vt 54.977768 54.578506
vt 55.247162 54.650692
vt 55.525002 54.674999
vt 71.550674 45.596539
vt 71.710640 45.825001
vt 71.828506 46.077766
vt 71.900696 46.347164
vt 70.324997 48.224998
vt 71.925003 46.625000
vt 71.900696 46.902836
vt 70.324997 51.474998
vt 70.602837 51.499306
vt 70.602837 48.200691
vt 70.872231 51.571491
vt 70.872231 48.128510
vt 71.125000 48.010639
vt 71.125000 51.689358
vt 71.353462 47.850670
vt 71.353462 51.849327
vt 71.550674 52.046539
vt 71.550674 47.653461
vt 71.710640 52.275002
vt 71.710640 47.424999
vt 71.828506 47.172234
vt 71.828506 52.527767
vt 71.900696 52.797161
vt 71.925003 53.075001
vt 76.925003 69.925003
vt 70.602837 54.650692
vt 70.872231 54.578506
vt 71.125000 54.460640
vt 71.353462 54.300671
vt 71.550674 54.103458
vt 71.710640 53.875000
vt 71.828506 53.622231
vt 71.900696 53.352837
vt 70.324997 54.674999
vt 15.000000 -45.525002
vt 15.277837 -45.500694
vt -15.000000 -45.525002
vt -15.277837 -45.500694
vt 15.000000 45.525002
vt -15.000000 45.525002
vt -15.277837 45.500694
vt 15.250295 45.505302
vt 36.000000 0.000000
vt 0.000000 -1.587500
vt 0.000000 0.000000
vt 36.000000 -1.587500
vt 29.850000 0.000000
vt 29.850000 -1.587500
vt -8.538479 -1.587500
vt -8.538479 0.000000
vt 1.587500 41.000000
vt 0.000000 -41.000000
vt 0.000000 41.000000
vt 1.587500 -41.000000
vt 8.538479 0.000000
vt 8.538479 -1.587500
vt 1.587500 0.000000
vt 0.000000 -36.000000
vt 1.587500 -36.000000
vt -10.816654 -1.587500
vt -10.816654 0.000000
vt 0.000000 -10.000000
vt 1.587500 -10.000000
vt -5.792722 -1.587500
vt -5.792722 0.000000
vt 0.000000 -30.000000
vt 1.587500 -30.000000
vt 5.792722 0.000000
vt 5.792722 -1.587500
vt 1.587500 10.000000
vt 0.000000 10.000000
vt 10.816654 0.000000
vt 10.816654 -1.587500
vt 1.587500 36.000000
vt 0.000000 36.000000
vt 0.000000 29.850000
vt -1.587500 0.000000
vt -1.587500 29.850000
vt -1.587500 -41.000000
vt -1.587500 41.000000
vt -36.000000 -1.587500
vt -36.000000 0.000000
vt -1.587500 10.000000
vt -1.587500 -30.000000
vt -1.587500 -10.000000
vt 0.000000 -1.600000
vt 1.587500 -16.400000
vt 0.000000 -16.400000
vt 1.587500 -1.600000
vt -1.587500 -1.600000
vt -1.587500 -16.400000
vt 67.599998 0.000000
vt 1.600000 -1.587500
vt 1.600000 0.000000
vt 67.599998 -1.587500
vt -1.600000 0.000000
vt -67.599998 -1.587500
vt -67.599998 0.000000
vt -1.600000 -1.587500
vt 1.587500 24.600000
vt 1.587500 1.600000
vt 0.000000 1.600000
vt 0.000000 24.600000
vt -1.587500 24.600000
vt -1.587500 1.600000
vt -31.600000 -1.587500
vt -31.600000 0.000000
vt 31.600000 0.000000
vt 31.600000 -1.587500
vt 1.587500 16.400000
vt 0.000000 16.400000
vt -1.587500 16.400000
vt 0.174533 -1.587500
vt 0.174533 0.000000
vt 0.349066 -1.587500
vt 0.349066 0.000000
vt 0.523599 -1.587500
vt 0.523599 0.000000
vt 0.698132 -1.587500
vt 0.698132 0.000000
vt 0.872665 -1.587500
vt 0.872665 0.000000
vt 1.047198 -1.587500
vt 1.047198 0.000000
vt 1.221730 -1.587500
vt 1.221730 0.000000
vt 1.396263 -1.587500
vt 1.396263 0.000000
vt 1.570796 -1.587500
vt 1.570796 0.000000
vt 4.886922 0.000000
vt 4.712389 -1.587500
vt 4.712389 0.000000
vt 4.886922 -1.587500
vt 5.061455 0.000000
vt 5.061455 -1.587500
vt 5.235988 -1.587500
vt 5.235988 0.000000
vt 5.410521 -1.587500
vt 5.410521 0.000000
vt 5.585053 -1.587500
vt 5.585053 0.000000
vt 5.759586 -1.587500
vt 5.759586 0.000000
vt 5.934119 -1.587500
vt 5.934119 0.000000
vt 6.108653 0.000000
vt 6.108653 -1.587500
vt 6.283185 -1.587500
vt 6.283185 0.000000
vt 3.141593 0.000000
vt 3.316126 -1.587500
vt 3.141593 -1.587500
vt 3.316126 0.000000
vt 3.490659 -1.587500
vt 3.490659 0.000000
vt 3.665191 -1.587500
vt 3.665191 0.000000
vt 3.839724 -1.587500
vt 3.839724 0.000000
vt 4.014257 -1.587500
vt 4.014257 0.000000
vt 4.188790 -1.587500
vt 4.188790 0.000000
vt 4.363323 -1.587500
vt 4.363323 0.000000
vt 4.537856 0.000000
vt 4.537856 -1.587500
vt 1.745329 -1.587500
vt 1.745329 0.000000
vt 1.919862 -1.587500
vt 1.919862 0.000000
vt 2.094395 -1.587500
vt 2.094395 0.000000
vt 2.268928 -1.587500
vt 2.268928 0.000000
vt 2.443461 -1.587500
vt 2.443461 0.000000
vt 2.617994 -1.587500
vt 2.617994 0.000000
vt 2.792527 -1.587500
vt 2.792527 0.000000
vt 2.967060 -1.587500
vt 2.967060 0.000000
vt 0.157080 -1.587500
vt 0.157080 0.000000
vt 0.314159 -1.587500
vt 0.314159 0.000000
vt 0.471239 -1.587500
vt 0.471239 0.000000
vt 0.628319 -1.587500
vt 0.628319 0.000000
vt 0.785398 -1.587500
vt 0.785398 0.000000
vt 0.942478 0.000000
vt 0.942478 -1.587500
vt 1.099557 -1.587500
vt 1.099557 0.000000
vt 1.256637 -1.587500
vt 1.256637 0.000000
vt 1.413717 0.000000
vt 1.413717 -1.587500
vt 0.250000 1.000000
vt 0.000000 1.000000
vt 0.250000 0.000000
vt 0.500000 1.000000
vt 0.500000 0.000000
vt 0.750000 1.000000
vt 0.750000 0.000000
vt 1.000000 1.000000
vt 1.000000 0.000000
vt 0.166667 1.000000
vt 0.166667 0.000000
vt 0.333333 1.000000
vt 0.333333 0.000000
vt 0.666667 1.000000
vt 0.666667 0.000000
vt 0.833333 1.000000
vt 0.833333 0.000000
vt 9.789031 1.587500
vt 0.000000 1.587500
vt 9.789031 0.000000
vt 31.715685 0.000000
vt 31.715685 1.587500
vt 0.513265 1.587500
vt 0.339734 1.587500
vt 0.339734 0.000000
vt 0.513265 0.000000
vt 0.686796 1.587500
vt 0.686796 0.000000
vt 0.860327 1.587500
vt 0.860327 0.000000
vt 1.033858 1.587500
vt 1.033858 0.000000
vt 1.207389 1.587500
vt 1.207389 0.000000
vt 9.789034 0.000000
vt 9.789034 1.587500
vt 5.249322 1.587500
vt 5.075790 1.587500
vt 5.075790 0.000000
vt 5.249322 0.000000
vt 5.422854 1.587500
vt 5.422854 0.000000
vt 5.596387 1.587500
vt 5.596387 0.000000
vt 5.769919 0.000000
vt 5.769919 1.587500
vt 5.943452 1.587500
vt 5.943452 0.000000
s 1
usemtl mat_1.001
f 3607/2941/1791 2469/2942/1791 2724/2943/1791
f 3608/2944/1791 2469/2942/1791 3607/2941/1791
f 2723/2945/1791 2724/2943/1791 2469/2942/1791
f 3609/2946/1791 2469/2942/1791 3608/2944/1791
f 3606/2947/1791 2723/2945/1791 2469/2942/1791
f 2722/2948/1791 3606/2947/1791 2469/2942/1791
f 3610/2949/1791 2469/2942/1791 3609/2946/1791
f 2721/2950/1791 2722/2948/1791 2469/2942/1791
f 3611/2951/1791 2469/2942/1791 3610/2949/1791
f 2608/2952/1791 2725/2953/1791 2726/2954/1791
f 2609/2955/1791 3620/2956/1791 2725/2953/1791
f 2609/2955/1791 2725/2953/1791 2608/2952/1791
f 3581/2957/1791 3619/2958/1791 3620/2956/1791
f 3581/2957/1791 3620/2956/1791 2609/2955/1791
f 3580/2959/1791 2608/2952/1791 2726/2954/1791
f 2610/2960/1791 3618/2961/1791 3619/2958/1791
f 2610/2960/1791 3619/2958/1791 3581/2957/1791
f 2607/2962/1791 2726/2954/1791 3621/2963/1791
f 2607/2962/1791 3580/2959/1791 2726/2954/1791
f 2606/2964/1791 3621/2963/1791 2727/2965/1791
f 2606/2964/1791 2607/2962/1791 3621/2963/1791
f 3582/2966/1791 3617/2967/1791 3618/2961/1791
f 3582/2966/1791 3618/2961/1791 2610/2960/1791
f 3579/2968/1791 2727/2965/1791 3081/2969/1791
f 3579/2968/1791 2606/2964/1791 2727/2965/1791
f 3062/2970/1791 3582/2966/1791 2611/2971/1791
f 3062/2970/1791 2611/2971/1791 2612/2972/1791
f 3062/2970/1791 2612/2972/1791 2613/2973/1791
f 3062/2970/1791 2613/2973/1791 3587/2974/1791
f 3062/2970/1791 3587/2974/1791 2614/2975/1791
f 3062/2970/1791 2614/2975/1791 2615/2976/1791
f 3062/2970/1791 2615/2976/1791 3588/2977/1791
f 3062/2970/1791 3588/2977/1791 2616/2978/1791
f 3062/2970/1791 2616/2978/1791 2617/2979/1791
f 3062/2970/1791 2617/2979/1791 3099/2980/1791
f 3062/2970/1791 3611/2951/1791 3617/2967/1791
f 3062/2970/1791 3617/2967/1791 3582/2966/1791
f 3062/2970/1791 2469/2942/1791 3611/2951/1791
f 3635/2981/1791 2469/2942/1791 3064/2982/1791
f 3635/2981/1791 2721/2950/1791 2469/2942/1791
f 2738/2983/1791 3635/2981/1791 3064/2982/1791
f 2737/2984/1791 2738/2983/1791 3064/2982/1791
f 3644/2985/1791 2737/2984/1791 3064/2982/1791
f 2736/2986/1791 3644/2985/1791 3064/2982/1791
f 3631/2987/1791 3579/2968/1791 3081/2969/1791
f 2470/2988/1791 2736/2986/1791 3064/2982/1791
f 2470/2988/1791 2733/2989/1791 2734/2990/1791
f 2470/2988/1791 2734/2990/1791 2735/2991/1791
f 2470/2988/1791 2735/2991/1791 3642/2992/1791
f 2470/2988/1791 3642/2992/1791 3643/2993/1791
f 2470/2988/1791 3643/2993/1791 2736/2986/1791
f 2605/2994/1791 3579/2968/1791 3631/2987/1791
f 2628/2995/1791 2605/2994/1791 3631/2987/1791
f 2628/2995/1791 3631/2987/1791 2728/2996/1791
f 2627/2997/1791 2728/2996/1791 3632/2998/1791
f 2627/2997/1791 2628/2995/1791 2728/2996/1791
f 2626/2999/1791 3632/2998/1791 2729/3000/1791
f 2626/2999/1791 2627/2997/1791 3632/2998/1791
f 2626/2999/1791 2729/3000/1791 2730/3001/1791
f 2625/3002/1791 2626/2999/1791 2730/3001/1791
f 2625/3002/1791 2730/3001/1791 3633/3003/1791
f 3596/3004/1791 2625/3002/1791 3633/3003/1791
f 3596/3004/1791 3633/3003/1791 3634/3005/1791
f 3595/3006/1791 3596/3004/1791 3634/3005/1791
f 2624/3007/1791 3634/3005/1791 2731/3008/1791
f 2624/3007/1791 3595/3006/1791 3634/3005/1791
f 2624/3007/1791 2731/3008/1791 2732/3009/1791
f 3594/3010/1791 2624/3007/1791 2732/3009/1791
f 3061/3011/1791 3099/2980/1791 3098/3012/1791
f 3061/3011/1791 3098/3012/1791 2618/3013/1791
f 3061/3011/1791 2618/3013/1791 2619/3014/1791
f 3061/3011/1791 2619/3014/1791 2620/3015/1791
f 3061/3011/1791 3062/2970/1791 3099/2980/1791
f 2675/3016/1791 2470/2988/1791 2674/3017/1791
f 2673/3018/1791 2674/3017/1791 2470/2988/1791
f 2676/3019/1791 2470/2988/1791 2675/3016/1791
f 2672/3020/1791 2673/3018/1791 2470/2988/1791
f 2677/3021/1791 2470/2988/1791 2676/3019/1791
f 2671/3022/1791 2672/3020/1791 2470/2988/1791
f 2678/3023/1791 2470/2988/1791 2677/3021/1791
f 2670/3024/1791 2671/3022/1791 2470/2988/1791
f 2679/3025/1791 2470/2988/1791 2678/3023/1791
f 2680/3026/1791 2470/2988/1791 2679/3025/1791
f 2681/3027/1791 2733/2989/1791 2470/2988/1791
f 2681/3027/1791 2470/2988/1791 2680/3026/1791
f 2682/3028/1791 2732/3009/1791 2733/2989/1791
f 2682/3028/1791 2733/2989/1791 2681/3027/1791
f 2683/3029/1791 2732/3009/1791 2682/3028/1791
f 2683/3029/1791 3594/3010/1791 2732/3009/1791
f 2684/3030/1791 3597/3031/1791 3594/3010/1791
f 2684/3030/1791 3594/3010/1791 2683/3029/1791
f 2685/3032/1791 2623/3033/1791 3597/3031/1791
f 2685/3032/1791 3597/3031/1791 2684/3030/1791
f 3385/3034/1791 2622/3035/1791 2623/3033/1791
f 3385/3034/1791 2623/3033/1791 2685/3032/1791
f 2686/3036/1791 2622/3035/1791 3385/3034/1791
f 2686/3036/1791 3604/3037/1791 2622/3035/1791
f 3058/3038/1791 3061/3011/1791 2620/3015/1791
f 2541/3039/1791 3057/3040/1791 2540/3041/1791
f 2539/3042/1791 3057/3040/1791 3058/3038/1791
f 2539/3042/1791 2540/3041/1791 3057/3040/1791
f 2542/3043/1791 3057/3040/1791 2541/3039/1791
f 3559/3044/1791 2539/3042/1791 3058/3038/1791
f 3560/3045/1791 3057/3040/1791 2542/3043/1791
f 3558/3046/1791 3559/3044/1791 3058/3038/1791
f 3561/3047/1791 3057/3040/1791 3560/3045/1791
f 2538/3048/1791 3558/3046/1791 3058/3038/1791
f 2543/3049/1791 3057/3040/1791 3561/3047/1791
f 2537/3050/1791 2538/3048/1791 3058/3038/1791
f 2536/3051/1791 2537/3050/1791 3058/3038/1791
f 2535/3052/1791 2536/3051/1791 3058/3038/1791
f 3571/3053/1791 2535/3052/1791 3058/3038/1791
f 3570/3054/1791 3571/3053/1791 3058/3038/1791
f 3569/3055/1791 3570/3054/1791 3058/3038/1791
f 3568/3056/1791 2620/3015/1791 3603/3057/1791
f 3568/3056/1791 3058/3038/1791 2620/3015/1791
f 3568/3056/1791 3569/3055/1791 3058/3038/1791
f 2656/3058/1791 3085/3059/1791 2655/3060/1791
f 2657/3061/1791 3085/3059/1791 2656/3058/1791
f 2654/3062/1791 2655/3060/1791 3085/3059/1791
f 2658/3063/1791 3085/3059/1791 2657/3061/1791
f 2653/3064/1791 2654/3062/1791 3085/3059/1791
f 2659/3065/1791 3085/3059/1791 2658/3063/1791
f 3359/3066/1791 3085/3059/1791 2659/3065/1791
f 3360/3067/1791 3085/3059/1791 3359/3066/1791
f 3361/3068/1791 2686/3036/1791 3085/3059/1791
f 3361/3068/1791 3085/3059/1791 3360/3067/1791
f 3361/3068/1791 3604/3037/1791 2686/3036/1791
f 3362/3069/1791 2621/3070/1791 3604/3037/1791
f 3362/3069/1791 3604/3037/1791 3361/3068/1791
f 3363/3071/1791 3603/3057/1791 2621/3070/1791
f 3363/3071/1791 2621/3070/1791 3362/3069/1791
f 3364/3072/1791 3568/3056/1791 3603/3057/1791
f 3364/3072/1791 3567/3073/1791 3568/3056/1791
f 3364/3072/1791 3603/3057/1791 3363/3071/1791
f 3055/3074/1791 3057/3040/1791 2543/3049/1791
f 3055/3074/1791 2543/3049/1791 3548/3075/1791
f 3549/3076/1791 3055/3074/1791 3548/3075/1791
f 3550/3077/1791 3055/3074/1791 3549/3076/1791
f 2529/3078/1791 3055/3074/1791 3550/3077/1791
f 2530/3079/1791 3055/3074/1791 2529/3078/1791
f 3551/3080/1791 3055/3074/1791 2530/3079/1791
f 3552/3081/1791 3055/3074/1791 3551/3080/1791
f 3054/3082/1791 3552/3081/1791 2531/3083/1791
f 3054/3082/1791 2531/3083/1791 3553/3084/1791
f 3054/3082/1791 3553/3084/1791 3536/3085/1791
f 3054/3082/1791 3536/3085/1791 3537/3086/1791
f 3054/3082/1791 3537/3086/1791 2532/3087/1791
f 3054/3082/1791 2532/3087/1791 3538/3088/1791
f 3054/3082/1791 3538/3088/1791 3539/3089/1791
f 3054/3082/1791 3539/3089/1791 3540/3090/1791
f 3054/3082/1791 3540/3090/1791 3541/3091/1791
f 3054/3082/1791 3541/3091/1791 2533/3092/1791
f 3054/3082/1791 3055/3074/1791 3552/3081/1791
f 3498/3093/1791 3051/3094/1791 2600/3095/1791
f 3499/3096/1791 3051/3094/1791 3498/3093/1791
f 2599/3097/1791 2600/3095/1791 3051/3094/1791
f 3497/3098/1791 2599/3097/1791 3051/3094/1791
f 3500/3099/1791 3051/3094/1791 3499/3096/1791
f 3496/3100/1791 3497/3098/1791 3051/3094/1791
f 2601/3101/1791 3051/3094/1791 3500/3099/1791
f 2598/3102/1791 3051/3094/1791 3053/3103/1791
f 2598/3102/1791 3496/3100/1791 3051/3094/1791
f 3506/3104/1791 3051/3094/1791 2601/3101/1791
f 3507/3105/1791 3051/3094/1791 3506/3104/1791
f 3086/3106/1791 3339/3107/1791 2649/3108/1791
f 3086/3106/1791 2649/3108/1791 3340/3109/1791
f 3086/3106/1791 3340/3109/1791 3345/3110/1791
f 3086/3106/1791 3345/3110/1791 3346/3111/1791
f 3086/3106/1791 3346/3111/1791 2650/3112/1791
f 3086/3106/1791 2650/3112/1791 2651/3113/1791
f 3086/3106/1791 2651/3113/1791 3347/3114/1791
f 3086/3106/1791 3347/3114/1791 3348/3115/1791
f 3086/3106/1791 3348/3115/1791 3349/3116/1791
f 2661/3117/1791 3339/3107/1791 3086/3106/1791
f 3065/3118/1791 3324/3119/1791 3325/3120/1791
f 3065/3118/1791 3325/3120/1791 3315/3121/1791
f 3065/3118/1791 3315/3121/1791 2664/3122/1791
f 3065/3118/1791 2664/3122/1791 3316/3123/1791
f 3065/3118/1791 3316/3123/1791 3317/3124/1791
f 3065/3118/1791 3317/3124/1791 2665/3125/1791
f 3065/3118/1791 2665/3125/1791 2666/3126/1791
f 3065/3118/1791 2666/3126/1791 2667/3127/1791
f 3065/3118/1791 2667/3127/1791 3318/3128/1791
f 3065/3118/1791 3318/3128/1791 2668/3129/1791
f 3065/3118/1791 2668/3129/1791 2669/3130/1791
f 2576/3131/1791 2603/3132/1791 2575/3133/1791
f 2576/3131/1791 2602/3134/1791 2603/3132/1791
f 2577/3135/1791 2602/3134/1791 2576/3131/1791
f 2577/3135/1791 3509/3136/1791 2602/3134/1791
f 2574/3137/1791 2575/3133/1791 2603/3132/1791
f 2574/3137/1791 2603/3132/1791 3510/3138/1791
f 2578/3139/1791 3509/3136/1791 2577/3135/1791
f 2578/3139/1791 3507/3105/1791 3508/3140/1791
f 2578/3139/1791 3508/3140/1791 3509/3136/1791
f 2573/3141/1791 2574/3137/1791 3510/3138/1791
f 2573/3141/1791 3510/3138/1791 3511/3142/1791
f 2572/3143/1791 2573/3141/1791 3511/3142/1791
f 2572/3143/1791 3511/3142/1791 2604/3144/1791
f 3470/3145/1791 3051/3094/1791 3507/3105/1791
f 3470/3145/1791 3507/3105/1791 2578/3139/1791
f 2571/3146/1791 2572/3143/1791 2604/3144/1791
f 2571/3146/1791 2604/3144/1791 3101/3147/1791
f 2579/3148/1791 3051/3094/1791 3470/3145/1791
f 2755/3149/1791 3366/3150/1791 2660/3151/1791
f 3676/3152/1791 2660/3151/1791 2645/3153/1791
f 3676/3152/1791 2755/3149/1791 2660/3151/1791
f 2758/3154/1791 3366/3150/1791 2755/3149/1791
f 3677/3155/1791 2758/3154/1791 2755/3149/1791
f 3686/3156/1791 3364/3072/1791 3365/3157/1791
f 3686/3156/1791 3365/3157/1791 3366/3150/1791
f 3686/3156/1791 3366/3150/1791 2758/3154/1791
f 2754/3158/1791 3676/3152/1791 2645/3153/1791
f 2757/3159/1791 2758/3154/1791 3677/3155/1791
f 2759/3160/1791 3109/3161/1791 3567/3073/1791
f 2759/3160/1791 3364/3072/1791 3686/3156/1791
f 2759/3160/1791 3567/3073/1791 3364/3072/1791
f 2753/3162/1791 2754/3158/1791 2645/3153/1791
f 2753/3162/1791 2645/3153/1791 3334/3163/1791
f 3689/3164/1791 3109/3161/1791 2759/3160/1791
f 3681/3165/1791 2757/3159/1791 3677/3155/1791
f 3682/3166/1791 2757/3159/1791 3681/3165/1791
f 3683/3167/1791 2757/3159/1791 3682/3166/1791
f 3683/3167/1791 2756/3168/1791 2757/3159/1791
f 2597/3169/1791 2598/3102/1791 3053/3103/1791
f 2596/3170/1791 2597/3169/1791 3053/3103/1791
f 2595/3171/1791 2596/3170/1791 3053/3103/1791
f 3520/3172/1791 3053/3103/1791 3054/3082/1791
f 3520/3172/1791 3054/3082/1791 2533/3092/1791
f 3520/3172/1791 2595/3171/1791 3053/3103/1791
f 2594/3173/1791 3520/3172/1791 2533/3092/1791
f 3050/3174/1791 2579/3148/1791 2580/3175/1791
f 3050/3174/1791 2580/3175/1791 2581/3176/1791
f 3050/3174/1791 2581/3176/1791 3474/3177/1791
f 3050/3174/1791 3474/3177/1791 2582/3178/1791
f 3050/3174/1791 2582/3178/1791 2583/3179/1791
f 3050/3174/1791 2583/3179/1791 3475/3180/1791
f 3050/3174/1791 3475/3180/1791 3476/3181/1791
f 3050/3174/1791 3476/3181/1791 2584/3182/1791
f 3050/3174/1791 2584/3182/1791 3103/3183/1791
f 3050/3174/1791 3051/3094/1791 2579/3148/1791
f 3104/3184/1791 2571/3146/1791 3101/3147/1791
f 3104/3184/1791 3528/3185/1791 2585/3186/1791
f 3104/3184/1791 3101/3147/1791 3528/3185/1791
f 2570/3187/1791 3104/3184/1791 2585/3186/1791
f 2569/3188/1791 2585/3186/1791 2586/3189/1791
f 2569/3188/1791 2586/3189/1791 2587/3190/1791
f 2569/3188/1791 2570/3187/1791 2585/3186/1791
f 2568/3191/1791 2569/3188/1791 2587/3190/1791
f 2760/3192/1791 3109/3161/1791 3689/3164/1791
f 2760/3192/1791 2534/3193/1791 3109/3161/1791
f 2567/3194/1791 2587/3190/1791 2588/3195/1791
f 2567/3194/1791 2568/3191/1791 2587/3190/1791
f 2761/3196/1791 2534/3193/1791 2760/3192/1791
f 2761/3196/1791 3542/3197/1791 2534/3193/1791
f 2566/3198/1791 2588/3195/1791 2589/3199/1791
f 2566/3198/1791 2567/3194/1791 2588/3195/1791
f 3482/3200/1791 2589/3199/1791 3529/3201/1791
f 3482/3200/1791 2566/3198/1791 2589/3199/1791
f 3481/3202/1791 3529/3201/1791 2590/3203/1791
f 3481/3202/1791 3482/3200/1791 3529/3201/1791
f 2565/3204/1791 2590/3203/1791 3530/3205/1791
f 2565/3204/1791 3481/3202/1791 2590/3203/1791
f 3102/3206/1791 3050/3174/1791 3103/3183/1791
f 3293/3207/1791 3065/3118/1791 2471/3208/1791
f 3294/3209/1791 3065/3118/1791 3293/3207/1791
f 2521/3210/1791 3293/3207/1791 2471/3208/1791
f 3295/3211/1791 3065/3118/1791 3294/3209/1791
f 2520/3212/1791 2521/3210/1791 2471/3208/1791
f 3296/3213/1791 3065/3118/1791 3295/3211/1791
f 2519/3214/1791 2520/3212/1791 2471/3208/1791
f 3297/3215/1791 3065/3118/1791 3296/3213/1791
f 2518/3216/1791 2519/3214/1791 2471/3208/1791
f 3298/3217/1791 3323/3218/1791 3324/3119/1791
f 3298/3217/1791 3065/3118/1791 3297/3215/1791
f 3298/3217/1791 3324/3119/1791 3065/3118/1791
f 3696/3219/1791 3695/3220/1791 2763/3221/1791
f 3696/3219/1791 2763/3221/1791 2764/3222/1791
f 3305/3223/1791 3323/3218/1791 3298/3217/1791
f 3305/3223/1791 2663/3224/1791 3323/3218/1791
f 3697/3225/1791 3695/3220/1791 3696/3219/1791
f 3698/3226/1791 3690/3227/1791 3695/3220/1791
f 3698/3226/1791 3695/3220/1791 3697/3225/1791
f 3699/3228/1791 3690/3227/1791 3698/3226/1791
f 3274/3229/1791 3308/3230/1791 3309/3231/1791
f 3274/3229/1791 3309/3231/1791 2499/3232/1791
f 3275/3233/1791 3307/3234/1791 3308/3230/1791
f 3275/3233/1791 3308/3230/1791 3274/3229/1791
f 2498/3235/1791 3309/3231/1791 2522/3236/1791
f 2498/3235/1791 2499/3232/1791 3309/3231/1791
f 2500/3237/1791 3306/3238/1791 3307/3234/1791
f 2500/3237/1791 3307/3234/1791 3275/3233/1791
f 2497/3239/1791 2522/3236/1791 3310/3240/1791
f 2497/3239/1791 2498/3235/1791 2522/3236/1791
f 2472/3241/1791 2518/3216/1791 2471/3208/1791
f 3276/3242/1791 3322/3243/1791 2663/3224/1791
f 3276/3242/1791 3305/3223/1791 3306/3238/1791
f 3276/3242/1791 2663/3224/1791 3305/3223/1791
f 3276/3242/1791 3306/3238/1791 2500/3237/1791
f 2496/3244/1791 3310/3240/1791 3311/3245/1791
f 2496/3244/1791 3311/3245/1791 3299/3246/1791
f 2496/3244/1791 2497/3239/1791 3310/3240/1791
f 2495/3247/1791 2496/3244/1791 3299/3246/1791
f 2501/3248/1791 3321/3249/1791 3322/3243/1791
f 2501/3248/1791 3322/3243/1791 3276/3242/1791
f 3283/3250/1791 2662/3251/1791 3321/3249/1791
f 3283/3250/1791 3321/3249/1791 2501/3248/1791
f 2502/3252/1791 2661/3117/1791 2662/3251/1791
f 2502/3252/1791 2662/3251/1791 3283/3250/1791
f 3284/3253/1791 3339/3107/1791 2661/3117/1791
f 3284/3253/1791 2648/3254/1791 3339/3107/1791
f 3284/3253/1791 2661/3117/1791 2502/3252/1791
f 3285/3255/1791 2647/3256/1791 2648/3254/1791
f 3285/3255/1791 2648/3254/1791 3284/3253/1791
f 2517/3257/1791 2518/3216/1791 2472/3241/1791
f 3254/3258/1791 2517/3257/1791 2472/3241/1791
f 3253/3259/1791 3254/3258/1791 2472/3241/1791
f 2528/3260/1791 3253/3259/1791 2472/3241/1791
f 3252/3261/1791 2528/3260/1791 2472/3241/1791
f 2527/3262/1791 3252/3261/1791 2472/3241/1791
f 3251/3263/1791 2527/3262/1791 2472/3241/1791
f 2526/3264/1791 3251/3263/1791 2472/3241/1791
f 3250/3265/1791 2526/3264/1791 2472/3241/1791
f 3256/3266/1791 3250/3265/1791 2472/3241/1791
f 3674/3267/1791 2753/3162/1791 3334/3163/1791
f 3674/3267/1791 3334/3163/1791 2646/3268/1791
f 3674/3267/1791 2646/3268/1791 3335/3269/1791
f 3674/3267/1791 3335/3269/1791 3336/3270/1791
f 3674/3267/1791 3336/3270/1791 3337/3271/1791
f 3674/3267/1791 3337/3271/1791 3338/3272/1791
f 3671/3273/1791 3674/3267/1791 3338/3272/1791
f 3671/3273/1791 2647/3256/1791 3285/3255/1791
f 3671/3273/1791 3338/3272/1791 2647/3256/1791
f 3671/3273/1791 3285/3255/1791 3286/3274/1791
f 2752/3275/1791 3286/3274/1791 3287/3276/1791
f 2752/3275/1791 3671/3273/1791 3286/3274/1791
f 3670/3277/1791 2752/3275/1791 3287/3276/1791
f 2750/3278/1791 2751/3279/1791 3669/3280/1791
f 3240/3281/1791 3299/3246/1791 3263/3282/1791
f 3240/3281/1791 2495/3247/1791 3299/3246/1791
f 2749/3283/1791 2750/3278/1791 3669/3280/1791
f 3239/3284/1791 3263/3282/1791 3264/3285/1791
f 3239/3284/1791 3264/3285/1791 3265/3286/1791
f 3239/3284/1791 3240/3281/1791 3263/3282/1791
f 2516/3287/1791 3239/3284/1791 3265/3286/1791
f 2468/3288/1791 3050/3174/1791 3102/3206/1791
f 2468/3288/1791 3102/3206/1791 2560/3289/1791
f 2468/3288/1791 2560/3289/1791 3487/3290/1791
f 2468/3288/1791 3487/3290/1791 2561/3291/1791
f 2468/3288/1791 2561/3291/1791 2562/3292/1791
f 2467/3293/1791 2468/3288/1791 2562/3292/1791
f 2467/3293/1791 2562/3292/1791 2563/3294/1791
f 2467/3293/1791 2563/3294/1791 3488/3295/1791
f 2467/3293/1791 3488/3295/1791 2564/3296/1791
f 2467/3293/1791 2564/3296/1791 3489/3297/1791
f 2467/3293/1791 3489/3297/1791 3480/3298/1791
f 3238/3299/1791 3265/3286/1791 3266/3300/1791
f 3238/3299/1791 3266/3300/1791 3267/3301/1791
f 3238/3299/1791 2516/3287/1791 3265/3286/1791
f 2515/3302/1791 3238/3299/1791 3267/3301/1791
f 2705/3303/1791 3530/3205/1791 2591/3304/1791
f 3450/3305/1791 3530/3205/1791 2705/3303/1791
f 3450/3305/1791 2565/3204/1791 3530/3205/1791
f 2704/3306/1791 2705/3303/1791 2591/3304/1791
f 2704/3306/1791 2591/3304/1791 3518/3307/1791
f 3451/3308/1791 3480/3298/1791 2565/3204/1791
f 3451/3308/1791 2565/3204/1791 3450/3305/1791
f 2703/3309/1791 3518/3307/1791 2592/3310/1791
f 2703/3309/1791 2704/3306/1791 3518/3307/1791
f 3452/3311/1791 3480/3298/1791 3451/3308/1791
f 3452/3311/1791 2467/3293/1791 3480/3298/1791
f 3237/3312/1791 3267/3301/1791 3268/3313/1791
f 3237/3312/1791 2515/3302/1791 3267/3301/1791
f 2748/3314/1791 3664/3315/1792 2749/3283/1791
f 2706/3316/1791 2467/3293/1791 3452/3311/1791
f 3449/3317/1791 2703/3309/1791 2592/3310/1791
f 3449/3317/1791 2592/3310/1791 3519/3318/1791
f 2514/3319/1791 3237/3312/1791 3268/3313/1791
f 2514/3319/1791 3268/3313/1791 2523/3320/1791
f 3461/3321/1791 2467/3293/1791 2706/3316/1791
f 2707/3322/1791 2467/3293/1791 3461/3321/1791
f 2513/3323/1791 2523/3320/1791 2524/3324/1791
f 2513/3323/1791 2514/3319/1791 2523/3320/1791
f 2747/3325/1791 2748/3314/1791 2749/3283/1791
f 2747/3325/1791 2749/3283/1791 3669/3280/1791
f 3663/3326/1791 2747/3325/1791 3669/3280/1791
f 3663/3326/1791 3669/3280/1791 3670/3277/1791
f 2708/3327/1791 2467/3293/1791 2707/3322/1791
f 2512/3328/1791 2513/3323/1791 2524/3324/1791
f 2512/3328/1791 2524/3324/1791 2525/3329/1791
f 3462/3330/1791 2467/3293/1791 2708/3327/1791
f 3463/3331/1791 2467/3293/1791 3462/3330/1791
f 3464/3332/1791 2467/3293/1791 3463/3331/1791
f 3465/3333/1791 2467/3293/1791 3464/3332/1791
f 2629/3334/1791 2761/3196/1791 2762/3335/1791
f 2629/3334/1791 3542/3197/1791 2761/3196/1791
f 2629/3334/1791 2533/3092/1791 3542/3197/1791
f 2629/3334/1791 2594/3173/1791 2533/3092/1791
f 3431/3336/1791 2594/3173/1791 2629/3334/1791
f 3431/3336/1791 2593/3337/1791 2594/3173/1791
f 3430/3338/1791 2629/3334/1791 2762/3335/1791
f 3432/3339/1791 2593/3337/1791 3431/3336/1791
f 3432/3339/1791 3519/3318/1791 2593/3337/1791
f 3433/3340/1791 3519/3318/1791 3432/3339/1791
f 3433/3340/1791 3449/3317/1791 3519/3318/1791
f 3433/3340/1791 3082/3341/1791 3449/3317/1791
f 3429/3342/1791 2762/3335/1791 3690/3227/1791
f 3429/3342/1791 3430/3338/1791 2762/3335/1791
f 3429/3342/1791 3690/3227/1791 3699/3228/1791
f 3466/3343/1791 2467/3293/1791 3465/3333/1791
f 2630/3344/1791 3082/3341/1791 3433/3340/1791
f 3428/3345/1791 3699/3228/1791 2765/3346/1791
f 3428/3345/1791 3429/3342/1791 3699/3228/1791
f 3467/3347/1791 2467/3293/1791 3466/3343/1791
f 3093/3348/1791 2765/3346/1791 3700/3349/1791
f 3093/3348/1791 3700/3349/1791 3701/3350/1791
f 3093/3348/1791 3428/3345/1791 2765/3346/1791
f 2631/3351/1791 3082/3341/1791 2630/3344/1791
f 3453/3352/1791 2467/3293/1791 3467/3347/1791
f 2632/3353/1791 3082/3341/1791 2631/3351/1791
f 2633/3354/1791 3082/3341/1791 2632/3353/1791
f 2634/3355/1791 3082/3341/1791 2633/3354/1791
f 2635/3356/1791 3082/3341/1791 2634/3355/1791
f 2636/3357/1791 3082/3341/1791 2635/3356/1791
f 3441/3358/1791 3082/3341/1791 2636/3357/1791
f 3442/3359/1791 3082/3341/1791 3441/3358/1791
f 2742/3360/1791 2743/3361/1791 3650/3362/1791
f 3653/3363/1791 3650/3362/1791 3651/3364/1791
f 3653/3363/1791 3651/3364/1791 3652/3365/1791
f 2741/3366/1791 2742/3360/1791 3650/3362/1791
f 2741/3366/1791 3650/3362/1791 3653/3363/1791
f 2744/3367/1791 2741/3366/1791 3653/3363/1791
f 3645/3368/1791 2741/3366/1791 2744/3367/1791
f 3070/3369/1791 3670/3277/1791 3287/3276/1791
f 3070/3369/1791 3287/3276/1791 2503/3370/1791
f 3070/3369/1791 2503/3370/1791 2504/3371/1791
f 3070/3369/1791 2504/3371/1791 3277/3372/1791
f 3070/3369/1791 3277/3372/1791 3114/3373/1791
f 3069/3374/1791 2512/3328/1791 2525/3329/1791
f 3069/3374/1791 3256/3266/1791 2472/3241/1791
f 3069/3374/1791 2525/3329/1791 3256/3266/1791
f 3069/3374/1791 3114/3373/1791 2505/3375/1791
f 3069/3374/1791 2505/3375/1791 2506/3376/1791
f 3069/3374/1791 2506/3376/1791 3245/3377/1791
f 3069/3374/1791 3245/3377/1791 2507/3378/1791
f 3069/3374/1791 2507/3378/1791 2508/3379/1791
f 3069/3374/1791 2508/3379/1791 2509/3380/1791
f 3069/3374/1791 2509/3380/1791 3246/3381/1791
f 3069/3374/1791 3246/3381/1791 2510/3382/1791
f 3069/3374/1791 2510/3382/1791 2511/3383/1791
f 3069/3374/1791 2511/3383/1791 2512/3328/1791
f 3069/3374/1791 3070/3369/1791 3114/3373/1791
f 3072/3384/1791 3663/3326/1791 3670/3277/1791
f 3072/3384/1791 3670/3277/1791 3070/3369/1791
f 3230/3385/1791 3231/3386/1791 3072/3384/1791
f 2700/3387/1791 3072/3384/1791 3231/3386/1791
f 3229/3388/1791 3230/3385/1791 3072/3384/1791
f 3232/3389/1791 3663/3326/1791 3072/3384/1791
f 3232/3389/1791 3072/3384/1791 2700/3387/1791
f 3232/3389/1791 3662/3390/1791 3663/3326/1791
f 2699/3391/1791 3229/3388/1791 3072/3384/1791
f 2698/3392/1791 2699/3391/1791 3072/3384/1791
f 2701/3393/1791 3662/3390/1791 3232/3389/1791
f 2701/3393/1791 2746/3394/1791 3662/3390/1791
f 3228/3395/1791 2698/3392/1791 3072/3384/1791
f 2702/3396/1791 2746/3394/1791 2701/3393/1791
f 2702/3396/1791 2745/3397/1791 2746/3394/1791
f 2697/3398/1791 3228/3395/1791 3072/3384/1791
f 3221/3399/1791 2697/3398/1791 3072/3384/1791
f 2696/3400/1791 3221/3399/1791 3072/3384/1791
f 3094/3401/1791 3093/3348/1791 3701/3350/1791
f 3094/3401/1791 3701/3350/1791 3703/3402/1791
f 3411/3403/1791 3094/3401/1791 3703/3402/1791
f 3074/3404/1791 2696/3400/1791 3072/3384/1791
f 3074/3404/1791 3217/3405/1791 2695/3406/1791
f 3074/3404/1791 2695/3406/1791 3218/3407/1791
f 3074/3404/1791 3218/3407/1791 3219/3408/1791
f 3074/3404/1791 3219/3408/1791 3220/3409/1791
f 3074/3404/1791 3220/3409/1791 2696/3400/1791
f 3410/3410/1791 3411/3403/1791 3703/3402/1791
f 3083/3411/1791 3217/3405/1791 3074/3404/1791
f 3409/3412/1791 3410/3410/1791 3703/3402/1791
f 2644/3413/1791 3409/3412/1791 3703/3402/1791
f 2644/3413/1791 3703/3402/1791 2739/3414/1791
f 3408/3415/1791 2644/3413/1791 2739/3414/1791
f 2643/3416/1791 3408/3415/1791 2739/3414/1791
f 3208/3417/1791 2745/3397/1791 2702/3396/1791
f 3208/3417/1791 3658/3418/1791 3659/3419/1791
f 3208/3417/1791 3659/3419/1791 2745/3397/1791
f 3209/3420/1791 3658/3418/1791 3208/3417/1791
f 3209/3420/1791 3657/3421/1791 3658/3418/1791
f 3210/3422/1791 3657/3421/1791 3209/3420/1791
f 3210/3422/1791 2744/3367/1791 3657/3421/1791
f 3076/3423/1791 3645/3368/1791 2744/3367/1791
f 3076/3423/1791 3210/3422/1791 3211/3424/1791
f 3076/3423/1791 3211/3424/1791 3212/3425/1791
f 3076/3423/1791 3212/3425/1791 2687/3426/1791
f 3076/3423/1791 2687/3426/1791 2688/3427/1791
f 3076/3423/1791 2688/3427/1791 2689/3428/1791
f 3076/3423/1791 2689/3428/1791 3213/3429/1791
f 3076/3423/1791 3213/3429/1791 2690/3430/1791
f 3076/3423/1791 2690/3430/1791 2691/3431/1791
f 3076/3423/1791 2691/3431/1791 2692/3432/1791
f 3076/3423/1791 2692/3432/1791 2693/3433/1791
f 3076/3423/1791 2744/3367/1791 3210/3422/1791
f 2473/3434/1791 3076/3423/1791 2693/3433/1791
f 2473/3434/1791 3083/3411/1791 3074/3404/1791
f 2473/3434/1791 2693/3433/1791 3197/3435/1791
f 2473/3434/1791 3197/3435/1791 3198/3436/1791
f 2473/3434/1791 3198/3436/1791 3199/3437/1791
f 2473/3434/1791 3199/3437/1791 3200/3438/1791
f 2473/3434/1791 3200/3438/1791 3201/3439/1791
f 2473/3434/1791 3201/3439/1791 2694/3440/1791
f 2473/3434/1791 2694/3440/1791 3083/3411/1791
f 3393/3441/1791 3419/3442/1791 3420/3443/1791
f 3393/3441/1791 3420/3443/1791 2637/3444/1791
f 3393/3441/1791 2637/3444/1791 2638/3445/1791
f 3393/3441/1791 2638/3445/1791 3421/3446/1791
f 3393/3441/1791 3421/3446/1791 2639/3447/1791
f 3393/3441/1791 2639/3447/1791 3422/3448/1791
f 3393/3441/1791 3422/3448/1791 2640/3449/1791
f 3393/3441/1791 2640/3449/1791 2641/3450/1791
f 3393/3441/1791 2641/3450/1791 2642/3451/1791
f 3393/3441/1791 2642/3451/1791 3407/3452/1791
f 3392/3453/1791 3393/3441/1791 3407/3452/1791
f 3078/3454/1791 3645/3368/1791 3076/3423/1791
f 2478/3455/1791 2739/3414/1791 2740/3456/1791
f 3184/3457/1791 2643/3416/1791 2739/3414/1791
f 3184/3457/1791 2739/3414/1791 2478/3455/1791
f 2477/3458/1791 2740/3456/1791 3645/3368/1791
f 2477/3458/1791 3645/3368/1791 3078/3454/1791
f 2477/3458/1791 2478/3455/1791 2740/3456/1791
f 2479/3459/1791 3392/3453/1791 3407/3452/1791
f 2479/3459/1791 3407/3452/1791 2643/3416/1791
f 2479/3459/1791 2643/3416/1791 3184/3457/1791
f 2476/3460/1791 2477/3458/1791 3078/3454/1791
f 2480/3461/1791 3391/3462/1791 3392/3453/1791
f 2480/3461/1791 3392/3453/1791 2479/3459/1791
f 2481/3463/1791 3391/3462/1791 2480/3461/1791
f 2481/3463/1791 2720/3464/1791 3391/3462/1791
f 2475/3465/1791 2476/3460/1791 3078/3454/1791
f 3189/3466/1791 2720/3464/1791 2481/3463/1791
f 3189/3466/1791 2719/3467/1791 2720/3464/1791
f 2474/3468/1791 2475/3465/1791 3078/3454/1791
f 3190/3469/1791 2718/3470/1791 2719/3467/1791
f 3190/3469/1791 2719/3467/1791 3189/3466/1791
f 2466/3471/1791 3398/3472/1791 3399/3473/1791
f 2466/3471/1791 3399/3473/1791 3400/3474/1791
f 2466/3471/1791 3400/3474/1791 3401/3475/1791
f 2466/3471/1791 3401/3475/1791 2709/3476/1791
f 2466/3471/1791 2709/3476/1791 2710/3477/1791
f 2466/3471/1791 2710/3477/1791 2711/3478/1791
f 2466/3471/1791 2711/3478/1791 2712/3479/1791
f 2466/3471/1791 2712/3479/1791 2713/3480/1791
f 2466/3471/1791 2713/3480/1791 2714/3481/1791
f 2466/3471/1791 2714/3481/1791 2715/3482/1791
f 2466/3471/1791 2715/3482/1791 2716/3483/1791
f 3162/3484/1791 2483/3485/1791 2484/3486/1791
f 2546/3487/1791 2483/3485/1791 3162/3484/1791
f 3161/3488/1791 2484/3486/1791 2485/3489/1791
f 3161/3488/1791 3162/3484/1791 2484/3486/1791
f 3163/3490/1791 2483/3485/1791 2546/3487/1791
f 3163/3490/1791 2482/3491/1791 2483/3485/1791
f 2545/3492/1791 3161/3488/1791 2485/3489/1791
f 2545/3492/1791 2485/3489/1791 3192/3493/1791
f 2545/3492/1791 3192/3493/1791 2486/3494/1791
f 2547/3495/1791 2482/3491/1791 3163/3490/1791
f 2547/3495/1791 3190/3469/1791 3191/3496/1791
f 2547/3495/1791 3191/3496/1791 2482/3491/1791
f 3160/3497/1791 2545/3492/1791 2486/3494/1791
f 3160/3497/1791 2486/3494/1791 3185/3498/1791
f 2548/3499/1791 2717/3500/1791 2718/3470/1791
f 2548/3499/1791 3190/3469/1791 2547/3495/1791
f 2548/3499/1791 2718/3470/1791 3190/3469/1791
f 3159/3501/1791 3160/3497/1791 3185/3498/1791
f 2549/3502/1791 2716/3483/1791 2717/3500/1791
f 2549/3502/1791 2466/3471/1791 2716/3483/1791
f 2549/3502/1791 2717/3500/1791 2548/3499/1791
f 2550/3503/1791 2466/3471/1791 2549/3502/1791
f 3170/3504/1791 2466/3471/1791 2550/3503/1791
f 3171/3505/1791 2466/3471/1791 3170/3504/1791
f 3172/3506/1791 2466/3471/1791 3171/3505/1791
f 3173/3507/1791 2466/3471/1791 3172/3506/1791
f 3126/3508/1791 3078/3454/1791 3042/3509/1791
f 3126/3508/1791 2474/3468/1791 3078/3454/1791
f 3135/3510/1791 3126/3508/1791 3042/3509/1791
f 2494/3511/1791 3135/3510/1791 3042/3509/1791
f 3134/3512/1791 2494/3511/1791 3042/3509/1791
f 2493/3513/1791 3134/3512/1791 3042/3509/1791
f 2465/3514/1791 2466/3471/1791 3173/3507/1791
f 2465/3514/1791 3173/3507/1791 2551/3515/1791
f 2465/3514/1791 2551/3515/1791 3174/3516/1791
f 2465/3514/1791 3174/3516/1791 2552/3517/1791
f 2465/3514/1791 2552/3517/1791 2553/3518/1791
f 3133/3519/1791 2493/3513/1791 3042/3509/1791
f 2492/3520/1791 3133/3519/1791 3042/3509/1791
f 2491/3521/1791 2492/3520/1791 3042/3509/1791
f 3132/3522/1791 2491/3521/1791 3042/3509/1791
f 3116/3523/1791 3159/3501/1791 3185/3498/1791
f 3131/3524/1791 3132/3522/1791 3042/3509/1791
f 2490/3525/1791 3131/3524/1791 3042/3509/1791
f 2544/3526/1791 3159/3501/1791 3116/3523/1791
f 2559/3527/1791 3116/3523/1791 2487/3528/1791
f 2559/3527/1791 2544/3526/1791 3116/3523/1791
f 3153/3529/1791 2487/3528/1791 3122/3530/1791
f 3153/3529/1791 3122/3530/1791 3123/3531/1791
f 3153/3529/1791 2559/3527/1791 2487/3528/1791
f 3152/3532/1791 3123/3531/1791 2488/3533/1791
f 3152/3532/1791 3153/3529/1791 3123/3531/1791
f 3151/3534/1791 3152/3532/1791 2488/3533/1791
f 2558/3535/1791 3151/3534/1791 2488/3533/1791
f 2558/3535/1791 2488/3533/1791 3124/3536/1791
f 3150/3537/1791 2558/3535/1791 3124/3536/1791
f 3150/3537/1791 3124/3536/1791 2489/3538/1791
f 3150/3537/1791 2489/3538/1791 3125/3539/1791
f 3149/3540/1791 3150/3537/1791 3125/3539/1791
f 3148/3541/1791 3149/3540/1791 3125/3539/1791
f 3148/3541/1791 3125/3539/1791 2490/3525/1791
f 3148/3541/1791 2490/3525/1791 3042/3509/1791
f 3147/3542/1791 3148/3541/1791 3042/3509/1791
f 2464/3543/1791 2554/3544/1791 2555/3545/1791
f 2464/3543/1791 2555/3545/1791 3140/3546/1791
f 2464/3543/1791 3140/3546/1791 2556/3547/1791
f 2464/3543/1791 2556/3547/1791 2557/3548/1791
f 2464/3543/1791 2465/3514/1791 2553/3518/1791
f 2464/3543/1791 2557/3548/1791 3141/3549/1791
f 2464/3543/1791 3141/3549/1791 3142/3550/1791
f 2464/3543/1791 3142/3550/1791 3143/3551/1791
f 2464/3543/1791 3143/3551/1791 3147/3542/1791
f 2464/3543/1791 3147/3542/1791 3042/3509/1791
f 2464/3543/1791 2553/3518/1791 3139/3552/1791
f 2464/3543/1791 3139/3552/1791 2554/3544/1791
f 2466/3471/1791 2467/3293/1791 3453/3352/1791
f 2466/3471/1791 3453/3352/1791 3398/3472/1791
f 2470/2988/1791 3065/3118/1791 2669/3130/1791
f 2470/2988/1791 2669/3130/1791 2670/3024/1791
f 3085/3059/1791 3086/3106/1791 3091/3553/1791
f 3091/3553/1791 3086/3106/1791 2652/3554/1791
f 2652/3554/1791 3086/3106/1791 3349/3116/1791
f 3085/3059/1791 3091/3553/1791 3352/3555/1791
f 3085/3059/1791 3352/3555/1791 3353/3556/1791
f 3085/3059/1791 3353/3556/1791 2653/3064/1791
f 3393/3441/1791 3082/3341/1791 3417/3557/1791
f 3417/3557/1791 3082/3341/1791 3095/3558/1791
f 3095/3558/1791 3082/3341/1791 3443/3559/1791
f 3443/3559/1791 3082/3341/1791 3442/3359/1791
f 3393/3441/1791 3417/3557/1791 3418/3560/1791
f 3393/3441/1791 3418/3560/1791 3419/3442/1791
f 2783/2943/1793 3063/2942/1793 2782/2941/1793
f 2784/2945/1793 3063/2942/1793 2783/2943/1793
f 2781/2944/1793 2782/2941/1793 3063/2942/1793
f 2785/2947/1793 3063/2942/1793 2784/2945/1793
f 2780/2946/1793 2781/2944/1793 3063/2942/1793
f 2786/2948/1793 3063/2942/1793 2785/2947/1793
f 3605/2949/1793 2780/2946/1793 3063/2942/1793
f 2778/2950/1793 3063/2942/1793 2786/2948/1793
f 2779/2951/1793 3605/2949/1793 3063/2942/1793
f 2880/2955/1793 2881/2952/1793 3614/2953/1793
f 2880/2955/1793 3614/2953/1793 2788/2956/1793
f 3575/2959/1793 3614/2953/1793 2881/2952/1793
f 3575/2959/1793 3613/2954/1793 3614/2953/1793
f 2879/2957/1793 2880/2955/1793 2788/2956/1793
f 2879/2957/1793 2788/2956/1793 3615/2958/1793
f 3576/2962/1793 3612/2963/1793 3613/2954/1793
f 3576/2962/1793 3613/2954/1793 3575/2959/1793
f 3574/2960/1793 3615/2958/1793 3616/2961/1793
f 3574/2960/1793 2879/2957/1793 3615/2958/1793
f 3577/2964/1793 2787/2965/1793 3612/2963/1793
f 3577/2964/1793 3612/2963/1793 3576/2962/1793
f 3573/2966/1793 3574/2960/1793 3616/2961/1793
f 3573/2966/1793 3616/2961/1793 2789/2967/1793
f 3578/2968/1793 3080/2969/1793 2787/2965/1793
f 3578/2968/1793 2787/2965/1793 3577/2964/1793
f 2769/2970/1793 2779/2951/1793 3063/2942/1793
f 2769/2970/1793 2789/2967/1793 2779/2951/1793
f 2769/2970/1793 3573/2966/1793 2789/2967/1793
f 2769/2970/1793 3572/2971/1793 3573/2966/1793
f 2769/2970/1793 3583/2980/1793 3584/2979/1793
f 2769/2970/1793 3584/2979/1793 2882/2978/1793
f 2769/2970/1793 2882/2978/1793 2883/2977/1793
f 2769/2970/1793 2883/2977/1793 2884/2976/1793
f 2769/2970/1793 2884/2976/1793 3585/2975/1793
f 2769/2970/1793 3585/2975/1793 2885/2974/1793
f 2769/2970/1793 2885/2974/1793 2886/2973/1793
f 2769/2970/1793 2886/2973/1793 3586/2972/1793
f 2769/2970/1793 3586/2972/1793 3572/2971/1793
f 3636/2981/1793 2770/2982/1793 3063/2942/1793
f 3636/2981/1793 3063/2942/1793 2778/2950/1793
f 3637/2983/1793 2770/2982/1793 3636/2981/1793
f 3638/2984/1793 2770/2982/1793 3637/2983/1793
f 2775/2985/1793 2770/2982/1793 3638/2984/1793
f 2776/2986/1793 2770/2982/1793 2775/2985/1793
f 3630/2987/1793 3080/2969/1793 3578/2968/1793
f 2771/2988/1793 2770/2982/1793 2776/2986/1793
f 2771/2988/1793 2776/2986/1793 3639/2993/1793
f 2771/2988/1793 3639/2993/1793 3640/2992/1793
f 2771/2988/1793 3640/2992/1793 3641/2991/1793
f 2771/2988/1793 3641/2991/1793 2777/2990/1793
f 2771/2988/1793 2777/2990/1793 3622/2989/1793
f 3096/2994/1793 3630/2987/1793 3578/2968/1793
f 3589/2995/1793 3630/2987/1793 3096/2994/1793
f 3589/2995/1793 2774/2996/1793 3630/2987/1793
f 3590/2997/1793 3629/2998/1793 2774/2996/1793
f 3590/2997/1793 2774/2996/1793 3589/2995/1793
f 3591/2999/1793 3629/2998/1793 3590/2997/1793
f 3591/2999/1793 3628/3000/1793 3629/2998/1793
f 3592/3002/1793 3628/3000/1793 3591/2999/1793
f 3592/3002/1793 3626/3003/1793 3627/3001/1793
f 3592/3002/1793 3627/3001/1793 3628/3000/1793
f 3593/3004/1793 3625/3005/1793 3626/3003/1793
f 3593/3004/1793 3626/3003/1793 3592/3002/1793
f 2876/3006/1793 3624/3008/1793 3625/3005/1793
f 2876/3006/1793 3625/3005/1793 3593/3004/1793
f 2877/3007/1793 3623/3009/1793 3624/3008/1793
f 2877/3007/1793 3624/3008/1793 2876/3006/1793
f 2878/3010/1793 3623/3009/1793 2877/3007/1793
f 3060/3011/1793 3097/3012/1793 3583/2980/1793
f 3060/3011/1793 3601/3015/1793 2875/3014/1793
f 3060/3011/1793 2875/3014/1793 3602/3013/1793
f 3060/3011/1793 3602/3013/1793 3097/3012/1793
f 3060/3011/1793 3583/2980/1793 2769/2970/1793
f 3371/3016/1793 3372/3017/1793 2771/2988/1793
f 3373/3018/1793 2771/2988/1793 3372/3017/1793
f 3370/3019/1793 3371/3016/1793 2771/2988/1793
f 3374/3020/1793 2771/2988/1793 3373/3018/1793
f 3369/3021/1793 3370/3019/1793 2771/2988/1793
f 3375/3022/1793 2771/2988/1793 3374/3020/1793
f 3368/3023/1793 3369/3021/1793 2771/2988/1793
f 3087/3024/1793 2771/2988/1793 3375/3022/1793
f 3367/3025/1793 3368/3023/1793 2771/2988/1793
f 3384/3026/1793 3367/3025/1793 2771/2988/1793
f 3383/3027/1793 2771/2988/1793 3622/2989/1793
f 3383/3027/1793 3384/3026/1793 2771/2988/1793
f 3382/3028/1793 3383/3027/1793 3622/2989/1793
f 3382/3028/1793 3622/2989/1793 3623/3009/1793
f 3381/3029/1793 3382/3028/1793 3623/3009/1793
f 3381/3029/1793 3623/3009/1793 2878/3010/1793
f 3380/3030/1793 2878/3010/1793 2872/3031/1793
f 3380/3030/1793 3381/3029/1793 2878/3010/1793
f 3379/3032/1793 2872/3031/1793 3598/3033/1793
f 3379/3032/1793 3380/3030/1793 2872/3031/1793
f 3378/3034/1793 3598/3033/1793 3599/3035/1793
f 3378/3034/1793 3379/3032/1793 3598/3033/1793
f 3377/3036/1793 3378/3034/1793 3599/3035/1793
f 3377/3036/1793 3599/3035/1793 3600/3037/1793
f 3059/3038/1793 3601/3015/1793 3060/3011/1793
f 2957/3041/1793 2768/3040/1793 2956/3039/1793
f 2958/3042/1793 3059/3038/1793 2768/3040/1793
f 2958/3042/1793 2768/3040/1793 2957/3041/1793
f 3556/3043/1793 2956/3039/1793 2768/3040/1793
f 2959/3044/1793 3059/3038/1793 2958/3042/1793
f 3555/3045/1793 3556/3043/1793 2768/3040/1793
f 3557/3046/1793 3059/3038/1793 2959/3044/1793
f 3554/3047/1793 3555/3045/1793 2768/3040/1793
f 3562/3048/1793 3059/3038/1793 3557/3046/1793
f 3111/3049/1793 3554/3047/1793 2768/3040/1793
f 2952/3050/1793 3059/3038/1793 3562/3048/1793
f 3563/3051/1793 3059/3038/1793 2952/3050/1793
f 2953/3052/1793 3059/3038/1793 3563/3051/1793
f 3564/3053/1793 3059/3038/1793 2953/3052/1793
f 2954/3054/1793 3059/3038/1793 3564/3053/1793
f 3565/3055/1793 3059/3038/1793 2954/3054/1793
f 2955/3056/1793 3601/3015/1793 3059/3038/1793
f 2955/3056/1793 3059/3038/1793 3565/3055/1793
f 2955/3056/1793 2874/3057/1793 3601/3015/1793
f 2843/3058/1793 2844/3060/1793 3376/3059/1793
f 2845/3062/1793 3376/3059/1793 2844/3060/1793
f 2842/3061/1793 2843/3058/1793 3376/3059/1793
f 3350/3063/1793 2842/3061/1793 3376/3059/1793
f 2846/3064/1793 3376/3059/1793 2845/3062/1793
f 2841/3065/1793 3350/3063/1793 3376/3059/1793
f 2840/3066/1793 2841/3065/1793 3376/3059/1793
f 2849/3067/1793 2840/3066/1793 3376/3059/1793
f 2848/3068/1793 3377/3036/1793 3600/3037/1793
f 2848/3068/1793 3376/3059/1793 3377/3036/1793
f 2848/3068/1793 2849/3067/1793 3376/3059/1793
f 3358/3069/1793 3600/3037/1793 2873/3070/1793
f 3358/3069/1793 2848/3068/1793 3600/3037/1793
f 2847/3071/1793 2873/3070/1793 2874/3057/1793
f 2847/3071/1793 3358/3069/1793 2873/3070/1793
f 3357/3072/1793 2955/3056/1793 3566/3073/1793
f 3357/3072/1793 2874/3057/1793 2955/3056/1793
f 3357/3072/1793 2847/3071/1793 2874/3057/1793
f 3056/3074/1793 3111/3049/1793 2768/3040/1793
f 3056/3074/1793 2948/3075/1793 3111/3049/1793
f 3547/3076/1793 2948/3075/1793 3056/3074/1793
f 3546/3077/1793 3547/3076/1793 3056/3074/1793
f 3545/3078/1793 3546/3077/1793 3056/3074/1793
f 2947/3079/1793 3545/3078/1793 3056/3074/1793
f 3544/3080/1793 2947/3079/1793 3056/3074/1793
f 3543/3081/1793 3544/3080/1793 3056/3074/1793
f 2767/3082/1793 2944/3085/1793 2945/3084/1793
f 2767/3082/1793 2945/3084/1793 2946/3083/1793
f 2767/3082/1793 2946/3083/1793 3543/3081/1793
f 2767/3082/1793 3543/3081/1793 3056/3074/1793
f 2767/3082/1793 3531/3092/1793 3532/3091/1793
f 2767/3082/1793 3532/3091/1793 2950/3090/1793
f 2767/3082/1793 2950/3090/1793 2951/3089/1793
f 2767/3082/1793 2951/3089/1793 3533/3088/1793
f 2767/3082/1793 3533/3088/1793 3534/3087/1793
f 2767/3082/1793 3534/3087/1793 3535/3086/1793
f 2767/3082/1793 3535/3086/1793 2944/3085/1793
f 2888/3093/1793 3492/3095/1793 3052/3094/1793
f 3491/3096/1793 2888/3093/1793 3052/3094/1793
f 3493/3097/1793 3052/3094/1793 3492/3095/1793
f 2889/3098/1793 3052/3094/1793 3493/3097/1793
f 3490/3099/1793 3491/3096/1793 3052/3094/1793
f 3494/3100/1793 3052/3094/1793 2889/3098/1793
f 2887/3101/1793 3490/3099/1793 3052/3094/1793
f 3505/3104/1793 2887/3101/1793 3052/3094/1793
f 3495/3102/1793 2766/3103/1793 3052/3094/1793
f 3495/3102/1793 3052/3094/1793 3494/3100/1793
f 2894/3105/1793 3505/3104/1793 3052/3094/1793
f 2825/3106/1793 3327/3108/1793 3328/3107/1793
f 2825/3106/1793 2852/3116/1793 3342/3115/1793
f 2825/3106/1793 3342/3115/1793 3343/3114/1793
f 2825/3106/1793 3343/3114/1793 2853/3113/1793
f 2825/3106/1793 2853/3113/1793 3344/3112/1793
f 2825/3106/1793 3344/3112/1793 2854/3111/1793
f 2825/3106/1793 2854/3111/1793 2855/3110/1793
f 2825/3106/1793 2855/3110/1793 3326/3109/1793
f 2825/3106/1793 3326/3109/1793 3327/3108/1793
f 2832/3117/1793 2825/3106/1793 3328/3107/1793
f 3066/3118/1793 2826/3121/1793 3319/3120/1793
f 3066/3118/1793 3319/3120/1793 3320/3119/1793
f 3066/3118/1793 2833/3130/1793 3312/3129/1793
f 3066/3118/1793 3312/3129/1793 3313/3128/1793
f 3066/3118/1793 3313/3128/1793 2834/3127/1793
f 3066/3118/1793 2834/3127/1793 2835/3126/1793
f 3066/3118/1793 2835/3126/1793 2836/3125/1793
f 3066/3118/1793 2836/3125/1793 2837/3124/1793
f 3066/3118/1793 2837/3124/1793 3314/3123/1793
f 3066/3118/1793 3314/3123/1793 2838/3122/1793
f 3066/3118/1793 2838/3122/1793 2826/3121/1793
f 2902/3131/1793 3502/3132/1793 2893/3134/1793
f 2902/3131/1793 2903/3133/1793 3502/3132/1793
f 2904/3137/1793 2892/3138/1793 3502/3132/1793
f 2904/3137/1793 3502/3132/1793 2903/3133/1793
f 2901/3135/1793 2893/3134/1793 3503/3136/1793
f 2901/3135/1793 2902/3131/1793 2893/3134/1793
f 2905/3141/1793 2891/3142/1793 2892/3138/1793
f 2905/3141/1793 2892/3138/1793 2904/3137/1793
f 3469/3139/1793 3503/3136/1793 3504/3140/1793
f 3469/3139/1793 3504/3140/1793 2894/3105/1793
f 3469/3139/1793 2901/3135/1793 3503/3136/1793
f 2906/3143/1793 3501/3144/1793 2891/3142/1793
f 2906/3143/1793 2891/3142/1793 2905/3141/1793
f 3468/3145/1793 2894/3105/1793 3052/3094/1793
f 3468/3145/1793 3469/3139/1793 2894/3105/1793
f 2900/3148/1793 3468/3145/1793 3052/3094/1793
f 2907/3146/1793 2890/3147/1793 3501/3144/1793
f 2907/3146/1793 3501/3144/1793 2906/3143/1793
f 3680/3149/1793 3354/3151/1793 3355/3150/1793
f 3026/3152/1793 3088/3153/1793 3354/3151/1793
f 3026/3152/1793 3354/3151/1793 3680/3149/1793
f 3031/3154/1793 3680/3149/1793 3355/3150/1793
f 3027/3155/1793 3680/3149/1793 3031/3154/1793
f 3687/3156/1793 3355/3150/1793 3356/3157/1793
f 3687/3156/1793 3356/3157/1793 3357/3072/1793
f 3687/3156/1793 3031/3154/1793 3355/3150/1793
f 3679/3158/1793 3088/3153/1793 3026/3152/1793
f 3030/3159/1793 3027/3155/1793 3031/3154/1793
f 3032/3160/1793 3687/3156/1793 3357/3072/1793
f 3032/3160/1793 3566/3073/1793 3108/3161/1793
f 3032/3160/1793 3357/3072/1793 3566/3073/1793
f 3678/3162/1793 3088/3153/1793 3679/3158/1793
f 3678/3162/1793 3089/3163/1793 3088/3153/1793
f 3688/3164/1793 3032/3160/1793 3108/3161/1793
f 3028/3165/1793 3027/3155/1793 3030/3159/1793
f 3684/3166/1793 3028/3165/1793 3030/3159/1793
f 3685/3167/1793 3684/3166/1793 3030/3159/1793
f 3685/3167/1793 3030/3159/1793 3029/3168/1793
f 2897/3169/1793 2766/3103/1793 3495/3102/1793
f 3512/3170/1793 2766/3103/1793 2897/3169/1793
f 3513/3171/1793 2766/3103/1793 3512/3170/1793
f 3514/3172/1793 2767/3082/1793 2766/3103/1793
f 3514/3172/1793 3531/3092/1793 2767/3082/1793
f 3514/3172/1793 2766/3103/1793 3513/3171/1793
f 3515/3173/1793 3531/3092/1793 3514/3172/1793
f 3049/3174/1793 2908/3183/1793 2909/3182/1793
f 3049/3174/1793 2909/3182/1793 2910/3181/1793
f 3049/3174/1793 2910/3181/1793 2911/3180/1793
f 3049/3174/1793 2911/3180/1793 2912/3179/1793
f 3049/3174/1793 2912/3179/1793 3471/3178/1793
f 3049/3174/1793 3471/3178/1793 2913/3177/1793
f 3049/3174/1793 2913/3177/1793 3472/3176/1793
f 3049/3174/1793 3472/3176/1793 3473/3175/1793
f 3049/3174/1793 3473/3175/1793 2900/3148/1793
f 3049/3174/1793 2900/3148/1793 3052/3094/1793
f 3105/3184/1793 3100/3185/1793 2890/3147/1793
f 3105/3184/1793 3527/3186/1793 3100/3185/1793
f 3105/3184/1793 2890/3147/1793 2907/3146/1793
f 3477/3187/1793 3527/3186/1793 3105/3184/1793
f 2920/3188/1793 3525/3190/1793 3526/3189/1793
f 2920/3188/1793 3526/3189/1793 3527/3186/1793
f 2920/3188/1793 3527/3186/1793 3477/3187/1793
f 2921/3191/1793 3525/3190/1793 2920/3188/1793
f 3691/3192/1793 3688/3164/1793 3108/3161/1793
f 3691/3192/1793 3108/3161/1793 3110/3193/1793
f 2922/3194/1793 2896/3195/1793 3525/3190/1793
f 2922/3194/1793 3525/3190/1793 2921/3191/1793
f 3692/3196/1793 3110/3193/1793 2949/3197/1793
f 3692/3196/1793 3691/3192/1793 3110/3193/1793
f 3478/3198/1793 3524/3199/1793 2896/3195/1793
f 3478/3198/1793 2896/3195/1793 2922/3194/1793
f 2923/3200/1793 2895/3201/1793 3524/3199/1793
f 2923/3200/1793 3524/3199/1793 3478/3198/1793
f 2924/3202/1793 3523/3203/1793 2895/3201/1793
f 2924/3202/1793 2895/3201/1793 2923/3200/1793
f 3479/3204/1793 3522/3205/1793 3523/3203/1793
f 3479/3204/1793 3523/3203/1793 2924/3202/1793
f 2914/3206/1793 2908/3183/1793 3049/3174/1793
f 2970/3207/1793 2772/3208/1793 3066/3118/1793
f 2970/3207/1793 3066/3118/1793 2969/3209/1793
f 3291/3210/1793 2772/3208/1793 2970/3207/1793
f 3290/3211/1793 2969/3209/1793 3066/3118/1793
f 3289/3213/1793 3290/3211/1793 3066/3118/1793
f 3292/3212/1793 2772/3208/1793 3291/3210/1793
f 2971/3214/1793 2772/3208/1793 3292/3212/1793
f 3288/3215/1793 3289/3213/1793 3066/3118/1793
f 2968/3216/1793 2772/3208/1793 2971/3214/1793
f 3304/3217/1793 3288/3215/1793 3066/3118/1793
f 3304/3217/1793 3066/3118/1793 3320/3119/1793
f 3304/3217/1793 3320/3119/1793 2827/3218/1793
f 3036/3219/1793 3034/3221/1793 3033/3220/1793
f 3036/3219/1793 3035/3222/1793 3034/3221/1793
f 2976/3223/1793 2827/3218/1793 2828/3224/1793
f 2976/3223/1793 3304/3217/1793 2827/3218/1793
f 3037/3225/1793 3036/3219/1793 3033/3220/1793
f 3038/3226/1793 3033/3220/1793 3694/3227/1793
f 3038/3226/1793 3037/3225/1793 3033/3220/1793
f 3702/3228/1793 3038/3226/1793 3694/3227/1793
f 3271/3229/1793 2991/3232/1793 2973/3231/1793
f 3271/3229/1793 2973/3231/1793 3303/3230/1793
f 2990/3233/1793 3271/3229/1793 3303/3230/1793
f 2990/3233/1793 3303/3230/1793 2974/3234/1793
f 3272/3235/1793 2973/3231/1793 2991/3232/1793
f 3272/3235/1793 3302/3236/1793 2973/3231/1793
f 3270/3237/1793 2990/3233/1793 2974/3234/1793
f 3270/3237/1793 2974/3234/1793 2975/3238/1793
f 3270/3237/1793 2975/3238/1793 2976/3223/1793
f 2992/3239/1793 3301/3240/1793 3302/3236/1793
f 2992/3239/1793 3302/3236/1793 3272/3235/1793
f 3067/3241/1793 2772/3208/1793 2968/3216/1793
f 3269/3242/1793 3270/3237/1793 2976/3223/1793
f 3269/3242/1793 2976/3223/1793 2828/3224/1793
f 3269/3242/1793 2828/3224/1793 2829/3243/1793
f 3273/3244/1793 3300/3246/1793 2972/3245/1793
f 3273/3244/1793 2972/3245/1793 3301/3240/1793
f 3273/3244/1793 3301/3240/1793 2992/3239/1793
f 3113/3247/1793 3300/3246/1793 3273/3244/1793
f 2989/3248/1793 2829/3243/1793 2830/3249/1793
f 2989/3248/1793 3269/3242/1793 2829/3243/1793
f 2995/3250/1793 2830/3249/1793 2831/3251/1793
f 2995/3250/1793 2989/3248/1793 2830/3249/1793
f 3282/3252/1793 2831/3251/1793 2832/3117/1793
f 3282/3252/1793 2995/3250/1793 2831/3251/1793
f 2994/3253/1793 3328/3107/1793 3329/3254/1793
f 2994/3253/1793 3282/3252/1793 2832/3117/1793
f 2994/3253/1793 2832/3117/1793 3328/3107/1793
f 3281/3255/1793 3329/3254/1793 3330/3256/1793
f 3281/3255/1793 2994/3253/1793 3329/3254/1793
f 3112/3257/1793 3067/3241/1793 2968/3216/1793
f 2963/3258/1793 3067/3241/1793 3112/3257/1793
f 2964/3259/1793 3067/3241/1793 2963/3258/1793
f 3247/3260/1793 3067/3241/1793 2964/3259/1793
f 3248/3261/1793 3067/3241/1793 3247/3260/1793
f 3249/3262/1793 3067/3241/1793 3248/3261/1793
f 2965/3263/1793 3067/3241/1793 3249/3262/1793
f 2966/3264/1793 3067/3241/1793 2965/3263/1793
f 2967/3265/1793 3067/3241/1793 2966/3264/1793
f 3255/3266/1793 3067/3241/1793 2967/3265/1793
f 3675/3267/1793 3331/3272/1793 3332/3271/1793
f 3675/3267/1793 3332/3271/1793 2850/3270/1793
f 3675/3267/1793 2850/3270/1793 2851/3269/1793
f 3675/3267/1793 2851/3269/1793 3333/3268/1793
f 3675/3267/1793 3333/3268/1793 3089/3163/1793
f 3675/3267/1793 3089/3163/1793 3678/3162/1793
f 3673/3273/1793 3281/3255/1793 3330/3256/1793
f 3673/3273/1793 3330/3256/1793 3331/3272/1793
f 3673/3273/1793 3331/3272/1793 3675/3267/1793
f 3673/3273/1793 3280/3274/1793 3281/3255/1793
f 3672/3275/1793 3279/3276/1793 3280/3274/1793
f 3672/3275/1793 3280/3274/1793 3673/3273/1793
f 3025/3277/1793 3279/3276/1793 3672/3275/1793
f 3667/3278/1793 3024/3280/1793 3668/3279/1793
f 3233/3281/1793 3262/3282/1793 3300/3246/1793
f 3233/3281/1793 3300/3246/1793 3113/3247/1793
f 3666/3283/1793 3024/3280/1793 3667/3278/1793
f 2984/3284/1793 3262/3282/1793 3233/3281/1793
f 2984/3284/1793 3261/3286/1793 2962/3285/1793
f 2984/3284/1793 2962/3285/1793 3262/3282/1793
f 2985/3287/1793 2961/3300/1793 3261/3286/1793
f 2985/3287/1793 3261/3286/1793 2984/3284/1793
f 3048/3288/1793 3484/3292/1793 3485/3291/1793
f 3048/3288/1793 3485/3291/1793 2919/3290/1793
f 3048/3288/1793 2919/3290/1793 3486/3289/1793
f 3048/3288/1793 3486/3289/1793 2914/3206/1793
f 3048/3288/1793 2914/3206/1793 3049/3174/1793
f 3047/3293/1793 3484/3292/1793 3048/3288/1793
f 3047/3293/1793 2915/3298/1793 2916/3297/1793
f 3047/3293/1793 2916/3297/1793 2917/3296/1793
f 3047/3293/1793 2917/3296/1793 2918/3295/1793
f 3047/3293/1793 2918/3295/1793 3483/3294/1793
f 3047/3293/1793 3483/3294/1793 3484/3292/1793
f 2986/3299/1793 2961/3300/1793 2985/3287/1793
f 2986/3299/1793 2960/3301/1793 2961/3300/1793
f 3234/3302/1793 2960/3301/1793 2986/3299/1793
f 2802/3305/1793 3522/3205/1793 3479/3204/1793
f 3446/3303/1793 3521/3304/1793 3522/3205/1793
f 3446/3303/1793 3522/3205/1793 2802/3305/1793
f 3445/3308/1793 3479/3204/1793 2915/3298/1793
f 3445/3308/1793 2802/3305/1793 3479/3204/1793
f 2803/3306/1793 3517/3307/1793 3521/3304/1793
f 2803/3306/1793 3521/3304/1793 3446/3303/1793
f 2801/3311/1793 2915/3298/1793 3047/3293/1793
f 2801/3311/1793 3445/3308/1793 2915/3298/1793
f 2804/3309/1793 3516/3310/1793 3517/3307/1793
f 2804/3309/1793 3517/3307/1793 2803/3306/1793
f 3235/3312/1793 2960/3301/1793 3234/3302/1793
f 3235/3312/1793 3260/3313/1793 2960/3301/1793
f 3023/3314/1793 3666/3283/1793 3665/3315/1793
f 3444/3316/1793 2801/3311/1793 3047/3293/1793
f 3447/3317/1793 2899/3318/1793 3516/3310/1793
f 3447/3317/1793 3516/3310/1793 2804/3309/1793
f 2987/3319/1793 3259/3320/1793 3260/3313/1793
f 2987/3319/1793 3260/3313/1793 3235/3312/1793
f 3460/3321/1793 3444/3316/1793 3047/3293/1793
f 3459/3322/1793 3460/3321/1793 3047/3293/1793
f 2988/3323/1793 3258/3324/1793 3259/3320/1793
f 2988/3323/1793 3259/3320/1793 2987/3319/1793
f 3022/3325/1793 3666/3283/1793 3023/3314/1793
f 3022/3325/1793 3024/3280/1793 3666/3283/1793
f 3021/3326/1793 3024/3280/1793 3022/3325/1793
f 3021/3326/1793 3025/3277/1793 3024/3280/1793
f 3458/3327/1793 3459/3322/1793 3047/3293/1793
f 3236/3328/1793 3257/3329/1793 3258/3324/1793
f 3236/3328/1793 3258/3324/1793 2988/3323/1793
f 2806/3330/1793 3458/3327/1793 3047/3293/1793
f 2805/3331/1793 2806/3330/1793 3047/3293/1793
f 3457/3332/1793 2805/3331/1793 3047/3293/1793
f 3456/3333/1793 3457/3332/1793 3047/3293/1793
f 2867/3336/1793 3515/3173/1793 2898/3337/1793
f 2868/3334/1793 2949/3197/1793 3531/3092/1793
f 2868/3334/1793 3692/3196/1793 2949/3197/1793
f 2868/3334/1793 3515/3173/1793 2867/3336/1793
f 2868/3334/1793 3531/3092/1793 3515/3173/1793
f 2868/3334/1793 3693/3335/1793 3692/3196/1793
f 3425/3339/1793 2898/3337/1793 2899/3318/1793
f 3425/3339/1793 2867/3336/1793 2898/3337/1793
f 2869/3338/1793 3693/3335/1793 2868/3334/1793
f 2866/3340/1793 3425/3339/1793 2899/3318/1793
f 2866/3340/1793 2899/3318/1793 3447/3317/1793
f 2866/3340/1793 3447/3317/1793 3448/3341/1793
f 3426/3342/1793 3693/3335/1793 2869/3338/1793
f 3426/3342/1793 3702/3228/1793 3694/3227/1793
f 3426/3342/1793 3694/3227/1793 3693/3335/1793
f 3455/3343/1793 3456/3333/1793 3047/3293/1793
f 3424/3344/1793 2866/3340/1793 3448/3341/1793
f 3427/3345/1793 3039/3346/1793 3702/3228/1793
f 3427/3345/1793 3702/3228/1793 3426/3342/1793
f 3454/3347/1793 3455/3343/1793 3047/3293/1793
f 3092/3348/1793 3040/3349/1793 3039/3346/1793
f 3092/3348/1793 3041/3350/1793 3040/3349/1793
f 3092/3348/1793 3039/3346/1793 3427/3345/1793
f 3423/3351/1793 3424/3344/1793 3448/3341/1793
f 2790/3352/1793 3454/3347/1793 3047/3293/1793
f 2871/3353/1793 3423/3351/1793 3448/3341/1793
f 3440/3354/1793 2871/3353/1793 3448/3341/1793
f 2870/3355/1793 3440/3354/1793 3448/3341/1793
f 3439/3356/1793 2870/3355/1793 3448/3341/1793
f 3438/3357/1793 3439/3356/1793 3448/3341/1793
f 3437/3358/1793 3438/3357/1793 3448/3341/1793
f 3436/3359/1793 3437/3358/1793 3448/3341/1793
f 3013/3360/1793 3655/3362/1793 3654/3361/1793
f 3015/3363/1793 3656/3364/1793 3655/3362/1793
f 3015/3363/1793 3014/3365/1793 3656/3364/1793
f 3012/3366/1793 3655/3362/1793 3013/3360/1793
f 3012/3366/1793 3015/3363/1793 3655/3362/1793
f 3660/3367/1793 3015/3363/1793 3012/3366/1793
f 3649/3368/1793 3660/3367/1793 3012/3366/1793
f 3071/3369/1793 2977/3372/1793 3278/3371/1793
f 3071/3369/1793 3278/3371/1793 2993/3370/1793
f 3071/3369/1793 2993/3370/1793 3279/3276/1793
f 3071/3369/1793 3279/3276/1793 3025/3277/1793
f 3071/3369/1793 2978/3373/1793 2977/3372/1793
f 3068/3374/1793 3236/3328/1793 3241/3383/1793
f 3068/3374/1793 3257/3329/1793 3236/3328/1793
f 3068/3374/1793 3067/3241/1793 3255/3266/1793
f 3068/3374/1793 3255/3266/1793 3257/3329/1793
f 3068/3374/1793 3241/3383/1793 3242/3382/1793
f 3068/3374/1793 3242/3382/1793 2979/3381/1793
f 3068/3374/1793 2978/3373/1793 3071/3369/1793
f 3068/3374/1793 2979/3381/1793 3243/3380/1793
f 3068/3374/1793 3243/3380/1793 2980/3379/1793
f 3068/3374/1793 2980/3379/1793 2981/3378/1793
f 3068/3374/1793 2981/3378/1793 2982/3377/1793
f 3068/3374/1793 2982/3377/1793 2983/3376/1793
f 3068/3374/1793 2983/3376/1793 3244/3375/1793
f 3068/3374/1793 3244/3375/1793 2978/3373/1793
f 3073/3384/1793 3025/3277/1793 3021/3326/1793
f 3073/3384/1793 3071/3369/1793 3025/3277/1793
f 2822/3385/1793 3073/3384/1793 3225/3386/1793
f 3224/3387/1793 3225/3386/1793 3073/3384/1793
f 3226/3388/1793 3073/3384/1793 2822/3385/1793
f 3223/3389/1793 3224/3387/1793 3073/3384/1793
f 3223/3389/1793 3073/3384/1793 3021/3326/1793
f 3223/3389/1793 3021/3326/1793 3020/3390/1793
f 2823/3391/1793 3073/3384/1793 3226/3388/1793
f 3222/3393/1793 3223/3389/1793 3020/3390/1793
f 3222/3393/1793 3020/3390/1793 3019/3394/1793
f 2824/3392/1793 3073/3384/1793 2823/3391/1793
f 2807/3396/1793 3222/3393/1793 3019/3394/1793
f 2807/3396/1793 3019/3394/1793 3018/3397/1793
f 3227/3395/1793 3073/3384/1793 2824/3392/1793
f 2817/3398/1793 3073/3384/1793 3227/3395/1793
f 2818/3399/1793 3073/3384/1793 2817/3398/1793
f 2819/3400/1793 3073/3384/1793 2818/3399/1793
f 2862/3401/1793 3646/3402/1793 3041/3350/1793
f 2862/3401/1793 3041/3350/1793 3092/3348/1793
f 2863/3403/1793 3646/3402/1793 2862/3401/1793
f 2773/3404/1793 2819/3400/1793 2820/3409/1793
f 2773/3404/1793 2820/3409/1793 3214/3408/1793
f 2773/3404/1793 3214/3408/1793 3215/3407/1793
f 2773/3404/1793 3215/3407/1793 2821/3406/1793
f 2773/3404/1793 2821/3406/1793 3216/3405/1793
f 2773/3404/1793 3073/3384/1793 2819/3400/1793
f 2864/3410/1793 3646/3402/1793 2863/3403/1793
f 2816/3411/1793 2773/3404/1793 3216/3405/1793
f 3402/3412/1793 3646/3402/1793 2864/3410/1793
f 3403/3413/1793 3647/3414/1793 3646/3402/1793
f 3403/3413/1793 3646/3402/1793 3402/3412/1793
f 2865/3415/1793 3647/3414/1793 3403/3413/1793
f 3404/3416/1793 3647/3414/1793 2865/3415/1793
f 3207/3417/1793 2807/3396/1793 3018/3397/1793
f 3207/3417/1793 3661/3419/1793 3017/3418/1793
f 3207/3417/1793 3018/3397/1793 3661/3419/1793
f 2811/3420/1793 3207/3417/1793 3017/3418/1793
f 2811/3420/1793 3017/3418/1793 3016/3421/1793
f 3206/3422/1793 2811/3420/1793 3016/3421/1793
f 3206/3422/1793 3016/3421/1793 3660/3367/1793
f 3077/3423/1793 2808/3430/1793 3202/3429/1793
f 3077/3423/1793 3202/3429/1793 3203/3428/1793
f 3077/3423/1793 3203/3428/1793 3204/3427/1793
f 3077/3423/1793 3204/3427/1793 2809/3426/1793
f 3077/3423/1793 2809/3426/1793 3205/3425/1793
f 3077/3423/1793 3205/3425/1793 2810/3424/1793
f 3077/3423/1793 2810/3424/1793 3206/3422/1793
f 3077/3423/1793 3660/3367/1793 3649/3368/1793
f 3077/3423/1793 3196/3433/1793 2814/3432/1793
f 3077/3423/1793 2814/3432/1793 2815/3431/1793
f 3077/3423/1793 2815/3431/1793 2808/3430/1793
f 3077/3423/1793 3206/3422/1793 3660/3367/1793
f 3075/3434/1793 3084/3440/1793 3193/3439/1793
f 3075/3434/1793 3193/3439/1793 2812/3438/1793
f 3075/3434/1793 2812/3438/1793 3194/3437/1793
f 3075/3434/1793 3194/3437/1793 2813/3436/1793
f 3075/3434/1793 2813/3436/1793 3195/3435/1793
f 3075/3434/1793 3195/3435/1793 3196/3433/1793
f 3075/3434/1793 3196/3433/1793 3077/3423/1793
f 3075/3434/1793 2816/3411/1793 3084/3440/1793
f 3075/3434/1793 2773/3404/1793 2816/3411/1793
f 2796/3441/1793 3412/3450/1793 3413/3449/1793
f 2796/3441/1793 3413/3449/1793 3414/3448/1793
f 2796/3441/1793 3414/3448/1793 2857/3447/1793
f 2796/3441/1793 2857/3447/1793 2858/3446/1793
f 2796/3441/1793 2858/3446/1793 2859/3445/1793
f 2796/3441/1793 2859/3445/1793 3415/3444/1793
f 2796/3441/1793 3415/3444/1793 2860/3443/1793
f 2796/3441/1793 2860/3443/1793 3416/3442/1793
f 2796/3441/1793 3405/3452/1793 3406/3451/1793
f 2796/3441/1793 3406/3451/1793 3412/3450/1793
f 3386/3453/1793 3405/3452/1793 2796/3441/1793
f 3079/3454/1793 3077/3423/1793 3649/3368/1793
f 3179/3457/1793 3647/3414/1793 3404/3416/1793
f 3180/3455/1793 3648/3456/1793 3647/3414/1793
f 3180/3455/1793 3647/3414/1793 3179/3457/1793
f 3178/3459/1793 3404/3416/1793 3405/3452/1793
f 3178/3459/1793 3405/3452/1793 3386/3453/1793
f 3178/3459/1793 3179/3457/1793 3404/3416/1793
f 3005/3458/1793 3649/3368/1793 3648/3456/1793
f 3005/3458/1793 3648/3456/1793 3180/3455/1793
f 3005/3458/1793 3079/3454/1793 3649/3368/1793
f 3177/3461/1793 3178/3459/1793 3386/3453/1793
f 3177/3461/1793 3386/3453/1793 3387/3462/1793
f 3181/3460/1793 3079/3454/1793 3005/3458/1793
f 3176/3463/1793 3177/3461/1793 3387/3462/1793
f 3176/3463/1793 3387/3462/1793 2797/3464/1793
f 3182/3465/1793 3079/3454/1793 3181/3460/1793
f 3183/3468/1793 3079/3454/1793 3182/3465/1793
f 3175/3466/1793 2797/3464/1793 2798/3467/1793
f 3175/3466/1793 3176/3463/1793 2797/3464/1793
f 3011/3469/1793 2798/3467/1793 2799/3470/1793
f 3011/3469/1793 3175/3466/1793 2798/3467/1793
f 3046/3471/1793 3390/3481/1793 3394/3480/1793
f 3046/3471/1793 3394/3480/1793 2792/3479/1793
f 3046/3471/1793 2792/3479/1793 3395/3478/1793
f 3046/3471/1793 3395/3478/1793 3396/3477/1793
f 3046/3471/1793 3396/3477/1793 3397/3476/1793
f 3046/3471/1793 3397/3476/1793 2793/3475/1793
f 3046/3471/1793 2793/3475/1793 2794/3474/1793
f 3046/3471/1793 2794/3474/1793 2795/3473/1793
f 3046/3471/1793 2795/3473/1793 2791/3472/1793
f 3046/3471/1793 3389/3483/1793 2800/3482/1793
f 3046/3471/1793 2800/3482/1793 3390/3481/1793
f 2938/3487/1793 3008/3486/1793 3188/3485/1793
f 3157/3484/1793 3008/3486/1793 2938/3487/1793
f 2939/3488/1793 3007/3489/1793 3008/3486/1793
f 2939/3488/1793 3008/3486/1793 3157/3484/1793
f 3156/3490/1793 2938/3487/1793 3188/3485/1793
f 3156/3490/1793 3188/3485/1793 3009/3491/1793
f 3155/3495/1793 3156/3490/1793 3009/3491/1793
f 3155/3495/1793 3009/3491/1793 3010/3496/1793
f 3155/3495/1793 3010/3496/1793 3011/3469/1793
f 2940/3492/1793 3007/3489/1793 2939/3488/1793
f 2940/3492/1793 3006/3494/1793 3187/3493/1793
f 2940/3492/1793 3187/3493/1793 3007/3489/1793
f 3154/3499/1793 3155/3495/1793 3011/3469/1793
f 3154/3499/1793 3011/3469/1793 2799/3470/1793
f 3154/3499/1793 2799/3470/1793 3388/3500/1793
f 3158/3497/1793 3186/3498/1793 3006/3494/1793
f 3158/3497/1793 3006/3494/1793 2940/3492/1793
f 3106/3501/1793 3186/3498/1793 3158/3497/1793
f 3169/3502/1793 3389/3483/1793 3046/3471/1793
f 3169/3502/1793 3154/3499/1793 3388/3500/1793
f 3169/3502/1793 3388/3500/1793 3389/3483/1793
f 2943/3503/1793 3169/3502/1793 3046/3471/1793
f 3168/3504/1793 2943/3503/1793 3046/3471/1793
f 3167/3505/1793 3168/3504/1793 3046/3471/1793
f 3166/3506/1793 3167/3505/1793 3046/3471/1793
f 3165/3507/1793 3166/3506/1793 3046/3471/1793
f 3115/3508/1793 3079/3454/1793 3183/3468/1793
f 3115/3508/1793 3043/3509/1793 3079/3454/1793
f 3127/3510/1793 3043/3509/1793 3115/3508/1793
f 3001/3511/1793 3043/3509/1793 3127/3510/1793
f 3128/3512/1793 3043/3509/1793 3001/3511/1793
f 3002/3513/1793 3043/3509/1793 3128/3512/1793
f 3045/3514/1793 2942/3516/1793 3164/3515/1793
f 3045/3514/1793 3164/3515/1793 3165/3507/1793
f 3045/3514/1793 3165/3507/1793 3046/3471/1793
f 3045/3514/1793 2925/3518/1793 2941/3517/1793
f 3045/3514/1793 2941/3517/1793 2942/3516/1793
f 3003/3519/1793 3043/3509/1793 3002/3513/1793
f 3129/3520/1793 3043/3509/1793 3003/3519/1793
f 3130/3521/1793 3043/3509/1793 3129/3520/1793
f 3004/3522/1793 3043/3509/1793 3130/3521/1793
f 3121/3523/1793 3186/3498/1793 3106/3501/1793
f 3117/3524/1793 3043/3509/1793 3004/3522/1793
f 3118/3525/1793 3043/3509/1793 3117/3524/1793
f 3107/3526/1793 3121/3523/1793 3106/3501/1793
f 3144/3527/1793 3000/3528/1793 3121/3523/1793
f 3144/3527/1793 3121/3523/1793 3107/3526/1793
f 2933/3529/1793 3000/3528/1793 3144/3527/1793
f 2933/3529/1793 2999/3531/1793 3120/3530/1793
f 2933/3529/1793 3120/3530/1793 3000/3528/1793
f 3145/3532/1793 2999/3531/1793 2933/3529/1793
f 3145/3532/1793 2998/3533/1793 2999/3531/1793
f 2934/3534/1793 2998/3533/1793 3145/3532/1793
f 2935/3535/1793 2998/3533/1793 2934/3534/1793
f 2935/3535/1793 3119/3538/1793 2997/3536/1793
f 2935/3535/1793 2997/3536/1793 2998/3533/1793
f 3146/3537/1793 3119/3538/1793 2935/3535/1793
f 3146/3537/1793 2996/3539/1793 3119/3538/1793
f 2936/3540/1793 3118/3525/1793 2996/3539/1793
f 2936/3540/1793 2996/3539/1793 3146/3537/1793
f 2937/3541/1793 3118/3525/1793 2936/3540/1793
f 2937/3541/1793 3043/3509/1793 3118/3525/1793
f 2926/3542/1793 3043/3509/1793 2937/3541/1793
f 3044/3543/1793 3043/3509/1793 2926/3542/1793
f 3044/3543/1793 3138/3552/1793 2925/3518/1793
f 3044/3543/1793 2926/3542/1793 2927/3551/1793
f 3044/3543/1793 2927/3551/1793 2928/3550/1793
f 3044/3543/1793 2928/3550/1793 2929/3549/1793
f 3044/3543/1793 2929/3549/1793 3136/3548/1793
f 3044/3543/1793 3136/3548/1793 3137/3547/1793
f 3044/3543/1793 3137/3547/1793 2930/3546/1793
f 3044/3543/1793 2930/3546/1793 2931/3545/1793
f 3044/3543/1793 2931/3545/1793 2932/3544/1793
f 3044/3543/1793 2932/3544/1793 3138/3552/1793
f 3044/3543/1793 2925/3518/1793 3045/3514/1793
f 3046/3471/1793 2790/3352/1793 3047/3293/1793
f 3046/3471/1793 2791/3472/1793 2790/3352/1793
f 2771/2988/1793 2833/3130/1793 3066/3118/1793
f 2771/2988/1793 3087/3024/1793 2833/3130/1793
f 2796/3441/1793 2856/3557/1793 3448/3341/1793
f 2856/3557/1793 3434/3558/1793 3448/3341/1793
f 3434/3558/1793 3435/3559/1793 3448/3341/1793
f 3435/3559/1793 3436/3359/1793 3448/3341/1793
f 2796/3441/1793 2861/3560/1793 2856/3557/1793
f 2796/3441/1793 3416/3442/1793 2861/3560/1793
f 3376/3059/1793 3090/3553/1793 2825/3106/1793
f 3090/3553/1793 3341/3554/1793 2825/3106/1793
f 3341/3554/1793 2852/3116/1793 2825/3106/1793
f 3376/3059/1793 2839/3555/1793 3090/3553/1793
f 3376/3059/1793 3351/3556/1793 2839/3555/1793
f 3376/3059/1793 2846/3064/1793 3351/3556/1793
f 3042/3561/1794 3044/3562/1794 2464/3563/1794
f 3042/3561/1794 3043/3564/1794 3044/3562/1794
f 2464/3565/1795 3045/3562/1795 2465/3563/1795
f 2464/3565/1795 3044/3566/1795 3045/3562/1795
f 3045/3562/1796 3046/3567/1796 2466/3568/1796
f 2465/3563/1796 3045/3562/1796 2466/3568/1796
f 3046/3569/1795 2467/3570/1795 2466/3571/1795
f 3046/3569/1795 3047/3572/1795 2467/3570/1795
f 2467/3573/1797 3048/3562/1797 2468/3563/1797
f 2467/3573/1797 3047/3574/1797 3048/3562/1797
f 3048/3566/1795 3049/3562/1795 3050/3563/1795
f 2468/3565/1795 3048/3566/1795 3050/3563/1795
f 3049/3575/1798 3051/3576/1798 3050/3563/1798
f 3049/3575/1798 3052/3577/1798 3051/3576/1798
f 3051/3563/1799 2766/3578/1799 3053/3579/1799
f 3051/3563/1799 3052/3562/1799 2766/3578/1799
f 2766/3575/1798 3054/3580/1798 3053/3563/1798
f 2766/3575/1798 2767/3581/1798 3054/3580/1798
f 2767/3562/1800 3056/3582/1800 3055/3583/1800
f 3054/3563/1800 2767/3562/1800 3055/3583/1800
f 3056/3575/1798 3057/3584/1798 3055/3563/1798
f 3056/3575/1798 2768/3585/1798 3057/3584/1798
f 3057/3586/1801 3059/3562/1801 3058/3563/1801
f 3057/3586/1801 2768/3587/1801 3059/3562/1801
f 3059/3588/1798 3061/3563/1798 3058/3589/1798
f 3059/3588/1798 3060/3575/1798 3061/3563/1798
f 3061/3590/1802 2769/3562/1802 3062/3563/1802
f 3061/3590/1802 3060/3591/1802 2769/3562/1802
f 2769/3592/1798 2469/3563/1798 3062/3593/1798
f 2769/3592/1798 3063/3575/1798 2469/3563/1798
f 3064/3594/1803 2469/3563/1803 3063/3595/1803
f 3064/3594/1803 3063/3595/1803 2770/3596/1803
f 3064/3563/1804 2771/3567/1804 2470/3568/1804
f 3064/3563/1804 2770/3562/1804 2771/3567/1804
f 3065/3571/1803 2470/3570/1803 2771/3597/1803
f 3065/3571/1803 2771/3597/1803 3066/3598/1803
f 3065/3573/1805 2772/3562/1805 2471/3563/1805
f 3065/3573/1805 3066/3574/1805 2772/3562/1805
f 3067/3596/1803 2471/3563/1803 2772/3595/1803
f 2472/3594/1803 2471/3563/1803 3067/3596/1803
f 2472/3563/1794 3068/3599/1794 3069/3600/1794
f 2472/3563/1794 3067/3562/1794 3068/3599/1794
f 3069/3563/1806 3071/3578/1806 3070/3579/1806
f 3069/3563/1806 3068/3562/1806 3071/3578/1806
f 3072/3589/1794 3070/3563/1794 3071/3595/1794
f 3072/3589/1794 3071/3595/1794 3073/3601/1794
f 3073/3562/1807 2773/3582/1807 3074/3583/1807
f 3072/3563/1807 3073/3562/1807 3074/3583/1807
f 2473/3563/1794 3074/3584/1794 2773/3602/1794
f 2473/3563/1794 2773/3602/1794 3075/3595/1794
f 2473/3586/1808 3077/3562/1808 3076/3563/1808
f 2473/3586/1808 3075/3587/1808 3077/3562/1808
f 3078/3563/1794 3076/3580/1794 3077/3603/1794
f 3078/3563/1794 3077/3603/1794 3079/3595/1794
f 3078/3590/1809 3043/3562/1809 3042/3563/1809
f 3078/3590/1809 3079/3591/1809 3043/3562/1809
f 3635/3604/1810 2778/3605/1811 2721/3606/1811
f 3636/3607/1810 2778/3605/1811 3635/3604/1810
f 3630/3608/1812 3081/3606/1813 3080/3609/1813
f 3631/3604/1812 3081/3606/1813 3630/3608/1812
f 3393/3610/1810 3448/3611/1811 3082/3612/1811
f 3393/3610/1810 2796/3613/1810 3448/3611/1811
f 3453/3614/1813 2791/3615/1812 3398/3616/1812
f 3453/3614/1813 2790/3617/1813 2791/3615/1812
f 3084/3618/1814 2816/3619/1815 3083/3620/1815
f 3084/3618/1814 3083/3620/1815 2694/3621/1814
f 3207/3622/1816 2702/3620/1817 2807/3623/1817
f 3208/3621/1816 2702/3620/1817 3207/3622/1816
f 3085/3614/1813 2825/3615/1812 3086/3616/1812
f 3085/3614/1813 3376/3617/1813 2825/3615/1812
f 2669/3610/1810 3087/3611/1811 2670/3612/1811
f 2669/3610/1810 2833/3613/1810 3087/3611/1811
f 2645/3614/1813 3089/3624/1818 3334/3625/1818
f 2645/3614/1813 3088/3617/1813 3089/3624/1818
f 3091/3626/1810 2839/3611/1811 3352/3612/1811
f 3091/3626/1810 3090/3627/1810 2839/3611/1811
f 3094/3626/1810 3092/3611/1811 3093/3612/1811
f 3094/3626/1810 2862/3627/1810 3092/3611/1811
f 3095/3614/1813 2856/3624/1818 3417/3625/1818
f 3095/3614/1813 3434/3617/1813 2856/3624/1818
f 3096/3607/1810 3579/3606/1811 2605/3604/1810
f 3096/3607/1810 3578/3605/1811 3579/3606/1811
f 3097/3608/1812 3099/3606/1813 3583/3609/1813
f 3098/3604/1812 3099/3606/1813 3097/3608/1812
f 3528/3604/1812 2890/3609/1813 3100/3608/1812
f 3528/3604/1812 3101/3606/1813 2890/3609/1813
f 2897/3607/1810 2598/3606/1811 2597/3604/1810
f 2897/3607/1810 3495/3605/1811 2598/3606/1811
f 2914/3608/1812 3103/3606/1813 2908/3609/1813
f 3102/3604/1812 3103/3606/1813 2914/3608/1812
f 3104/3604/1810 2907/3605/1811 2571/3606/1811
f 3105/3607/1810 2907/3605/1811 3104/3604/1810
f 3107/3628/1810 3106/3619/1811 3159/3620/1811
f 3107/3628/1810 3159/3620/1811 2544/3629/1810
f 3139/3629/1812 2553/3620/1813 2925/3623/1813
f 3139/3629/1812 2925/3623/1813 3138/3630/1812
f 2534/3621/1814 3108/3619/1815 3109/3620/1815
f 3110/3618/1814 3108/3619/1815 2534/3621/1814
f 2948/3622/1816 2543/3620/1817 3111/3623/1817
f 3548/3621/1816 2543/3620/1817 2948/3622/1816
f 3112/3628/1810 2968/3619/1811 2518/3620/1811
f 3112/3628/1810 2518/3620/1811 2517/3629/1810
f 3263/3629/1812 3299/3620/1813 3300/3623/1813
f 3263/3629/1812 3300/3623/1813 3262/3630/1812
f 3233/3628/1810 3113/3619/1811 2495/3620/1811
f 3233/3628/1810 2495/3620/1811 3240/3629/1810
f 3114/3629/1812 3277/3620/1813 2977/3623/1813
f 3114/3629/1812 2977/3623/1813 2978/3630/1812
f 3115/3628/1810 3183/3619/1811 2474/3620/1811
f 3115/3628/1810 2474/3620/1811 3126/3629/1810
f 3116/3629/1812 3185/3620/1813 3186/3623/1813
f 3116/3629/1812 3186/3623/1813 3121/3630/1812
f 3131/3563/1798 3118/3631/1819 3117/3562/1798
f 2490/3632/1819 2996/3633/1820 3118/3631/1819
f 2490/3632/1819 3118/3631/1819 3131/3563/1798
f 3125/3634/1820 3119/3635/1821 2996/3633/1820
f 3125/3634/1820 2996/3633/1820 2490/3632/1819
f 2489/3636/1821 2997/3637/1822 3119/3635/1821
f 2489/3636/1821 3119/3635/1821 3125/3634/1820
f 3124/3638/1822 2998/3639/1823 2997/3637/1822
f 3124/3638/1822 2997/3637/1822 2489/3636/1821
f 2488/3640/1824 2999/3641/1825 2998/3639/1823
f 2488/3640/1824 2998/3639/1823 3124/3638/1822
f 3123/3642/1825 3120/3643/1826 2999/3641/1825
f 3123/3642/1825 2999/3641/1825 2488/3640/1824
f 3122/3644/1826 3000/3645/1827 3120/3643/1826
f 3122/3644/1826 3120/3643/1826 3123/3642/1825
f 2487/3646/1827 3121/3647/1812 3000/3645/1827
f 2487/3646/1827 3000/3645/1827 3122/3644/1826
f 3116/3648/1812 3121/3647/1812 2487/3646/1827
f 3135/3649/1828 3115/3650/1810 3126/3651/1810
f 3135/3649/1828 3127/3652/1829 3115/3650/1810
f 2494/3653/1830 3001/3654/1830 3127/3652/1829
f 2494/3653/1830 3128/3655/1831 3001/3654/1830
f 2494/3653/1830 3127/3652/1829 3135/3649/1828
f 3134/3656/1831 3002/3657/1832 3128/3655/1831
f 3134/3656/1831 3128/3655/1831 2494/3653/1830
f 2493/3658/1833 3003/3659/1834 3002/3657/1832
f 2493/3658/1833 3002/3657/1832 3134/3656/1831
f 3133/3660/1835 3129/3661/1836 3003/3659/1834
f 3133/3660/1835 3003/3659/1834 2493/3658/1833
f 2492/3662/1836 3130/3663/1837 3129/3661/1836
f 2492/3662/1836 3129/3661/1836 3133/3660/1835
f 2491/3664/1837 3130/3663/1837 2492/3662/1836
f 3132/3665/1838 3004/3666/1838 3130/3663/1837
f 3132/3665/1838 3117/3667/1798 3004/3666/1838
f 3132/3665/1838 3130/3663/1837 2491/3664/1837
f 3131/3668/1798 3117/3667/1798 3132/3665/1838
f 3147/3563/1798 2927/3631/1819 2926/3562/1798
f 3143/3632/1819 2928/3633/1820 2927/3631/1819
f 3143/3632/1819 2927/3631/1819 3147/3563/1798
f 3142/3634/1820 2929/3635/1821 2928/3633/1820
f 3142/3634/1820 2928/3633/1820 3143/3632/1819
f 3141/3636/1821 3136/3637/1822 2929/3635/1821
f 3141/3636/1821 2929/3635/1821 3142/3634/1820
f 2557/3638/1839 3137/3639/1824 3136/3637/1822
f 2557/3638/1839 3136/3637/1822 3141/3636/1821
f 2556/3640/1823 2930/3641/1825 3137/3639/1824
f 2556/3640/1823 3137/3639/1824 2557/3638/1839
f 3140/3642/1825 2931/3643/1826 2930/3641/1825
f 3140/3642/1825 2930/3641/1825 2556/3640/1823
f 2555/3644/1826 2932/3645/1827 2931/3643/1826
f 2555/3644/1826 2931/3643/1826 3140/3642/1825
f 2554/3646/1840 3138/3647/1812 2932/3645/1827
f 2554/3646/1840 2932/3645/1827 2555/3644/1826
f 3139/3648/1812 3138/3647/1812 2554/3646/1840
f 2559/3649/1828 3107/3650/1810 2544/3651/1810
f 2559/3649/1828 3144/3652/1829 3107/3650/1810
f 3153/3653/1830 2933/3654/1830 3144/3652/1829
f 3153/3653/1830 3145/3655/1831 2933/3654/1830
f 3153/3653/1830 3144/3652/1829 2559/3649/1828
f 3152/3656/1831 2934/3657/1833 3145/3655/1831
f 3152/3656/1831 3145/3655/1831 3153/3653/1830
f 3151/3658/1833 2935/3659/1835 2934/3657/1833
f 3151/3658/1833 2934/3657/1833 3152/3656/1831
f 2558/3660/1834 3146/3661/1836 2935/3659/1835
f 2558/3660/1834 2935/3659/1835 3151/3658/1833
f 3150/3662/1836 2936/3663/1837 3146/3661/1836
f 3150/3662/1836 3146/3661/1836 2558/3660/1834
f 3149/3664/1837 2937/3666/1838 2936/3663/1837
f 3149/3664/1837 2936/3663/1837 3150/3662/1836
f 3148/3665/1838 2926/3667/1798 2937/3666/1838
f 3148/3665/1838 2937/3666/1838 3149/3664/1837
f 3147/3668/1798 2926/3667/1798 3148/3665/1838
f 2549/3669/1794 3154/3670/1841 3169/3671/1794
f 2548/3672/1842 3155/3673/1843 3154/3670/1841
f 2548/3672/1842 3154/3670/1841 2549/3669/1794
f 2547/3674/1843 3156/3675/1844 3155/3673/1843
f 2547/3674/1843 3155/3673/1843 2548/3672/1842
f 3163/3676/1844 2938/3677/1845 3156/3675/1844
f 3163/3676/1844 3156/3675/1844 2547/3674/1843
f 2546/3678/1845 3157/3679/1846 2938/3677/1845
f 2546/3678/1845 2938/3677/1845 3163/3676/1844
f 3162/3680/1846 2939/3681/1847 3157/3679/1846
f 3162/3680/1846 3157/3679/1846 2546/3678/1845
f 3161/3682/1847 2940/3683/1848 2939/3681/1847
f 3161/3682/1847 2939/3681/1847 3162/3680/1846
f 2545/3684/1848 2940/3683/1848 3161/3682/1847
f 3160/3685/1849 3158/3686/1850 2940/3683/1848
f 3160/3685/1849 3106/3650/1811 3158/3686/1850
f 3160/3685/1849 2940/3683/1848 2545/3684/1848
f 3159/3651/1811 3106/3650/1811 3160/3685/1849
f 2553/3648/1813 2941/3687/1851 2925/3647/1813
f 2552/3688/1851 2942/3689/1852 2941/3687/1851
f 2552/3688/1851 2941/3687/1851 2553/3648/1813
f 3174/3690/1852 3164/3691/1853 2942/3689/1852
f 3174/3690/1852 2942/3689/1852 2552/3688/1851
f 2551/3692/1853 3165/3693/1854 3164/3691/1853
f 2551/3692/1853 3164/3691/1853 3174/3690/1852
f 3173/3694/1855 3166/3695/1856 3165/3693/1854
f 3173/3694/1855 3165/3693/1854 2551/3692/1853
f 3172/3696/1856 3167/3697/1857 3166/3695/1856
f 3172/3696/1856 3166/3695/1856 3173/3694/1855
f 3171/3698/1857 3168/3699/1858 3167/3697/1857
f 3171/3698/1857 3167/3697/1857 3172/3696/1856
f 3170/3700/1858 2943/3701/1859 3168/3699/1858
f 3170/3700/1858 3168/3699/1858 3171/3698/1857
f 2550/3702/1860 2943/3701/1859 3170/3700/1858
f 2549/3669/1794 3169/3671/1794 2943/3701/1859
f 2549/3669/1794 2943/3701/1859 2550/3702/1860
f 3189/3669/1794 3176/3670/1842 3175/3671/1794
f 2481/3672/1842 3177/3673/1843 3176/3670/1842
f 2481/3672/1842 3176/3670/1842 3189/3669/1794
f 2480/3674/1843 3178/3675/1844 3177/3673/1843
f 2480/3674/1843 3177/3673/1843 2481/3672/1842
f 2479/3676/1844 3179/3677/1845 3178/3675/1844
f 2479/3676/1844 3178/3675/1844 2480/3674/1843
f 3184/3678/1845 3180/3679/1846 3179/3677/1845
f 3184/3678/1845 3179/3677/1845 2479/3676/1844
f 2478/3680/1846 3005/3681/1847 3180/3679/1846
f 2478/3680/1846 3180/3679/1846 3184/3678/1845
f 2477/3682/1847 3181/3683/1848 3005/3681/1847
f 2477/3682/1847 3005/3681/1847 2478/3680/1846
f 2476/3684/1848 3181/3683/1848 2477/3682/1847
f 2475/3685/1849 3182/3686/1850 3181/3683/1848
f 2475/3685/1849 3183/3650/1811 3182/3686/1850
f 2475/3685/1849 3181/3683/1848 2476/3684/1848
f 2474/3651/1811 3183/3650/1811 2475/3685/1849
f 3185/3648/1813 3006/3687/1861 3186/3647/1813
f 2486/3688/1861 3187/3689/1852 3006/3687/1861
f 2486/3688/1861 3006/3687/1861 3185/3648/1813
f 3192/3690/1852 3007/3691/1853 3187/3689/1852
f 3192/3690/1852 3187/3689/1852 2486/3688/1861
f 2485/3692/1853 3008/3693/1854 3007/3691/1853
f 2485/3692/1853 3007/3691/1853 3192/3690/1852
f 2484/3694/1854 3188/3695/1856 3008/3693/1854
f 2484/3694/1854 3008/3693/1854 2485/3692/1853
f 2483/3696/1856 3009/3697/1857 3188/3695/1856
f 2483/3696/1856 3188/3695/1856 2484/3694/1854
f 2482/3698/1857 3010/3699/1858 3009/3697/1857
f 2482/3698/1857 3009/3697/1857 2483/3696/1856
f 3191/3700/1858 3011/3701/1859 3010/3699/1858
f 3191/3700/1858 3010/3699/1858 2482/3698/1857
f 3190/3702/1860 3011/3701/1859 3191/3700/1858
f 3189/3669/1794 3175/3671/1794 3011/3701/1859
f 3189/3669/1794 3011/3701/1859 3190/3702/1860
f 2694/3563/1814 3193/3631/1819 3084/3562/1814
f 3201/3632/1819 2812/3633/1820 3193/3631/1819
f 3201/3632/1819 3193/3631/1819 2694/3563/1814
f 3200/3634/1820 3194/3635/1821 2812/3633/1820
f 3200/3634/1820 2812/3633/1820 3201/3632/1819
f 3199/3636/1821 2813/3637/1822 3194/3635/1821
f 3199/3636/1821 3194/3635/1821 3200/3634/1820
f 3198/3638/1822 3195/3639/1823 2813/3637/1822
f 3198/3638/1822 2813/3637/1822 3199/3636/1821
f 3197/3640/1823 3195/3639/1823 3198/3638/1822
f 2693/3642/1825 3196/3641/1825 3195/3639/1823
f 2693/3642/1825 3195/3639/1823 3197/3640/1823
f 2692/3644/1826 2814/3643/1826 3196/3641/1825
f 2692/3644/1826 2815/3645/1827 2814/3643/1826
f 2692/3644/1826 3196/3641/1825 2693/3642/1825
f 2691/3646/1840 2815/3645/1827 2692/3644/1826
f 2690/3648/1803 2808/3647/1803 2815/3645/1827
f 2690/3648/1803 2815/3645/1827 2691/3646/1840
f 2690/3648/1803 3202/3687/1861 2808/3647/1803
f 3213/3688/1851 3203/3689/1852 3202/3687/1861
f 3213/3688/1851 3202/3687/1861 2690/3648/1803
f 2689/3690/1852 3204/3691/1853 3203/3689/1852
f 2689/3690/1852 3203/3689/1852 3213/3688/1851
f 2688/3692/1853 2809/3693/1854 3204/3691/1853
f 2688/3692/1853 3204/3691/1853 2689/3690/1852
f 2687/3694/1854 3205/3695/1856 2809/3693/1854
f 2687/3694/1854 2809/3693/1854 2688/3692/1853
f 3212/3696/1856 2810/3697/1857 3205/3695/1856
f 3212/3696/1856 3205/3695/1856 2687/3694/1854
f 3211/3698/1857 2810/3697/1857 3212/3696/1856
f 3210/3700/1858 3206/3699/1858 2810/3697/1857
f 3210/3700/1858 2811/3701/1859 3206/3699/1858
f 3210/3700/1858 2810/3697/1857 3211/3698/1857
f 3209/3702/1859 3207/3671/1816 2811/3701/1859
f 3209/3702/1859 2811/3701/1859 3210/3700/1858
f 3208/3669/1816 3207/3671/1816 3209/3702/1859
f 2697/3649/1829 2817/3652/1828 3227/3650/1795
f 2697/3649/1829 3227/3650/1795 3228/3651/1795
f 3221/3653/1830 2818/3654/1830 2817/3652/1828
f 3221/3653/1830 2819/3655/1831 2818/3654/1830
f 3221/3653/1830 2817/3652/1828 2697/3649/1829
f 2696/3656/1831 2819/3655/1831 3221/3653/1830
f 3220/3658/1833 2820/3657/1833 2819/3655/1831
f 3220/3658/1833 3214/3659/1834 2820/3657/1833
f 3220/3658/1833 2819/3655/1831 2696/3656/1831
f 3219/3660/1834 3215/3661/1836 3214/3659/1834
f 3219/3660/1834 3214/3659/1834 3220/3658/1833
f 3218/3662/1836 2821/3663/1837 3215/3661/1836
f 3218/3662/1836 3215/3661/1836 3219/3660/1834
f 2695/3664/1837 2821/3663/1837 3218/3662/1836
f 3217/3665/1838 3216/3666/1838 2821/3663/1837
f 3217/3665/1838 2816/3667/1815 3216/3666/1838
f 3217/3665/1838 2821/3663/1837 2695/3664/1837
f 3083/3668/1815 2816/3667/1815 3217/3665/1838
f 2702/3669/1817 3222/3670/1841 2807/3671/1817
f 2701/3672/1841 3223/3673/1843 3222/3670/1841
f 2701/3672/1841 3222/3670/1841 2702/3669/1817
f 3232/3674/1843 3224/3675/1844 3223/3673/1843
f 3232/3674/1843 3223/3673/1843 2701/3672/1841
f 2700/3676/1844 3225/3677/1845 3224/3675/1844
f 2700/3676/1844 3224/3675/1844 3232/3674/1843
f 3231/3678/1845 2822/3679/1846 3225/3677/1845
f 3231/3678/1845 3225/3677/1845 2700/3676/1844
f 3230/3680/1846 3226/3681/1847 2822/3679/1846
f 3230/3680/1846 2822/3679/1846 3231/3678/1845
f 3229/3682/1847 2823/3683/1848 3226/3681/1847
f 3229/3682/1847 3226/3681/1847 3230/3680/1846
f 2699/3684/1848 2823/3683/1848 3229/3682/1847
f 2698/3685/1849 2824/3686/1850 2823/3683/1848
f 2698/3685/1849 3227/3650/1795 2824/3686/1850
f 2698/3685/1849 2823/3683/1848 2699/3684/1848
f 3228/3651/1795 3227/3650/1795 2698/3685/1849
f 3239/3649/1829 2984/3652/1829 3233/3650/1810
f 3239/3649/1829 3233/3650/1810 3240/3651/1810
f 2516/3653/1830 2985/3654/1830 2984/3652/1829
f 2516/3653/1830 2986/3655/1831 2985/3654/1830
f 2516/3653/1830 2984/3652/1829 3239/3649/1829
f 3238/3656/1831 3234/3657/1832 2986/3655/1831
f 3238/3656/1831 2986/3655/1831 2516/3653/1830
f 2515/3658/1833 3235/3659/1834 3234/3657/1832
f 2515/3658/1833 3234/3657/1832 3238/3656/1831
f 3237/3660/1834 2987/3661/1836 3235/3659/1834
f 3237/3660/1834 3235/3659/1834 2515/3658/1833
f 2514/3662/1836 2988/3663/1837 2987/3661/1836
f 2514/3662/1836 2987/3661/1836 3237/3660/1834
f 2513/3664/1837 3236/3666/1838 2988/3663/1837
f 2513/3664/1837 2988/3663/1837 2514/3662/1836
f 2512/3665/1838 3241/3667/1798 3236/3666/1838
f 2512/3665/1838 3236/3666/1838 2513/3664/1837
f 2511/3668/1798 3241/3667/1798 2512/3665/1838
f 2511/3563/1798 3242/3631/1819 3241/3562/1798
f 2510/3632/1819 2979/3633/1820 3242/3631/1819
f 2510/3632/1819 3242/3631/1819 2511/3563/1798
f 3246/3634/1820 3243/3635/1821 2979/3633/1820
f 3246/3634/1820 2979/3633/1820 2510/3632/1819
f 2509/3636/1821 2980/3637/1839 3243/3635/1821
f 2509/3636/1821 3243/3635/1821 3246/3634/1820
f 2508/3638/1822 2981/3639/1823 2980/3637/1839
f 2508/3638/1822 2980/3637/1839 2509/3636/1821
f 2507/3640/1824 2982/3641/1825 2981/3639/1823
f 2507/3640/1824 2981/3639/1823 2508/3638/1822
f 3245/3642/1825 2983/3643/1826 2982/3641/1825
f 3245/3642/1825 2982/3641/1825 2507/3640/1824
f 2506/3644/1826 2983/3643/1826 3245/3642/1825
f 2505/3646/1827 3244/3645/1840 2983/3643/1826
f 2505/3646/1827 2983/3643/1826 2506/3644/1826
f 3114/3648/1812 2978/3647/1812 3244/3645/1840
f 3114/3648/1812 3244/3645/1840 2505/3646/1827
f 3254/3649/1828 2963/3652/1829 3112/3650/1810
f 3254/3649/1828 3112/3650/1810 2517/3651/1810
f 3253/3653/1830 2964/3654/1830 2963/3652/1829
f 3253/3653/1830 3247/3655/1831 2964/3654/1830
f 3253/3653/1830 2963/3652/1829 3254/3649/1828
f 2528/3656/1831 3248/3657/1833 3247/3655/1831
f 2528/3656/1831 3247/3655/1831 3253/3653/1830
f 3252/3658/1832 3249/3659/1835 3248/3657/1833
f 3252/3658/1832 3248/3657/1833 2528/3656/1831
f 2527/3660/1834 2965/3661/1836 3249/3659/1835
f 2527/3660/1834 3249/3659/1835 3252/3658/1832
f 3251/3662/1836 2966/3663/1837 2965/3661/1836
f 3251/3662/1836 2965/3661/1836 2527/3660/1834
f 2526/3664/1837 2966/3663/1837 3251/3662/1836
f 3250/3665/1838 2967/3666/1838 2966/3663/1837
f 3250/3665/1838 3255/3667/1798 2967/3666/1838
f 3250/3665/1838 2966/3663/1837 2526/3664/1837
f 3256/3668/1798 3255/3667/1798 3250/3665/1838
f 3256/3563/1798 3257/3631/1819 3255/3562/1798
f 2525/3632/1819 3258/3633/1820 3257/3631/1819
f 2525/3632/1819 3257/3631/1819 3256/3563/1798
f 2524/3634/1820 3259/3635/1821 3258/3633/1820
f 2524/3634/1820 3258/3633/1820 2525/3632/1819
f 2523/3636/1821 3260/3637/1822 3259/3635/1821
f 2523/3636/1821 3259/3635/1821 2524/3634/1820
f 3268/3638/1839 2960/3639/1823 3260/3637/1822
f 3268/3638/1839 3260/3637/1822 2523/3636/1821
f 3267/3640/1823 2961/3641/1825 2960/3639/1823
f 3267/3640/1823 2960/3639/1823 3268/3638/1839
f 3266/3642/1825 3261/3643/1826 2961/3641/1825
f 3266/3642/1825 2961/3641/1825 3267/3640/1823
f 3265/3644/1826 3261/3643/1826 3266/3642/1825
f 3264/3646/1827 2962/3645/1840 3261/3643/1826
f 3264/3646/1827 3261/3643/1826 3265/3644/1826
f 3263/3648/1812 3262/3647/1812 2962/3645/1840
f 3263/3648/1812 2962/3645/1840 3264/3646/1827
f 2501/3669/1794 3269/3670/1842 2989/3671/1794
f 3276/3672/1842 3270/3673/1843 3269/3670/1842
f 3276/3672/1842 3269/3670/1842 2501/3669/1794
f 2500/3674/1843 2990/3675/1844 3270/3673/1843
f 2500/3674/1843 3270/3673/1843 3276/3672/1842
f 3275/3676/1844 3271/3677/1845 2990/3675/1844
f 3275/3676/1844 2990/3675/1844 2500/3674/1843
f 3274/3678/1845 2991/3679/1846 3271/3677/1845
f 3274/3678/1845 3271/3677/1845 3275/3676/1844
f 2499/3680/1846 3272/3681/1847 2991/3679/1846
f 2499/3680/1846 2991/3679/1846 3274/3678/1845
f 2498/3682/1847 2992/3683/1848 3272/3681/1847
f 2498/3682/1847 3272/3681/1847 2499/3680/1846
f 2497/3684/1848 2992/3683/1848 2498/3682/1847
f 2496/3685/1849 3273/3686/1849 2992/3683/1848
f 2496/3685/1849 3113/3650/1811 3273/3686/1849
f 2496/3685/1849 2992/3683/1848 2497/3684/1848
f 2495/3651/1811 3113/3650/1811 2496/3685/1849
f 3277/3648/1813 3278/3687/1851 2977/3647/1813
f 2504/3688/1861 2993/3689/1852 3278/3687/1851
f 2504/3688/1861 3278/3687/1851 3277/3648/1813
f 2503/3690/1852 3279/3691/1853 2993/3689/1852
f 2503/3690/1852 2993/3689/1852 2504/3688/1861
f 3287/3692/1853 3280/3693/1854 3279/3691/1853
f 3287/3692/1853 3279/3691/1853 2503/3690/1852
f 3286/3694/1854 3281/3695/1856 3280/3693/1854
f 3286/3694/1854 3280/3693/1854 3287/3692/1853
f 3285/3696/1856 2994/3697/1857 3281/3695/1856
f 3285/3696/1856 3281/3695/1856 3286/3694/1854
f 3284/3698/1857 3282/3699/1858 2994/3697/1857
f 3284/3698/1857 2994/3697/1857 3285/3696/1856
f 2502/3700/1858 2995/3701/1860 3282/3699/1858
f 2502/3700/1858 3282/3699/1858 3284/3698/1857
f 3283/3702/1860 2995/3701/1860 2502/3700/1858
f 2501/3669/1794 2989/3671/1794 2995/3701/1860
f 2501/3669/1794 2995/3701/1860 3283/3702/1860
f 3298/3669/1794 3288/3670/1842 3304/3671/1794
f 3297/3672/1841 3289/3673/1843 3288/3670/1842
f 3297/3672/1841 3288/3670/1842 3298/3669/1794
f 3296/3674/1843 3290/3675/1844 3289/3673/1843
f 3296/3674/1843 3289/3673/1843 3297/3672/1841
f 3295/3676/1844 2969/3677/1845 3290/3675/1844
f 3295/3676/1844 3290/3675/1844 3296/3674/1843
f 3294/3678/1845 2970/3679/1846 2969/3677/1845
f 3294/3678/1845 2969/3677/1845 3295/3676/1844
f 3293/3680/1846 3291/3681/1847 2970/3679/1846
f 3293/3680/1846 2970/3679/1846 3294/3678/1845
f 2521/3682/1847 3292/3683/1848 3291/3681/1847
f 2521/3682/1847 3291/3681/1847 3293/3680/1846
f 2520/3684/1848 3292/3683/1848 2521/3682/1847
f 2519/3685/1850 2971/3686/1850 3292/3683/1848
f 2519/3685/1850 2968/3650/1811 2971/3686/1850
f 2519/3685/1850 3292/3683/1848 2520/3684/1848
f 2518/3651/1811 2968/3650/1811 2519/3685/1850
f 3299/3648/1813 2972/3687/1851 3300/3647/1813
f 3311/3688/1861 3301/3689/1852 2972/3687/1851
f 3311/3688/1861 2972/3687/1851 3299/3648/1813
f 3310/3690/1852 3302/3691/1853 3301/3689/1852
f 3310/3690/1852 3301/3689/1852 3311/3688/1861
f 2522/3692/1853 2973/3693/1854 3302/3691/1853
f 2522/3692/1853 3302/3691/1853 3310/3690/1852
f 3309/3694/1854 3303/3695/1856 2973/3693/1854
f 3309/3694/1854 2973/3693/1854 2522/3692/1853
f 3308/3696/1856 2974/3697/1857 3303/3695/1856
f 3308/3696/1856 3303/3695/1856 3309/3694/1854
f 3307/3698/1857 2975/3699/1858 2974/3697/1857
f 3307/3698/1857 2974/3697/1857 3308/3696/1856
f 3306/3700/1858 2976/3701/1860 2975/3699/1858
f 3306/3700/1858 2975/3699/1858 3307/3698/1857
f 3305/3702/1859 2976/3701/1860 3306/3700/1858
f 3298/3669/1794 3304/3671/1794 2976/3701/1860
f 3298/3669/1794 2976/3701/1860 3305/3702/1859
f 2668/3649/1828 3312/3652/1829 2833/3650/1810
f 2668/3649/1828 2833/3650/1810 2669/3651/1810
f 3318/3653/1830 3313/3654/1830 3312/3652/1829
f 3318/3653/1830 2834/3655/1831 3313/3654/1830
f 3318/3653/1830 3312/3652/1829 2668/3649/1828
f 2667/3656/1831 2835/3657/1833 2834/3655/1831
f 2667/3656/1831 2834/3655/1831 3318/3653/1830
f 2666/3658/1833 2836/3659/1835 2835/3657/1833
f 2666/3658/1833 2835/3657/1833 2667/3656/1831
f 2665/3660/1834 2837/3661/1836 2836/3659/1835
f 2665/3660/1834 2836/3659/1835 2666/3658/1833
f 3317/3662/1836 3314/3663/1837 2837/3661/1836
f 3317/3662/1836 2837/3661/1836 2665/3660/1834
f 3316/3664/1837 3314/3663/1837 3317/3662/1836
f 2664/3665/1862 2838/3666/1862 3314/3663/1837
f 2664/3665/1862 2826/3667/1798 2838/3666/1862
f 2664/3665/1862 3314/3663/1837 3316/3664/1837
f 3315/3668/1798 2826/3667/1798 2664/3665/1862
f 3315/3563/1798 3319/3631/1863 2826/3562/1798
f 3325/3632/1863 3320/3633/1820 3319/3631/1863
f 3325/3632/1863 3319/3631/1863 3315/3563/1798
f 3324/3634/1820 2827/3635/1821 3320/3633/1820
f 3324/3634/1820 3320/3633/1820 3325/3632/1863
f 3323/3636/1821 2828/3637/1822 2827/3635/1821
f 3323/3636/1821 2827/3635/1821 3324/3634/1820
f 2663/3638/1839 2829/3639/1823 2828/3637/1822
f 2663/3638/1839 2828/3637/1822 3323/3636/1821
f 3322/3640/1823 2830/3641/1825 2829/3639/1823
f 3322/3640/1823 2829/3639/1823 2663/3638/1839
f 3321/3642/1825 2831/3643/1826 2830/3641/1825
f 3321/3642/1825 2830/3641/1825 3322/3640/1823
f 2662/3644/1826 2831/3643/1826 3321/3642/1825
f 2661/3646/1827 2832/3645/1840 2831/3643/1826
f 2661/3646/1827 2831/3643/1826 2662/3644/1826
f 3086/3648/1812 2825/3647/1812 2832/3645/1840
f 3086/3648/1812 2832/3645/1840 2661/3646/1827
f 3340/3563/1864 3327/3703/1865 3326/3562/1864
f 2649/3704/1865 3328/3705/1866 3327/3703/1865
f 2649/3704/1865 3327/3703/1865 3340/3563/1864
f 3339/3706/1866 3329/3707/1867 3328/3705/1866
f 3339/3706/1866 3328/3705/1866 2649/3704/1865
f 2648/3708/1867 3330/3709/1868 3329/3707/1867
f 2648/3708/1867 3329/3707/1867 3339/3706/1866
f 2647/3710/1868 3331/3711/1869 3330/3709/1868
f 2647/3710/1868 3330/3709/1868 2648/3708/1867
f 3338/3712/1869 3331/3711/1869 2647/3710/1868
f 3337/3713/1870 3332/3714/1870 3331/3711/1869
f 3337/3713/1870 2850/3715/1871 3332/3714/1870
f 3337/3713/1870 3331/3711/1869 3338/3712/1869
f 3336/3716/1871 2851/3717/1872 2850/3715/1871
f 3336/3716/1871 2850/3715/1871 3337/3713/1870
f 3335/3718/1872 2851/3717/1872 3336/3716/1871
f 2646/3719/1873 3333/3720/1873 2851/3717/1872
f 2646/3719/1873 3089/3647/1818 3333/3720/1873
f 2646/3719/1873 2851/3717/1872 3335/3718/1872
f 3334/3648/1818 3089/3647/1818 2646/3719/1873
f 2652/3649/1828 3090/3650/1810 3091/3651/1810
f 2652/3649/1828 3341/3652/1829 3090/3650/1810
f 3349/3653/1830 2852/3654/1830 3341/3652/1829
f 3349/3653/1830 3342/3655/1831 2852/3654/1830
f 3349/3653/1830 3341/3652/1829 2652/3649/1828
f 3348/3656/1831 3343/3657/1833 3342/3655/1831
f 3348/3656/1831 3342/3655/1831 3349/3653/1830
f 3347/3658/1833 2853/3659/1834 3343/3657/1833
f 3347/3658/1833 3343/3657/1833 3348/3656/1831
f 2651/3660/1834 3344/3661/1836 2853/3659/1834
f 2651/3660/1834 2853/3659/1834 3347/3658/1833
f 2650/3662/1836 2854/3663/1837 3344/3661/1836
f 2650/3662/1836 3344/3661/1836 2651/3660/1834
f 3346/3664/1837 2854/3663/1837 2650/3662/1836
f 3345/3665/1862 2855/3666/1838 2854/3663/1837
f 3345/3665/1862 3326/3667/1864 2855/3666/1838
f 3345/3665/1862 2854/3663/1837 3346/3664/1837
f 3340/3668/1864 3326/3667/1864 3345/3665/1862
f 3359/3669/1794 2841/3670/1841 2840/3671/1794
f 2659/3672/1842 3350/3673/1843 2841/3670/1841
f 2659/3672/1842 2841/3670/1841 3359/3669/1794
f 2658/3674/1843 2842/3675/1844 3350/3673/1843
f 2658/3674/1843 3350/3673/1843 2659/3672/1842
f 2657/3676/1844 2843/3677/1845 2842/3675/1844
f 2657/3676/1844 2842/3675/1844 2658/3674/1843
f 2656/3678/1845 2844/3679/1846 2843/3677/1845
f 2656/3678/1845 2843/3677/1845 2657/3676/1844
f 2655/3680/1846 2845/3681/1847 2844/3679/1846
f 2655/3680/1846 2844/3679/1846 2656/3678/1845
f 2654/3682/1847 2846/3683/1848 2845/3681/1847
f 2654/3682/1847 2845/3681/1847 2655/3680/1846
f 2653/3684/1848 2846/3683/1848 2654/3682/1847
f 3353/3685/1849 3351/3686/1850 2846/3683/1848
f 3353/3685/1849 2839/3650/1811 3351/3686/1850
f 3353/3685/1849 2846/3683/1848 2653/3684/1848
f 3352/3651/1811 2839/3650/1811 3353/3685/1849
f 2645/3648/1813 3354/3687/1851 3088/3647/1813
f 2660/3688/1861 3355/3689/1852 3354/3687/1851
f 2660/3688/1861 3354/3687/1851 2645/3648/1813
f 3366/3690/1852 3356/3691/1853 3355/3689/1852
f 3366/3690/1852 3355/3689/1852 2660/3688/1861
f 3365/3692/1853 3357/3693/1854 3356/3691/1853
f 3365/3692/1853 3356/3691/1853 3366/3690/1852
f 3364/3694/1855 2847/3695/1856 3357/3693/1854
f 3364/3694/1855 3357/3693/1854 3365/3692/1853
f 3363/3696/1856 3358/3697/1857 2847/3695/1856
f 3363/3696/1856 2847/3695/1856 3364/3694/1855
f 3362/3698/1857 2848/3699/1858 3358/3697/1857
f 3362/3698/1857 3358/3697/1857 3363/3696/1856
f 3361/3700/1858 2849/3701/1859 2848/3699/1858
f 3361/3700/1858 2848/3699/1858 3362/3698/1857
f 3360/3702/1860 2849/3701/1859 3361/3700/1858
f 3359/3669/1794 2840/3671/1794 2849/3701/1859
f 3359/3669/1794 2849/3701/1859 3360/3702/1860
f 2679/3669/1794 3368/3670/1842 3367/3671/1794
f 2678/3672/1842 3369/3673/1843 3368/3670/1842
f 2678/3672/1842 3368/3670/1842 2679/3669/1794
f 2677/3674/1843 3370/3675/1844 3369/3673/1843
f 2677/3674/1843 3369/3673/1843 2678/3672/1842
f 2676/3676/1844 3371/3677/1845 3370/3675/1844
f 2676/3676/1844 3370/3675/1844 2677/3674/1843
f 2675/3678/1874 3372/3679/1846 3371/3677/1845
f 2675/3678/1874 3371/3677/1845 2676/3676/1844
f 2674/3680/1846 3373/3681/1847 3372/3679/1846
f 2674/3680/1846 3372/3679/1846 2675/3678/1874
f 2673/3682/1847 3374/3683/1848 3373/3681/1847
f 2673/3682/1847 3373/3681/1847 2674/3680/1846
f 2672/3684/1848 3374/3683/1848 2673/3682/1847
f 2671/3685/1849 3375/3686/1850 3374/3683/1848
f 2671/3685/1849 3087/3650/1811 3375/3686/1850
f 2671/3685/1849 3374/3683/1848 2672/3684/1848
f 2670/3651/1811 3087/3650/1811 2671/3685/1849
f 3085/3648/1813 3377/3687/1851 3376/3647/1813
f 2686/3688/1861 3378/3689/1852 3377/3687/1851
f 2686/3688/1861 3377/3687/1851 3085/3648/1813
f 3385/3690/1852 3379/3691/1853 3378/3689/1852
f 3385/3690/1852 3378/3689/1852 2686/3688/1861
f 2685/3692/1853 3380/3693/1854 3379/3691/1853
f 2685/3692/1853 3379/3691/1853 3385/3690/1852
f 2684/3694/1854 3381/3695/1875 3380/3693/1854
f 2684/3694/1854 3380/3693/1854 2685/3692/1853
f 2683/3696/1856 3382/3697/1857 3381/3695/1875
f 2683/3696/1856 3381/3695/1875 2684/3694/1854
f 2682/3698/1857 3382/3697/1857 2683/3696/1856
f 2681/3700/1858 3383/3699/1858 3382/3697/1857
f 2681/3700/1858 3384/3701/1860 3383/3699/1858
f 2681/3700/1858 3382/3697/1857 2682/3698/1857
f 2680/3702/1860 3384/3701/1860 2681/3700/1858
f 2679/3669/1794 3367/3671/1794 3384/3701/1860
f 2679/3669/1794 3384/3701/1860 2680/3702/1860
f 3392/3649/1828 3386/3652/1829 2796/3650/1810
f 3392/3649/1828 2796/3650/1810 3393/3651/1810
f 3391/3653/1830 3387/3654/1830 3386/3652/1829
f 3391/3653/1830 2797/3655/1831 3387/3654/1830
f 3391/3653/1830 3386/3652/1829 3392/3649/1828
f 2720/3656/1831 2798/3657/1833 2797/3655/1831
f 2720/3656/1831 2797/3655/1831 3391/3653/1830
f 2719/3658/1833 2799/3659/1835 2798/3657/1833
f 2719/3658/1833 2798/3657/1833 2720/3656/1831
f 2718/3660/1834 3388/3661/1836 2799/3659/1835
f 2718/3660/1834 2799/3659/1835 2719/3658/1833
f 2717/3662/1836 3389/3663/1837 3388/3661/1836
f 2717/3662/1836 3388/3661/1836 2718/3660/1834
f 2716/3664/1837 3389/3663/1837 2717/3662/1836
f 2715/3665/1862 2800/3666/1862 3389/3663/1837
f 2715/3665/1862 3390/3667/1798 2800/3666/1862
f 2715/3665/1862 3389/3663/1837 2716/3664/1837
f 2714/3668/1798 3390/3667/1798 2715/3665/1862
f 2714/3563/1798 3394/3631/1863 3390/3562/1798
f 2713/3632/1863 2792/3633/1820 3394/3631/1863
f 2713/3632/1863 3394/3631/1863 2714/3563/1798
f 2712/3634/1820 3395/3635/1821 2792/3633/1820
f 2712/3634/1820 2792/3633/1820 2713/3632/1863
f 2711/3636/1821 3396/3637/1822 3395/3635/1821
f 2711/3636/1821 3395/3635/1821 2712/3634/1820
f 2710/3638/1839 3397/3639/1823 3396/3637/1822
f 2710/3638/1839 3396/3637/1822 2711/3636/1821
f 2709/3640/1823 2793/3641/1825 3397/3639/1823
f 2709/3640/1823 3397/3639/1823 2710/3638/1839
f 3401/3642/1825 2794/3643/1826 2793/3641/1825
f 3401/3642/1825 2793/3641/1825 2709/3640/1823
f 3400/3644/1826 2794/3643/1826 3401/3642/1825
f 3399/3646/1827 2795/3645/1840 2794/3643/1826
f 3399/3646/1827 2794/3643/1826 3400/3644/1826
f 3398/3648/1812 2791/3647/1812 2795/3645/1840
f 3398/3648/1812 2795/3645/1840 3399/3646/1827
f 3411/3649/1828 2863/3652/1829 2862/3650/1810
f 3411/3649/1828 2862/3650/1810 3094/3651/1810
f 3410/3653/1830 2864/3654/1830 2863/3652/1829
f 3410/3653/1830 3402/3655/1831 2864/3654/1830
f 3410/3653/1830 2863/3652/1829 3411/3649/1828
f 3409/3656/1831 3403/3657/1833 3402/3655/1831
f 3409/3656/1831 3402/3655/1831 3410/3653/1830
f 2644/3658/1832 2865/3659/1834 3403/3657/1833
f 2644/3658/1832 3403/3657/1833 3409/3656/1831
f 3408/3660/1834 3404/3661/1836 2865/3659/1834
f 3408/3660/1834 2865/3659/1834 2644/3658/1832
f 2643/3662/1836 3405/3663/1837 3404/3661/1836
f 2643/3662/1836 3404/3661/1836 3408/3660/1834
f 3407/3664/1837 3405/3663/1837 2643/3662/1836
f 2642/3665/1838 3406/3666/1862 3405/3663/1837
f 2642/3665/1838 3412/3667/1864 3406/3666/1862
f 2642/3665/1838 3405/3663/1837 3407/3664/1837
f 2641/3668/1864 3412/3667/1864 2642/3665/1838
f 2641/3563/1864 3413/3703/1865 3412/3562/1864
f 2640/3704/1865 3414/3705/1866 3413/3703/1865
f 2640/3704/1865 3413/3703/1865 2641/3563/1864
f 3422/3706/1866 2857/3707/1867 3414/3705/1866
f 3422/3706/1866 3414/3705/1866 2640/3704/1865
f 2639/3708/1867 2858/3709/1868 2857/3707/1867
f 2639/3708/1867 2857/3707/1867 3422/3706/1866
f 3421/3710/1868 2859/3711/1869 2858/3709/1868
f 3421/3710/1868 2858/3709/1868 2639/3708/1867
f 2638/3712/1869 2859/3711/1869 3421/3710/1868
f 2637/3713/1870 3415/3714/1870 2859/3711/1869
f 2637/3713/1870 2860/3715/1871 3415/3714/1870
f 2637/3713/1870 2859/3711/1869 2638/3712/1869
f 3420/3716/1871 3416/3717/1872 2860/3715/1871
f 3420/3716/1871 2860/3715/1871 2637/3713/1870
f 3419/3718/1872 3416/3717/1872 3420/3716/1871
f 3418/3719/1873 2861/3720/1873 3416/3717/1872
f 3418/3719/1873 2856/3647/1818 2861/3720/1873
f 3418/3719/1873 3416/3717/1872 3419/3718/1872
f 3417/3648/1818 2856/3647/1818 3418/3719/1873
f 2631/3669/1794 3424/3670/1842 3423/3671/1794
f 2630/3672/1841 2866/3673/1843 3424/3670/1842
f 2630/3672/1841 3424/3670/1842 2631/3669/1794
f 3433/3674/1843 3425/3675/1844 2866/3673/1843
f 3433/3674/1843 2866/3673/1843 2630/3672/1841
f 3432/3676/1844 2867/3677/1845 3425/3675/1844
f 3432/3676/1844 3425/3675/1844 3433/3674/1843
f 3431/3678/1845 2868/3679/1876 2867/3677/1845
f 3431/3678/1845 2867/3677/1845 3432/3676/1844
f 2629/3680/1846 2869/3681/1847 2868/3679/1876
f 2629/3680/1846 2868/3679/1876 3431/3678/1845
f 3430/3682/1847 3426/3683/1848 2869/3681/1847
f 3430/3682/1847 2869/3681/1847 2629/3680/1846
f 3429/3684/1848 3426/3683/1848 3430/3682/1847
f 3428/3685/1850 3427/3686/1850 3426/3683/1848
f 3428/3685/1850 3092/3650/1811 3427/3686/1850
f 3428/3685/1850 3426/3683/1848 3429/3684/1848
f 3093/3651/1811 3092/3650/1811 3428/3685/1850
f 3095/3648/1813 3435/3687/1851 3434/3647/1813
f 3443/3688/1861 3436/3689/1852 3435/3687/1851
f 3443/3688/1861 3435/3687/1851 3095/3648/1813
f 3442/3690/1852 3437/3691/1853 3436/3689/1852
f 3442/3690/1852 3436/3689/1852 3443/3688/1861
f 3441/3692/1853 3438/3693/1854 3437/3691/1853
f 3441/3692/1853 3437/3691/1853 3442/3690/1852
f 2636/3694/1854 3439/3695/1856 3438/3693/1854
f 2636/3694/1854 3438/3693/1854 3441/3692/1853
f 2635/3696/1856 2870/3697/1857 3439/3695/1856
f 2635/3696/1856 3439/3695/1856 2636/3694/1854
f 2634/3698/1857 3440/3699/1858 2870/3697/1857
f 2634/3698/1857 2870/3697/1857 2635/3696/1856
f 2633/3700/1858 2871/3701/1860 3440/3699/1858
f 2633/3700/1858 3440/3699/1858 2634/3698/1857
f 2632/3702/1859 2871/3701/1860 2633/3700/1858
f 2631/3669/1794 3423/3671/1794 2871/3701/1860
f 2631/3669/1794 2871/3701/1860 2632/3702/1859
f 3461/3669/1794 3444/3670/1842 3460/3671/1794
f 2706/3672/1842 2801/3673/1843 3444/3670/1842
f 2706/3672/1842 3444/3670/1842 3461/3669/1794
f 3452/3674/1843 3445/3675/1844 2801/3673/1843
f 3452/3674/1843 2801/3673/1843 2706/3672/1842
f 3451/3676/1844 2802/3677/1845 3445/3675/1844
f 3451/3676/1844 3445/3675/1844 3452/3674/1843
f 3450/3678/1874 3446/3679/1846 2802/3677/1845
f 3450/3678/1874 2802/3677/1845 3451/3676/1844
f 2705/3680/1846 2803/3681/1847 3446/3679/1846
f 2705/3680/1846 3446/3679/1846 3450/3678/1874
f 2704/3682/1847 2804/3683/1848 2803/3681/1847
f 2704/3682/1847 2803/3681/1847 2705/3680/1846
f 2703/3684/1848 2804/3683/1848 2704/3682/1847
f 3449/3685/1849 3447/3686/1849 2804/3683/1848
f 3449/3685/1849 3448/3650/1811 3447/3686/1849
f 3449/3685/1849 2804/3683/1848 2703/3684/1848
f 3082/3651/1811 3448/3650/1811 3449/3685/1849
f 3453/3648/1813 3454/3687/1851 2790/3647/1813
f 3467/3688/1861 3455/3689/1852 3454/3687/1851
f 3467/3688/1861 3454/3687/1851 3453/3648/1813
f 3466/3690/1852 3456/3691/1853 3455/3689/1852
f 3466/3690/1852 3455/3689/1852 3467/3688/1861
f 3465/3692/1853 3457/3693/1854 3456/3691/1853
f 3465/3692/1853 3456/3691/1853 3466/3690/1852
f 3464/3694/1854 2805/3695/1875 3457/3693/1854
f 3464/3694/1854 3457/3693/1854 3465/3692/1853
f 3463/3696/1856 2806/3697/1857 2805/3695/1875
f 3463/3696/1856 2805/3695/1875 3464/3694/1854
f 3462/3698/1857 3458/3699/1858 2806/3697/1857
f 3462/3698/1857 2806/3697/1857 3463/3696/1856
f 2708/3700/1858 3459/3701/1860 3458/3699/1858
f 2708/3700/1858 3458/3699/1858 3462/3698/1857
f 2707/3702/1860 3459/3701/1860 2708/3700/1858
f 3461/3669/1794 3460/3671/1794 3459/3701/1860
f 3461/3669/1794 3459/3701/1860 2707/3702/1860
f 2579/3669/1794 3468/3670/1841 2900/3671/1794
f 3470/3672/1841 3469/3673/1843 3468/3670/1841
f 3470/3672/1841 3468/3670/1841 2579/3669/1794
f 2578/3674/1843 2901/3675/1844 3469/3673/1843
f 2578/3674/1843 3469/3673/1843 3470/3672/1841
f 2577/3676/1844 2902/3677/1845 2901/3675/1844
f 2577/3676/1844 2901/3675/1844 2578/3674/1843
f 2576/3678/1874 2903/3679/1846 2902/3677/1845
f 2576/3678/1874 2902/3677/1845 2577/3676/1844
f 2575/3680/1846 2904/3681/1847 2903/3679/1846
f 2575/3680/1846 2903/3679/1846 2576/3678/1874
f 2574/3682/1847 2905/3683/1848 2904/3681/1847
f 2574/3682/1847 2904/3681/1847 2575/3680/1846
f 2573/3684/1848 2905/3683/1848 2574/3682/1847
f 2572/3685/1849 2906/3686/1850 2905/3683/1848
f 2572/3685/1849 2907/3650/1811 2906/3686/1850
f 2572/3685/1849 2905/3683/1848 2573/3684/1848
f 2571/3651/1811 2907/3650/1811 2572/3685/1849
f 3103/3648/1813 2909/3687/1851 2908/3647/1813
f 2584/3688/1851 2910/3689/1852 2909/3687/1851
f 2584/3688/1851 2909/3687/1851 3103/3648/1813
f 3476/3690/1852 2911/3691/1853 2910/3689/1852
f 3476/3690/1852 2910/3689/1852 2584/3688/1851
f 3475/3692/1853 2912/3693/1854 2911/3691/1853
f 3475/3692/1853 2911/3691/1853 3476/3690/1852
f 2583/3694/1855 3471/3695/1875 2912/3693/1854
f 2583/3694/1855 2912/3693/1854 3475/3692/1853
f 2582/3696/1856 2913/3697/1857 3471/3695/1875
f 2582/3696/1856 3471/3695/1875 2583/3694/1855
f 3474/3698/1857 3472/3699/1858 2913/3697/1857
f 3474/3698/1857 2913/3697/1857 2582/3696/1856
f 2581/3700/1858 3473/3701/1859 3472/3699/1858
f 2581/3700/1858 3472/3699/1858 3474/3698/1857
f 2580/3702/1859 3473/3701/1859 2581/3700/1858
f 2579/3669/1794 2900/3671/1794 3473/3701/1859
f 2579/3669/1794 3473/3701/1859 2580/3702/1859
f 2570/3649/1828 3477/3652/1829 3105/3650/1810
f 2570/3649/1828 3105/3650/1810 3104/3651/1810
f 2569/3653/1830 2920/3654/1830 3477/3652/1829
f 2569/3653/1830 2921/3655/1831 2920/3654/1830
f 2569/3653/1830 3477/3652/1829 2570/3649/1828
f 2568/3656/1831 2922/3657/1833 2921/3655/1831
f 2568/3656/1831 2921/3655/1831 2569/3653/1830
f 2567/3658/1833 3478/3659/1834 2922/3657/1833
f 2567/3658/1833 2922/3657/1833 2568/3656/1831
f 2566/3660/1834 2923/3661/1836 3478/3659/1834
f 2566/3660/1834 3478/3659/1834 2567/3658/1833
f 3482/3662/1836 2924/3663/1837 2923/3661/1836
f 3482/3662/1836 2923/3661/1836 2566/3660/1834
f 3481/3664/1837 2924/3663/1837 3482/3662/1836
f 2565/3665/1862 3479/3666/1838 2924/3663/1837
f 2565/3665/1862 2915/3667/1798 3479/3666/1838
f 2565/3665/1862 2924/3663/1837 3481/3664/1837
f 3480/3668/1798 2915/3667/1798 2565/3665/1862
f 3480/3563/1798 2916/3631/1863 2915/3562/1798
f 3489/3632/1819 2917/3633/1820 2916/3631/1863
f 3489/3632/1819 2916/3631/1863 3480/3563/1798
f 2564/3634/1820 2918/3635/1821 2917/3633/1820
f 2564/3634/1820 2917/3633/1820 3489/3632/1819
f 3488/3636/1821 3483/3637/1822 2918/3635/1821
f 3488/3636/1821 2918/3635/1821 2564/3634/1820
f 2563/3638/1822 3484/3639/1823 3483/3637/1822
f 2563/3638/1822 3483/3637/1822 3488/3636/1821
f 2562/3640/1823 3485/3641/1825 3484/3639/1823
f 2562/3640/1823 3484/3639/1823 2563/3638/1822
f 2561/3642/1825 2919/3643/1826 3485/3641/1825
f 2561/3642/1825 3485/3641/1825 2562/3640/1823
f 3487/3644/1826 2919/3643/1826 2561/3642/1825
f 2560/3646/1840 3486/3645/1840 2919/3643/1826
f 2560/3646/1840 2919/3643/1826 3487/3644/1826
f 3102/3648/1812 2914/3647/1812 3486/3645/1840
f 3102/3648/1812 3486/3645/1840 2560/3646/1840
f 3506/3669/1794 2887/3670/1841 3505/3671/1794
f 2601/3672/1841 3490/3673/1843 2887/3670/1841
f 2601/3672/1841 2887/3670/1841 3506/3669/1794
f 3500/3674/1843 3491/3675/1844 3490/3673/1843
f 3500/3674/1843 3490/3673/1843 2601/3672/1841
f 3499/3676/1844 2888/3677/1874 3491/3675/1844
f 3499/3676/1844 3491/3675/1844 3500/3674/1843
f 3498/3678/1845 3492/3679/1846 2888/3677/1874
f 3498/3678/1845 2888/3677/1874 3499/3676/1844
f 2600/3680/1876 3493/3681/1847 3492/3679/1846
f 2600/3680/1876 3492/3679/1846 3498/3678/1845
f 2599/3682/1847 2889/3683/1848 3493/3681/1847
f 2599/3682/1847 3493/3681/1847 2600/3680/1876
f 3497/3684/1848 2889/3683/1848 2599/3682/1847
f 3496/3685/1849 3494/3686/1850 2889/3683/1848
f 3496/3685/1849 3495/3650/1811 3494/3686/1850
f 3496/3685/1849 2889/3683/1848 3497/3684/1848
f 2598/3651/1811 3495/3650/1811 3496/3685/1849
f 3101/3648/1813 3501/3687/1861 2890/3647/1813
f 2604/3688/1861 2891/3689/1852 3501/3687/1861
f 2604/3688/1861 3501/3687/1861 3101/3648/1813
f 3511/3690/1852 2892/3691/1853 2891/3689/1852
f 3511/3690/1852 2891/3689/1852 2604/3688/1861
f 3510/3692/1853 3502/3693/1855 2892/3691/1853
f 3510/3692/1853 2892/3691/1853 3511/3690/1852
f 2603/3694/1854 2893/3695/1856 3502/3693/1855
f 2603/3694/1854 3502/3693/1855 3510/3692/1853
f 2602/3696/1856 3503/3697/1857 2893/3695/1856
f 2602/3696/1856 2893/3695/1856 2603/3694/1854
f 3509/3698/1857 3504/3699/1858 3503/3697/1857
f 3509/3698/1857 3503/3697/1857 2602/3696/1856
f 3508/3700/1858 2894/3701/1859 3504/3699/1858
f 3508/3700/1858 3504/3699/1858 3509/3698/1857
f 3507/3702/1860 2894/3701/1859 3508/3700/1858
f 3506/3669/1794 3505/3671/1794 2894/3701/1859
f 3506/3669/1794 2894/3701/1859 3507/3702/1860
f 2596/3649/1828 3512/3652/1829 2897/3650/1810
f 2596/3649/1828 2897/3650/1810 2597/3651/1810
f 2595/3653/1830 3513/3654/1830 3512/3652/1829
f 2595/3653/1830 3514/3655/1831 3513/3654/1830
f 2595/3653/1830 3512/3652/1829 2596/3649/1828
f 3520/3656/1831 3515/3657/1833 3514/3655/1831
f 3520/3656/1831 3514/3655/1831 2595/3653/1830
f 2594/3658/1833 2898/3659/1834 3515/3657/1833
f 2594/3658/1833 3515/3657/1833 3520/3656/1831
f 2593/3660/1834 2899/3661/1836 2898/3659/1834
f 2593/3660/1834 2898/3659/1834 2594/3658/1833
f 3519/3662/1836 3516/3663/1837 2899/3661/1836
f 3519/3662/1836 2899/3661/1836 2593/3660/1834
f 2592/3664/1837 3517/3666/1862 3516/3663/1837
f 2592/3664/1837 3516/3663/1837 3519/3662/1836
f 3518/3665/1862 3521/3667/1798 3517/3666/1862
f 3518/3665/1862 3517/3666/1862 2592/3664/1837
f 2591/3668/1798 3521/3667/1798 3518/3665/1862
f 2591/3563/1798 3522/3631/1863 3521/3562/1798
f 3530/3632/1863 3523/3633/1820 3522/3631/1863
f 3530/3632/1863 3522/3631/1863 2591/3563/1798
f 2590/3634/1820 2895/3635/1821 3523/3633/1820
f 2590/3634/1820 3523/3633/1820 3530/3632/1863
f 3529/3636/1821 3524/3637/1822 2895/3635/1821
f 3529/3636/1821 2895/3635/1821 2590/3634/1820
f 2589/3638/1822 2896/3639/1823 3524/3637/1822
f 2589/3638/1822 3524/3637/1822 3529/3636/1821
f 2588/3640/1823 3525/3641/1825 2896/3639/1823
f 2588/3640/1823 2896/3639/1823 2589/3638/1822
f 2587/3642/1825 3525/3641/1825 2588/3640/1823
f 2586/3644/1826 3526/3643/1826 3525/3641/1825
f 2586/3644/1826 3525/3641/1825 2587/3642/1825
f 2585/3646/1827 3527/3645/1827 3526/3643/1826
f 2585/3646/1827 3100/3647/1812 3527/3645/1827
f 2585/3646/1827 3526/3643/1826 2586/3644/1826
f 3528/3648/1812 3100/3647/1812 2585/3646/1827
f 2534/3563/1814 2949/3631/1819 3110/3562/1814
f 3542/3632/1819 3531/3633/1820 2949/3631/1819
f 3542/3632/1819 2949/3631/1819 2534/3563/1814
f 2533/3634/1820 3532/3635/1821 3531/3633/1820
f 2533/3634/1820 3531/3633/1820 3542/3632/1819
f 3541/3636/1821 2950/3637/1822 3532/3635/1821
f 3541/3636/1821 3532/3635/1821 2533/3634/1820
f 3540/3638/1822 2951/3639/1823 2950/3637/1822
f 3540/3638/1822 2950/3637/1822 3541/3636/1821
f 3539/3640/1823 3533/3641/1825 2951/3639/1823
f 3539/3640/1823 2951/3639/1823 3540/3638/1822
f 3538/3642/1825 3534/3643/1826 3533/3641/1825
f 3538/3642/1825 3533/3641/1825 3539/3640/1823
f 2532/3644/1826 3535/3645/1827 3534/3643/1826
f 2532/3644/1826 3534/3643/1826 3538/3642/1825
f 3537/3646/1840 3535/3645/1827 2532/3644/1826
f 3536/3648/1803 2944/3647/1803 3535/3645/1827
f 3536/3648/1803 3535/3645/1827 3537/3646/1840
f 3536/3648/1803 2945/3687/1861 2944/3647/1803
f 3553/3688/1851 2946/3689/1852 2945/3687/1861
f 3553/3688/1851 2945/3687/1861 3536/3648/1803
f 2531/3690/1852 3543/3691/1853 2946/3689/1852
f 2531/3690/1852 2946/3689/1852 3553/3688/1851
f 3552/3692/1853 3544/3693/1854 3543/3691/1853
f 3552/3692/1853 3543/3691/1853 2531/3690/1852
f 3551/3694/1854 2947/3695/1856 3544/3693/1854
f 3551/3694/1854 3544/3693/1854 3552/3692/1853
f 2530/3696/1856 3545/3697/1857 2947/3695/1856
f 2530/3696/1856 2947/3695/1856 3551/3694/1854
f 2529/3698/1857 3546/3699/1858 3545/3697/1857
f 2529/3698/1857 3545/3697/1857 2530/3696/1856
f 3550/3700/1858 3547/3701/1859 3546/3699/1858
f 3550/3700/1858 3546/3699/1858 2529/3698/1857
f 3549/3702/1859 3547/3701/1859 3550/3700/1858
f 3548/3669/1816 2948/3671/1816 3547/3701/1859
f 3548/3669/1816 3547/3701/1859 3549/3702/1859
f 2543/3669/1817 3554/3670/1841 3111/3671/1817
f 3561/3672/1841 3555/3673/1843 3554/3670/1841
f 3561/3672/1841 3554/3670/1841 2543/3669/1817
f 3560/3674/1843 3556/3675/1844 3555/3673/1843
f 3560/3674/1843 3555/3673/1843 3561/3672/1841
f 2542/3676/1844 2956/3677/1845 3556/3675/1844
f 2542/3676/1844 3556/3675/1844 3560/3674/1843
f 2541/3678/1845 2957/3679/1846 2956/3677/1845
f 2541/3678/1845 2956/3677/1845 2542/3676/1844
f 2540/3680/1846 2958/3681/1847 2957/3679/1846
f 2540/3680/1846 2957/3679/1846 2541/3678/1845
f 2539/3682/1847 2958/3681/1847 2540/3680/1846
f 3559/3684/1848 2959/3683/1848 2958/3681/1847
f 3559/3684/1848 3557/3686/1849 2959/3683/1848
f 3559/3684/1848 2958/3681/1847 2539/3682/1847
f 3558/3685/1850 3557/3686/1849 3559/3684/1848
f 2538/3651/1795 3562/3650/1795 3557/3686/1849
f 2538/3651/1795 3557/3686/1849 3558/3685/1850
f 2537/3649/1829 3562/3650/1795 2538/3651/1795
f 2537/3649/1829 2952/3652/1828 3562/3650/1795
f 2536/3653/1830 3563/3654/1830 2952/3652/1828
f 2536/3653/1830 2953/3655/1831 3563/3654/1830
f 2536/3653/1830 2952/3652/1828 2537/3649/1829
f 2535/3656/1831 3564/3657/1833 2953/3655/1831
f 2535/3656/1831 2953/3655/1831 2536/3653/1830
f 3571/3658/1833 2954/3659/1834 3564/3657/1833
f 3571/3658/1833 3564/3657/1833 2535/3656/1831
f 3570/3660/1834 3565/3661/1836 2954/3659/1834
f 3570/3660/1834 2954/3659/1834 3571/3658/1833
f 3569/3662/1836 2955/3663/1837 3565/3661/1836
f 3569/3662/1836 3565/3661/1836 3570/3660/1834
f 3568/3664/1837 2955/3663/1837 3569/3662/1836
f 3567/3665/1838 3566/3666/1838 2955/3663/1837
f 3567/3665/1838 3108/3667/1815 3566/3666/1838
f 3567/3665/1838 2955/3663/1837 3568/3664/1837
f 3109/3668/1815 3108/3667/1815 3567/3665/1838
f 2611/3669/1794 3573/3670/1841 3572/3671/1794
f 3582/3672/1841 3574/3673/1843 3573/3670/1841
f 3582/3672/1841 3573/3670/1841 2611/3669/1794
f 2610/3674/1843 2879/3675/1844 3574/3673/1843
f 2610/3674/1843 3574/3673/1843 3582/3672/1841
f 3581/3676/1844 2880/3677/1845 2879/3675/1844
f 3581/3676/1844 2879/3675/1844 2610/3674/1843
f 2609/3678/1845 2881/3679/1846 2880/3677/1845
f 2609/3678/1845 2880/3677/1845 3581/3676/1844
f 2608/3680/1876 3575/3681/1847 2881/3679/1846
f 2608/3680/1876 2881/3679/1846 2609/3678/1845
f 3580/3682/1847 3576/3683/1848 3575/3681/1847
f 3580/3682/1847 3575/3681/1847 2608/3680/1876
f 2607/3684/1848 3576/3683/1848 3580/3682/1847
f 2606/3685/1849 3577/3686/1849 3576/3683/1848
f 2606/3685/1849 3578/3650/1811 3577/3686/1849
f 2606/3685/1849 3576/3683/1848 2607/3684/1848
f 3579/3651/1811 3578/3650/1811 2606/3685/1849
f 3099/3648/1813 3584/3687/1851 3583/3647/1813
f 2617/3688/1861 2882/3689/1852 3584/3687/1851
f 2617/3688/1861 3584/3687/1851 3099/3648/1813
f 2616/3690/1852 2883/3691/1853 2882/3689/1852
f 2616/3690/1852 2882/3689/1852 2617/3688/1861
f 3588/3692/1853 2884/3693/1855 2883/3691/1853
f 3588/3692/1853 2883/3691/1853 2616/3690/1852
f 2615/3694/1854 3585/3695/1856 2884/3693/1855
f 2615/3694/1854 2884/3693/1855 3588/3692/1853
f 2614/3696/1875 2885/3697/1857 3585/3695/1856
f 2614/3696/1875 3585/3695/1856 2615/3694/1854
f 3587/3698/1857 2886/3699/1858 2885/3697/1857
f 3587/3698/1857 2885/3697/1857 2614/3696/1875
f 2613/3700/1858 3586/3701/1859 2886/3699/1858
f 2613/3700/1858 2886/3699/1858 3587/3698/1857
f 2612/3702/1859 3586/3701/1859 2613/3700/1858
f 2611/3669/1794 3572/3671/1794 3586/3701/1859
f 2611/3669/1794 3586/3701/1859 2612/3702/1859
f 2628/3649/1829 3589/3652/1829 3096/3650/1810
f 2628/3649/1829 3096/3650/1810 2605/3651/1810
f 2627/3653/1830 3590/3654/1830 3589/3652/1829
f 2627/3653/1830 3591/3655/1831 3590/3654/1830
f 2627/3653/1830 3589/3652/1829 2628/3649/1829
f 2626/3656/1831 3592/3657/1833 3591/3655/1831
f 2626/3656/1831 3591/3655/1831 2627/3653/1830
f 2625/3658/1833 3593/3659/1834 3592/3657/1833
f 2625/3658/1833 3592/3657/1833 2626/3656/1831
f 3596/3660/1834 2876/3661/1836 3593/3659/1834
f 3596/3660/1834 3593/3659/1834 2625/3658/1833
f 3595/3662/1836 2877/3663/1837 2876/3661/1836
f 3595/3662/1836 2876/3661/1836 3596/3660/1834
f 2624/3664/1837 2877/3663/1837 3595/3662/1836
f 3594/3665/1838 2878/3666/1862 2877/3663/1837
f 3594/3665/1838 2872/3667/1798 2878/3666/1862
f 3594/3665/1838 2877/3663/1837 2624/3664/1837
f 3597/3668/1798 2872/3667/1798 3594/3665/1838
f 3597/3563/1798 3598/3631/1863 2872/3562/1798
f 2623/3632/1863 3599/3633/1820 3598/3631/1863
f 2623/3632/1863 3598/3631/1863 3597/3563/1798
f 2622/3634/1820 3600/3635/1821 3599/3633/1820
f 2622/3634/1820 3599/3633/1820 2623/3632/1863
f 3604/3636/1821 2873/3637/1822 3600/3635/1821
f 3604/3636/1821 3600/3635/1821 2622/3634/1820
f 2621/3638/1822 2874/3639/1823 2873/3637/1822
f 2621/3638/1822 2873/3637/1822 3604/3636/1821
f 3603/3640/1823 3601/3641/1825 2874/3639/1823
f 3603/3640/1823 2874/3639/1823 2621/3638/1822
f 2620/3642/1825 2875/3643/1826 3601/3641/1825
f 2620/3642/1825 3601/3641/1825 3603/3640/1823
f 2619/3644/1826 2875/3643/1826 2620/3642/1825
f 2618/3646/1827 3602/3645/1840 2875/3643/1826
f 2618/3646/1827 2875/3643/1826 2619/3644/1826
f 3098/3648/1812 3097/3647/1812 3602/3645/1840
f 3098/3648/1812 3602/3645/1840 2618/3646/1827
f 3611/3669/1794 3605/3670/1841 2779/3671/1794
f 3610/3672/1841 2780/3673/1843 3605/3670/1841
f 3610/3672/1841 3605/3670/1841 3611/3669/1794
f 3609/3674/1843 2781/3675/1844 2780/3673/1843
f 3609/3674/1843 2780/3673/1843 3610/3672/1841
f 3608/3676/1844 2782/3677/1845 2781/3675/1844
f 3608/3676/1844 2781/3675/1844 3609/3674/1843
f 3607/3678/1874 2783/3679/1876 2782/3677/1845
f 3607/3678/1874 2782/3677/1845 3608/3676/1844
f 2724/3680/1846 2784/3681/1847 2783/3679/1876
f 2724/3680/1846 2783/3679/1876 3607/3678/1874
f 2723/3682/1847 2785/3683/1848 2784/3681/1847
f 2723/3682/1847 2784/3681/1847 2724/3680/1846
f 3606/3684/1848 2785/3683/1848 2723/3682/1847
f 2722/3685/1850 2786/3686/1850 2785/3683/1848
f 2722/3685/1850 2778/3650/1811 2786/3686/1850
f 2722/3685/1850 2785/3683/1848 3606/3684/1848
f 2721/3651/1811 2778/3650/1811 2722/3685/1850
f 3081/3648/1813 2787/3687/1851 3080/3647/1813
f 2727/3688/1861 3612/3689/1852 2787/3687/1851
f 2727/3688/1861 2787/3687/1851 3081/3648/1813
f 3621/3690/1852 3613/3691/1853 3612/3689/1852
f 3621/3690/1852 3612/3689/1852 2727/3688/1861
f 2726/3692/1853 3614/3693/1854 3613/3691/1853
f 2726/3692/1853 3613/3691/1853 3621/3690/1852
f 2725/3694/1854 2788/3695/1875 3614/3693/1854
f 2725/3694/1854 3614/3693/1854 2726/3692/1853
f 3620/3696/1856 3615/3697/1857 2788/3695/1875
f 3620/3696/1856 2788/3695/1875 2725/3694/1854
f 3619/3698/1857 3616/3699/1858 3615/3697/1857
f 3619/3698/1857 3615/3697/1857 3620/3696/1856
f 3618/3700/1858 2789/3701/1859 3616/3699/1858
f 3618/3700/1858 3616/3699/1858 3619/3698/1857
f 3617/3702/1859 2789/3701/1859 3618/3700/1858
f 3611/3669/1794 2779/3671/1794 2789/3701/1859
f 3611/3669/1794 2789/3701/1859 3617/3702/1859
f 2733/3563/1798 3623/3631/1819 3622/3562/1798
f 2732/3632/1863 3624/3633/1820 3623/3631/1819
f 2732/3632/1863 3623/3631/1819 2733/3563/1798
f 2731/3634/1820 3625/3635/1821 3624/3633/1820
f 2731/3634/1820 3624/3633/1820 2732/3632/1863
f 3634/3636/1821 3626/3637/1822 3625/3635/1821
f 3634/3636/1821 3625/3635/1821 2731/3634/1820
f 3633/3638/1822 3627/3639/1823 3626/3637/1822
f 3633/3638/1822 3626/3637/1822 3634/3636/1821
f 2730/3640/1823 3628/3641/1825 3627/3639/1823
f 2730/3640/1823 3627/3639/1823 3633/3638/1822
f 2729/3642/1825 3629/3643/1826 3628/3641/1825
f 2729/3642/1825 3628/3641/1825 2730/3640/1823
f 3632/3644/1826 2774/3645/1827 3629/3643/1826
f 3632/3644/1826 3629/3643/1826 2729/3642/1825
f 2728/3646/1840 3630/3647/1812 2774/3645/1827
f 2728/3646/1840 2774/3645/1827 3632/3644/1826
f 3631/3648/1812 3630/3647/1812 2728/3646/1840
f 2738/3649/1828 3636/3650/1810 3635/3651/1810
f 2738/3649/1828 3637/3652/1829 3636/3650/1810
f 2737/3653/1830 3638/3654/1830 3637/3652/1829
f 2737/3653/1830 2775/3655/1831 3638/3654/1830
f 2737/3653/1830 3637/3652/1829 2738/3649/1828
f 3644/3656/1831 2776/3657/1833 2775/3655/1831
f 3644/3656/1831 2775/3655/1831 2737/3653/1830
f 2736/3658/1832 3639/3659/1834 2776/3657/1833
f 2736/3658/1832 2776/3657/1833 3644/3656/1831
f 3643/3660/1834 3640/3661/1836 3639/3659/1834
f 3643/3660/1834 3639/3659/1834 2736/3658/1832
f 3642/3662/1836 3641/3663/1837 3640/3661/1836
f 3642/3662/1836 3640/3661/1836 3643/3660/1834
f 2735/3664/1837 2777/3666/1838 3641/3663/1837
f 2735/3664/1837 3641/3663/1837 3642/3662/1836
f 2734/3665/1862 3622/3667/1798 2777/3666/1838
f 2734/3665/1862 2777/3666/1838 2735/3664/1837
f 2733/3668/1798 3622/3667/1798 2734/3665/1862
f 2739/3721/1877 3703/3722/1878 3646/3563/1878
f 2739/3721/1877 3646/3563/1878 3647/3723/1877
f 2740/3724/1879 3647/3723/1877 3648/3725/1879
f 2740/3724/1879 2739/3721/1877 3647/3723/1877
f 3645/3726/1880 3648/3725/1879 3649/3727/1880
f 3645/3726/1880 2740/3724/1879 3648/3725/1879
f 2741/3728/1881 3649/3727/1880 3012/3729/1881
f 2741/3728/1881 3645/3726/1880 3649/3727/1880
f 2742/3730/1882 2741/3722/1881 3012/3563/1881
f 2742/3730/1882 3012/3563/1881 3013/3731/1882
f 2743/3732/1883 3013/3731/1882 3654/3733/1883
f 2743/3732/1883 2742/3730/1882 3013/3731/1882
f 3650/3724/1884 3654/3733/1883 3655/3725/1884
f 3650/3724/1884 2743/3732/1883 3654/3733/1883
f 3651/3734/1885 3655/3725/1884 3656/3735/1885
f 3651/3734/1885 3650/3724/1884 3655/3725/1884
f 3652/3736/1886 3656/3735/1885 3014/3737/1886
f 3652/3736/1886 3651/3734/1885 3656/3735/1885
f 3653/3728/1887 3014/3737/1886 3015/3729/1887
f 3653/3728/1887 3652/3736/1886 3014/3737/1886
f 2744/3721/1888 3653/3722/1887 3015/3563/1887
f 2744/3721/1888 3015/3563/1887 3660/3723/1888
f 3657/3724/1889 3660/3723/1888 3016/3725/1889
f 3657/3724/1889 2744/3721/1888 3660/3723/1888
f 3658/3726/1890 3016/3725/1889 3017/3727/1890
f 3658/3726/1890 3657/3724/1889 3016/3725/1889
f 3659/3728/1891 3017/3727/1890 3661/3729/1891
f 3659/3728/1891 3658/3726/1890 3017/3727/1890
f 2745/3738/1892 3659/3739/1891 3661/3563/1891
f 2745/3738/1892 3661/3563/1891 3018/3740/1892
f 2746/3721/1893 2745/3722/1892 3018/3563/1892
f 2746/3721/1893 3018/3563/1892 3019/3723/1893
f 3662/3724/1894 3019/3723/1893 3020/3725/1894
f 3662/3724/1894 2746/3721/1893 3019/3723/1893
f 3663/3726/1895 3020/3725/1894 3021/3727/1895
f 3663/3726/1895 3662/3724/1894 3020/3725/1894
f 2747/3728/1896 3021/3727/1895 3022/3729/1896
f 2747/3728/1896 3663/3726/1895 3021/3727/1895
f 2747/3722/1896 3022/3563/1896 3023/3731/1897
f 2748/3730/1897 3023/3731/1897 3665/3733/1898
f 2748/3730/1897 2747/3722/1896 3023/3731/1897
f 3664/3732/1898 3665/3733/1898 3666/3725/1899
f 3664/3732/1898 2748/3730/1897 3665/3733/1898
f 2749/3724/1899 3666/3725/1899 3667/3735/1900
f 2749/3724/1899 3664/3732/1898 3666/3725/1899
f 2750/3734/1900 3667/3735/1900 3668/3737/1901
f 2750/3734/1900 2749/3724/1899 3667/3735/1900
f 2751/3736/1901 2750/3734/1900 3668/3737/1901
f 3669/3728/1902 3668/3737/1901 3024/3729/1902
f 3669/3728/1902 2751/3736/1901 3668/3737/1901
f 3670/3721/1903 3669/3722/1902 3024/3563/1902
f 3670/3721/1903 3024/3563/1902 3025/3723/1903
f 2752/3724/1904 3025/3723/1903 3672/3725/1904
f 2752/3724/1904 3670/3721/1903 3025/3723/1903
f 3671/3726/1905 3672/3725/1904 3673/3727/1905
f 3671/3726/1905 2752/3724/1904 3672/3725/1904
f 3674/3728/1906 3673/3727/1905 3675/3729/1907
f 3674/3728/1906 3671/3726/1905 3673/3727/1905
f 3678/3741/1908 3674/3739/1906 3675/3563/1907
f 2753/3742/1908 3674/3739/1906 3678/3741/1908
f 2754/3721/1909 2753/3722/1908 3678/3563/1908
f 2754/3721/1909 3678/3563/1908 3679/3723/1909
f 3676/3724/1910 3679/3723/1909 3026/3725/1910
f 3676/3724/1910 2754/3721/1909 3679/3723/1909
f 2755/3726/1911 3026/3725/1910 3680/3727/1911
f 2755/3726/1911 3676/3724/1910 3026/3725/1910
f 3677/3728/1912 3680/3727/1911 3027/3729/1912
f 3677/3728/1912 2755/3726/1911 3680/3727/1911
f 3681/3743/1913 3677/3744/1912 3027/3745/1912
f 3681/3743/1913 3027/3745/1912 3028/3746/1913
f 3682/3747/1914 3028/3746/1913 3684/3748/1914
f 3682/3747/1914 3681/3743/1913 3028/3746/1913
f 3683/3749/1915 3684/3748/1914 3685/3750/1915
f 3683/3749/1915 3682/3747/1914 3684/3748/1914
f 2756/3751/1916 3685/3750/1915 3029/3752/1916
f 2756/3751/1916 3683/3749/1915 3685/3750/1915
f 2757/3753/1917 3029/3752/1916 3030/3754/1917
f 2757/3753/1917 2756/3751/1916 3029/3752/1916
f 2758/3721/1918 2757/3722/1917 3030/3563/1917
f 2758/3721/1918 3030/3563/1917 3031/3723/1918
f 3686/3724/1919 3031/3723/1918 3687/3725/1919
f 3686/3724/1919 2758/3721/1918 3031/3723/1918
f 2759/3726/1920 3687/3725/1919 3032/3727/1920
f 2759/3726/1920 3686/3724/1919 3687/3725/1919
f 3689/3728/1921 3032/3727/1920 3688/3729/1921
f 3689/3728/1921 2759/3726/1920 3032/3727/1920
f 3691/3755/1922 3689/3739/1921 3688/3563/1921
f 2760/3756/1922 3689/3739/1921 3691/3755/1922
f 2761/3721/1923 2760/3722/1922 3691/3563/1922
f 2761/3721/1923 3691/3563/1922 3692/3723/1923
f 2762/3724/1924 3692/3723/1923 3693/3725/1924
f 2762/3724/1924 2761/3721/1923 3692/3723/1923
f 3690/3726/1925 3693/3725/1924 3694/3727/1925
f 3690/3726/1925 2762/3724/1924 3693/3725/1924
f 3695/3728/1926 3694/3727/1925 3033/3729/1926
f 3695/3728/1926 3690/3726/1925 3694/3727/1925
f 2763/3757/1927 3695/3758/1926 3033/3759/1926
f 2763/3757/1927 3033/3759/1926 3034/3760/1927
f 2764/3761/1928 3034/3760/1927 3035/3762/1928
f 2764/3761/1928 2763/3757/1927 3034/3760/1927
f 3696/3763/1929 3035/3762/1928 3036/3764/1929
f 3696/3763/1929 3036/3764/1929 3037/3765/1930
f 3696/3763/1929 2764/3761/1928 3035/3762/1928
f 3697/3766/1930 3696/3763/1929 3037/3765/1930
f 3698/3767/1931 3037/3765/1930 3038/3768/1931
f 3698/3767/1931 3697/3766/1930 3037/3765/1930
f 3699/3721/1932 3698/3722/1931 3038/3563/1931
f 3699/3721/1932 3038/3563/1931 3702/3723/1932
f 2765/3724/1933 3702/3723/1932 3039/3725/1933
f 2765/3724/1933 3699/3721/1932 3702/3723/1932
f 3700/3726/1934 3039/3725/1933 3040/3727/1934
f 3700/3726/1934 2765/3724/1933 3039/3725/1933
f 3701/3728/1935 3040/3727/1934 3041/3729/1936
f 3701/3728/1935 3700/3726/1934 3040/3727/1934
f 3701/3742/1935 3646/3563/1878 3703/3739/1878
f 3701/3742/1935 3041/3741/1936 3646/3563/1878
o Stator_Base
v 23.802456 -56.782055 64.569992
v 24.019979 -56.636711 64.569992
v 24.216671 -56.464218 64.569992
v 22.566584 -35.422443 62.982494
v 28.374788 -30.965652 62.982494
v 40.056110 -12.629648 62.982498
v 41.960026 1.832009 62.982498
v 41.004433 9.090459 62.982498
v 38.802940 16.072701 62.982498
v 35.422440 22.566580 62.982498
v 25.567980 33.320835 62.982502
v 19.393442 37.254452 62.982502
v 12.629643 40.056107 62.982502
v 5.482100 41.640682 62.982502
v -1.832014 41.960022 62.982502
v -16.072704 38.802937 64.570000
v 22.566584 -35.422443 64.570000
v 28.374788 -30.965654 64.570000
v 37.254456 -19.393448 64.570000
v 41.960026 1.832009 64.570000
v 25.567980 33.320835 64.570000
v 19.393442 37.254452 64.570000
v 5.482100 41.640682 64.570000
v -1.832014 41.960022 64.570000
v 57.025375 23.115320 64.570000
v 56.952114 23.420485 64.570000
v 56.832012 23.710432 64.570000
v -23.115326 57.025372 64.570007
v -23.420490 56.952110 64.570007
v -23.710438 56.832008 64.570007
v -23.978027 56.668030 64.570007
v -56.668034 23.978022 64.570000
v -56.832012 23.710432 64.570000
v -56.952114 23.420485 64.570000
v -57.049999 -22.802462 64.570000
v -56.952114 -23.420496 64.570000
v -56.832012 -23.710443 64.570000
v -24.216671 -56.464218 64.569992
v -23.420490 -56.952118 64.569992
v 22.802456 -57.050003 64.569992
v 56.464214 -24.216677 64.570000
v 57.025375 -23.115332 64.570000
v 33.320839 -25.567986 64.570000
v 40.056110 -12.629648 64.570000
v 41.640686 -5.482105 64.570000
v 41.004433 9.090459 64.570000
v 38.802940 16.072699 64.570000
v 35.422440 22.566578 64.570000
v 30.965649 28.374783 64.570000
v 12.629643 40.056107 64.570000
v -9.090464 41.004429 64.570000
v -28.374788 30.965643 64.570000
v -40.056110 12.629639 64.570000
v -41.640686 5.482095 64.570000
v -41.004433 -9.090468 64.570000
v -38.802940 -16.072710 64.570000
v -35.422440 -22.566589 64.570000
v -5.482100 -41.640690 64.570000
v 23.710438 56.832008 62.982502
v -22.802456 57.049995 62.982502
v -23.978027 56.668030 62.982502
v -23.710438 56.832008 62.982502
v -23.115326 57.025372 62.982502
v -56.464214 24.216667 62.982498
v -56.668034 23.978024 62.982498
v -56.668034 -23.978031 62.982498
v -56.952114 -23.420494 62.982498
v -22.802456 -57.050003 62.982494
v 23.320095 -56.981857 62.982494
v 23.063509 -57.032894 62.982494
v 24.216671 -56.464218 62.982494
v 24.019979 -56.636711 62.982494
v 23.802456 -56.782055 62.982494
v 57.025375 -23.115330 62.982498
v 56.952114 -23.420494 62.982498
v 57.049999 22.802452 62.982498
v 56.832012 23.710434 62.982498
v -16.072704 38.802937 62.982502
v -28.374788 30.965645 62.982502
v -37.254456 19.393438 62.982498
v -41.004433 -9.090468 62.982498
v -35.422440 -22.566587 62.982498
v -25.567980 -33.320843 62.982494
v -19.393442 -37.254459 62.982494
v -12.629643 -40.056114 62.982494
v 33.320839 -25.567984 62.982494
v 37.254456 -19.393446 62.982498
v 41.640686 -5.482105 62.982498
v 30.965649 28.374784 62.982502
v -9.090464 41.004429 62.982502
v 57.049999 -22.802462 64.570000
v 57.049999 -22.802460 62.982498
v 24.216671 56.464211 62.982502
v 56.464214 24.216667 62.982498
v 22.802456 57.049995 64.570007
v -56.464214 -24.216677 64.570000
v -56.464214 -24.216675 62.982498
v -22.566584 35.422436 62.982502
v -33.320839 25.567976 62.982502
v -40.056110 12.629639 62.982498
v -41.640686 5.482095 62.982498
v -41.960026 -1.832019 62.982498
v -38.802940 -16.072708 62.982498
v -30.965649 -28.374792 62.982494
v -5.482100 -41.640690 62.982494
v 1.832014 -41.960030 62.982494
v 9.090464 -41.004436 62.982494
v 16.072704 -38.802944 62.982494
v 16.072704 -38.802944 64.570000
v -22.566584 35.422436 64.570000
v -33.320839 25.567974 64.570000
v -37.254456 19.393436 64.570000
v -41.960026 -1.832019 64.570000
v -30.965649 -28.374794 64.570000
v -25.567980 -33.320843 64.570000
v -19.393442 -37.254459 64.570000
v -12.629643 -40.056114 64.570000
v 1.832014 -41.960030 64.570000
v 9.090464 -41.004436 64.570000
v 57.049999 22.802450 64.570000
v 56.668034 23.978022 64.570000
v 56.464214 24.216665 64.570000
v 56.668034 23.978024 62.982498
v 56.952114 23.420486 62.982498
v 57.025375 23.115322 62.982498
v 56.668034 -23.978033 64.570000
v 56.832012 -23.710443 64.570000
v 56.952114 -23.420496 64.570000
v 56.464214 -24.216675 62.982498
v 56.832012 -23.710442 62.982498
v 56.668034 -23.978031 62.982498
v 23.567823 -56.897762 64.569992
v 23.567823 -56.897762 62.982494
v 23.063509 -57.032894 64.569992
v 23.320095 -56.981857 64.569992
v 22.802456 -57.050003 62.982494
v -23.978027 -56.668037 64.569992
v -23.710438 -56.832016 64.569992
v -23.115326 -57.025379 64.569992
v -22.802456 -57.050003 64.569992
v -24.216671 -56.464218 62.982494
v -23.115326 -57.025379 62.982494
v -23.420490 -56.952118 62.982494
v -23.710438 -56.832016 62.982494
v -23.978027 -56.668037 62.982494
v -57.025375 -23.115332 64.570000
v -56.668034 -23.978033 64.570000
v -57.049999 -22.802460 62.982498
v -56.832012 -23.710442 62.982498
v -57.025375 -23.115330 62.982498
v -56.464214 24.216665 64.570000
v -57.025375 23.115320 64.570000
v -57.049999 22.802450 64.570000
v -57.049999 22.802452 62.982498
v -57.025375 23.115322 62.982498
v -56.952114 23.420486 62.982498
v -56.832012 23.710434 62.982498
v -22.802456 57.049995 64.570007
v -24.216671 56.464211 64.570007
v -24.216671 56.464211 62.982502
v -23.420490 56.952110 62.982502
v 24.216671 56.464211 64.570007
v 23.978027 56.668030 64.570007
v 23.710438 56.832008 64.570007
v 23.420490 56.952110 64.570007
v 23.115326 57.025372 64.570007
v 22.802456 57.049995 62.982502
v 23.115326 57.025372 62.982502
v 23.420490 56.952110 62.982502
v 23.978027 56.668030 62.982502
v 23.802456 -56.782055 53.157497
v 24.216671 -56.464218 51.569996
v 24.019979 -56.636711 51.569996
v 23.802456 -56.782055 51.569996
v 16.072704 -38.802944 53.157497
v 33.320839 -25.567984 51.569996
v 37.254456 -19.393446 51.570000
v 40.056110 -12.629647 51.570000
v 41.004433 9.090460 51.570000
v 38.802940 16.072701 51.570000
v 35.422440 22.566580 51.570000
v 30.965649 28.374784 51.570004
v 19.393442 37.254452 51.570004
v 5.482100 41.640682 51.570004
v -1.832014 41.960022 51.570004
v -16.072704 38.802937 53.157505
v 37.254456 -19.393446 53.157501
v 40.056110 -12.629647 53.157501
v 41.960026 1.832010 53.157501
v 41.004433 9.090460 53.157501
v 38.802940 16.072701 53.157501
v 25.567980 33.320835 53.157505
v 19.393442 37.254452 53.157505
v 12.629643 40.056107 53.157505
v 5.482100 41.640682 53.157505
v -1.832014 41.960022 53.157505
v 57.025375 23.115322 53.157501
v 56.952114 23.420486 53.157501
v 56.832012 23.710434 53.157501
v 23.115326 57.025372 53.157505
v -23.710438 56.832008 53.157505
v -23.978027 56.668030 53.157505
v -56.952114 23.420486 53.157501
v -57.049999 22.802452 53.157501
v -56.832012 -23.710442 53.157501
v -23.978027 -56.668037 53.157497
v -23.710438 -56.832016 53.157497
v -22.802456 -57.050003 53.157497
v 23.063509 -57.032894 53.157497
v 24.019979 -56.636711 53.157497
v 22.566584 -35.422443 53.157497
v 28.374788 -30.965652 53.157497
v 33.320839 -25.567984 53.157497
v 41.640686 -5.482104 53.157501
v 35.422440 22.566580 53.157501
v 30.965649 28.374784 53.157505
v -9.090464 41.004429 53.157505
v -22.566584 35.422436 53.157505
v -28.374788 30.965645 53.157505
v -33.320839 25.567976 53.157505
v -41.640686 5.482096 53.157501
v -35.422440 -22.566587 53.157501
v -25.567980 -33.320843 53.157497
v -19.393442 -37.254459 53.157497
v -12.629643 -40.056114 53.157497
v -5.482100 -41.640690 53.157497
v 22.802456 57.049995 51.570004
v 23.115326 57.025372 51.570004
v 23.420490 56.952110 51.570004
v 23.710438 56.832008 51.570004
v -23.710438 56.832008 51.570004
v -23.420490 56.952110 51.570004
v -56.832012 23.710434 51.570000
v -56.668034 23.978024 51.570000
v -56.668034 -23.978031 51.570000
v -56.832012 -23.710442 51.570000
v -24.216671 -56.464218 51.569996
v 57.025375 -23.115330 51.570000
v 56.832012 -23.710442 51.570000
v 56.464214 24.216667 51.570000
v 56.952114 23.420486 51.570000
v 57.025375 23.115322 51.570000
v -22.566584 35.422436 51.570004
v -33.320839 25.567976 51.570004
v -41.004433 -9.090467 51.570000
v -38.802940 -16.072708 51.570000
v -25.567980 -33.320843 51.569996
v -19.393442 -37.254459 51.569996
v -5.482100 -41.640690 51.569996
v 9.090464 -41.004436 51.569996
v 22.566584 -35.422443 51.569996
v 28.374788 -30.965652 51.569996
v 41.640686 -5.482104 51.570000
v 41.960026 1.832010 51.570000
v 25.567980 33.320835 51.570004
v 12.629643 40.056107 51.570004
v -9.090464 41.004429 51.570004
v 22.802456 -57.050003 51.569996
v 24.216671 -56.464218 53.157497
v 56.464214 -24.216675 51.570000
v 57.049999 -22.802460 53.157501
v 57.049999 22.802452 53.157501
v 57.049999 22.802452 51.570000
v 24.216671 56.464211 51.570004
v -22.802456 57.049995 51.570004
v -24.216671 56.464211 53.157505
v -57.049999 22.802452 51.570000
v -57.049999 -22.802460 51.570000
v -56.464214 -24.216675 53.157501
v -56.464214 -24.216675 51.570000
v -24.216671 -56.464218 53.157497
v -16.072704 38.802937 51.570004
v -28.374788 30.965645 51.570004
v -37.254456 19.393438 51.570000
v -40.056110 12.629640 51.570000
v -41.640686 5.482096 51.570000
v -41.960026 -1.832018 51.570000
v -35.422440 -22.566587 51.570000
v -30.965649 -28.374792 51.569996
v -12.629643 -40.056114 51.569996
v 1.832014 -41.960030 51.569996
v 16.072704 -38.802944 51.569996
v -37.254456 19.393438 53.157501
v -40.056110 12.629640 53.157501
v -41.960026 -1.832018 53.157501
v -41.004433 -9.090467 53.157501
v -38.802940 -16.072708 53.157501
v -30.965649 -28.374792 53.157497
v 1.832014 -41.960030 53.157497
v 9.090464 -41.004436 53.157497
v 56.668034 23.978024 53.157501
v 56.464214 24.216667 53.157501
v 56.668034 23.978024 51.570000
v 56.832012 23.710434 51.570000
v 56.464214 -24.216675 53.157501
v 56.668034 -23.978031 53.157501
v 56.832012 -23.710442 53.157501
v 56.952114 -23.420494 53.157501
v 57.025375 -23.115330 53.157501
v 57.049999 -22.802460 51.570000
v 56.952114 -23.420494 51.570000
v 56.668034 -23.978031 51.570000
v 23.567823 -56.897762 53.157497
v 23.567823 -56.897762 51.569996
v 22.802456 -57.050003 53.157497
v 23.320095 -56.981857 53.157497
v 23.320095 -56.981857 51.569996
v 23.063509 -57.032894 51.569996
v -23.420490 -56.952118 53.157497
v -23.115326 -57.025379 53.157497
v -22.802456 -57.050003 51.569996
v -23.115326 -57.025379 51.569996
v -23.420490 -56.952118 51.569996
v -23.710438 -56.832016 51.569996
v -23.978027 -56.668037 51.569996
v -57.049999 -22.802460 53.157501
v -57.025375 -23.115330 53.157501
v -56.952114 -23.420494 53.157501
v -56.668034 -23.978031 53.157501
v -56.952114 -23.420494 51.570000
v -57.025375 -23.115330 51.570000
v -56.464214 24.216667 53.157501
v -56.668034 23.978024 53.157501
v -56.832012 23.710434 53.157501
v -57.025375 23.115322 53.157501
v -56.464214 24.216667 51.570000
v -57.025375 23.115322 51.570000
v -56.952114 23.420486 51.570000
v -22.802456 57.049995 53.157505
v -23.115326 57.025372 53.157505
v -23.420490 56.952110 53.157505
v -24.216671 56.464211 51.570004
v -23.978027 56.668030 51.570004
v -23.115326 57.025372 51.570004
v 24.216671 56.464211 53.157505
v 23.978027 56.668030 53.157505
v 23.710438 56.832008 53.157505
v 23.420490 56.952110 53.157505
v 22.802456 57.049995 53.157505
v 23.978027 56.668030 51.570004
vn 0.6088 -0.7933 -0.0000
vn 0.6836 -0.7299 -0.0000
vn 0.6088 -0.7934 -0.0000
vn 0.5000 -0.8660 -0.0000
vn 0.3827 -0.9239 -0.0000
vn 0.2164 -0.9763 -0.0000
vn 0.0436 -0.9990 -0.0000
vn -0.1305 -0.9914 -0.0000
vn -0.3007 -0.9537 -0.0000
vn -0.4617 -0.8870 -0.0000
vn -0.6088 -0.7934 -0.0000
vn -0.7373 -0.6756 -0.0000
vn -0.8434 -0.5373 -0.0000
vn -0.9239 -0.3827 -0.0000
vn -0.9763 -0.2164 -0.0000
vn -0.9990 -0.0436 -0.0000
vn -0.9914 0.1305 -0.0000
vn -0.9537 0.3007 -0.0000
vn -0.8870 0.4617 -0.0000
vn -0.7934 0.6088 -0.0000
vn -0.6756 0.7373 -0.0000
vn -0.5373 0.8434 -0.0000
vn -0.3827 0.9239 -0.0000
vn -0.0000 -0.0000 1.0000
vn -0.0000 -0.0001 1.0000
vn -0.0000 0.0001 1.0000
vn -0.0000 -0.0002 1.0000
vn -0.0000 -0.0004 1.0000
vn -0.0000 0.0002 1.0000
vn -0.0000 -0.0000 -1.0000
vn -0.0000 -0.0001 -1.0000
vn -0.0000 0.0001 -1.0000
vn -0.0000 -0.0004 -1.0000
vn -0.0000 -0.0002 -1.0000
vn -0.0000 0.0002 -1.0000
vn -0.0393 -0.9992 -0.0000
vn 0.0327 -0.9995 -0.0000
vn 0.7343 -0.6788 -0.0000
vn 0.9992 -0.0393 -0.0000
vn 0.9992 0.0393 -0.0000
vn 0.7343 0.6788 -0.0000
vn 0.6788 0.7343 -0.0000
vn 0.0393 0.9992 -0.0000
vn -0.0393 0.9992 -0.0000
vn -0.6788 0.7343 -0.0000
vn -0.7343 0.6788 -0.0000
vn -0.9992 0.0393 -0.0000
vn -0.9992 -0.0393 -0.0000
vn -0.7343 -0.6788 -0.0000
vn -0.6788 -0.7343 -0.0000
vn -0.2164 0.9763 -0.0000
vn -0.0436 0.9990 -0.0000
vn 0.1305 0.9914 -0.0000
vn 0.3007 0.9537 -0.0000
vn 0.4617 0.8870 -0.0000
vn 0.6088 0.7934 -0.0000
vn 0.7373 0.6756 -0.0000
vn 0.8434 0.5373 -0.0000
vn 0.9239 0.3827 -0.0000
vn 0.9763 0.2164 -0.0000
vn 0.9990 0.0436 -0.0000
vn 0.9914 -0.1305 -0.0000
vn 0.9537 -0.3007 -0.0000
vn 0.8870 -0.4617 -0.0000
vn 0.7934 -0.6088 -0.0000
vn 0.6756 -0.7373 -0.0000
vn 0.5373 -0.8434 -0.0000
vn 0.8090 0.5878 -0.0000
vn 0.8910 0.4540 -0.0000
vn 0.9511 0.3090 -0.0000
vn 0.9877 0.1564 -0.0000
vn 0.9877 -0.1564 -0.0000
vn 0.9511 -0.3090 -0.0000
vn 0.8910 -0.4540 -0.0000
vn 0.8090 -0.5878 -0.0000
vn 0.2588 -0.9659 -0.0000
vn 0.1305 -0.9914 -0.0000
vn -0.1564 -0.9877 -0.0000
vn -0.3090 -0.9511 -0.0000
vn -0.4540 -0.8910 -0.0000
vn -0.5878 -0.8090 -0.0000
vn -0.8090 -0.5878 -0.0000
vn -0.8910 -0.4540 -0.0000
vn -0.9511 -0.3090 -0.0000
vn -0.9877 -0.1564 -0.0000
vn -0.9877 0.1564 -0.0000
vn -0.9511 0.3090 -0.0000
vn -0.8910 0.4540 -0.0000
vn -0.8090 0.5878 -0.0000
vn -0.5878 0.8090 -0.0000
vn -0.4540 0.8910 -0.0000
vn -0.3090 0.9511 -0.0000
vn -0.1564 0.9877 -0.0000
vn 0.1564 0.9877 -0.0000
vn 0.3090 0.9511 -0.0000
vn 0.4540 0.8910 -0.0000
vn 0.5878 0.8090 -0.0000
vt 6.021386 1.587500
vt 5.890486 0.000000
vt 6.021386 0.000000
vt 5.890486 1.587500
vt 6.152286 1.587500
vt 6.152286 0.000000
vt 6.283185 1.587500
vt 6.283185 0.000000
vt 3.316126 1.587500
vt 3.141593 0.000000
vt 3.141593 1.587500
vt 3.316126 0.000000
vt 3.490659 1.587500
vt 3.665191 0.000000
vt 3.490659 0.000000
vt 3.665191 1.587500
vt 3.839724 1.587500
vt 3.839724 0.000000
vt 4.014257 1.587500
vt 4.014257 0.000000
vt 4.188790 1.587500
vt 4.188790 0.000000
vt 4.363323 1.587500
vt 4.537856 0.000000
vt 4.363323 0.000000
vt 4.537856 1.587500
vt 4.712389 1.587500
vt 4.712389 0.000000
vt 4.886922 1.587500
vt 4.886922 0.000000
vt 5.061455 1.587500
vt 5.061455 0.000000
vt 5.235988 1.587500
vt 5.235988 0.000000
vt 5.410521 1.587500
vt 5.410521 0.000000
vt 5.585053 1.587500
vt 5.759586 0.000000
vt 5.585053 0.000000
vt 5.759586 1.587500
vt 5.934119 1.587500
vt 5.934119 0.000000
vt 6.108653 1.587500
vt 6.108653 0.000000
vt -43.838726 -43.178444
vt -43.654259 -43.432343
vt -43.432343 -43.654259
vt -43.178444 -43.838726
vt -43.981205 -42.898811
vt -42.898811 -43.981205
vt -61.568581 -0.261052
vt -61.517544 -0.517638
vt -61.433449 -0.765367
vt -61.585690 -0.000000
vt 0.466891 -61.530430
vt -0.466891 -61.530430
vt -0.156918 -61.579525
vt 0.156918 -61.579525
vt -61.517544 0.517638
vt -61.568581 0.261052
vt -61.433449 0.765367
vt 0.765367 -61.433449
vt -0.765367 -61.433449
vt -26.997080 -32.173866
vt -32.173866 -26.997080
vt -21.000000 -36.373066
vt -36.373066 -21.000000
vt -14.364846 -39.467091
vt -39.467091 -14.364846
vt -7.293223 -41.361927
vt -41.361927 -7.293223
vt -0.000000 -42.000000
vt -42.000000 0.000000
vt 7.293223 -41.361927
vt -41.361927 7.293223
vt 14.364846 -39.467091
vt -39.467091 14.364846
vt -43.981205 42.898811
vt -36.373066 21.000000
vt -32.173866 26.997080
vt 42.898811 -43.981205
vt 21.000000 -36.373066
vt 26.997080 -32.173866
vt -43.654259 43.432343
vt -43.838726 43.178444
vt 43.432343 -43.654259
vt 43.178444 -43.838726
vt 43.654259 -43.432343
vt 43.838726 -43.178444
vt -42.898811 43.981205
vt -43.178444 43.838726
vt -43.432343 43.654259
vt 43.981205 -42.898811
vt 32.173866 -26.997080
vt -26.997080 32.173866
vt 36.373066 -21.000000
vt -21.000000 36.373066
vt 39.467091 -14.364846
vt -14.364846 39.467091
vt -0.765367 61.433449
vt -7.293223 41.361927
vt 0.000000 42.000000
vt 61.433449 -0.765367
vt 41.361927 -7.293223
vt 42.000000 -0.000000
vt 0.156918 61.579525
vt -0.156918 61.579525
vt -0.466891 61.530430
vt 61.579525 0.156918
vt 61.530430 -0.466891
vt 61.579525 -0.156918
vt 0.765367 61.433449
vt 0.466891 61.530430
vt 7.293223 41.361927
vt 14.364846 39.467091
vt 61.433449 0.765367
vt 61.530430 0.466891
vt 41.361927 7.293223
vt 39.467091 14.364846
vt 43.981205 42.898811
vt 36.373066 21.000000
vt 32.173866 26.997080
vt 42.898811 43.981205
vt 26.997080 32.173866
vt 21.000000 36.373066
vt 43.432343 43.654259
vt 43.838726 43.178444
vt 43.654259 43.432343
vt 43.178444 43.838726
vt -0.828427 0.000000
vt -46.433342 -1.587500
vt -46.433342 0.000000
vt -0.828427 -1.587500
vt 0.174533 1.587500
vt 0.000000 0.000000
vt 0.000000 1.587500
vt 0.174533 0.000000
vt 0.349066 1.587500
vt 0.349066 0.000000
vt 0.523599 1.587500
vt 0.523599 0.000000
vt 0.698132 1.587500
vt 0.698132 0.000000
vt 0.872665 1.587500
vt 0.872665 0.000000
vt 1.047198 1.587500
vt 1.047198 0.000000
vt 1.221730 1.587500
vt 1.221730 0.000000
vt 1.396263 1.587500
vt 1.396263 0.000000
vt 1.570796 1.587500
vt 1.570796 0.000000
vt 1.745329 1.587500
vt 1.745329 0.000000
vt 1.919862 1.587500
vt 1.919862 0.000000
vt 2.094395 1.587500
vt 2.094395 0.000000
vt 2.268928 1.587500
vt 2.443461 0.000000
vt 2.268928 0.000000
vt 2.443461 1.587500
vt 2.617994 1.587500
vt 2.617994 0.000000
vt 2.792527 1.587500
vt 2.792527 0.000000
vt 2.967060 1.587500
vt 2.967060 0.000000
vt 4.476769 1.587500
vt 4.319690 0.000000
vt 4.476769 0.000000
vt 4.319690 1.587500
vt 4.633849 1.587500
vt 4.633849 0.000000
vt 4.790929 1.587500
vt 4.790929 0.000000
vt 4.948009 1.587500
vt 4.948009 0.000000
vt 5.105088 1.587500
vt 5.105088 0.000000
vt 5.262168 0.000000
vt 5.262168 1.587500
vt 5.419247 0.000000
vt 5.419247 1.587500
vt 5.576327 0.000000
vt 5.576327 1.587500
vt 5.733407 1.587500
vt 5.733407 0.000000
vt 0.130900 0.000000
vt 0.130900 1.587500
vt 0.261799 0.000000
vt 0.261799 1.587500
vt 0.392699 0.000000
vt 0.392699 1.587500
vt 0.549779 1.587500
vt 0.549779 0.000000
vt 0.706858 1.587500
vt 0.706858 0.000000
vt 0.863938 1.587500
vt 0.863938 0.000000
vt 1.021018 1.587500
vt 1.021018 0.000000
vt 1.178097 0.000000
vt 1.178097 1.587500
vt 1.335177 1.587500
vt 1.335177 0.000000
vt 1.492257 0.000000
vt 1.492257 1.587500
vt 1.649336 0.000000
vt 1.649336 1.587500
vt 1.806416 0.000000
vt 1.806416 1.587500
vt 1.963495 0.000000
vt 1.963495 1.587500
vt 2.120575 1.587500
vt 2.120575 0.000000
vt 2.277655 1.587500
vt 2.277655 0.000000
vt 2.434734 1.587500
vt 2.434734 0.000000
vt 2.591814 1.587500
vt 2.591814 0.000000
vt 2.748893 1.587500
vt 2.748893 0.000000
vt 2.905973 1.587500
vt 2.905973 0.000000
vt 3.063053 1.587500
vt 3.063053 0.000000
vt 3.220132 1.587500
vt 3.220132 0.000000
vt 3.377212 1.587500
vt 3.377212 0.000000
vt 3.534292 1.587500
vt 3.534292 0.000000
vt 3.691371 1.587500
vt 3.691371 0.000000
vt 3.848451 1.587500
vt 3.848451 0.000000
vt 4.005531 1.587500
vt 4.005531 0.000000
vt 4.162610 1.587500
vt 4.162610 0.000000
s 1
usemtl mat_1.001
f 3775/3769/1937 3706/3770/1938 3705/3771/1939
f 3775/3769/1937 3774/3772/1938 3706/3770/1938
f 3776/3773/1940 3705/3771/1939 3704/3774/1940
f 3776/3773/1940 3775/3769/1937 3705/3771/1939
f 3836/3775/1941 3704/3774/1940 3835/3776/1941
f 3836/3775/1941 3776/3773/1940 3704/3774/1940
f 3793/3777/1942 3719/3778/1941 3781/3779/1941
f 3793/3777/1942 3754/3780/1942 3719/3778/1941
f 3718/3781/1943 3726/3782/1944 3727/3783/1943
f 3718/3781/1943 3727/3783/1943 3754/3780/1942
f 3718/3781/1943 3754/3780/1942 3793/3777/1942
f 3717/3784/1944 3726/3782/1944 3718/3781/1943
f 3716/3785/1945 3753/3786/1945 3726/3782/1944
f 3716/3785/1945 3726/3782/1944 3717/3784/1944
f 3715/3787/1946 3725/3788/1946 3753/3786/1945
f 3715/3787/1946 3753/3786/1945 3716/3785/1945
f 3714/3789/1947 3724/3790/1947 3725/3788/1946
f 3714/3789/1947 3725/3788/1946 3715/3787/1946
f 3792/3791/1948 3751/3792/1949 3752/3793/1948
f 3792/3791/1948 3752/3793/1948 3724/3790/1947
f 3792/3791/1948 3724/3790/1947 3714/3789/1947
f 3713/3794/1949 3751/3792/1949 3792/3791/1948
f 3712/3795/1950 3750/3796/1950 3751/3792/1949
f 3712/3795/1950 3751/3792/1949 3713/3794/1949
f 3711/3797/1951 3749/3798/1951 3750/3796/1950
f 3711/3797/1951 3750/3796/1950 3712/3795/1950
f 3710/3799/1952 3723/3800/1952 3749/3798/1951
f 3710/3799/1952 3749/3798/1951 3711/3797/1951
f 3791/3801/1953 3748/3802/1953 3723/3800/1952
f 3791/3801/1953 3723/3800/1952 3710/3799/1952
f 3709/3803/1954 3747/3804/1954 3748/3802/1953
f 3709/3803/1954 3748/3802/1953 3791/3801/1953
f 3790/3805/1955 3746/3806/1956 3722/3807/1955
f 3790/3805/1955 3722/3807/1955 3747/3804/1954
f 3790/3805/1955 3747/3804/1954 3709/3803/1954
f 3789/3808/1956 3746/3806/1956 3790/3805/1955
f 3708/3809/1957 3746/3806/1956 3789/3808/1956
f 3708/3809/1957 3721/3810/1957 3746/3806/1956
f 3707/3811/1958 3721/3810/1957 3708/3809/1957
f 3707/3811/1958 3720/3812/1958 3721/3810/1957
f 3811/3775/1959 3720/3812/1958 3707/3811/1958
f 3811/3775/1959 3812/3776/1959 3720/3812/1958
f 3829/3813/1960 3830/3814/1961 3831/3815/1962
f 3829/3813/1960 3831/3815/1962 3745/3816/1960
f 3744/3817/1960 3829/3813/1960 3745/3816/1960
f 3794/3818/1960 3744/3817/1960 3745/3816/1960
f 3704/3819/1960 3705/3820/1963 3706/3821/1960
f 3835/3822/1960 3704/3819/1960 3706/3821/1960
f 3824/3823/1960 3728/3824/1960 3729/3825/1961
f 3824/3823/1960 3729/3825/1961 3730/3826/1962
f 3837/3827/1960 3835/3822/1960 3706/3821/1960
f 3837/3827/1960 3838/3828/1964 3835/3822/1960
f 3743/3829/1960 3837/3827/1960 3706/3821/1960
f 3825/3830/1960 3823/3831/1960 3728/3824/1960
f 3825/3830/1960 3728/3824/1960 3824/3823/1960
f 3747/3832/1960 3744/3817/1960 3794/3818/1960
f 3722/3833/1960 3744/3817/1960 3747/3832/1960
f 3748/3834/1960 3747/3832/1960 3794/3818/1960
f 3746/3835/1960 3744/3817/1960 3722/3833/1960
f 3723/3836/1960 3794/3818/1960 3823/3831/1960
f 3723/3836/1960 3748/3834/1960 3794/3818/1960
f 3721/3837/1960 3744/3817/1960 3746/3835/1960
f 3721/3837/1960 3706/3821/1960 3744/3817/1960
f 3749/3838/1960 3723/3836/1960 3823/3831/1960
f 3720/3839/1960 3706/3821/1960 3721/3837/1960
f 3750/3840/1960 3749/3838/1960 3823/3831/1960
f 3750/3840/1960 3823/3831/1960 3825/3830/1960
f 3812/3841/1960 3743/3829/1960 3706/3821/1960
f 3812/3841/1960 3706/3821/1960 3720/3839/1960
f 3751/3842/1960 3750/3840/1960 3825/3830/1960
f 3822/3843/1960 3743/3829/1960 3812/3841/1960
f 3752/3844/1960 3751/3842/1960 3825/3830/1960
f 3821/3845/1960 3743/3829/1960 3822/3843/1960
f 3843/3846/1960 3743/3829/1960 3821/3845/1960
f 3843/3846/1960 3761/3847/1960 3820/3848/1960
f 3843/3846/1960 3821/3845/1960 3761/3847/1960
f 3865/3849/1960 3752/3844/1960 3825/3830/1960
f 3865/3849/1960 3724/3850/1960 3752/3844/1960
f 3865/3849/1960 3725/3851/1960 3724/3850/1960
f 3742/3852/1960 3842/3853/1960 3843/3846/1960
f 3867/3854/1960 3865/3849/1960 3866/3855/1963
f 3868/3856/1962 3865/3849/1960 3867/3854/1960
f 3869/3857/1961 3865/3849/1960 3868/3856/1962
f 3741/3858/1960 3840/3859/1965 3841/3860/1961
f 3741/3858/1960 3841/3860/1961 3742/3852/1960
f 3741/3858/1960 3742/3852/1960 3843/3846/1960
f 3741/3858/1960 3843/3846/1960 3820/3848/1960
f 3798/3861/1960 3725/3851/1960 3865/3849/1960
f 3798/3861/1960 3865/3849/1960 3869/3857/1961
f 3753/3862/1960 3725/3851/1960 3798/3861/1960
f 3819/3863/1960 3741/3858/1960 3820/3848/1960
f 3726/3864/1960 3753/3862/1960 3798/3861/1960
f 3818/3865/1960 3741/3858/1960 3819/3863/1960
f 3727/3866/1960 3726/3864/1960 3798/3861/1960
f 3817/3867/1960 3741/3858/1960 3818/3865/1960
f 3799/3868/1960 3760/3869/1960 3759/3870/1960
f 3799/3868/1960 3817/3867/1960 3760/3869/1960
f 3799/3868/1960 3741/3858/1960 3817/3867/1960
f 3861/3871/1960 3754/3872/1960 3727/3866/1960
f 3861/3871/1960 3719/3873/1960 3754/3872/1960
f 3861/3871/1960 3727/3866/1960 3798/3861/1960
f 3739/3874/1960 3740/3875/1960 3850/3876/1960
f 3739/3874/1960 3850/3876/1960 3799/3868/1960
f 3733/3877/1962 3731/3878/1961 3732/3879/1960
f 3738/3880/1960 3799/3868/1960 3759/3870/1960
f 3738/3880/1960 3739/3874/1960 3799/3868/1960
f 3738/3880/1960 3849/3881/1960 3739/3874/1960
f 3738/3880/1960 3758/3882/1960 3816/3883/1960
f 3738/3880/1960 3759/3870/1960 3758/3882/1960
f 3862/3884/1960 3731/3878/1961 3733/3877/1962
f 3862/3884/1960 3719/3873/1960 3861/3871/1960
f 3862/3884/1960 3861/3871/1960 3731/3878/1961
f 3862/3884/1960 3733/3877/1962 3734/3885/1963
f 3862/3884/1960 3813/3886/1960 3719/3873/1960
f 3862/3884/1960 3755/3887/1960 3813/3886/1960
f 3854/3888/1960 3755/3887/1960 3862/3884/1960
f 3854/3888/1960 3814/3889/1960 3755/3887/1960
f 3854/3888/1960 3815/3890/1960 3814/3889/1960
f 3856/3891/1960 3815/3890/1960 3854/3888/1960
f 3856/3891/1960 3738/3880/1960 3816/3883/1960
f 3856/3891/1960 3756/3892/1960 3815/3890/1960
f 3856/3891/1960 3757/3893/1960 3756/3892/1960
f 3856/3891/1960 3816/3883/1960 3757/3893/1960
f 3737/3894/1960 3854/3888/1960 3735/3895/1960
f 3737/3894/1960 3735/3895/1960 3736/3896/1960
f 3737/3894/1960 3855/3897/1960 3856/3891/1960
f 3737/3894/1960 3856/3891/1960 3854/3888/1960
f 3795/3818/1966 3777/3816/1966 3778/3815/1966
f 3832/3817/1966 3778/3815/1966 3833/3814/1966
f 3832/3817/1966 3833/3814/1966 3834/3813/1967
f 3832/3817/1966 3795/3818/1966 3778/3815/1966
f 3776/3819/1966 3774/3821/1966 3775/3820/1966
f 3780/3826/1966 3827/3825/1968 3828/3824/1966
f 3826/3823/1966 3780/3826/1966 3828/3824/1966
f 3773/3827/1968 3774/3821/1966 3776/3819/1966
f 3773/3827/1968 3836/3822/1966 3772/3828/1969
f 3773/3827/1968 3776/3819/1966 3836/3822/1966
f 3839/3829/1966 3774/3821/1966 3773/3827/1968
f 3797/3830/1966 3826/3823/1966 3828/3824/1966
f 3797/3830/1966 3828/3824/1966 3779/3831/1966
f 3709/3832/1966 3795/3818/1966 3832/3817/1966
f 3790/3833/1966 3709/3832/1966 3832/3817/1966
f 3791/3834/1966 3795/3818/1966 3709/3832/1966
f 3789/3835/1966 3790/3833/1966 3832/3817/1966
f 3710/3836/1966 3795/3818/1966 3791/3834/1966
f 3710/3836/1966 3779/3831/1966 3795/3818/1966
f 3708/3837/1966 3789/3835/1966 3832/3817/1966
f 3708/3837/1966 3832/3817/1966 3774/3821/1966
f 3711/3838/1966 3779/3831/1966 3710/3836/1966
f 3707/3839/1966 3708/3837/1966 3774/3821/1966
f 3712/3840/1966 3797/3830/1966 3779/3831/1966
f 3712/3840/1966 3779/3831/1966 3711/3838/1966
f 3811/3841/1966 3774/3821/1966 3839/3829/1966
f 3811/3841/1966 3707/3839/1966 3774/3821/1966
f 3713/3842/1966 3797/3830/1966 3712/3840/1966
f 3810/3843/1966 3811/3841/1966 3839/3829/1966
f 3792/3844/1966 3797/3830/1966 3713/3842/1966
f 3809/3845/1966 3810/3843/1966 3839/3829/1966
f 3771/3846/1966 3809/3845/1966 3839/3829/1966
f 3771/3846/1966 3788/3848/1966 3808/3847/1966
f 3771/3846/1966 3808/3847/1966 3809/3845/1966
f 3796/3849/1966 3797/3830/1966 3792/3844/1966
f 3796/3849/1966 3792/3844/1966 3714/3850/1966
f 3796/3849/1966 3714/3850/1966 3715/3851/1966
f 3846/3852/1966 3771/3846/1966 3845/3853/1970
f 3872/3856/1966 3762/3854/1966 3873/3855/1966
f 3872/3856/1966 3873/3855/1966 3796/3849/1966
f 3844/3858/1966 3846/3852/1966 3847/3860/1966
f 3844/3858/1966 3847/3860/1966 3848/3859/1966
f 3844/3858/1966 3788/3848/1966 3771/3846/1966
f 3844/3858/1966 3771/3846/1966 3846/3852/1966
f 3870/3861/1966 3871/3857/1971 3872/3856/1966
f 3870/3861/1966 3796/3849/1966 3715/3851/1966
f 3870/3861/1966 3872/3856/1966 3796/3849/1966
f 3716/3862/1966 3870/3861/1966 3715/3851/1966
f 3787/3863/1966 3788/3848/1966 3844/3858/1966
f 3717/3864/1966 3870/3861/1966 3716/3862/1966
f 3786/3865/1966 3787/3863/1966 3844/3858/1966
f 3718/3866/1966 3870/3861/1966 3717/3864/1966
f 3807/3867/1966 3786/3865/1966 3844/3858/1966
f 3800/3868/1966 3806/3870/1966 3785/3869/1966
f 3800/3868/1966 3785/3869/1966 3807/3867/1966
f 3800/3868/1966 3807/3867/1966 3844/3858/1966
f 3763/3871/1966 3718/3866/1966 3793/3872/1966
f 3763/3871/1966 3793/3872/1966 3781/3873/1966
f 3763/3871/1966 3870/3861/1966 3718/3866/1966
f 3765/3877/1971 3864/3879/1970 3766/3878/1966
f 3853/3881/1966 3852/3875/1966 3770/3874/1967
f 3764/3885/1966 3765/3877/1971 3766/3878/1966
f 3851/3880/1966 3806/3870/1966 3800/3868/1966
f 3851/3880/1966 3800/3868/1966 3769/3876/1966
f 3851/3880/1966 3769/3876/1966 3852/3875/1966
f 3851/3880/1966 3852/3875/1966 3853/3881/1966
f 3851/3880/1966 3805/3883/1966 3784/3882/1966
f 3851/3880/1966 3784/3882/1966 3806/3870/1966
f 3863/3884/1966 3763/3871/1966 3781/3873/1966
f 3863/3884/1966 3766/3878/1966 3763/3871/1966
f 3863/3884/1966 3764/3885/1966 3766/3878/1966
f 3863/3884/1966 3781/3873/1966 3801/3886/1966
f 3863/3884/1966 3801/3886/1966 3782/3887/1966
f 3767/3888/1966 3863/3884/1966 3782/3887/1966
f 3767/3888/1966 3782/3887/1966 3802/3889/1966
f 3767/3888/1966 3802/3889/1966 3783/3890/1966
f 3857/3891/1966 3805/3883/1966 3851/3880/1966
f 3857/3891/1966 3783/3890/1966 3803/3892/1966
f 3857/3891/1966 3803/3892/1966 3804/3893/1966
f 3857/3891/1966 3804/3893/1966 3805/3883/1966
f 3857/3891/1966 3767/3888/1966 3783/3890/1966
f 3859/3894/1966 3857/3891/1966 3858/3897/1966
f 3860/3896/1966 3768/3895/1968 3767/3888/1966
f 3860/3896/1966 3857/3891/1966 3859/3894/1966
f 3860/3896/1966 3767/3888/1966 3857/3891/1966
f 3843/3898/1972 3839/3899/1973 3743/3900/1973
f 3843/3898/1972 3771/3901/1972 3839/3899/1973
f 3706/3898/1938 3832/3899/1974 3744/3900/1974
f 3706/3898/1938 3774/3901/1938 3832/3899/1974
f 3795/3901/1975 3779/3899/1976 3823/3900/1976
f 3794/3898/1975 3795/3901/1975 3823/3900/1976
f 3825/3898/1977 3796/3899/1978 3865/3900/1978
f 3825/3898/1977 3797/3901/1977 3796/3899/1978
f 3798/3898/1979 3763/3899/1980 3861/3900/1980
f 3798/3898/1979 3870/3901/1979 3763/3899/1980
f 3862/3898/1981 3767/3899/1982 3854/3900/1982
f 3862/3898/1981 3863/3901/1981 3767/3899/1982
f 3856/3898/1983 3851/3899/1984 3738/3900/1984
f 3856/3898/1983 3857/3901/1983 3851/3899/1984
f 3799/3898/1985 3844/3899/1986 3741/3900/1986
f 3799/3898/1985 3800/3901/1985 3844/3899/1986
f 3810/3902/1987 3812/3903/1959 3811/3904/1959
f 3810/3902/1987 3822/3905/1987 3812/3903/1959
f 3809/3906/1988 3821/3907/1988 3822/3905/1987
f 3809/3906/1988 3822/3905/1987 3810/3902/1987
f 3808/3908/1989 3761/3909/1989 3821/3907/1988
f 3808/3908/1989 3821/3907/1988 3809/3906/1988
f 3788/3910/1990 3820/3911/1990 3761/3909/1989
f 3788/3910/1990 3761/3909/1989 3808/3908/1989
f 3787/3912/1991 3819/3913/1991 3820/3911/1990
f 3787/3912/1991 3820/3911/1990 3788/3910/1990
f 3786/3914/1992 3818/3915/1992 3819/3913/1991
f 3786/3914/1992 3819/3913/1991 3787/3912/1991
f 3807/3916/1993 3817/3917/1993 3818/3915/1992
f 3807/3916/1993 3818/3915/1992 3786/3914/1992
f 3785/3918/1994 3760/3919/1994 3817/3917/1993
f 3785/3918/1994 3817/3917/1993 3807/3916/1993
f 3806/3920/1995 3759/3921/1995 3760/3919/1994
f 3806/3920/1995 3760/3919/1994 3785/3918/1994
f 3784/3922/1996 3758/3923/1996 3759/3921/1995
f 3784/3922/1996 3759/3921/1995 3806/3920/1995
f 3805/3924/1997 3816/3925/1997 3758/3923/1996
f 3805/3924/1997 3758/3923/1996 3784/3922/1996
f 3804/3926/1998 3757/3927/1998 3816/3925/1997
f 3804/3926/1998 3816/3925/1997 3805/3924/1997
f 3803/3928/1999 3815/3929/2000 3756/3930/1999
f 3803/3928/1999 3756/3930/1999 3757/3927/1998
f 3803/3928/1999 3757/3927/1998 3804/3926/1998
f 3783/3931/2000 3815/3929/2000 3803/3928/1999
f 3802/3932/2001 3815/3929/2000 3783/3931/2000
f 3802/3932/2001 3814/3933/2001 3815/3929/2000
f 3782/3934/2002 3814/3933/2001 3802/3932/2001
f 3782/3934/2002 3755/3935/2002 3814/3933/2001
f 3801/3936/2003 3755/3935/2002 3782/3934/2002
f 3801/3936/2003 3813/3937/2003 3755/3935/2002
f 3781/3779/1941 3813/3937/2003 3801/3936/2003
f 3781/3779/1941 3719/3778/1941 3813/3937/2003
f 3826/3938/2004 3825/3939/1977 3824/3940/2004
f 3826/3938/2004 3797/3941/1977 3825/3939/1977
f 3780/3942/2005 3824/3940/2004 3730/3943/2005
f 3780/3942/2005 3826/3938/2004 3824/3940/2004
f 3827/3944/2006 3730/3943/2005 3729/3945/2006
f 3827/3944/2006 3780/3942/2005 3730/3943/2005
f 3828/3946/2007 3729/3945/2006 3728/3947/2007
f 3828/3946/2007 3827/3944/2006 3729/3945/2006
f 3779/3948/1976 3728/3947/2007 3823/3949/1976
f 3779/3948/1976 3828/3946/2007 3728/3947/2007
f 3795/3948/1975 3794/3949/1975 3745/3950/2008
f 3777/3951/2008 3745/3950/2008 3831/3952/2009
f 3777/3951/2008 3795/3948/1975 3745/3950/2008
f 3778/3953/2009 3831/3952/2009 3830/3954/2010
f 3778/3953/2009 3777/3951/2008 3831/3952/2009
f 3833/3955/2010 3778/3953/2009 3830/3954/2010
f 3834/3956/2011 3830/3954/2010 3829/3957/2011
f 3834/3956/2011 3833/3955/2010 3830/3954/2010
f 3832/3772/1974 3829/3957/2011 3744/3770/1974
f 3832/3772/1974 3834/3956/2011 3829/3957/2011
f 3836/3904/1941 3835/3903/1941 3838/3958/2012
f 3772/3959/2012 3838/3958/2012 3837/3960/2013
f 3772/3959/2012 3836/3904/1941 3838/3958/2012
f 3773/3961/2013 3837/3960/2013 3743/3962/1973
f 3773/3961/2013 3772/3959/2012 3837/3960/2013
f 3839/3963/1973 3773/3961/2013 3743/3962/1973
f 3845/3964/2014 3843/3962/1972 3842/3965/2014
f 3845/3964/2014 3771/3963/1972 3843/3962/1972
f 3846/3966/2015 3842/3965/2014 3742/3967/2015
f 3846/3966/2015 3845/3964/2014 3842/3965/2014
f 3847/3968/2016 3742/3967/2015 3841/3969/2016
f 3847/3968/2016 3846/3966/2015 3742/3967/2015
f 3848/3970/2017 3840/3971/2017 3741/3972/1986
f 3848/3970/2017 3841/3969/2016 3840/3971/2017
f 3848/3970/2017 3847/3968/2016 3841/3969/2016
f 3844/3973/1986 3848/3970/2017 3741/3972/1986
f 3769/3974/2018 3850/3975/2018 3740/3976/2019
f 3769/3974/2018 3799/3972/1985 3850/3975/2018
f 3769/3974/2018 3800/3973/1985 3799/3972/1985
f 3852/3977/2019 3740/3976/2019 3739/3978/2020
f 3852/3977/2019 3769/3974/2018 3740/3976/2019
f 3770/3979/2020 3739/3978/2020 3849/3980/2021
f 3770/3979/2020 3852/3977/2019 3739/3978/2020
f 3853/3981/2021 3849/3980/2021 3738/3982/1984
f 3853/3981/2021 3770/3979/2020 3849/3980/2021
f 3851/3983/1984 3853/3981/2021 3738/3982/1984
f 3858/3984/2022 3856/3982/1983 3855/3985/2022
f 3858/3984/2022 3857/3983/1983 3856/3982/1983
f 3859/3986/2023 3855/3985/2022 3737/3987/2023
f 3859/3986/2023 3858/3984/2022 3855/3985/2022
f 3860/3988/2024 3737/3987/2023 3736/3989/2024
f 3860/3988/2024 3859/3986/2023 3737/3987/2023
f 3768/3990/2025 3736/3989/2024 3735/3991/2025
f 3768/3990/2025 3860/3988/2024 3736/3989/2024
f 3767/3992/1982 3735/3991/2025 3854/3993/1982
f 3767/3992/1982 3768/3990/2025 3735/3991/2025
f 3764/3994/2026 3862/3993/1981 3734/3995/2026
f 3764/3994/2026 3863/3992/1981 3862/3993/1981
f 3765/3996/2027 3734/3995/2026 3733/3997/2027
f 3765/3996/2027 3764/3994/2026 3734/3995/2026
f 3864/3998/2028 3733/3997/2027 3732/3999/2028
f 3864/3998/2028 3765/3996/2027 3733/3997/2027
f 3766/4000/2029 3732/3999/2028 3731/4001/2029
f 3766/4000/2029 3864/3998/2028 3732/3999/2028
f 3763/4002/1980 3731/4001/2029 3861/4003/1980
f 3763/4002/1980 3766/4000/2029 3731/4001/2029
f 3871/4004/2030 3798/4003/1979 3869/4005/2030
f 3871/4004/2030 3870/4002/1979 3798/4003/1979
f 3872/4006/2031 3869/4005/2030 3868/4007/2031
f 3872/4006/2031 3871/4004/2030 3869/4005/2030
f 3762/4008/2032 3868/4007/2031 3867/4009/2032
f 3762/4008/2032 3872/4006/2031 3868/4007/2031
f 3873/4010/2033 3867/4009/2032 3866/4011/2033
f 3873/4010/2033 3762/4008/2032 3867/4009/2032
f 3796/3941/1978 3866/4011/2033 3865/3939/1978
f 3796/3941/1978 3873/4010/2033 3866/4011/2033
f 3876/3769/1937 3962/3770/1938 3913/3771/1939
f 3876/3769/1937 3875/3772/1938 3962/3770/1938
f 3877/3773/1940 3913/3771/1939 3874/3774/1940
f 3877/3773/1940 3876/3769/1937 3913/3771/1939
f 4007/3775/1941 3874/3774/1940 4006/3776/1941
f 4007/3775/1941 3877/3773/1940 3874/3774/1940
f 3960/3777/1942 3889/3778/1941 3975/3779/1941
f 3960/3777/1942 3920/3780/1942 3889/3778/1941
f 3888/3781/1943 3898/3782/1944 3899/3783/1943
f 3888/3781/1943 3899/3783/1943 3920/3780/1942
f 3888/3781/1943 3920/3780/1942 3960/3777/1942
f 3887/3784/1944 3898/3782/1944 3888/3781/1943
f 3959/3785/1945 3897/3786/1945 3898/3782/1944
f 3959/3785/1945 3898/3782/1944 3887/3784/1944
f 3886/3787/1946 3896/3788/1946 3897/3786/1945
f 3886/3787/1946 3897/3786/1945 3959/3785/1945
f 3958/3789/1947 3895/3790/1947 3896/3788/1946
f 3958/3789/1947 3896/3788/1946 3886/3787/1946
f 3885/3791/1948 3918/3792/1949 3919/3793/1948
f 3885/3791/1948 3919/3793/1948 3895/3790/1947
f 3885/3791/1948 3895/3790/1947 3958/3789/1947
f 3884/3794/1949 3918/3792/1949 3885/3791/1948
f 3883/3795/1950 3894/3796/1950 3918/3792/1949
f 3883/3795/1950 3918/3792/1949 3884/3794/1949
f 3882/3797/1951 3893/3798/1951 3894/3796/1950
f 3882/3797/1951 3894/3796/1950 3883/3795/1950
f 3957/3799/1952 3892/3800/1952 3893/3798/1951
f 3957/3799/1952 3893/3798/1951 3882/3797/1951
f 3956/3801/1953 3917/3802/1953 3892/3800/1952
f 3956/3801/1953 3892/3800/1952 3957/3799/1952
f 3881/3803/1954 3891/3804/1954 3917/3802/1953
f 3881/3803/1954 3917/3802/1953 3956/3801/1953
f 3880/3805/1955 3916/3806/1956 3890/3807/1955
f 3880/3805/1955 3890/3807/1955 3891/3804/1954
f 3880/3805/1955 3891/3804/1954 3881/3803/1954
f 3879/3808/1956 3916/3806/1956 3880/3805/1955
f 3955/3809/1957 3916/3806/1956 3879/3808/1956
f 3955/3809/1957 3915/3810/1957 3916/3806/1956
f 3954/3811/1958 3915/3810/1957 3955/3809/1957
f 3954/3811/1958 3914/3812/1958 3915/3810/1957
f 3985/3775/1959 3914/3812/1958 3954/3811/1958
f 3985/3775/1959 3878/3776/1959 3914/3812/1958
f 3999/3813/1960 4000/3814/1960 4001/3815/1960
f 3999/3813/1960 4001/3815/1960 4002/3816/1960
f 3998/3817/1960 3999/3813/1960 4002/3816/1960
f 3964/3818/1960 3998/3817/1960 4002/3816/1960
f 3874/3819/1960 3913/3820/1960 3962/3821/1960
f 4006/3822/1960 3874/3819/1960 3962/3821/1960
f 3994/3823/1960 3900/3824/1960 3901/3825/1960
f 3994/3823/1960 3901/3825/1960 3902/3826/1960
f 3912/3827/1960 4006/3822/1960 3962/3821/1960
f 3912/3827/1960 4009/3828/1965 4006/3822/1960
f 4008/3829/1960 3912/3827/1960 3962/3821/1960
f 3995/3830/1960 3965/3831/1960 3900/3824/1960
f 3995/3830/1960 3900/3824/1960 3994/3823/1960
f 3891/3832/1960 3998/3817/1960 3964/3818/1960
f 3890/3833/1960 3998/3817/1960 3891/3832/1960
f 3917/3834/1960 3891/3832/1960 3964/3818/1960
f 3916/3835/1960 3998/3817/1960 3890/3833/1960
f 3892/3836/1960 3964/3818/1960 3965/3831/1960
f 3892/3836/1960 3917/3834/1960 3964/3818/1960
f 3915/3837/1960 3998/3817/1960 3916/3835/1960
f 3915/3837/1960 3962/3821/1960 3998/3817/1960
f 3893/3838/1960 3892/3836/1960 3965/3831/1960
f 3914/3839/1960 3962/3821/1960 3915/3837/1960
f 3894/3840/1960 3893/3838/1960 3965/3831/1960
f 3894/3840/1960 3965/3831/1960 3995/3830/1960
f 3878/3841/1960 4008/3829/1960 3962/3821/1960
f 3878/3841/1960 3962/3821/1960 3914/3839/1960
f 3918/3842/1960 3894/3840/1960 3995/3830/1960
f 3993/3843/1960 4008/3829/1960 3878/3841/1960
f 3919/3844/1960 3918/3842/1960 3995/3830/1960
f 3992/3845/1960 4008/3829/1960 3993/3843/1960
f 3911/3846/1960 4008/3829/1960 3992/3845/1960
f 3911/3846/1960 3929/3847/1960 3928/3848/1960
f 3911/3846/1960 3992/3845/1960 3929/3847/1960
f 4038/3849/1960 3919/3844/1960 3995/3830/1960
f 4038/3849/1960 3895/3850/1960 3919/3844/1960
f 4038/3849/1960 3896/3851/1960 3895/3850/1960
f 4012/3852/1960 4013/3853/1965 3911/3846/1960
f 4040/3854/1962 4038/3849/1960 4039/3855/1962
f 4041/3856/1961 4038/3849/1960 4040/3854/1962
f 3903/3857/1960 4038/3849/1960 4041/3856/1961
f 3974/3858/1960 3909/3859/1961 3910/3860/1960
f 3974/3858/1960 3910/3860/1960 4012/3852/1960
f 3974/3858/1960 4012/3852/1960 3911/3846/1960
f 3974/3858/1960 3911/3846/1960 3928/3848/1960
f 4042/3861/1960 3896/3851/1960 4038/3849/1960
f 4042/3861/1960 4038/3849/1960 3903/3857/1960
f 3897/3862/1960 3896/3851/1960 4042/3861/1960
f 3927/3863/1960 3974/3858/1960 3928/3848/1960
f 3898/3864/1960 3897/3862/1960 4042/3861/1960
f 3926/3865/1960 3974/3858/1960 3927/3863/1960
f 3899/3866/1960 3898/3864/1960 4042/3861/1960
f 3991/3867/1960 3974/3858/1960 3926/3865/1960
f 3972/3868/1960 3925/3869/1960 3990/3870/1960
f 3972/3868/1960 3991/3867/1960 3925/3869/1960
f 3972/3868/1960 3974/3858/1960 3991/3867/1960
f 4032/3871/1960 3920/3872/1960 3899/3866/1960
f 4032/3871/1960 3889/3873/1960 3920/3872/1960
f 4032/3871/1960 3899/3866/1960 4042/3861/1960
f 4021/3874/1960 3908/3875/1960 4022/3876/1960
f 4021/3874/1960 4022/3876/1960 3972/3868/1960
f 3904/3877/1960 4033/3878/1960 4034/3879/1965
f 4019/3880/1960 3972/3868/1960 3990/3870/1960
f 4019/3880/1960 4021/3874/1960 3972/3868/1960
f 4019/3880/1960 4020/3881/1960 4021/3874/1960
f 4019/3880/1960 3989/3882/1960 3988/3883/1960
f 4019/3880/1960 3990/3870/1960 3989/3882/1960
f 3969/3884/1960 4033/3878/1960 3904/3877/1960
f 3969/3884/1960 3889/3873/1960 4032/3871/1960
f 3969/3884/1960 4032/3871/1960 4033/3878/1960
f 3969/3884/1960 3904/3877/1960 3905/3885/1962
f 3969/3884/1960 3921/3886/1960 3889/3873/1960
f 3969/3884/1960 3922/3887/1960 3921/3886/1960
f 4025/3888/1960 3922/3887/1960 3969/3884/1960
f 4025/3888/1960 3923/3889/1960 3922/3887/1960
f 4025/3888/1960 3986/3890/1960 3923/3889/1960
f 3907/3891/1960 3986/3890/1960 4025/3888/1960
f 3907/3891/1960 4019/3880/1960 3988/3883/1960
f 3907/3891/1960 3987/3892/1960 3986/3890/1960
f 3907/3891/1960 3924/3893/1960 3987/3892/1960
f 3907/3891/1960 3988/3883/1960 3924/3893/1960
f 3906/3894/1960 4025/3888/1960 4026/3895/1960
f 3906/3894/1960 4026/3895/1960 4027/3896/1960
f 3906/3894/1960 4028/3897/1960 3907/3891/1960
f 3906/3894/1960 3907/3891/1960 4025/3888/1960
f 4003/3818/1966 3941/3816/1966 4004/3815/1966
f 3963/3817/1966 4004/3815/1966 3942/3814/1966
f 3963/3817/1966 3942/3814/1966 4005/3813/1966
f 3963/3817/1966 4003/3818/1966 4004/3815/1966
f 3877/3819/1966 3875/3821/1966 3876/3820/1971
f 3997/3826/1966 3944/3825/1966 3945/3824/1966
f 3996/3823/1966 3997/3826/1966 3945/3824/1966
f 4011/3827/1967 3875/3821/1966 3877/3819/1966
f 4011/3827/1967 4007/3822/1967 4010/3828/1966
f 4011/3827/1967 3877/3819/1966 4007/3822/1967
f 3961/3829/1966 3875/3821/1966 4011/3827/1967
f 3943/3830/1966 3996/3823/1966 3945/3824/1966
f 3943/3830/1966 3945/3824/1966 3966/3831/1966
f 3881/3832/1966 4003/3818/1966 3963/3817/1966
f 3880/3833/1966 3881/3832/1966 3963/3817/1966
f 3956/3834/1966 4003/3818/1966 3881/3832/1966
f 3879/3835/1966 3880/3833/1966 3963/3817/1966
f 3957/3836/1966 4003/3818/1966 3956/3834/1966
f 3957/3836/1966 3966/3831/1966 4003/3818/1966
f 3955/3837/1966 3879/3835/1966 3963/3817/1966
f 3955/3837/1966 3963/3817/1966 3875/3821/1966
f 3882/3838/1966 3966/3831/1966 3957/3836/1966
f 3954/3839/1966 3955/3837/1966 3875/3821/1966
f 3883/3840/1966 3943/3830/1966 3966/3831/1966
f 3883/3840/1966 3966/3831/1966 3882/3838/1966
f 3985/3841/1966 3875/3821/1966 3961/3829/1966
f 3985/3841/1966 3954/3839/1966 3875/3821/1966
f 3884/3842/1966 3943/3830/1966 3883/3840/1966
f 3953/3843/1966 3985/3841/1966 3961/3829/1966
f 3885/3844/1966 3943/3830/1966 3884/3842/1966
f 3984/3845/1966 3953/3843/1966 3961/3829/1966
f 4014/3846/1966 3984/3845/1966 3961/3829/1966
f 4014/3846/1966 3983/3848/1966 3952/3847/1966
f 4014/3846/1966 3952/3847/1966 3984/3845/1966
f 3967/3849/1966 3943/3830/1966 3885/3844/1966
f 3967/3849/1966 3885/3844/1966 3958/3850/1966
f 3967/3849/1966 3958/3850/1966 3886/3851/1966
f 4016/3852/1966 4014/3846/1966 4015/3853/1971
f 3932/3856/1966 3933/3854/1967 4043/3855/1966
f 3932/3856/1966 4043/3855/1966 3967/3849/1966
f 3940/3858/1966 4016/3852/1966 4017/3860/1966
f 3940/3858/1966 4017/3860/1966 4018/3859/1968
f 3940/3858/1966 3983/3848/1966 4014/3846/1966
f 3940/3858/1966 4014/3846/1966 4016/3852/1966
f 3930/3861/1966 3931/3857/1967 3932/3856/1966
f 3930/3861/1966 3967/3849/1966 3886/3851/1966
f 3930/3861/1966 3932/3856/1966 3967/3849/1966
f 3959/3862/1966 3930/3861/1966 3886/3851/1966
f 3951/3863/1966 3983/3848/1966 3940/3858/1966
f 3887/3864/1966 3930/3861/1966 3959/3862/1966
f 3950/3865/1966 3951/3863/1966 3940/3858/1966
f 3888/3866/1966 3930/3861/1966 3887/3864/1966
f 3982/3867/1966 3950/3865/1966 3940/3858/1966
f 3973/3868/1966 3949/3870/1966 3981/3869/1966
f 3973/3868/1966 3981/3869/1966 3982/3867/1966
f 3973/3868/1966 3982/3867/1966 3940/3858/1966
f 3968/3871/1966 3888/3866/1966 3960/3872/1966
f 3968/3871/1966 3960/3872/1966 3975/3873/1966
f 3968/3871/1966 3930/3861/1966 3888/3866/1966
f 3934/3877/1966 3935/3879/1967 4037/3878/1966
f 4024/3881/1966 3939/3875/1966 4023/3874/1966
f 4036/3885/1968 3934/3877/1966 4037/3878/1966
f 3971/3880/1966 3949/3870/1966 3973/3868/1966
f 3971/3880/1966 3973/3868/1966 3938/3876/1966
f 3971/3880/1966 3938/3876/1966 3939/3875/1966
f 3971/3880/1966 3939/3875/1966 4024/3881/1966
f 3971/3880/1966 3980/3883/1966 3948/3882/1966
f 3971/3880/1966 3948/3882/1966 3949/3870/1966
f 4035/3884/1966 3968/3871/1966 3975/3873/1966
f 4035/3884/1966 4037/3878/1966 3968/3871/1966
f 4035/3884/1966 4036/3885/1968 4037/3878/1966
f 4035/3884/1966 3975/3873/1966 3946/3886/1966
f 4035/3884/1966 3946/3886/1966 3976/3887/1966
f 4029/3888/1966 4035/3884/1966 3976/3887/1966
f 4029/3888/1966 3976/3887/1966 3947/3889/1966
f 4029/3888/1966 3947/3889/1966 3977/3890/1966
f 3970/3891/1966 3980/3883/1966 3971/3880/1966
f 3970/3891/1966 3977/3890/1966 3978/3892/1966
f 3970/3891/1966 3978/3892/1966 3979/3893/1966
f 3970/3891/1966 3979/3893/1966 3980/3883/1966
f 3970/3891/1966 4029/3888/1966 3977/3890/1966
f 4031/3894/1966 3970/3891/1966 4030/3897/1966
f 3936/3896/1966 3937/3895/1966 4029/3888/1966
f 3936/3896/1966 3970/3891/1966 4031/3894/1966
f 3936/3896/1966 4029/3888/1966 3970/3891/1966
f 3911/3898/1972 3961/3899/1973 4008/3900/1973
f 3911/3898/1972 4014/3901/1972 3961/3899/1973
f 3962/3898/1938 3963/3899/1974 3998/3900/1974
f 3962/3898/1938 3875/3901/1938 3963/3899/1974
f 4003/3901/1975 3966/3899/1976 3965/3900/1976
f 3964/3898/1975 4003/3901/1975 3965/3900/1976
f 3995/3898/1977 3967/3899/1978 4038/3900/1978
f 3995/3898/1977 3943/3901/1977 3967/3899/1978
f 4042/3898/1979 3968/3899/1980 4032/3900/1980
f 4042/3898/1979 3930/3901/1979 3968/3899/1980
f 3969/3898/1981 4029/3899/1982 4025/3900/1982
f 3969/3898/1981 4035/3901/1981 4029/3899/1982
f 3907/3898/1983 3971/3899/1984 4019/3900/1984
f 3907/3898/1983 3970/3901/1983 3971/3899/1984
f 3972/3898/1985 3940/3899/1986 3974/3900/1986
f 3972/3898/1985 3973/3901/1985 3940/3899/1986
f 3953/3902/1987 3878/3903/1959 3985/3904/1959
f 3953/3902/1987 3993/3905/1987 3878/3903/1959
f 3984/3906/1988 3992/3907/1988 3993/3905/1987
f 3984/3906/1988 3993/3905/1987 3953/3902/1987
f 3952/3908/1989 3929/3909/1989 3992/3907/1988
f 3952/3908/1989 3992/3907/1988 3984/3906/1988
f 3983/3910/1990 3928/3911/1990 3929/3909/1989
f 3983/3910/1990 3929/3909/1989 3952/3908/1989
f 3951/3912/1991 3927/3913/1991 3928/3911/1990
f 3951/3912/1991 3928/3911/1990 3983/3910/1990
f 3950/3914/1992 3926/3915/1992 3927/3913/1991
f 3950/3914/1992 3927/3913/1991 3951/3912/1991
f 3982/3916/1993 3991/3917/1993 3926/3915/1992
f 3982/3916/1993 3926/3915/1992 3950/3914/1992
f 3981/3918/1994 3925/3919/1994 3991/3917/1993
f 3981/3918/1994 3991/3917/1993 3982/3916/1993
f 3949/3920/1995 3990/3921/1995 3925/3919/1994
f 3949/3920/1995 3925/3919/1994 3981/3918/1994
f 3948/3922/1996 3989/3923/1996 3990/3921/1995
f 3948/3922/1996 3990/3921/1995 3949/3920/1995
f 3980/3924/1997 3988/3925/1997 3989/3923/1996
f 3980/3924/1997 3989/3923/1996 3948/3922/1996
f 3979/3926/1998 3924/3927/1998 3988/3925/1997
f 3979/3926/1998 3988/3925/1997 3980/3924/1997
f 3978/3928/1999 3986/3929/2000 3987/3930/1999
f 3978/3928/1999 3987/3930/1999 3924/3927/1998
f 3978/3928/1999 3924/3927/1998 3979/3926/1998
f 3977/3931/2000 3986/3929/2000 3978/3928/1999
f 3947/3932/2001 3986/3929/2000 3977/3931/2000
f 3947/3932/2001 3923/3933/2001 3986/3929/2000
f 3976/3934/2002 3923/3933/2001 3947/3932/2001
f 3976/3934/2002 3922/3935/2002 3923/3933/2001
f 3946/3936/2003 3922/3935/2002 3976/3934/2002
f 3946/3936/2003 3921/3937/2003 3922/3935/2002
f 3975/3779/1941 3921/3937/2003 3946/3936/2003
f 3975/3779/1941 3889/3778/1941 3921/3937/2003
f 3996/3938/2004 3995/3939/1977 3994/3940/2004
f 3996/3938/2004 3943/3941/1977 3995/3939/1977
f 3997/3942/2005 3994/3940/2004 3902/3943/2005
f 3997/3942/2005 3996/3938/2004 3994/3940/2004
f 3944/3944/2006 3902/3943/2005 3901/3945/2006
f 3944/3944/2006 3997/3942/2005 3902/3943/2005
f 3945/3946/2007 3901/3945/2006 3900/3947/2007
f 3945/3946/2007 3944/3944/2006 3901/3945/2006
f 3966/3948/1976 3900/3947/2007 3965/3949/1976
f 3966/3948/1976 3945/3946/2007 3900/3947/2007
f 4003/3948/1975 3964/3949/1975 4002/3950/2008
f 3941/3951/2008 4002/3950/2008 4001/3952/2009
f 3941/3951/2008 4003/3948/1975 4002/3950/2008
f 4004/3953/2009 4001/3952/2009 4000/3954/2010
f 4004/3953/2009 3941/3951/2008 4001/3952/2009
f 3942/3955/2010 4004/3953/2009 4000/3954/2010
f 4005/3956/2011 4000/3954/2010 3999/3957/2011
f 4005/3956/2011 3942/3955/2010 4000/3954/2010
f 3963/3772/1974 3999/3957/2011 3998/3770/1974
f 3963/3772/1974 4005/3956/2011 3999/3957/2011
f 4007/3904/1941 4006/3903/1941 4009/3958/2012
f 4010/3959/2012 4009/3958/2012 3912/3960/2013
f 4010/3959/2012 4007/3904/1941 4009/3958/2012
f 4011/3961/2013 3912/3960/2013 4008/3962/1973
f 4011/3961/2013 4010/3959/2012 3912/3960/2013
f 3961/3963/1973 4011/3961/2013 4008/3962/1973
f 4015/3964/2014 3911/3962/1972 4013/3965/2014
f 4015/3964/2014 4014/3963/1972 3911/3962/1972
f 4016/3966/2015 4013/3965/2014 4012/3967/2015
f 4016/3966/2015 4015/3964/2014 4013/3965/2014
f 4017/3968/2016 4012/3967/2015 3910/3969/2016
f 4017/3968/2016 4016/3966/2015 4012/3967/2015
f 4018/3970/2017 3909/3971/2017 3974/3972/1986
f 4018/3970/2017 3910/3969/2016 3909/3971/2017
f 4018/3970/2017 4017/3968/2016 3910/3969/2016
f 3940/3973/1986 4018/3970/2017 3974/3972/1986
f 3938/3974/2018 4022/3975/2018 3908/3976/2019
f 3938/3974/2018 3972/3972/1985 4022/3975/2018
f 3938/3974/2018 3973/3973/1985 3972/3972/1985
f 3939/3977/2019 3908/3976/2019 4021/3978/2020
f 3939/3977/2019 3938/3974/2018 3908/3976/2019
f 4023/3979/2020 4021/3978/2020 4020/3980/2021
f 4023/3979/2020 3939/3977/2019 4021/3978/2020
f 4024/3981/2021 4020/3980/2021 4019/3982/1984
f 4024/3981/2021 4023/3979/2020 4020/3980/2021
f 3971/3983/1984 4024/3981/2021 4019/3982/1984
f 4030/3984/2022 3907/3982/1983 4028/3985/2022
f 4030/3984/2022 3970/3983/1983 3907/3982/1983
f 4031/3986/2023 4028/3985/2022 3906/3987/2023
f 4031/3986/2023 4030/3984/2022 4028/3985/2022
f 3936/3988/2024 3906/3987/2023 4027/3989/2024
f 3936/3988/2024 4031/3986/2023 3906/3987/2023
f 3937/3990/2025 4027/3989/2024 4026/3991/2025
f 3937/3990/2025 3936/3988/2024 4027/3989/2024
f 4029/3992/1982 4026/3991/2025 4025/3993/1982
f 4029/3992/1982 3937/3990/2025 4026/3991/2025
f 4036/3994/2026 3969/3993/1981 3905/3995/2026
f 4036/3994/2026 4035/3992/1981 3969/3993/1981
f 3934/3996/2027 3905/3995/2026 3904/3997/2027
f 3934/3996/2027 4036/3994/2026 3905/3995/2026
f 3935/3998/2028 3904/3997/2027 4034/3999/2028
f 3935/3998/2028 3934/3996/2027 3904/3997/2027
f 4037/4000/2029 4034/3999/2028 4033/4001/2029
f 4037/4000/2029 3935/3998/2028 4034/3999/2028
f 3968/4002/1980 4033/4001/2029 4032/4003/1980
f 3968/4002/1980 4037/4000/2029 4033/4001/2029
f 3931/4004/2030 4042/4003/1979 3903/4005/2030
f 3931/4004/2030 3930/4002/1979 4042/4003/1979
f 3932/4006/2031 3903/4005/2030 4041/4007/2031
f 3932/4006/2031 3931/4004/2030 3903/4005/2030
f 3933/4008/2032 4041/4007/2031 4040/4009/2032
f 3933/4008/2032 3932/4006/2031 4041/4007/2031
f 4043/4010/2033 4040/4009/2032 4039/4011/2033
f 4043/4010/2033 3933/4008/2032 4040/4009/2032
f 3967/3941/1978 4039/4011/2033 4038/3939/1978
f 3967/3941/1978 4043/4010/2033 4039/4011/2033
o Stud
v -32.979275 38.499996 51.570004
v -39.041451 35.000000 19.557503
v -37.020725 38.500000 19.557505
v -39.041451 34.999996 51.570004
v -37.020725 31.499996 51.570004
v -30.958548 35.000000 19.557503
v -32.979275 31.499996 51.570004
v -30.958548 34.999996 51.570004
v -37.020725 31.499998 19.557503
v -32.979275 31.499998 19.557503
v -32.979275 38.500000 19.557505
v -37.020725 38.499996 51.570004
v 32.979275 38.500000 19.557505
v 37.020725 38.499996 51.570004
v 32.979275 31.499996 51.570004
v 30.958548 34.999996 51.570004
v 37.020725 31.499996 51.570004
v 32.979275 31.499998 19.557503
v 37.020725 38.500000 19.557505
v 30.958548 35.000000 19.557503
v 37.020725 31.499998 19.557503
v 39.041451 35.000000 19.557503
v 32.979275 38.499996 51.570004
v 39.041451 34.999996 51.570004
v -37.020725 -31.500004 51.569996
v -32.979275 -31.500002 19.557499
v -32.979275 -31.500004 51.569996
v -37.020725 -38.500000 19.557497
v -39.041451 -35.000000 19.557499
v -39.041451 -35.000004 51.569996
v -30.958548 -35.000000 19.557499
v -32.979275 -38.500000 19.557497
v -32.979275 -38.500004 51.569996
v -30.958548 -35.000004 51.569996
v -37.020725 -31.500002 19.557499
v -37.020725 -38.500004 51.569996
v 32.979275 -31.500004 51.569996
v 37.020725 -31.500002 19.557499
v 30.958548 -35.000004 51.569996
v 32.979275 -31.500002 19.557499
v 37.020725 -38.500004 51.569996
v 39.041451 -35.000004 51.569996
v 39.041451 -35.000000 19.557499
v 37.020725 -38.500000 19.557497
v 37.020725 -31.500004 51.569996
v 30.958548 -35.000000 19.557499
v 32.979275 -38.500000 19.557497
v 32.979275 -38.500004 51.569996
vn -0.0000 1.0000 -0.0000
vn -0.8660 0.5000 -0.0000
vn -0.8660 -0.5000 -0.0000
vn -0.0000 -1.0000 -0.0000
vn 0.8660 -0.5000 -0.0000
vn 0.8660 0.5000 -0.0000
vn -0.0000 -0.0000 -1.0000
vn -0.0000 -0.0000 1.0000
vt 42.705177 0.000000
vt 42.705177 -4.041452
vt 10.692677 -4.041452
vt 10.692677 0.000000
vt 0.000000 -10.692677
vt -4.041452 -42.705177
vt -4.041452 -10.692677
vt 0.000000 -42.705177
vt -10.692677 4.041452
vt -42.705177 0.000000
vt -42.705177 4.041452
vt -10.692677 0.000000
vt -32.979275 31.500000
vt -37.020725 31.500000
vt -39.041451 35.000000
vt -30.958548 35.000000
vt -32.979275 38.500000
vt -37.020725 38.500000
vt 48.189983 15.735564
vt 41.722828 18.414349
vt 44.183105 15.208049
vt 49.736580 19.469379
vt 47.276302 22.675678
vt 43.269424 22.148163
s 1
usemtl mat_7.001
f 4054/4012/2034 4046/4013/2034 4055/4014/2034
f 4054/4012/2034 4055/4014/2034 4044/4015/2034
f 4055/4016/2035 4045/4017/2035 4047/4018/2035
f 4055/4016/2035 4046/4019/2035 4045/4017/2035
f 4047/4016/2036 4052/4017/2036 4048/4018/2036
f 4047/4016/2036 4045/4019/2036 4052/4017/2036
f 4050/4020/2037 4052/4021/2037 4053/4022/2037
f 4050/4020/2037 4048/4023/2037 4052/4021/2037
f 4050/4016/2038 4049/4017/2038 4051/4018/2038
f 4050/4016/2038 4053/4019/2038 4049/4017/2038
f 4051/4016/2039 4054/4017/2039 4044/4018/2039
f 4051/4016/2039 4049/4019/2039 4054/4017/2039
f 4053/4024/2040 4052/4025/2040 4045/4026/2040
f 4049/4027/2040 4053/4024/2040 4045/4026/2040
f 4054/4028/2040 4045/4026/2040 4046/4029/2040
f 4054/4028/2040 4049/4027/2040 4045/4026/2040
f 4044/4030/2041 4050/4031/2041 4051/4032/2041
f 4055/4033/2041 4050/4031/2041 4044/4030/2041
f 4047/4034/2041 4048/4035/2041 4050/4031/2041
f 4047/4034/2041 4050/4031/2041 4055/4033/2041
f 4062/4012/2034 4056/4013/2034 4066/4014/2034
f 4062/4012/2034 4066/4014/2034 4057/4015/2034
f 4066/4016/2035 4063/4017/2035 4059/4018/2035
f 4066/4016/2035 4056/4019/2035 4063/4017/2035
f 4059/4016/2036 4061/4017/2036 4058/4018/2036
f 4059/4016/2036 4063/4019/2036 4061/4017/2036
f 4060/4020/2037 4061/4021/2037 4064/4022/2037
f 4060/4020/2037 4058/4023/2037 4061/4021/2037
f 4060/4016/2038 4065/4017/2038 4067/4018/2038
f 4060/4016/2038 4064/4019/2038 4065/4017/2038
f 4067/4016/2039 4062/4017/2039 4057/4018/2039
f 4067/4016/2039 4065/4019/2039 4062/4017/2039
f 4064/4024/2040 4061/4025/2040 4063/4026/2040
f 4065/4027/2040 4064/4024/2040 4063/4026/2040
f 4062/4028/2040 4063/4026/2040 4056/4029/2040
f 4062/4028/2040 4065/4027/2040 4063/4026/2040
f 4057/4030/2041 4060/4031/2041 4067/4032/2041
f 4066/4033/2041 4060/4031/2041 4057/4030/2041
f 4059/4034/2041 4058/4035/2041 4060/4031/2041
f 4059/4034/2041 4060/4031/2041 4066/4033/2041
f 4069/4012/2034 4078/4013/2034 4068/4014/2034
f 4069/4012/2034 4068/4014/2034 4070/4015/2034
f 4068/4016/2035 4072/4017/2035 4073/4018/2035
f 4068/4016/2035 4078/4019/2035 4072/4017/2035
f 4073/4016/2036 4071/4017/2036 4079/4018/2036
f 4073/4016/2036 4072/4019/2036 4071/4017/2036
f 4076/4020/2037 4071/4021/2037 4075/4022/2037
f 4076/4020/2037 4079/4023/2037 4071/4021/2037
f 4076/4016/2038 4074/4017/2038 4077/4018/2038
f 4076/4016/2038 4075/4019/2038 4074/4017/2038
f 4077/4016/2039 4069/4017/2039 4070/4018/2039
f 4077/4016/2039 4074/4019/2039 4069/4017/2039
f 4075/4024/2040 4071/4025/2040 4072/4026/2040
f 4074/4027/2040 4075/4024/2040 4072/4026/2040
f 4069/4028/2040 4072/4026/2040 4078/4029/2040
f 4069/4028/2040 4074/4027/2040 4072/4026/2040
f 4070/4030/2041 4076/4031/2041 4077/4032/2041
f 4068/4033/2041 4076/4031/2041 4070/4030/2041
f 4073/4034/2041 4079/4035/2041 4076/4031/2041
f 4073/4034/2041 4076/4031/2041 4068/4033/2041
f 4081/4012/2034 4083/4013/2034 4080/4014/2034
f 4081/4012/2034 4080/4014/2034 4088/4015/2034
f 4080/4016/2035 4089/4017/2035 4082/4018/2035
f 4080/4016/2035 4083/4019/2035 4089/4017/2035
f 4082/4016/2036 4090/4017/2036 4091/4018/2036
f 4082/4016/2036 4089/4019/2036 4090/4017/2036
f 4084/4020/2037 4090/4021/2037 4087/4022/2037
f 4084/4020/2037 4091/4023/2037 4090/4021/2037
f 4084/4016/2038 4086/4017/2038 4085/4018/2038
f 4084/4016/2038 4087/4019/2038 4086/4017/2038
f 4085/4016/2039 4081/4017/2039 4088/4018/2039
f 4085/4016/2039 4086/4019/2039 4081/4017/2039
f 4087/4024/2040 4090/4025/2040 4089/4026/2040
f 4086/4027/2040 4087/4024/2040 4089/4026/2040
f 4081/4028/2040 4089/4026/2040 4083/4029/2040
f 4081/4028/2040 4086/4027/2040 4089/4026/2040
f 4088/4030/2041 4084/4031/2041 4085/4032/2041
f 4080/4033/2041 4084/4031/2041 4088/4030/2041
f 4082/4034/2041 4091/4035/2041 4084/4031/2041
f 4082/4034/2041 4084/4031/2041 4080/4033/2041
o Screw
v -36.778793 33.689350 62.982502
v -36.244267 33.279194 62.982502
v -35.931843 33.149784 62.982502
v -35.263851 33.061844 62.982502
v -34.037830 33.569679 62.982502
v -33.809368 33.819000 62.982502
v -33.627674 34.104202 62.982502
v -33.425072 34.746777 62.982502
v -33.454460 35.419888 62.982502
v -36.778793 33.689350 53.157505
v -36.529472 33.460892 53.157505
v -36.244267 33.279194 53.157505
v -35.601696 33.076591 53.157505
v -34.928581 33.105984 53.157505
v -34.606068 33.207668 53.157505
v -34.037830 33.569679 53.157505
v -37.140800 34.257591 62.982502
v -37.140800 34.257591 53.157505
v -33.712296 36.042358 62.982502
v -33.918156 36.310642 62.982502
v -34.167477 36.539101 62.982502
v -35.095253 36.923401 62.982502
v -35.768368 36.894009 62.982502
v -36.887581 36.180992 62.982502
v -33.556149 35.742401 53.157505
v -33.712296 36.042358 53.157505
v -33.918156 36.310642 53.157505
v -35.095253 36.923401 53.157505
v -35.433098 36.938148 53.157505
v -36.887581 36.180992 53.157505
v -37.069275 35.895790 53.157505
v -37.198685 35.583366 53.157505
v -37.271877 35.253216 53.157505
v -37.286629 34.915375 53.157505
v -37.242489 34.580105 53.157505
v -36.984653 33.957634 53.157505
v -35.931843 33.149784 53.157505
v -35.263851 33.061844 53.157505
v -34.306114 33.363815 53.157505
v -33.809368 33.819000 53.157505
v -33.627674 34.104202 53.157505
v -33.498264 34.416626 53.157505
v -33.425072 34.746777 53.157505
v -33.410320 35.084618 53.157505
v -33.454460 35.419888 53.157505
v -34.167477 36.539101 53.157505
v -34.452682 36.720798 53.157505
v -34.765106 36.850208 53.157505
v -35.768368 36.894009 53.157505
v -36.090881 36.792324 53.157505
v -36.390835 36.636177 53.157505
v -36.659119 36.430313 53.157505
v -33.556149 35.742401 62.982502
v -34.452682 36.720798 62.982502
v -34.765106 36.850208 62.982502
v -35.433098 36.938148 62.982502
v -36.090881 36.792324 62.982502
v -36.390835 36.636177 62.982502
v -36.659119 36.430313 62.982502
v -37.069275 35.895790 62.982502
v -37.198685 35.583366 62.982502
v -37.271877 35.253216 62.982502
v -37.286629 34.915375 62.982502
v -37.242489 34.580105 62.982502
v -36.984653 33.957634 62.982502
v -36.529472 33.460892 62.982502
v -35.601696 33.076591 62.982502
v -34.928581 33.105984 62.982502
v -34.606068 33.207668 62.982502
v -34.306114 33.363815 62.982502
v -33.498264 34.416626 62.982502
v -33.410320 35.084618 62.982502
v 32.859200 34.257591 62.982502
v 33.015347 33.957634 62.982502
v 33.221207 33.689350 62.982502
v 33.470528 33.460892 62.982502
v 33.755733 33.279194 62.982502
v 34.068157 33.149784 62.982502
v 35.071419 33.105984 62.982502
v 35.393932 33.207668 62.982502
v 35.693886 33.363815 62.982502
v 36.372326 34.104202 62.982502
v 36.501736 34.416626 62.982502
v 36.574928 34.746777 62.982502
v 36.589680 35.084618 62.982502
v 36.545540 35.419888 62.982502
v 34.068157 33.149784 53.157505
v 34.398304 33.076591 53.157505
v 35.071419 33.105984 53.157505
v 35.393932 33.207668 53.157505
v 35.962170 33.569679 53.157505
v 36.190632 33.819000 53.157505
v 36.372326 34.104202 53.157505
v 36.545540 35.419888 53.157505
v 32.859200 34.257591 53.157505
v 36.443851 35.742401 62.982502
v 36.081844 36.310642 62.982502
v 35.832523 36.539101 62.982502
v 34.904747 36.923401 62.982502
v 34.231632 36.894009 62.982502
v 33.909119 36.792324 62.982502
v 33.609165 36.636177 62.982502
v 33.112419 36.180992 62.982502
v 32.801315 35.583366 62.982502
v 32.728123 35.253216 62.982502
v 32.713371 34.915375 62.982502
v 32.757511 34.580105 62.982502
v 36.287704 36.042358 53.157505
v 36.081844 36.310642 53.157505
v 35.832523 36.539101 53.157505
v 35.547318 36.720798 53.157505
v 35.234894 36.850208 53.157505
v 34.904747 36.923401 53.157505
v 34.566902 36.938148 53.157505
v 33.909119 36.792324 53.157505
v 33.609165 36.636177 53.157505
v 33.340881 36.430313 53.157505
v 33.112419 36.180992 53.157505
v 32.930725 35.895790 53.157505
v 32.728123 35.253216 53.157505
v 32.713371 34.915375 53.157505
v 32.757511 34.580105 53.157505
v 33.015347 33.957634 53.157505
v 33.221207 33.689350 53.157505
v 33.470528 33.460892 53.157505
v 33.755733 33.279194 53.157505
v 34.736149 33.061844 53.157505
v 35.693886 33.363815 53.157505
v 36.501736 34.416626 53.157505
v 36.574928 34.746777 53.157505
v 36.589680 35.084618 53.157505
v 36.443851 35.742401 53.157505
v 34.231632 36.894009 53.157505
v 32.801315 35.583366 53.157505
v 36.287704 36.042358 62.982502
v 35.547318 36.720798 62.982502
v 35.234894 36.850208 62.982502
v 34.566902 36.938148 62.982502
v 33.340881 36.430313 62.982502
v 32.930725 35.895790 62.982502
v 34.398304 33.076591 62.982502
v 34.736149 33.061844 62.982502
v 35.962170 33.569679 62.982502
v 36.190632 33.819000 62.982502
v -37.140800 -35.742409 62.982494
v -36.984653 -36.042366 62.982494
v -36.778793 -36.310650 62.982494
v -36.529472 -36.539108 62.982494
v -36.244267 -36.720806 62.982494
v -35.931843 -36.850216 62.982494
v -35.601696 -36.923409 62.982494
v -35.263851 -36.938156 62.982494
v -34.606068 -36.792332 62.982494
v -34.306114 -36.636185 62.982494
v -33.809368 -36.181000 62.982494
v -33.410320 -34.915382 62.982494
v -33.454460 -34.580112 62.982494
v -36.529472 -36.539108 53.157497
v -36.244267 -36.720806 53.157497
v -34.606068 -36.792332 53.157497
v -34.037830 -36.430321 53.157497
v -33.498264 -35.583374 53.157497
v -33.425072 -35.253223 53.157497
v -33.410320 -34.915382 53.157497
v -33.454460 -34.580112 53.157497
v -33.556149 -34.257599 53.157497
v -33.556149 -34.257599 62.982494
v -33.712296 -33.957642 62.982494
v -33.918156 -33.689358 62.982494
v -34.452682 -33.279202 62.982494
v -35.095253 -33.076599 62.982494
v -35.433098 -33.061852 62.982494
v -36.090881 -33.207676 62.982494
v -36.390835 -33.363823 62.982494
v -36.659119 -33.569687 62.982494
v -37.198685 -34.416634 62.982494
v -37.271877 -34.746784 62.982494
v -33.712296 -33.957642 53.157497
v -33.918156 -33.689358 53.157497
v -34.452682 -33.279202 53.157497
v -35.433098 -33.061852 53.157497
v -36.390835 -33.363823 53.157497
v -36.659119 -33.569687 53.157497
v -36.887581 -33.819008 53.157497
v -37.286629 -35.084625 53.157497
v -37.140800 -35.742409 53.157497
v -36.984653 -36.042366 53.157497
v -36.778793 -36.310650 53.157497
v -35.931843 -36.850216 53.157497
v -35.601696 -36.923409 53.157497
v -35.263851 -36.938156 53.157497
v -34.928581 -36.894016 53.157497
v -34.306114 -36.636185 53.157497
v -33.809368 -36.181000 53.157497
v -33.627674 -35.895798 53.157497
v -34.167477 -33.460899 53.157497
v -34.765106 -33.149792 53.157497
v -35.095253 -33.076599 53.157497
v -35.768368 -33.105991 53.157497
v -36.090881 -33.207676 53.157497
v -37.069275 -34.104210 53.157497
v -37.198685 -34.416634 53.157497
v -37.271877 -34.746784 53.157497
v -37.242489 -35.419895 53.157497
v -34.167477 -33.460899 62.982494
v -34.765106 -33.149792 62.982494
v -35.768368 -33.105991 62.982494
v -36.887581 -33.819008 62.982494
v -37.069275 -34.104210 62.982494
v -37.286629 -35.084625 62.982494
v -37.242489 -35.419895 62.982494
v -34.928581 -36.894016 62.982494
v -34.037830 -36.430321 62.982494
v -33.627674 -35.895798 62.982494
v -33.498264 -35.583374 62.982494
v -33.425072 -35.253223 62.982494
v 33.015347 -36.042366 62.982494
v 33.221207 -36.310650 62.982494
v 33.470528 -36.539108 62.982494
v 33.755733 -36.720806 62.982494
v 34.068157 -36.850216 62.982494
v 34.398304 -36.923409 62.982494
v 34.736149 -36.938156 62.982494
v 35.071419 -36.894016 62.982494
v 35.393932 -36.792332 62.982494
v 35.693886 -36.636185 62.982494
v 36.190632 -36.181000 62.982494
v 36.501736 -35.583374 62.982494
v 33.015347 -36.042366 53.157497
v 33.221207 -36.310650 53.157497
v 34.068157 -36.850216 53.157497
v 34.398304 -36.923409 53.157497
v 35.071419 -36.894016 53.157497
v 35.393932 -36.792332 53.157497
v 35.693886 -36.636185 53.157497
v 35.962170 -36.430321 53.157497
v 36.190632 -36.181000 53.157497
v 36.372326 -35.895798 53.157497
v 36.589680 -34.915382 53.157497
v 36.443851 -34.257599 53.157497
v 32.859200 -35.742409 62.982494
v 32.859200 -35.742409 53.157497
v 36.443851 -34.257599 62.982494
v 35.234894 -33.149792 62.982494
v 34.904747 -33.076599 62.982494
v 34.566902 -33.061852 62.982494
v 33.909119 -33.207676 62.982494
v 33.112419 -33.819008 62.982494
v 32.801315 -34.416634 62.982494
v 36.287704 -33.957642 53.157497
v 35.832523 -33.460899 53.157497
v 35.547318 -33.279202 53.157497
v 35.234894 -33.149792 53.157497
v 34.566902 -33.061852 53.157497
v 33.909119 -33.207676 53.157497
v 33.340881 -33.569687 53.157497
v 33.112419 -33.819008 53.157497
v 32.930725 -34.104210 53.157497
v 32.728123 -34.746784 53.157497
v 32.757511 -35.419895 53.157497
v 33.470528 -36.539108 53.157497
v 33.755733 -36.720806 53.157497
v 34.736149 -36.938156 53.157497
v 36.501736 -35.583374 53.157497
v 36.574928 -35.253223 53.157497
v 36.545540 -34.580112 53.157497
v 36.081844 -33.689358 53.157497
v 34.904747 -33.076599 53.157497
v 34.231632 -33.105991 53.157497
v 33.609165 -33.363823 53.157497
v 32.801315 -34.416634 53.157497
v 32.713371 -35.084625 53.157497
v 36.287704 -33.957642 62.982494
v 36.081844 -33.689358 62.982494
v 35.832523 -33.460899 62.982494
v 35.547318 -33.279202 62.982494
v 34.231632 -33.105991 62.982494
v 33.609165 -33.363823 62.982494
v 33.340881 -33.569687 62.982494
v 32.930725 -34.104210 62.982494
v 32.728123 -34.746784 62.982494
v 32.713371 -35.084625 62.982494
v 32.757511 -35.419895 62.982494
v 35.962170 -36.430321 62.982494
v 36.372326 -35.895798 62.982494
v 36.574928 -35.253223 62.982494
v 36.589680 -34.915382 62.982494
v 36.545540 -34.580112 62.982494
vn 0.9763 0.2164 -0.0000
vn 0.9239 0.3827 -0.0000
vn 0.9990 0.0436 -0.0000
vn 0.9914 -0.1305 -0.0000
vn 0.9537 -0.3007 -0.0000
vn 0.8870 -0.4617 -0.0000
vn 0.8870 -0.4618 -0.0000
vn 0.7934 -0.6088 -0.0000
vn 0.6756 -0.7373 -0.0000
vn 0.5373 -0.8434 -0.0000
vn 0.3827 -0.9239 -0.0000
vn 0.2164 -0.9763 -0.0000
vn 0.0436 -0.9990 -0.0000
vn -0.1305 -0.9914 -0.0000
vn -0.3007 -0.9537 -0.0000
vn -0.4618 -0.8870 -0.0000
vn -0.6088 -0.7933 -0.0000
vn -0.6088 -0.7934 -0.0000
vn -0.7373 -0.6756 -0.0000
vn -0.8434 -0.5373 -0.0000
vn -0.9239 -0.3827 -0.0000
vn -0.9763 -0.2164 -0.0000
vn -0.9990 -0.0436 -0.0000
vn -0.9914 0.1305 -0.0000
vn -0.9537 0.3007 -0.0000
vn -0.8870 0.4617 -0.0000
vn -0.8870 0.4618 -0.0000
vn -0.7934 0.6088 -0.0000
vn -0.6756 0.7373 -0.0000
vn -0.5373 0.8434 -0.0000
vn -0.3827 0.9239 -0.0000
vn -0.2164 0.9763 -0.0000
vn -0.0436 0.9990 -0.0000
vn 0.1305 0.9914 -0.0000
vn 0.3007 0.9537 -0.0000
vn 0.4617 0.8870 -0.0000
vn 0.4618 0.8870 -0.0000
vn 0.6088 0.7933 -0.0000
vn 0.6088 0.7934 -0.0000
vn 0.7373 0.6756 -0.0000
vn 0.8434 0.5373 -0.0000
vn -0.0000 -0.0000 -1.0000
vn -0.0000 0.0001 -1.0000
vn -0.0000 -0.0001 -1.0000
vn -0.0000 0.0002 -1.0000
vn -0.0000 -0.0000 1.0000
vn -0.0000 0.0001 1.0000
vn -0.0000 0.0002 1.0000
vn -0.0000 -0.0002 1.0000
vn -0.0000 -0.0001 1.0000
vt 0.174533 15.312149
vt 0.000000 5.487149
vt 0.174533 5.487149
vt 0.000000 15.312149
vt 0.349066 15.312149
vt 0.349066 5.487149
vt 0.523599 15.312149
vt 0.523599 5.487149
vt 0.698132 15.312149
vt 0.698132 5.487149
vt 0.872665 15.312149
vt 0.872665 5.487149
vt 1.047198 15.312149
vt 1.047198 5.487149
vt 1.221730 15.312149
vt 1.221730 5.487149
vt 1.396263 15.312149
vt 1.396263 5.487149
vt 1.570796 15.312149
vt 1.570796 5.487149
vt 1.745329 15.312149
vt 1.745329 5.487149
vt 1.919862 15.312149
vt 1.919862 5.487149
vt 2.094395 15.312149
vt 2.094395 5.487149
vt 2.268928 15.312149
vt 2.268928 5.487149
vt 2.443461 15.312149
vt 2.443461 5.487149
vt 2.617994 15.312149
vt 2.617994 5.487149
vt 2.792527 15.312149
vt 2.792527 5.487149
vt 2.967060 15.312149
vt 2.967060 5.487149
vt 3.141593 15.312149
vt 3.141593 5.487149
vt 3.316126 15.312149
vt 3.316126 5.487149
vt 3.490659 15.312149
vt 3.490659 5.487149
vt 3.665191 5.487149
vt 3.665191 15.312149
vt 3.839724 15.312149
vt 3.839724 5.487149
vt 4.014257 15.312149
vt 4.014257 5.487149
vt 4.188790 15.312149
vt 4.188790 5.487149
vt 4.363323 5.487149
vt 4.363323 15.312149
vt 4.537856 5.487149
vt 4.537856 15.312149
vt 4.712389 15.312149
vt 4.712389 5.487149
vt 4.886922 5.487149
vt 4.886922 15.312149
vt 5.061455 15.312149
vt 5.061455 5.487149
vt 5.235988 5.487149
vt 5.235988 15.312149
vt 5.410521 15.312149
vt 5.410521 5.487149
vt 5.585053 5.487149
vt 5.585053 15.312149
vt 5.759586 15.312149
vt 5.759586 5.487149
vt 5.934119 15.312149
vt 5.934119 5.487149
vt 6.108653 15.312149
vt 6.108653 5.487149
vt 6.283185 15.312149
vt 6.283185 5.487149
vt -0.663519 -1.823004
vt -1.247008 -1.486126
vt -1.486126 -1.247008
vt -0.970000 -1.680089
vt 0.336877 -1.910527
vt -0.336877 -1.910527
vt -0.000000 -1.940000
vt -1.823004 0.663519
vt -1.940000 0.000000
vt -1.910527 0.336877
vt 1.486126 -1.247008
vt 0.970000 -1.680089
vt 0.663519 -1.823004
vt 1.247008 -1.486126
vt -0.970000 1.680089
vt -1.486126 1.247008
vt -1.247008 1.486126
vt -1.680089 0.970000
vt -1.910527 -0.336877
vt 1.940000 0.000000
vt 1.823004 -0.663519
vt 1.680089 -0.970000
vt 1.910527 -0.336877
vt 1.910527 0.336877
vt 0.663519 1.823004
vt 0.000000 1.940000
vt 0.336877 1.910527
vt -0.336877 1.910527
vt -0.663519 1.823004
vt 1.823004 0.663519
vt 0.970000 1.680089
vt -1.823004 -0.663519
vt -1.680089 -0.970000
vt 1.486126 1.247008
vt 1.680089 0.970000
vt 1.247008 1.486126
vt 44.040054 18.600292
vt 44.182968 18.293812
vt 44.376934 18.016804
vt 45.199539 17.440809
vt 44.616051 17.777685
vt 44.893059 17.583723
vt 43.923058 19.263811
vt 43.952534 18.926935
vt 44.182968 20.233812
vt 44.040054 19.927332
vt 43.952534 19.600689
vt 44.376934 20.510820
vt 47.110065 17.777685
vt 46.526577 17.440809
vt 46.833057 17.583723
vt 44.616051 20.749939
vt 45.199539 21.086815
vt 44.893059 20.943901
vt 45.526180 21.174339
vt 45.526180 17.353285
vt 45.863060 21.203812
vt 47.803059 19.263811
vt 47.349186 18.016804
vt 47.543148 18.293812
vt 47.686062 18.600292
vt 47.773586 18.926935
vt 46.199936 21.174339
vt 45.863060 17.323812
vt 46.199936 17.353285
vt 47.686062 19.927332
vt 47.773586 19.600689
vt 47.110065 20.749939
vt 46.833057 20.943901
vt 46.526577 21.086815
vt 47.349186 20.510820
vt 47.543148 20.233812
s 1
usemtl mat_8.001
f 4136/4036/2042 4144/4037/2043 4100/4038/2042
f 4136/4036/2042 4116/4039/2043 4144/4037/2043
f 4135/4040/2044 4100/4038/2042 4163/4041/2044
f 4135/4040/2044 4136/4036/2042 4100/4038/2042
f 4134/4042/2045 4163/4041/2044 4099/4043/2045
f 4134/4042/2045 4135/4040/2044 4163/4041/2044
f 4133/4044/2046 4099/4043/2045 4162/4045/2046
f 4133/4044/2046 4134/4042/2045 4099/4043/2045
f 4132/4046/2047 4162/4045/2046 4098/4047/2048
f 4132/4046/2047 4133/4044/2046 4162/4045/2046
f 4131/4048/2049 4098/4047/2048 4097/4049/2049
f 4131/4048/2049 4132/4046/2047 4098/4047/2048
f 4107/4050/2050 4097/4049/2049 4096/4051/2050
f 4107/4050/2050 4131/4048/2049 4097/4049/2049
f 4130/4052/2051 4096/4051/2050 4161/4053/2051
f 4130/4052/2051 4107/4050/2050 4096/4051/2050
f 4106/4054/2052 4161/4053/2051 4160/4055/2052
f 4106/4054/2052 4130/4052/2051 4161/4053/2051
f 4105/4056/2053 4160/4055/2052 4159/4057/2053
f 4105/4056/2053 4106/4054/2052 4160/4055/2052
f 4129/4058/2054 4159/4057/2053 4095/4059/2054
f 4129/4058/2054 4105/4056/2053 4159/4057/2053
f 4104/4060/2055 4095/4059/2054 4158/4061/2055
f 4104/4060/2055 4129/4058/2054 4095/4059/2054
f 4128/4062/2056 4158/4061/2055 4094/4063/2056
f 4128/4062/2056 4104/4060/2055 4158/4061/2055
f 4103/4064/2057 4094/4063/2056 4093/4065/2057
f 4103/4064/2057 4128/4062/2056 4094/4063/2056
f 4102/4066/2058 4103/4064/2057 4093/4065/2057
f 4102/4066/2058 4093/4065/2057 4157/4067/2059
f 4101/4068/2060 4102/4066/2058 4157/4067/2059
f 4101/4068/2060 4157/4067/2059 4092/4069/2060
f 4127/4070/2061 4092/4069/2060 4156/4071/2061
f 4127/4070/2061 4101/4068/2060 4092/4069/2060
f 4109/4072/2062 4156/4071/2061 4108/4073/2062
f 4109/4072/2062 4127/4070/2061 4156/4071/2061
f 4126/4074/2063 4109/4072/2062 4108/4073/2062
f 4126/4074/2063 4108/4073/2062 4155/4075/2063
f 4125/4076/2064 4154/4077/2064 4153/4078/2065
f 4125/4076/2064 4155/4075/2063 4154/4077/2064
f 4125/4076/2064 4126/4074/2063 4155/4075/2063
f 4124/4079/2065 4125/4076/2064 4153/4078/2065
f 4123/4080/2066 4153/4078/2065 4152/4081/2066
f 4123/4080/2066 4124/4079/2065 4153/4078/2065
f 4122/4082/2067 4152/4081/2066 4151/4083/2068
f 4122/4082/2067 4123/4080/2066 4152/4081/2066
f 4121/4084/2069 4115/4085/2069 4150/4086/2070
f 4121/4084/2069 4151/4083/2068 4115/4085/2069
f 4121/4084/2069 4122/4082/2067 4151/4083/2068
f 4143/4087/2070 4150/4086/2070 4149/4088/2071
f 4143/4087/2070 4121/4084/2069 4150/4086/2070
f 4142/4089/2071 4143/4087/2070 4149/4088/2071
f 4141/4090/2072 4148/4091/2072 4114/4092/2073
f 4141/4090/2072 4149/4088/2071 4148/4091/2072
f 4141/4090/2072 4142/4089/2071 4149/4088/2071
f 4140/4093/2073 4141/4090/2072 4114/4092/2073
f 4120/4094/2074 4147/4095/2074 4113/4096/2075
f 4120/4094/2074 4114/4092/2073 4147/4095/2074
f 4120/4094/2074 4140/4093/2073 4114/4092/2073
f 4119/4097/2075 4120/4094/2074 4113/4096/2075
f 4139/4098/2076 4146/4099/2076 4145/4100/2077
f 4139/4098/2076 4113/4096/2075 4146/4099/2076
f 4139/4098/2076 4119/4097/2075 4113/4096/2075
f 4138/4101/2078 4139/4098/2076 4145/4100/2077
f 4137/4102/2079 4138/4101/2078 4145/4100/2077
f 4137/4102/2079 4145/4100/2077 4112/4103/2080
f 4118/4104/2081 4112/4103/2080 4111/4105/2081
f 4118/4104/2081 4137/4102/2079 4112/4103/2080
f 4117/4106/2082 4111/4105/2081 4110/4107/2082
f 4117/4106/2082 4118/4104/2081 4111/4105/2081
f 4116/4108/2043 4110/4107/2082 4144/4109/2043
f 4116/4108/2043 4117/4106/2082 4110/4107/2082
f 4120/4110/2083 4139/4111/2084 4138/4112/2083
f 4120/4110/2083 4119/4113/2083 4139/4111/2084
f 4142/4114/2083 4140/4115/2085 4120/4110/2083
f 4142/4114/2083 4141/4116/2086 4140/4115/2085
f 4135/4117/2083 4116/4118/2083 4136/4119/2083
f 4123/4120/2083 4121/4121/2083 4143/4122/2083
f 4123/4120/2083 4122/4123/2085 4121/4121/2083
f 4131/4124/2083 4133/4125/2083 4132/4126/2083
f 4131/4124/2083 4134/4127/2083 4133/4125/2083
f 4131/4124/2083 4135/4117/2083 4134/4127/2083
f 4131/4124/2083 4117/4128/2083 4116/4118/2083
f 4131/4124/2083 4116/4118/2083 4135/4117/2083
f 4109/4129/2083 4125/4130/2083 4124/4131/2083
f 4109/4129/2083 4126/4132/2083 4125/4130/2083
f 4127/4133/2083 4109/4129/2083 4124/4131/2083
f 4129/4134/2085 4106/4135/2085 4105/4136/2086
f 4129/4134/2085 4130/4137/2083 4106/4135/2085
f 4129/4134/2085 4107/4138/2083 4130/4137/2083
f 4101/4139/2083 4124/4131/2083 4123/4120/2083
f 4101/4139/2083 4127/4133/2083 4124/4131/2083
f 4104/4140/2083 4131/4124/2083 4107/4138/2083
f 4104/4140/2083 4118/4141/2083 4117/4128/2083
f 4104/4140/2083 4137/4142/2083 4118/4141/2083
f 4104/4140/2083 4138/4112/2083 4137/4142/2083
f 4104/4140/2083 4120/4110/2083 4138/4112/2083
f 4104/4140/2083 4117/4128/2083 4131/4124/2083
f 4104/4140/2083 4107/4138/2083 4129/4134/2085
f 4103/4143/2083 4102/4144/2083 4101/4139/2083
f 4103/4143/2083 4143/4122/2083 4142/4114/2083
f 4103/4143/2083 4123/4120/2083 4143/4122/2083
f 4103/4143/2083 4101/4139/2083 4123/4120/2083
f 4128/4145/2083 4142/4114/2083 4120/4110/2083
f 4128/4145/2083 4120/4110/2083 4104/4140/2083
f 4128/4145/2083 4103/4143/2083 4142/4114/2083
f 4096/4146/2087 4097/4147/2088 4098/4148/2087
f 4163/4149/2087 4098/4148/2087 4162/4150/2087
f 4163/4149/2087 4162/4150/2087 4099/4151/2087
f 4160/4152/2087 4161/4153/2087 4096/4146/2087
f 4158/4154/2087 4095/4155/2087 4159/4156/2088
f 4158/4154/2087 4159/4156/2088 4160/4152/2087
f 4158/4154/2087 4160/4152/2087 4096/4146/2087
f 4094/4157/2087 4096/4146/2087 4098/4148/2087
f 4094/4157/2087 4158/4154/2087 4096/4146/2087
f 4145/4158/2087 4111/4159/2087 4112/4160/2089
f 4093/4161/2087 4098/4148/2087 4163/4149/2087
f 4093/4161/2087 4094/4157/2087 4098/4148/2087
f 4092/4162/2087 4157/4163/2090 4093/4161/2087
f 4092/4162/2087 4093/4161/2087 4163/4149/2087
f 4156/4164/2087 4163/4149/2087 4100/4165/2087
f 4156/4164/2087 4092/4162/2087 4163/4149/2087
f 4108/4166/2087 4156/4164/2087 4100/4165/2087
f 4148/4167/2087 4146/4168/2087 4113/4169/2087
f 4148/4167/2087 4113/4169/2087 4147/4170/2087
f 4148/4167/2087 4147/4170/2087 4114/4171/2090
f 4155/4172/2087 4144/4173/2087 4110/4174/2087
f 4155/4172/2087 4110/4174/2087 4111/4159/2087
f 4155/4172/2087 4100/4165/2087 4144/4173/2087
f 4155/4172/2087 4108/4166/2087 4100/4165/2087
f 4150/4175/2087 4148/4167/2087 4149/4176/2087
f 4150/4175/2087 4146/4168/2087 4148/4167/2087
f 4152/4177/2087 4145/4158/2087 4146/4168/2087
f 4152/4177/2087 4153/4178/2087 4154/4179/2087
f 4152/4177/2087 4154/4179/2087 4155/4172/2087
f 4152/4177/2087 4111/4159/2087 4145/4158/2087
f 4152/4177/2087 4155/4172/2087 4111/4159/2087
f 4151/4180/2087 4146/4168/2087 4150/4175/2087
f 4151/4180/2087 4152/4177/2087 4146/4168/2087
f 4151/4180/2087 4150/4175/2087 4115/4181/2091
f 4185/4036/2042 4187/4037/2043 4177/4038/2042
f 4185/4036/2042 4223/4039/2043 4187/4037/2043
f 4222/4040/2044 4177/4038/2042 4176/4041/2044
f 4222/4040/2044 4185/4036/2042 4177/4038/2042
f 4221/4042/2045 4176/4041/2044 4175/4043/2045
f 4221/4042/2045 4222/4040/2044 4176/4041/2044
f 4220/4044/2046 4175/4043/2045 4174/4045/2046
f 4220/4044/2046 4221/4042/2045 4175/4043/2045
f 4184/4046/2047 4174/4045/2046 4173/4047/2048
f 4184/4046/2047 4220/4044/2046 4174/4045/2046
f 4183/4048/2049 4173/4047/2048 4235/4049/2049
f 4183/4048/2049 4184/4046/2047 4173/4047/2048
f 4182/4050/2050 4235/4049/2049 4234/4051/2050
f 4182/4050/2050 4183/4048/2049 4235/4049/2049
f 4219/4052/2051 4234/4051/2050 4172/4053/2051
f 4219/4052/2051 4182/4050/2050 4234/4051/2050
f 4181/4054/2052 4172/4053/2051 4171/4055/2052
f 4181/4054/2052 4219/4052/2051 4172/4053/2051
f 4180/4056/2053 4171/4055/2052 4170/4057/2053
f 4180/4056/2053 4181/4054/2052 4171/4055/2052
f 4218/4058/2054 4170/4057/2053 4233/4059/2054
f 4218/4058/2054 4180/4056/2053 4170/4057/2053
f 4179/4060/2055 4233/4059/2054 4232/4061/2055
f 4179/4060/2055 4218/4058/2054 4233/4059/2054
f 4178/4062/2056 4232/4061/2055 4169/4063/2056
f 4178/4062/2056 4179/4060/2055 4232/4061/2055
f 4217/4064/2057 4169/4063/2056 4168/4065/2057
f 4217/4064/2057 4178/4062/2056 4169/4063/2056
f 4216/4066/2058 4217/4064/2057 4168/4065/2057
f 4216/4066/2058 4168/4065/2057 4167/4067/2059
f 4215/4068/2060 4216/4066/2058 4167/4067/2059
f 4215/4068/2060 4167/4067/2059 4166/4069/2060
f 4214/4070/2061 4166/4069/2060 4165/4071/2061
f 4214/4070/2061 4215/4068/2060 4166/4069/2060
f 4186/4072/2062 4165/4071/2061 4164/4073/2062
f 4186/4072/2062 4214/4070/2061 4165/4071/2061
f 4213/4074/2063 4186/4072/2062 4164/4073/2062
f 4213/4074/2063 4164/4073/2062 4198/4075/2063
f 4212/4076/2064 4197/4077/2064 4196/4078/2065
f 4212/4076/2064 4198/4075/2063 4197/4077/2064
f 4212/4076/2064 4213/4074/2063 4198/4075/2063
f 4211/4079/2065 4212/4076/2064 4196/4078/2065
f 4225/4080/2066 4196/4078/2065 4195/4081/2066
f 4225/4080/2066 4211/4079/2065 4196/4078/2065
f 4210/4082/2067 4195/4081/2066 4231/4083/2068
f 4210/4082/2067 4225/4080/2066 4195/4081/2066
f 4209/4084/2069 4194/4085/2069 4230/4086/2070
f 4209/4084/2069 4231/4083/2068 4194/4085/2069
f 4209/4084/2069 4210/4082/2067 4231/4083/2068
f 4208/4087/2070 4230/4086/2070 4193/4088/2071
f 4208/4087/2070 4209/4084/2069 4230/4086/2070
f 4207/4089/2071 4208/4087/2070 4193/4088/2071
f 4206/4090/2072 4192/4091/2072 4191/4092/2073
f 4206/4090/2072 4193/4088/2071 4192/4091/2072
f 4206/4090/2072 4207/4089/2071 4193/4088/2071
f 4224/4093/2073 4206/4090/2072 4191/4092/2073
f 4205/4094/2074 4229/4095/2074 4190/4096/2075
f 4205/4094/2074 4191/4092/2073 4229/4095/2074
f 4205/4094/2074 4224/4093/2073 4191/4092/2073
f 4204/4097/2075 4205/4094/2074 4190/4096/2075
f 4203/4098/2076 4228/4099/2076 4227/4100/2077
f 4203/4098/2076 4190/4096/2075 4228/4099/2076
f 4203/4098/2076 4204/4097/2075 4190/4096/2075
f 4202/4101/2078 4203/4098/2076 4227/4100/2077
f 4201/4102/2079 4202/4101/2078 4227/4100/2077
f 4201/4102/2079 4227/4100/2077 4189/4103/2080
f 4200/4104/2081 4189/4103/2080 4188/4105/2081
f 4200/4104/2081 4201/4102/2079 4189/4103/2080
f 4199/4106/2082 4188/4105/2081 4226/4107/2082
f 4199/4106/2082 4200/4104/2081 4188/4105/2081
f 4223/4108/2043 4226/4107/2082 4187/4109/2043
f 4223/4108/2043 4199/4106/2082 4226/4107/2082
f 4205/4110/2083 4203/4111/2084 4202/4112/2083
f 4205/4110/2083 4204/4113/2083 4203/4111/2084
f 4207/4114/2083 4224/4115/2085 4205/4110/2083
f 4207/4114/2083 4206/4116/2086 4224/4115/2085
f 4222/4117/2083 4223/4118/2083 4185/4119/2083
f 4225/4120/2083 4209/4121/2083 4208/4122/2083
f 4225/4120/2083 4210/4123/2085 4209/4121/2083
f 4183/4124/2083 4220/4125/2083 4184/4126/2083
f 4183/4124/2083 4221/4127/2083 4220/4125/2083
f 4183/4124/2083 4222/4117/2083 4221/4127/2083
f 4183/4124/2083 4199/4128/2083 4223/4118/2083
f 4183/4124/2083 4223/4118/2083 4222/4117/2083
f 4186/4129/2083 4212/4130/2083 4211/4131/2083
f 4186/4129/2083 4213/4132/2083 4212/4130/2083
f 4214/4133/2083 4186/4129/2083 4211/4131/2083
f 4218/4134/2085 4181/4135/2085 4180/4136/2086
f 4218/4134/2085 4219/4137/2083 4181/4135/2085
f 4218/4134/2085 4182/4138/2083 4219/4137/2083
f 4215/4139/2083 4211/4131/2083 4225/4120/2083
f 4215/4139/2083 4214/4133/2083 4211/4131/2083
f 4179/4140/2083 4183/4124/2083 4182/4138/2083
f 4179/4140/2083 4200/4141/2083 4199/4128/2083
f 4179/4140/2083 4201/4142/2083 4200/4141/2083
f 4179/4140/2083 4202/4112/2083 4201/4142/2083
f 4179/4140/2083 4205/4110/2083 4202/4112/2083
f 4179/4140/2083 4199/4128/2083 4183/4124/2083
f 4179/4140/2083 4182/4138/2083 4218/4134/2085
f 4217/4143/2083 4216/4144/2083 4215/4139/2083
f 4217/4143/2083 4208/4122/2083 4207/4114/2083
f 4217/4143/2083 4225/4120/2083 4208/4122/2083
f 4217/4143/2083 4215/4139/2083 4225/4120/2083
f 4178/4145/2083 4207/4114/2083 4205/4110/2083
f 4178/4145/2083 4205/4110/2083 4179/4140/2083
f 4178/4145/2083 4217/4143/2083 4207/4114/2083
f 4234/4146/2087 4235/4147/2088 4173/4148/2087
f 4176/4149/2087 4173/4148/2087 4174/4150/2087
f 4176/4149/2087 4174/4150/2087 4175/4151/2087
f 4171/4152/2087 4172/4153/2087 4234/4146/2087
f 4232/4154/2087 4233/4155/2087 4170/4156/2088
f 4232/4154/2087 4170/4156/2088 4171/4152/2087
f 4232/4154/2087 4171/4152/2087 4234/4146/2087
f 4169/4157/2087 4234/4146/2087 4173/4148/2087
f 4169/4157/2087 4232/4154/2087 4234/4146/2087
f 4227/4158/2087 4188/4159/2087 4189/4160/2089
f 4168/4161/2087 4173/4148/2087 4176/4149/2087
f 4168/4161/2087 4169/4157/2087 4173/4148/2087
f 4166/4162/2087 4167/4163/2090 4168/4161/2087
f 4166/4162/2087 4168/4161/2087 4176/4149/2087
f 4165/4164/2087 4176/4149/2087 4177/4165/2087
f 4165/4164/2087 4166/4162/2087 4176/4149/2087
f 4164/4166/2087 4165/4164/2087 4177/4165/2087
f 4192/4167/2087 4228/4168/2087 4190/4169/2087
f 4192/4167/2087 4190/4169/2087 4229/4170/2087
f 4192/4167/2087 4229/4170/2087 4191/4171/2090
f 4198/4172/2087 4187/4173/2087 4226/4174/2087
f 4198/4172/2087 4226/4174/2087 4188/4159/2087
f 4198/4172/2087 4177/4165/2087 4187/4173/2087
f 4198/4172/2087 4164/4166/2087 4177/4165/2087
f 4230/4175/2087 4192/4167/2087 4193/4176/2087
f 4230/4175/2087 4228/4168/2087 4192/4167/2087
f 4195/4177/2087 4227/4158/2087 4228/4168/2087
f 4195/4177/2087 4196/4178/2087 4197/4179/2087
f 4195/4177/2087 4197/4179/2087 4198/4172/2087
f 4195/4177/2087 4188/4159/2087 4227/4158/2087
f 4195/4177/2087 4198/4172/2087 4188/4159/2087
f 4231/4180/2087 4228/4168/2087 4230/4175/2087
f 4231/4180/2087 4195/4177/2087 4228/4168/2087
f 4231/4180/2087 4230/4175/2087 4194/4181/2091
f 4256/4036/2042 4258/4037/2043 4248/4038/2042
f 4256/4036/2042 4257/4039/2043 4258/4037/2043
f 4255/4040/2044 4248/4038/2042 4247/4041/2044
f 4255/4040/2044 4256/4036/2042 4248/4038/2042
f 4254/4042/2045 4247/4041/2044 4307/4043/2045
f 4254/4042/2045 4255/4040/2044 4247/4041/2044
f 4253/4044/2046 4307/4043/2045 4306/4045/2046
f 4253/4044/2046 4254/4042/2045 4307/4043/2045
f 4286/4046/2047 4306/4045/2046 4305/4047/2048
f 4286/4046/2047 4253/4044/2046 4306/4045/2046
f 4285/4048/2049 4305/4047/2048 4246/4049/2049
f 4285/4048/2049 4286/4046/2047 4305/4047/2048
f 4252/4050/2050 4246/4049/2049 4304/4051/2050
f 4252/4050/2050 4285/4048/2049 4246/4049/2049
f 4284/4052/2051 4304/4051/2050 4245/4053/2051
f 4284/4052/2051 4252/4050/2050 4304/4051/2050
f 4251/4054/2052 4245/4053/2051 4244/4055/2052
f 4251/4054/2052 4284/4052/2051 4245/4053/2051
f 4283/4056/2053 4244/4055/2052 4303/4057/2053
f 4283/4056/2053 4251/4054/2052 4244/4055/2052
f 4282/4058/2054 4303/4057/2053 4243/4059/2054
f 4282/4058/2054 4283/4056/2053 4303/4057/2053
f 4281/4060/2055 4243/4059/2054 4242/4061/2055
f 4281/4060/2055 4282/4058/2054 4243/4059/2054
f 4280/4062/2056 4242/4061/2055 4241/4063/2056
f 4280/4062/2056 4281/4060/2055 4242/4061/2055
f 4250/4064/2057 4241/4063/2056 4240/4065/2057
f 4250/4064/2057 4280/4062/2056 4241/4063/2056
f 4249/4066/2058 4250/4064/2057 4240/4065/2057
f 4249/4066/2058 4240/4065/2057 4239/4067/2059
f 4279/4068/2060 4249/4066/2058 4239/4067/2059
f 4279/4068/2060 4239/4067/2059 4238/4069/2060
f 4278/4070/2061 4238/4069/2060 4237/4071/2061
f 4278/4070/2061 4279/4068/2060 4238/4069/2060
f 4277/4072/2062 4237/4071/2061 4236/4073/2062
f 4277/4072/2062 4278/4070/2061 4237/4071/2061
f 4295/4074/2063 4277/4072/2062 4236/4073/2062
f 4295/4074/2063 4236/4073/2062 4302/4075/2063
f 4276/4076/2064 4301/4077/2064 4268/4078/2065
f 4276/4076/2064 4302/4075/2063 4301/4077/2064
f 4276/4076/2064 4295/4074/2063 4302/4075/2063
f 4294/4079/2065 4276/4076/2064 4268/4078/2065
f 4293/4080/2066 4268/4078/2065 4267/4081/2066
f 4293/4080/2066 4294/4079/2065 4268/4078/2065
f 4292/4082/2067 4267/4081/2066 4300/4083/2068
f 4292/4082/2067 4293/4080/2066 4267/4081/2066
f 4275/4084/2069 4299/4085/2069 4266/4086/2070
f 4275/4084/2069 4300/4083/2068 4299/4085/2069
f 4275/4084/2069 4292/4082/2067 4300/4083/2068
f 4274/4087/2070 4266/4086/2070 4265/4088/2071
f 4274/4087/2070 4275/4084/2069 4266/4086/2070
f 4273/4089/2071 4274/4087/2070 4265/4088/2071
f 4291/4090/2072 4264/4091/2072 4298/4092/2073
f 4291/4090/2072 4265/4088/2071 4264/4091/2072
f 4291/4090/2072 4273/4089/2071 4265/4088/2071
f 4290/4093/2073 4291/4090/2072 4298/4092/2073
f 4272/4094/2074 4263/4095/2074 4262/4096/2075
f 4272/4094/2074 4298/4092/2073 4263/4095/2074
f 4272/4094/2074 4290/4093/2073 4298/4092/2073
f 4289/4097/2075 4272/4094/2074 4262/4096/2075
f 4288/4098/2076 4297/4099/2076 4261/4100/2077
f 4288/4098/2076 4262/4096/2075 4297/4099/2076
f 4288/4098/2076 4289/4097/2075 4262/4096/2075
f 4271/4101/2078 4288/4098/2076 4261/4100/2077
f 4287/4102/2079 4271/4101/2078 4261/4100/2077
f 4287/4102/2079 4261/4100/2077 4296/4103/2080
f 4270/4104/2081 4296/4103/2080 4260/4105/2081
f 4270/4104/2081 4287/4102/2079 4296/4103/2080
f 4269/4106/2082 4260/4105/2081 4259/4107/2082
f 4269/4106/2082 4270/4104/2081 4260/4105/2081
f 4257/4108/2043 4259/4107/2082 4258/4109/2043
f 4257/4108/2043 4269/4106/2082 4259/4107/2082
f 4272/4110/2083 4288/4111/2084 4271/4112/2083
f 4272/4110/2083 4289/4113/2083 4288/4111/2084
f 4273/4114/2083 4290/4115/2085 4272/4110/2083
f 4273/4114/2083 4291/4116/2086 4290/4115/2085
f 4255/4117/2083 4257/4118/2083 4256/4119/2083
f 4293/4120/2083 4275/4121/2083 4274/4122/2083
f 4293/4120/2083 4292/4123/2085 4275/4121/2083
f 4285/4124/2083 4253/4125/2083 4286/4126/2083
f 4285/4124/2083 4254/4127/2083 4253/4125/2083
f 4285/4124/2083 4255/4117/2083 4254/4127/2083
f 4285/4124/2083 4269/4128/2083 4257/4118/2083
f 4285/4124/2083 4257/4118/2083 4255/4117/2083
f 4277/4129/2083 4276/4130/2083 4294/4131/2083
f 4277/4129/2083 4295/4132/2083 4276/4130/2083
f 4278/4133/2083 4277/4129/2083 4294/4131/2083
f 4282/4134/2085 4251/4135/2085 4283/4136/2086
f 4282/4134/2085 4284/4137/2083 4251/4135/2085
f 4282/4134/2085 4252/4138/2083 4284/4137/2083
f 4279/4139/2083 4294/4131/2083 4293/4120/2083
f 4279/4139/2083 4278/4133/2083 4294/4131/2083
f 4281/4140/2083 4285/4124/2083 4252/4138/2083
f 4281/4140/2083 4270/4141/2083 4269/4128/2083
f 4281/4140/2083 4287/4142/2083 4270/4141/2083
f 4281/4140/2083 4271/4112/2083 4287/4142/2083
f 4281/4140/2083 4272/4110/2083 4271/4112/2083
f 4281/4140/2083 4269/4128/2083 4285/4124/2083
f 4281/4140/2083 4252/4138/2083 4282/4134/2085
f 4250/4143/2083 4249/4144/2083 4279/4139/2083
f 4250/4143/2083 4274/4122/2083 4273/4114/2083
f 4250/4143/2083 4293/4120/2083 4274/4122/2083
f 4250/4143/2083 4279/4139/2083 4293/4120/2083
f 4280/4145/2083 4273/4114/2083 4272/4110/2083
f 4280/4145/2083 4272/4110/2083 4281/4140/2083
f 4280/4145/2083 4250/4143/2083 4273/4114/2083
f 4304/4146/2087 4246/4147/2088 4305/4148/2087
f 4247/4149/2087 4305/4148/2087 4306/4150/2087
f 4247/4149/2087 4306/4150/2087 4307/4151/2087
f 4244/4152/2087 4245/4153/2087 4304/4146/2087
f 4242/4154/2087 4243/4155/2087 4303/4156/2088
f 4242/4154/2087 4303/4156/2088 4244/4152/2087
f 4242/4154/2087 4244/4152/2087 4304/4146/2087
f 4241/4157/2087 4304/4146/2087 4305/4148/2087
f 4241/4157/2087 4242/4154/2087 4304/4146/2087
f 4261/4158/2087 4260/4159/2087 4296/4160/2089
f 4240/4161/2087 4305/4148/2087 4247/4149/2087
f 4240/4161/2087 4241/4157/2087 4305/4148/2087
f 4238/4162/2087 4239/4163/2090 4240/4161/2087
f 4238/4162/2087 4240/4161/2087 4247/4149/2087
f 4237/4164/2087 4247/4149/2087 4248/4165/2087
f 4237/4164/2087 4238/4162/2087 4247/4149/2087
f 4236/4166/2087 4237/4164/2087 4248/4165/2087
f 4264/4167/2087 4297/4168/2087 4262/4169/2087
f 4264/4167/2087 4262/4169/2087 4263/4170/2087
f 4264/4167/2087 4263/4170/2087 4298/4171/2090
f 4302/4172/2087 4258/4173/2087 4259/4174/2087
f 4302/4172/2087 4259/4174/2087 4260/4159/2087
f 4302/4172/2087 4248/4165/2087 4258/4173/2087
f 4302/4172/2087 4236/4166/2087 4248/4165/2087
f 4266/4175/2087 4264/4167/2087 4265/4176/2087
f 4266/4175/2087 4297/4168/2087 4264/4167/2087
f 4267/4177/2087 4261/4158/2087 4297/4168/2087
f 4267/4177/2087 4268/4178/2087 4301/4179/2087
f 4267/4177/2087 4301/4179/2087 4302/4172/2087
f 4267/4177/2087 4260/4159/2087 4261/4158/2087
f 4267/4177/2087 4302/4172/2087 4260/4159/2087
f 4300/4180/2087 4297/4168/2087 4266/4175/2087
f 4300/4180/2087 4267/4177/2087 4297/4168/2087
f 4300/4180/2087 4266/4175/2087 4299/4181/2091
f 4357/4036/2042 4334/4037/2043 4379/4038/2042
f 4357/4036/2042 4331/4039/2043 4334/4037/2043
f 4330/4040/2044 4379/4038/2042 4378/4041/2044
f 4330/4040/2044 4357/4036/2042 4379/4038/2042
f 4356/4042/2045 4378/4041/2044 4377/4043/2045
f 4356/4042/2045 4330/4040/2044 4378/4041/2044
f 4355/4044/2046 4377/4043/2045 4319/4045/2046
f 4355/4044/2046 4356/4042/2045 4377/4043/2045
f 4329/4046/2047 4319/4045/2046 4376/4047/2048
f 4329/4046/2047 4355/4044/2046 4319/4045/2046
f 4328/4048/2049 4376/4047/2048 4318/4049/2049
f 4328/4048/2049 4329/4046/2047 4376/4047/2048
f 4327/4050/2050 4318/4049/2049 4375/4051/2050
f 4327/4050/2050 4328/4048/2049 4318/4049/2049
f 4326/4052/2051 4375/4051/2050 4317/4053/2051
f 4326/4052/2051 4327/4050/2050 4375/4051/2050
f 4325/4054/2052 4317/4053/2051 4316/4055/2052
f 4325/4054/2052 4326/4052/2051 4317/4053/2051
f 4324/4056/2053 4316/4055/2052 4315/4057/2053
f 4324/4056/2053 4325/4054/2052 4316/4055/2052
f 4354/4058/2054 4315/4057/2053 4314/4059/2054
f 4354/4058/2054 4324/4056/2053 4315/4057/2053
f 4323/4060/2055 4314/4059/2054 4313/4061/2055
f 4323/4060/2055 4354/4058/2054 4314/4059/2054
f 4322/4062/2056 4313/4061/2055 4312/4063/2056
f 4322/4062/2056 4323/4060/2055 4313/4061/2055
f 4353/4064/2057 4312/4063/2056 4311/4065/2057
f 4353/4064/2057 4322/4062/2056 4312/4063/2056
f 4352/4066/2058 4353/4064/2057 4311/4065/2057
f 4352/4066/2058 4311/4065/2057 4310/4067/2059
f 4321/4068/2060 4352/4066/2058 4310/4067/2059
f 4321/4068/2060 4310/4067/2059 4309/4069/2060
f 4320/4070/2061 4309/4069/2060 4308/4071/2061
f 4320/4070/2061 4321/4068/2060 4309/4069/2060
f 4333/4072/2062 4308/4071/2061 4332/4073/2062
f 4333/4072/2062 4320/4070/2061 4308/4071/2061
f 4351/4074/2063 4333/4072/2062 4332/4073/2062
f 4351/4074/2063 4332/4073/2062 4374/4075/2063
f 4363/4076/2064 4373/4077/2064 4372/4078/2065
f 4363/4076/2064 4374/4075/2063 4373/4077/2064
f 4363/4076/2064 4351/4074/2063 4374/4075/2063
f 4350/4079/2065 4363/4076/2064 4372/4078/2065
f 4362/4080/2066 4372/4078/2065 4340/4081/2066
f 4362/4080/2066 4350/4079/2065 4372/4078/2065
f 4349/4082/2067 4340/4081/2066 4371/4083/2068
f 4349/4082/2067 4362/4080/2066 4340/4081/2066
f 4348/4084/2069 4339/4085/2069 4370/4086/2070
f 4348/4084/2069 4371/4083/2068 4339/4085/2069
f 4348/4084/2069 4349/4082/2067 4371/4083/2068
f 4347/4087/2070 4370/4086/2070 4369/4088/2071
f 4347/4087/2070 4348/4084/2069 4370/4086/2070
f 4361/4089/2071 4347/4087/2070 4369/4088/2071
f 4346/4090/2072 4338/4091/2072 4368/4092/2073
f 4346/4090/2072 4369/4088/2071 4338/4091/2072
f 4346/4090/2072 4361/4089/2071 4369/4088/2071
f 4360/4093/2073 4346/4090/2072 4368/4092/2073
f 4345/4094/2074 4337/4095/2074 4336/4096/2075
f 4345/4094/2074 4368/4092/2073 4337/4095/2074
f 4345/4094/2074 4360/4093/2073 4368/4092/2073
f 4359/4097/2075 4345/4094/2074 4336/4096/2075
f 4344/4098/2076 4335/4099/2076 4367/4100/2077
f 4344/4098/2076 4336/4096/2075 4335/4099/2076
f 4344/4098/2076 4359/4097/2075 4336/4096/2075
f 4343/4101/2078 4344/4098/2076 4367/4100/2077
f 4342/4102/2079 4343/4101/2078 4367/4100/2077
f 4342/4102/2079 4367/4100/2077 4366/4103/2080
f 4358/4104/2081 4366/4103/2080 4365/4105/2081
f 4358/4104/2081 4342/4102/2079 4366/4103/2080
f 4341/4106/2082 4365/4105/2081 4364/4107/2082
f 4341/4106/2082 4358/4104/2081 4365/4105/2081
f 4331/4108/2043 4364/4107/2082 4334/4109/2043
f 4331/4108/2043 4341/4106/2082 4364/4107/2082
f 4345/4110/2083 4344/4111/2084 4343/4112/2083
f 4345/4110/2083 4359/4113/2083 4344/4111/2084
f 4361/4114/2083 4360/4115/2085 4345/4110/2083
f 4361/4114/2083 4346/4116/2086 4360/4115/2085
f 4330/4117/2083 4331/4118/2083 4357/4119/2083
f 4362/4120/2083 4348/4121/2083 4347/4122/2083
f 4362/4120/2083 4349/4123/2085 4348/4121/2083
f 4328/4124/2083 4355/4125/2083 4329/4126/2083
f 4328/4124/2083 4356/4127/2083 4355/4125/2083
f 4328/4124/2083 4330/4117/2083 4356/4127/2083
f 4328/4124/2083 4341/4128/2083 4331/4118/2083
f 4328/4124/2083 4331/4118/2083 4330/4117/2083
f 4333/4129/2083 4363/4130/2083 4350/4131/2083
f 4333/4129/2083 4351/4132/2083 4363/4130/2083
f 4320/4133/2083 4333/4129/2083 4350/4131/2083
f 4354/4134/2085 4325/4135/2085 4324/4136/2086
f 4354/4134/2085 4326/4137/2083 4325/4135/2085
f 4354/4134/2085 4327/4138/2083 4326/4137/2083
f 4321/4139/2083 4350/4131/2083 4362/4120/2083
f 4321/4139/2083 4320/4133/2083 4350/4131/2083
f 4323/4140/2083 4328/4124/2083 4327/4138/2083
f 4323/4140/2083 4358/4141/2083 4341/4128/2083
f 4323/4140/2083 4342/4142/2083 4358/4141/2083
f 4323/4140/2083 4343/4112/2083 4342/4142/2083
f 4323/4140/2083 4345/4110/2083 4343/4112/2083
f 4323/4140/2083 4341/4128/2083 4328/4124/2083
f 4323/4140/2083 4327/4138/2083 4354/4134/2085
f 4353/4143/2083 4352/4144/2083 4321/4139/2083
f 4353/4143/2083 4347/4122/2083 4361/4114/2083
f 4353/4143/2083 4362/4120/2083 4347/4122/2083
f 4353/4143/2083 4321/4139/2083 4362/4120/2083
f 4322/4145/2083 4361/4114/2083 4345/4110/2083
f 4322/4145/2083 4345/4110/2083 4323/4140/2083
f 4322/4145/2083 4353/4143/2083 4361/4114/2083
f 4375/4146/2087 4318/4147/2088 4376/4148/2087
f 4378/4149/2087 4376/4148/2087 4319/4150/2087
f 4378/4149/2087 4319/4150/2087 4377/4151/2087
f 4316/4152/2087 4317/4153/2087 4375/4146/2087
f 4313/4154/2087 4314/4155/2087 4315/4156/2088
f 4313/4154/2087 4315/4156/2088 4316/4152/2087
f 4313/4154/2087 4316/4152/2087 4375/4146/2087
f 4312/4157/2087 4375/4146/2087 4376/4148/2087
f 4312/4157/2087 4313/4154/2087 4375/4146/2087
f 4367/4158/2087 4365/4159/2087 4366/4160/2089
f 4311/4161/2087 4376/4148/2087 4378/4149/2087
f 4311/4161/2087 4312/4157/2087 4376/4148/2087
f 4309/4162/2087 4310/4163/2090 4311/4161/2087
f 4309/4162/2087 4311/4161/2087 4378/4149/2087
f 4308/4164/2087 4378/4149/2087 4379/4165/2087
f 4308/4164/2087 4309/4162/2087 4378/4149/2087
f 4332/4166/2087 4308/4164/2087 4379/4165/2087
f 4338/4167/2087 4335/4168/2087 4336/4169/2087
f 4338/4167/2087 4336/4169/2087 4337/4170/2087
f 4338/4167/2087 4337/4170/2087 4368/4171/2090
f 4374/4172/2087 4334/4173/2087 4364/4174/2087
f 4374/4172/2087 4364/4174/2087 4365/4159/2087
f 4374/4172/2087 4379/4165/2087 4334/4173/2087
f 4374/4172/2087 4332/4166/2087 4379/4165/2087
f 4370/4175/2087 4338/4167/2087 4369/4176/2087
f 4370/4175/2087 4335/4168/2087 4338/4167/2087
f 4340/4177/2087 4367/4158/2087 4335/4168/2087
f 4340/4177/2087 4372/4178/2087 4373/4179/2087
f 4340/4177/2087 4373/4179/2087 4374/4172/2087
f 4340/4177/2087 4365/4159/2087 4367/4158/2087
f 4340/4177/2087 4374/4172/2087 4365/4159/2087
f 4371/4180/2087 4335/4168/2087 4370/4175/2087
f 4371/4180/2087 4340/4177/2087 4335/4168/2087
f 4371/4180/2087 4370/4175/2087 4339/4181/2091
o Circumference.001
v 70.293457 65.224998 17.970005
v 69.051865 64.773109 17.970005
v 68.391212 62.958046 17.970003
v 68.478355 62.632824 17.970003
v 68.620644 62.327675 17.970003
v 68.813759 62.051868 17.970003
v 69.632782 61.478371 17.970003
v 69.958008 61.391224 17.970003
v 69.958046 65.195656 9.400004
v 69.632820 65.108521 9.400004
v 69.051865 64.773109 9.400004
v 68.391220 63.628868 9.400004
v 68.478355 62.632824 9.400004
v 68.813759 62.051868 9.400004
v 70.293419 61.361874 9.400004
v 70.628830 61.391216 9.400004
v 71.535004 61.813763 9.400004
v 71.966209 62.327637 9.400004
v 72.108505 62.632786 9.400004
v 72.195648 62.958004 9.400004
v 72.224998 63.293419 9.400004
v 72.195656 63.628830 9.400004
v 71.773109 64.535004 9.400004
v 71.535034 64.773087 9.400004
v 71.259239 64.966209 9.400004
v 76.351639 56.073406 3.000004
v 78.455681 58.580853 3.000005
v 79.718437 63.293339 3.000005
v 79.575264 64.929977 3.000005
v 79.150070 66.516884 3.000005
v 78.455772 68.005852 3.000005
v 77.513466 69.351639 3.000005
v 76.351784 70.513344 3.000005
v 73.517067 72.150009 3.000005
v 71.930168 72.575233 3.000005
v 71.353500 67.594093 7.266672
v 72.351913 67.215431 7.266672
v 73.230690 66.608841 7.266672
v 71.951294 70.019318 5.133338
v 73.938766 65.809570 7.266672
v 73.512726 69.427124 5.133338
v 74.434990 64.864075 7.266672
v 74.887070 68.478462 5.133338
v 74.690521 63.827293 7.266672
v 75.994438 67.228470 5.133338
v 74.690514 62.759491 7.266672
v 76.770493 65.749786 5.133338
v 74.434959 61.722717 7.266672
v 77.170128 64.128349 5.133338
v 73.938713 60.777229 7.266672
v 77.170113 62.458385 5.133338
v 73.230621 59.977970 7.266671
v 76.770447 60.836956 5.133338
v 72.351830 59.371399 7.266671
v 75.994362 59.358288 5.133337
v 71.353409 58.992760 7.266671
v 74.886955 58.108315 5.133337
v 73.512596 57.159683 5.133337
v 71.951149 56.567524 5.133337
v 70.293533 72.718437 3.000005
v 68.656898 72.575264 3.000005
v 67.069992 72.150070 3.000005
v 65.581024 71.455772 3.000005
v 64.235237 70.513466 3.000005
v 63.073532 69.351784 3.000005
v 61.011608 61.656898 3.000005
v 68.656708 54.011642 3.000004
v 70.293343 53.868439 3.000004
v 70.293533 72.718437 0.000005
v 67.069992 72.150070 0.000005
v 64.235237 70.513466 0.000005
v 63.073532 69.351784 0.000005
v 62.131195 68.006020 0.000005
v 62.131100 58.581020 0.000004
v 63.073406 57.235237 0.000004
v 64.235092 56.073532 0.000004
v 67.069809 54.436867 0.000004
v 71.929977 54.011608 3.000004
v 73.516884 54.436802 3.000004
v 75.005852 55.131100 3.000004
v 77.513344 57.235088 3.000004
v 79.150009 60.069805 3.000005
v 79.575233 61.656708 3.000005
v 75.006020 71.455681 3.000005
v 70.293343 53.868439 0.000004
v 71.929977 54.011608 0.000004
v 79.718437 63.293339 0.000005
v 79.150070 66.516884 0.000005
v 78.455772 68.005852 0.000005
v 71.930168 72.575233 0.000005
v 68.656898 72.575264 0.000005
v 65.581024 71.455772 0.000005
v 61.436867 66.517067 0.000005
v 61.011642 64.930168 0.000005
v 60.868439 63.293533 0.000005
v 61.011608 61.656898 0.000005
v 61.436802 60.069988 0.000005
v 65.580856 55.131195 0.000004
v 68.656708 54.011642 0.000004
v 73.516884 54.436802 0.000004
v 75.005852 55.131100 0.000004
v 76.351639 56.073406 0.000004
v 77.513344 57.235088 0.000004
v 78.455681 58.580853 0.000004
v 79.150009 60.069805 0.000005
v 79.575233 61.656708 0.000005
v 79.575264 64.929977 0.000005
v 77.513466 69.351639 0.000005
v 76.351784 70.513344 0.000005
v 75.006020 71.455681 0.000005
v 73.517067 72.150009 0.000005
v 69.327675 64.966232 9.400004
v 68.813789 64.535034 9.400004
v 68.620667 64.259239 9.400004
v 68.478371 63.954090 9.400004
v 68.361877 63.293457 9.400004
v 68.391212 62.958046 9.400004
v 68.620644 62.327675 9.400004
v 69.051834 61.813786 9.400004
v 69.327637 61.620667 9.400004
v 69.632782 61.478371 9.400004
v 69.958008 61.391224 9.400004
v 62.131195 68.006020 3.000005
v 61.436867 66.517067 3.000005
v 61.011642 64.930168 3.000005
v 60.868439 63.293533 3.000005
v 61.436802 60.069988 3.000005
v 62.131100 58.581020 3.000005
v 63.073406 57.235237 3.000004
v 64.235092 56.073532 3.000004
v 65.580856 55.131195 3.000004
v 67.069809 54.436867 3.000004
v 69.233376 58.992783 7.266671
v 68.234962 59.371441 7.266671
v 67.356186 59.978031 7.266671
v 68.635582 56.567558 5.133337
v 66.648109 60.777302 7.266672
v 67.074150 57.159752 5.133337
v 66.151886 61.722801 7.266672
v 65.699806 58.108410 5.133337
v 65.896355 62.759583 7.266672
v 64.592430 59.358406 5.133337
v 65.896362 63.827385 7.266672
v 63.816380 60.837090 5.133338
v 66.151917 64.864159 7.266672
v 63.416748 62.458527 5.133338
v 66.648155 65.809647 7.266672
v 63.416767 64.128487 5.133338
v 67.356255 66.608902 7.266672
v 63.816429 65.749916 5.133338
v 68.235046 67.215477 7.266672
v 64.592514 67.228584 5.133338
v 69.233459 67.594116 7.266672
v 65.699913 68.478561 5.133338
v 67.074280 69.427193 5.133338
v 68.635719 70.019348 5.133338
v 70.293457 65.224998 9.400004
v 70.954048 61.478355 17.970003
v 71.259201 61.620644 17.970003
v 71.535004 61.813763 17.970003
v 71.773087 62.051838 17.970003
v 71.966209 62.327637 17.970003
v 72.108505 62.632786 17.970003
v 72.195648 62.958004 17.970003
v 72.224998 63.293419 17.970005
v 71.966232 64.259201 17.970005
v 70.954086 65.108505 17.970005
v 70.628868 65.195648 17.970005
v 70.954048 61.478355 9.400004
v 71.259201 61.620644 9.400004
v 71.773087 62.051838 9.400004
v 72.108521 63.954052 9.400004
v 71.966232 64.259201 9.400004
v 70.954086 65.108505 9.400004
v 70.628868 65.195648 9.400004
v 70.293419 61.361874 17.970003
v 70.628830 61.391216 17.970003
v 72.195656 63.628830 17.970005
v 72.108521 63.954052 17.970005
v 71.773109 64.535004 17.970005
v 71.535034 64.773087 17.970005
v 71.259239 64.966209 17.970005
v 69.958046 65.195656 17.970005
v 69.632820 65.108521 17.970005
v 69.327675 64.966232 17.970005
v 68.813789 64.535034 17.970005
v 68.620667 64.259239 17.970005
v 68.478371 63.954090 17.970005
v 68.391220 63.628868 17.970005
v 68.361877 63.293457 17.970005
v 69.051834 61.813786 17.970003
v 69.327637 61.620667 17.970003
v 70.293457 -61.275002 17.969995
v 69.958046 -61.304340 17.969995
v 69.327675 -61.533772 17.969995
v 68.813789 -61.964962 17.969995
v 68.478371 -62.545910 17.969995
v 68.391220 -62.871132 17.969995
v 68.620644 -64.172325 17.969994
v 68.813759 -64.448135 17.969994
v 69.327637 -64.879333 17.969994
v 70.293419 -65.138123 17.969994
v 70.293457 -61.275002 9.399995
v 69.958046 -61.304340 9.399995
v 69.327675 -61.533772 9.399995
v 69.051865 -61.726887 9.399995
v 68.620667 -62.240765 9.399995
v 68.391220 -62.871132 9.399995
v 68.361877 -63.206543 9.399995
v 68.391212 -63.541954 9.399995
v 69.327637 -64.879333 9.399995
v 69.632782 -65.021629 9.399995
v 69.958008 -65.108780 9.399995
v 70.628830 -65.108788 9.399995
v 71.535004 -64.686241 9.399995
v 72.108505 -63.867214 9.399995
v 72.195648 -63.541996 9.399995
v 72.224998 -63.206581 9.399995
v 71.966232 -62.240799 9.399995
v 71.535034 -61.726913 9.399995
v 71.259239 -61.533791 9.399995
v 71.929977 -72.488396 2.999995
v 73.516884 -72.063202 2.999995
v 75.005852 -71.368904 2.999995
v 78.455681 -67.919144 2.999995
v 79.575233 -64.843292 2.999995
v 79.718437 -63.206661 2.999995
v 79.575264 -61.570026 2.999995
v 79.150070 -59.983116 2.999995
v 78.455772 -58.494148 2.999995
v 76.351784 -55.986656 2.999996
v 71.930168 -53.924767 2.999996
v 71.353500 -58.905907 7.266663
v 72.351913 -59.284569 7.266663
v 73.230690 -59.891159 7.266663
v 71.951294 -56.480682 5.133329
v 73.938766 -60.690430 7.266662
v 73.512726 -57.072876 5.133329
v 74.434990 -61.635929 7.266662
v 74.887070 -58.021538 5.133329
v 74.690521 -62.672707 7.266662
v 75.994438 -59.271530 5.133329
v 74.690514 -63.740509 7.266662
v 76.770493 -60.750214 5.133328
v 74.434959 -64.777283 7.266662
v 77.170128 -62.371655 5.133328
v 73.938713 -65.722771 7.266662
v 77.170113 -64.041611 5.133328
v 73.230621 -66.522026 7.266662
v 76.770447 -65.663048 5.133328
v 72.351830 -67.128601 7.266662
v 75.994362 -67.141716 5.133328
v 71.353409 -67.507240 7.266662
v 74.886955 -68.391685 5.133328
v 73.512596 -69.340317 5.133328
v 71.951149 -69.932480 5.133328
v 67.069992 -54.349926 2.999996
v 63.073532 -57.148216 2.999996
v 62.131195 -58.493977 2.999995
v 61.436867 -59.982929 2.999995
v 61.011642 -61.569832 2.999995
v 61.436802 -66.430008 2.999995
v 67.069809 -72.063133 2.999995
v 70.293533 -53.781563 -0.000004
v 68.656898 -53.924732 -0.000004
v 67.069992 -54.349926 -0.000004
v 65.581024 -55.044224 -0.000004
v 64.235237 -55.986530 -0.000004
v 63.073532 -57.148216 -0.000004
v 60.868439 -63.206467 -0.000005
v 61.011608 -64.843102 -0.000005
v 61.436802 -66.430008 -0.000005
v 63.073406 -69.264763 -0.000005
v 65.580856 -71.368805 -0.000005
v 67.069809 -72.063133 -0.000005
v 68.656708 -72.488358 -0.000005
v 70.293533 -53.781563 2.999996
v 76.351639 -70.426598 2.999995
v 77.513344 -69.264908 2.999995
v 79.150009 -66.430191 2.999995
v 77.513466 -57.148365 2.999996
v 75.006020 -55.044323 2.999996
v 73.517067 -54.349995 2.999996
v 70.293343 -72.631561 -0.000005
v 71.929977 -72.488396 -0.000005
v 75.005852 -71.368904 -0.000005
v 76.351639 -70.426598 -0.000005
v 79.575264 -61.570026 -0.000005
v 79.150070 -59.983116 -0.000005
v 75.006020 -55.044323 -0.000004
v 73.517067 -54.349995 -0.000004
v 71.930168 -53.924767 -0.000004
v 62.131195 -58.493977 -0.000004
v 61.436867 -59.982929 -0.000005
v 61.011642 -61.569832 -0.000005
v 62.131100 -67.918976 -0.000005
v 64.235092 -70.426468 -0.000005
v 73.516884 -72.063202 -0.000005
v 77.513344 -69.264908 -0.000005
v 78.455681 -67.919144 -0.000005
v 79.150009 -66.430191 -0.000005
v 79.575233 -64.843292 -0.000005
v 79.718437 -63.206661 -0.000005
v 78.455772 -58.494148 -0.000004
v 77.513466 -57.148365 -0.000004
v 76.351784 -55.986656 -0.000004
v 70.293419 -65.138123 9.399995
v 70.293343 -72.631561 2.999995
v 69.632820 -61.391479 9.399995
v 68.813789 -61.964962 9.399995
v 68.478371 -62.545910 9.399995
v 68.478355 -63.867176 9.399995
v 68.620644 -64.172325 9.399995
v 68.813759 -64.448135 9.399995
v 69.051834 -64.686211 9.399995
v 68.656898 -53.924732 2.999996
v 65.581024 -55.044224 2.999996
v 64.235237 -55.986530 2.999996
v 60.868439 -63.206467 2.999995
v 61.011608 -64.843102 2.999995
v 62.131100 -67.918976 2.999995
v 63.073406 -69.264763 2.999995
v 64.235092 -70.426468 2.999995
v 65.580856 -71.368805 2.999995
v 68.656708 -72.488358 2.999995
v 69.233376 -67.507217 7.266662
v 68.234962 -67.128555 7.266662
v 67.356186 -66.521965 7.266662
v 68.635582 -69.932442 5.133328
v 66.648109 -65.722694 7.266662
v 67.074150 -69.340248 5.133328
v 66.151886 -64.777199 7.266662
v 65.699806 -68.391586 5.133328
v 65.896355 -63.740417 7.266662
v 64.592430 -67.141594 5.133328
v 65.896362 -62.672615 7.266662
v 63.816380 -65.662910 5.133328
v 66.151917 -61.635841 7.266662
v 63.416748 -64.041473 5.133328
v 66.648155 -60.690353 7.266662
v 63.416767 -62.371510 5.133328
v 67.356255 -59.891098 7.266663
v 63.816429 -60.750080 5.133328
v 68.235046 -59.284523 7.266663
v 64.592514 -59.271412 5.133329
v 69.233459 -58.905888 7.266663
v 65.699913 -58.021442 5.133329
v 67.074280 -57.072811 5.133329
v 68.635719 -56.480648 5.133329
v 70.628830 -65.108788 17.969994
v 72.108505 -63.867214 17.969994
v 72.195648 -63.541996 17.969994
v 72.108521 -62.545948 17.969995
v 71.966232 -62.240799 17.969995
v 70.954086 -61.391495 17.969995
v 70.954048 -65.021645 9.399995
v 71.259201 -64.879356 9.399995
v 71.773087 -64.448166 9.399995
v 71.966209 -64.172363 9.399995
v 72.195656 -62.871170 9.399995
v 72.108521 -62.545948 9.399995
v 71.773109 -61.964993 9.399995
v 70.954086 -61.391495 9.399995
v 70.628868 -61.304348 9.399995
v 70.954048 -65.021645 17.969994
v 71.259201 -64.879356 17.969994
v 71.535004 -64.686241 17.969994
v 71.773087 -64.448166 17.969994
v 71.966209 -64.172363 17.969994
v 72.224998 -63.206581 17.969994
v 72.195656 -62.871170 17.969995
v 71.773109 -61.964993 17.969995
v 71.535034 -61.726913 17.969995
v 71.259239 -61.533791 17.969995
v 70.628868 -61.304348 17.969995
v 69.632820 -61.391479 17.969995
v 69.051865 -61.726887 17.969995
v 68.620667 -62.240765 17.969995
v 68.361877 -63.206543 17.969994
v 68.391212 -63.541954 17.969994
v 68.478355 -63.867176 17.969994
v 69.051834 -64.686211 17.969994
v 69.632782 -65.021629 17.969994
v 69.958008 -65.108780 17.969994
v -70.641953 65.195656 17.970005
v -70.967178 65.108521 17.970005
v -71.272324 64.966232 17.970005
v -72.208778 63.628868 17.970005
v -72.238129 63.293457 17.970005
v -72.208786 62.958046 17.970003
v -72.121643 62.632824 17.970003
v -71.786240 62.051868 17.970003
v -70.641998 61.391224 17.970003
v -70.306541 65.224998 9.400004
v -70.967178 65.108521 9.400004
v -71.272324 64.966232 9.400004
v -71.548134 64.773109 9.400004
v -71.786209 64.535034 9.400004
v -71.979332 64.259239 9.400004
v -72.208778 63.628868 9.400004
v -71.548164 61.813786 9.400004
v -70.641998 61.391224 9.400004
v -70.306580 61.361874 9.400004
v -68.633789 62.327637 9.400004
v -68.633774 64.259201 9.400004
v -68.826889 64.535004 9.400004
v -69.645912 65.108505 9.400004
v -70.306664 53.868439 3.000004
v -68.670029 54.011608 3.000004
v -63.086658 57.235088 3.000004
v -62.144321 58.580853 3.000005
v -61.449993 60.069805 3.000005
v -60.881561 63.293339 3.000005
v -62.144226 68.005852 3.000005
v -63.086533 69.351639 3.000005
v -64.248215 70.513344 3.000005
v -65.593979 71.455681 3.000005
v -67.082932 72.150009 3.000005
v -68.669830 72.575233 3.000005
v -70.306465 72.718437 3.000005
v -69.246498 67.594093 7.266672
v -68.248093 67.215431 7.266672
v -67.369308 66.608841 7.266672
v -68.648712 70.019318 5.133338
v -66.661232 65.809570 7.266672
v -67.087273 69.427124 5.133338
v -66.165009 64.864075 7.266672
v -65.712936 68.478462 5.133338
v -65.909477 63.827293 7.266672
v -64.605560 67.228470 5.133338
v -65.909485 62.759491 7.266672
v -63.829506 65.749786 5.133338
v -66.165039 61.722717 7.266672
v -63.429874 64.128349 5.133338
v -66.661285 60.777229 7.266672
v -63.429890 62.458385 5.133338
v -67.369377 59.977970 7.266671
v -63.829556 60.836956 5.133338
v -68.248169 59.371399 7.266671
v -64.605637 59.358288 5.133337
v -69.246590 58.992760 7.266671
v -65.713043 58.108315 5.133337
v -67.087402 57.159683 5.133337
v -68.648849 56.567524 5.133337
v -71.943100 72.575264 3.000005
v -78.468803 68.006020 3.000005
v -79.731560 63.293533 3.000005
v -79.588394 61.656898 3.000005
v -78.468903 58.581020 3.000005
v -77.526596 57.235237 3.000004
v -76.364914 56.073532 3.000004
v -75.019150 55.131195 3.000004
v -71.943291 54.011642 3.000004
v -77.526466 69.351784 0.000005
v -79.163132 66.517067 0.000005
v -78.468903 58.581020 0.000004
v -76.364914 56.073532 0.000004
v -75.019150 55.131195 0.000004
v -73.530197 54.436867 0.000004
v -70.306465 72.718437 0.000005
v -67.083115 54.436802 3.000004
v -65.594147 55.131100 3.000004
v -64.248367 56.073406 3.000004
v -61.024765 61.656708 3.000005
v -61.024734 64.929977 3.000005
v -61.449928 66.516884 3.000005
v -64.248367 56.073406 0.000004
v -62.144321 58.580853 0.000004
v -60.881561 63.293339 0.000005
v -61.024734 64.929977 0.000005
v -61.449928 66.516884 0.000005
v -62.144226 68.005852 0.000005
v -63.086533 69.351639 0.000005
v -64.248215 70.513344 0.000005
v -67.082932 72.150009 0.000005
v -68.669830 72.575233 0.000005
v -71.943100 72.575264 0.000005
v -73.530014 72.150070 0.000005
v -75.018982 71.455772 0.000005
v -76.364761 70.513466 0.000005
v -78.468803 68.006020 0.000005
v -79.588356 64.930168 0.000005
v -79.731560 63.293533 0.000005
v -79.588394 61.656898 0.000005
v -79.163200 60.069988 0.000005
v -77.526596 57.235237 0.000004
v -71.943291 54.011642 0.000004
v -70.306664 53.868439 0.000004
v -68.670029 54.011608 0.000004
v -67.083115 54.436802 0.000004
v -65.594147 55.131100 0.000004
v -63.086658 57.235088 0.000004
v -61.449993 60.069805 0.000005
v -61.024765 61.656708 0.000005
v -65.593979 71.455681 0.000005
v -70.641953 65.195656 9.400004
v -72.121628 63.954090 9.400004
v -72.238129 63.293457 9.400004
v -72.208786 62.958046 9.400004
v -72.121643 62.632824 9.400004
v -71.979355 62.327675 9.400004
v -71.786240 62.051868 9.400004
v -71.272362 61.620667 9.400004
v -70.967216 61.478371 9.400004
v -73.530014 72.150070 3.000005
v -75.018982 71.455772 3.000005
v -76.364761 70.513466 3.000005
v -77.526466 69.351784 3.000005
v -79.163132 66.517067 3.000005
v -79.588356 64.930168 3.000005
v -79.163200 60.069988 3.000005
v -73.530197 54.436867 3.000004
v -71.366623 58.992783 7.266671
v -72.365036 59.371441 7.266671
v -73.243813 59.978031 7.266671
v -71.964417 56.567558 5.133337
v -73.951897 60.777302 7.266672
v -73.525848 57.159752 5.133337
v -74.448120 61.722801 7.266672
v -74.900192 58.108410 5.133337
v -74.703651 62.759583 7.266672
v -76.007568 59.358406 5.133337
v -74.703636 63.827385 7.266672
v -76.783623 60.837090 5.133338
v -74.448082 64.864159 7.266672
v -77.183250 62.458527 5.133338
v -73.951843 65.809647 7.266672
v -77.183235 64.128487 5.133338
v -73.243744 66.608902 7.266672
v -76.783569 65.749916 5.133338
v -72.364952 67.215477 7.266672
v -76.007484 67.228584 5.133338
v -71.366539 67.594116 7.266672
v -74.900085 68.478561 5.133338
v -73.525726 69.427193 5.133338
v -71.964279 70.019348 5.133338
v -70.306541 65.224998 17.970005
v -69.064995 61.813763 17.970003
v -68.826912 62.051838 17.970003
v -68.491493 62.632786 17.970003
v -68.375000 63.293419 17.970005
v -68.404343 63.628830 17.970005
v -68.491478 63.954052 17.970005
v -68.633774 64.259201 17.970005
v -68.826889 64.535004 17.970005
v -69.971169 61.391216 9.400004
v -69.645950 61.478355 9.400004
v -69.340797 61.620644 9.400004
v -69.064995 61.813763 9.400004
v -68.826912 62.051838 9.400004
v -68.491493 62.632786 9.400004
v -68.404350 62.958004 9.400004
v -68.375000 63.293419 9.400004
v -68.404343 63.628830 9.400004
v -68.491478 63.954052 9.400004
v -69.064964 64.773087 9.400004
v -69.340767 64.966209 9.400004
v -69.971130 65.195648 9.400004
v -70.306580 61.361874 17.970003
v -69.971169 61.391216 17.970003
v -69.645950 61.478355 17.970003
v -69.340797 61.620644 17.970003
v -68.633789 62.327637 17.970003
v -68.404350 62.958004 17.970003
v -69.064964 64.773087 17.970005
v -69.340767 64.966209 17.970005
v -69.645912 65.108505 17.970005
v -69.971130 65.195648 17.970005
v -71.548134 64.773109 17.970005
v -71.786209 64.535034 17.970005
v -71.979332 64.259239 17.970005
v -72.121628 63.954090 17.970005
v -71.979355 62.327675 17.970003
v -71.548164 61.813786 17.970003
v -71.272362 61.620667 17.970003
v -70.967216 61.478371 17.970003
v -70.641953 -61.304340 17.969995
v -70.967178 -61.391479 17.969995
v -71.548134 -61.726887 17.969995
v -71.979332 -62.240765 17.969995
v -72.208778 -62.871132 17.969995
v -72.208786 -63.541954 17.969994
v -72.121643 -63.867176 17.969994
v -71.786240 -64.448135 17.969994
v -71.548164 -64.686211 17.969994
v -70.967216 -65.021629 17.969994
v -71.272324 -61.533772 9.399995
v -71.548134 -61.726887 9.399995
v -71.979332 -62.240765 9.399995
v -72.121628 -62.545910 9.399995
v -72.208778 -62.871132 9.399995
v -72.238129 -63.206543 9.399995
v -71.786240 -64.448135 9.399995
v -70.967216 -65.021629 9.399995
v -70.306580 -65.138123 9.399995
v -69.971169 -65.108788 9.399995
v -69.645950 -65.021645 9.399995
v -69.340797 -64.879356 9.399995
v -68.633789 -64.172363 9.399995
v -68.491493 -63.867214 9.399995
v -68.404350 -63.541996 9.399995
v -68.375000 -63.206581 9.399995
v -68.491478 -62.545948 9.399995
v -69.645912 -61.391495 9.399995
v -63.086658 -69.264908 2.999995
v -62.144321 -67.919144 2.999995
v -61.449993 -66.430191 2.999995
v -61.449928 -59.983116 2.999995
v -63.086533 -57.148365 2.999996
v -68.669830 -53.924767 2.999996
v -70.306465 -53.781563 2.999996
v -69.246498 -58.905907 7.266663
v -68.248093 -59.284569 7.266663
v -67.369308 -59.891159 7.266663
v -68.648712 -56.480682 5.133329
v -66.661232 -60.690430 7.266662
v -67.087273 -57.072876 5.133329
v -66.165009 -61.635929 7.266662
v -65.712936 -58.021538 5.133329
v -65.909477 -62.672707 7.266662
v -64.605560 -59.271530 5.133329
v -65.909485 -63.740509 7.266662
v -63.829506 -60.750214 5.133328
v -66.165039 -64.777283 7.266662
v -63.429874 -62.371655 5.133328
v -66.661285 -65.722771 7.266662
v -63.429890 -64.041611 5.133328
v -67.369377 -66.522026 7.266662
v -63.829556 -65.663048 5.133328
v -68.248169 -67.128601 7.266662
v -64.605637 -67.141716 5.133328
v -69.246590 -67.507240 7.266662
v -65.713043 -68.391685 5.133328
v -67.087402 -69.340317 5.133328
v -68.648849 -69.932480 5.133328
v -76.364761 -55.986530 2.999996
v -79.731560 -63.206467 2.999995
v -79.588394 -64.843102 2.999995
v -79.163200 -66.430008 2.999995
v -78.468903 -67.918976 2.999995
v -76.364914 -70.426468 2.999995
v -73.530197 -72.063133 2.999995
v -70.306664 -72.631561 2.999995
v -71.943100 -53.924732 -0.000004
v -73.530014 -54.349926 -0.000004
v -78.468803 -58.493977 -0.000004
v -79.588356 -61.569832 -0.000005
v -79.588394 -64.843102 -0.000005
v -79.163200 -66.430008 -0.000005
v -78.468903 -67.918976 -0.000005
v -77.526596 -69.264763 -0.000005
v -75.019150 -71.368805 -0.000005
v -71.943291 -72.488358 -0.000005
v -68.670029 -72.488396 2.999995
v -67.083115 -72.063202 2.999995
v -65.594147 -71.368904 2.999995
v -64.248367 -70.426598 2.999995
v -61.024765 -64.843292 2.999995
v -60.881561 -63.206661 2.999995
v -61.024734 -61.570026 2.999995
v -62.144226 -58.494148 2.999995
v -64.248215 -55.986656 2.999996
v -65.593979 -55.044323 2.999996
v -67.082932 -54.349995 2.999996
v -64.248367 -70.426598 -0.000005
v -60.881561 -63.206661 -0.000005
v -61.449928 -59.983116 -0.000005
v -63.086533 -57.148365 -0.000004
v -65.593979 -55.044323 -0.000004
v -67.082932 -54.349995 -0.000004
v -70.306465 -53.781563 -0.000004
v -75.018982 -55.044224 -0.000004
v -76.364761 -55.986530 -0.000004
v -77.526466 -57.148216 -0.000004
v -79.163132 -59.982929 -0.000005
v -79.731560 -63.206467 -0.000005
v -76.364914 -70.426468 -0.000005
v -73.530197 -72.063133 -0.000005
v -70.306664 -72.631561 -0.000005
v -68.670029 -72.488396 -0.000005
v -67.083115 -72.063202 -0.000005
v -65.594147 -71.368904 -0.000005
v -63.086658 -69.264908 -0.000005
v -62.144321 -67.919144 -0.000005
v -61.449993 -66.430191 -0.000005
v -61.024765 -64.843292 -0.000005
v -61.024734 -61.570026 -0.000005
v -62.144226 -58.494148 -0.000004
v -64.248215 -55.986656 -0.000004
v -68.669830 -53.924767 -0.000004
v -70.306541 -61.275002 9.399995
v -70.641953 -61.304340 9.399995
v -70.967178 -61.391479 9.399995
v -71.786209 -61.964962 9.399995
v -72.208786 -63.541954 9.399995
v -72.121643 -63.867176 9.399995
v -71.979355 -64.172325 9.399995
v -71.548164 -64.686211 9.399995
v -71.272362 -64.879333 9.399995
v -70.641998 -65.108780 9.399995
v -71.943100 -53.924732 2.999996
v -73.530014 -54.349926 2.999996
v -75.018982 -55.044224 2.999996
v -77.526466 -57.148216 2.999996
v -78.468803 -58.493977 2.999995
v -79.163132 -59.982929 2.999995
v -79.588356 -61.569832 2.999995
v -77.526596 -69.264763 2.999995
v -75.019150 -71.368805 2.999995
v -71.943291 -72.488358 2.999995
v -71.366623 -67.507217 7.266662
v -72.365036 -67.128555 7.266662
v -73.243813 -66.521965 7.266662
v -71.964417 -69.932442 5.133328
v -73.951897 -65.722694 7.266662
v -73.525848 -69.340248 5.133328
v -74.448120 -64.777199 7.266662
v -74.900192 -68.391586 5.133328
v -74.703651 -63.740417 7.266662
v -76.007568 -67.141594 5.133328
v -74.703636 -62.672615 7.266662
v -76.783623 -65.662910 5.133328
v -74.448082 -61.635841 7.266662
v -77.183250 -64.041473 5.133328
v -73.951843 -60.690353 7.266662
v -77.183235 -62.371510 5.133328
v -73.243744 -59.891098 7.266663
v -76.783569 -60.750080 5.133328
v -72.364952 -59.284523 7.266663
v -76.007484 -59.271412 5.133329
v -71.366539 -58.905888 7.266663
v -74.900085 -58.021442 5.133329
v -73.525726 -57.072811 5.133329
v -71.964279 -56.480648 5.133329
v -69.971169 -65.108788 17.969994
v -69.340797 -64.879356 17.969994
v -68.826912 -64.448166 17.969994
v -68.633789 -64.172363 17.969994
v -68.491493 -63.867214 17.969994
v -68.404350 -63.541996 17.969994
v -68.826889 -61.964993 17.969995
v -69.064964 -61.726913 17.969995
v -69.340767 -61.533791 17.969995
v -69.971130 -61.304348 17.969995
v -69.064995 -64.686241 9.399995
v -68.826912 -64.448166 9.399995
v -68.404343 -62.871170 9.399995
v -68.633774 -62.240799 9.399995
v -68.826889 -61.964993 9.399995
v -69.064964 -61.726913 9.399995
v -69.340767 -61.533791 9.399995
v -69.971130 -61.304348 9.399995
v -70.306580 -65.138123 17.969994
v -69.645950 -65.021645 17.969994
v -69.064995 -64.686241 17.969994
v -68.375000 -63.206581 17.969994
v -68.404343 -62.871170 17.969995
v -68.491478 -62.545948 17.969995
v -68.633774 -62.240799 17.969995
v -69.645912 -61.391495 17.969995
v -70.306541 -61.275002 17.969995
v -71.272324 -61.533772 17.969995
v -71.786209 -61.964962 17.969995
v -72.121628 -62.545910 17.969995
v -72.238129 -63.206543 17.969994
v -71.979355 -64.172325 17.969994
v -71.272362 -64.879333 17.969994
v -70.641998 -65.108780 17.969994
vn -0.1737 -0.9848 -0.0000
vn -0.0000 -1.0000 -0.0000
vn -0.1736 -0.9848 -0.0000
vn -0.3420 -0.9397 -0.0000
vn -0.5000 -0.8660 -0.0000
vn -0.6428 -0.7660 -0.0000
vn -0.7660 -0.6428 -0.0000
vn -0.7661 -0.6428 -0.0000
vn -0.8660 -0.5000 -0.0000
vn -0.9397 -0.3420 -0.0000
vn -0.9848 -0.1736 -0.0000
vn -1.0000 -0.0000 -0.0000
vn -0.9848 0.1737 -0.0000
vn -0.9397 0.3420 -0.0000
vn -0.8660 0.5000 -0.0000
vn -0.7661 0.6428 -0.0000
vn -0.7660 0.6428 -0.0000
vn -0.6428 0.7660 -0.0000
vn -0.5000 0.8660 -0.0000
vn -0.3420 0.9397 -0.0000
vn -0.1736 0.9848 -0.0000
vn -0.0000 1.0000 -0.0000
vn 0.1552 0.6311 0.7600
vn 0.1096 0.6419 0.7589
vn 0.2219 0.6089 0.7616
vn -0.0000 0.6538 0.7567
vn 0.3023 0.5756 0.7598
vn 0.3262 0.5618 0.7603
vn 0.4310 0.4867 0.7598
vn 0.4166 0.4986 0.7602
vn 0.4962 0.4171 0.7615
vn 0.1528 0.6285 0.7626
vn 0.2230 0.6116 0.7591
vn 0.1076 0.6376 0.7628
vn -0.0000 0.6436 0.7654
vn 0.5352 0.3694 0.7597
vn 0.5619 0.3235 0.7613
vn 0.3012 0.5718 0.7631
vn 0.3265 0.5610 0.7607
vn 0.6080 0.2305 0.7598
vn 0.6106 0.2215 0.7603
vn 0.6390 0.1140 0.7607
vn 0.4280 0.4844 0.7630
vn 0.4981 0.4190 0.7592
vn 0.4157 0.4984 0.7608
vn 0.6455 0.0785 0.7597
vn 0.6480 -0.0000 0.7617
vn 0.5314 0.3666 0.7637
vn 0.5640 0.3242 0.7594
vn 0.6455 -0.0785 0.7597
vn 0.6390 -0.1141 0.7607
vn 0.6045 0.2288 0.7630
vn 0.6395 0.1147 0.7602
vn 0.6105 0.2212 0.7605
vn 0.6080 -0.2305 0.7598
vn 0.6106 -0.2215 0.7603
vn 0.5619 -0.3235 0.7613
vn 0.6411 0.0785 0.7634
vn 0.6511 -0.0000 0.7590
vn 0.5352 -0.3694 0.7597
vn 0.4962 -0.4171 0.7615
vn 0.6411 -0.0785 0.7634
vn 0.6395 -0.1147 0.7602
vn 0.4310 -0.4868 0.7598
vn 0.4166 -0.4986 0.7602
vn 0.3262 -0.5618 0.7603
vn 0.6045 -0.2288 0.7630
vn 0.5640 -0.3243 0.7594
vn 0.6105 -0.2212 0.7605
vn 0.3023 -0.5756 0.7598
vn 0.2219 -0.6089 0.7616
vn 0.5314 -0.3667 0.7637
vn 0.4981 -0.4190 0.7592
vn 0.1552 -0.6312 0.7600
vn 0.1096 -0.6419 0.7589
vn -0.0000 -0.6538 0.7567
vn 0.4280 -0.4844 0.7630
vn 0.3265 -0.5610 0.7607
vn 0.4157 -0.4984 0.7608
vn 0.3011 -0.5718 0.7631
vn 0.2230 -0.6116 0.7591
vn 0.1528 -0.6286 0.7626
vn -0.0000 -0.6436 0.7654
vn 0.1076 -0.6376 0.7628
vn -0.6428 0.7661 -0.0000
vn 0.1737 0.9848 -0.0000
vn 0.3420 0.9397 -0.0000
vn 0.5000 0.8660 -0.0000
vn 0.6428 0.7660 -0.0000
vn 0.7661 0.6428 -0.0000
vn 0.8660 0.5000 -0.0000
vn 0.9397 0.3420 -0.0000
vn 0.9848 0.1736 -0.0000
vn 1.0000 -0.0000 -0.0000
vn 0.9848 -0.1737 -0.0000
vn 0.9397 -0.3420 -0.0000
vn 0.8660 -0.5000 -0.0000
vn 0.7660 -0.6428 -0.0000
vn 0.6428 -0.7661 -0.0000
vn 0.5000 -0.8660 -0.0000
vn 0.3420 -0.9397 -0.0000
vn 0.1736 -0.9848 -0.0000
vn -0.0000 -0.0000 -1.0000
vn -0.1552 -0.6311 0.7600
vn -0.1097 -0.6419 0.7589
vn -0.2219 -0.6088 0.7616
vn -0.3023 -0.5756 0.7598
vn -0.3262 -0.5618 0.7603
vn -0.4310 -0.4867 0.7598
vn -0.4166 -0.4986 0.7602
vn -0.4962 -0.4170 0.7615
vn -0.1528 -0.6285 0.7626
vn -0.2230 -0.6116 0.7591
vn -0.1076 -0.6376 0.7628
vn -0.5352 -0.3694 0.7597
vn -0.5619 -0.3235 0.7613
vn -0.3012 -0.5718 0.7631
vn -0.3265 -0.5610 0.7607
vn -0.6080 -0.2305 0.7598
vn -0.6106 -0.2215 0.7603
vn -0.6390 -0.1140 0.7607
vn -0.4280 -0.4844 0.7630
vn -0.4981 -0.4190 0.7592
vn -0.4157 -0.4984 0.7608
vn -0.6455 -0.0785 0.7597
vn -0.6480 -0.0000 0.7616
vn -0.5314 -0.3666 0.7637
vn -0.5640 -0.3243 0.7594
vn -0.6455 0.0785 0.7597
vn -0.6390 0.1141 0.7607
vn -0.6045 -0.2288 0.7630
vn -0.6395 -0.1147 0.7602
vn -0.6105 -0.2212 0.7605
vn -0.6080 0.2305 0.7598
vn -0.6106 0.2215 0.7603
vn -0.5619 0.3235 0.7613
vn -0.6411 -0.0785 0.7634
vn -0.6511 -0.0000 0.7590
vn -0.5352 0.3694 0.7597
vn -0.4962 0.4171 0.7615
vn -0.6411 0.0785 0.7634
vn -0.6395 0.1147 0.7602
vn -0.4310 0.4868 0.7598
vn -0.4166 0.4986 0.7602
vn -0.3262 0.5618 0.7603
vn -0.6045 0.2288 0.7630
vn -0.5640 0.3243 0.7594
vn -0.6105 0.2212 0.7605
vn -0.3023 0.5756 0.7598
vn -0.2219 0.6089 0.7616
vn -0.5314 0.3667 0.7637
vn -0.4981 0.4190 0.7592
vn -0.1552 0.6312 0.7600
vn -0.1096 0.6419 0.7589
vn -0.4280 0.4844 0.7630
vn -0.3265 0.5610 0.7607
vn -0.4157 0.4984 0.7608
vn -0.3011 0.5718 0.7631
vn -0.2230 0.6116 0.7591
vn -0.1528 0.6286 0.7626
vn -0.1076 0.6376 0.7628
vn 0.1736 0.9848 -0.0000
vn 0.7660 0.6428 -0.0000
vn 0.6428 -0.7660 -0.0000
vn -0.0000 -0.0000 1.0000
vn -0.0000 0.6538 0.7566
vn 0.4962 0.4170 0.7615
vn 0.5640 0.3243 0.7594
vn 0.1552 -0.6311 0.7600
vn -0.1552 -0.6312 0.7600
vn -0.6480 -0.0000 0.7617
vn -0.5640 -0.3242 0.7594
vn -0.1552 0.6311 0.7600
vn 0.1097 0.6419 0.7589
vn -0.0000 -0.6538 0.7566
vn 0.1528 -0.6285 0.7626
vn -0.2219 -0.6089 0.7616
vt 0.174533 8.570000
vt 0.000000 0.000000
vt 0.174533 0.000000
vt 0.000000 8.570000
vt 0.349066 8.570000
vt 0.349066 0.000000
vt 0.523599 8.570000
vt 0.523599 0.000000
vt 0.698132 8.570000
vt 0.698132 0.000000
vt 0.872665 0.000000
vt 0.872665 8.570000
vt 1.047198 8.570000
vt 1.047198 0.000000
vt 1.221730 0.000000
vt 1.221730 8.570000
vt 1.396263 8.570000
vt 1.396263 0.000000
vt 1.570796 8.570000
vt 1.570796 0.000000
vt 1.745329 8.570000
vt 1.745329 0.000000
vt 1.919862 8.570000
vt 1.919862 0.000000
vt 2.094395 8.570000
vt 2.094395 0.000000
vt 2.268928 0.000000
vt 2.268928 8.570000
vt 2.443461 8.570000
vt 2.443461 0.000000
vt 2.617994 8.570000
vt 2.617994 0.000000
vt 2.792527 8.570000
vt 2.792527 0.000000
vt 2.967060 8.570000
vt 2.967060 0.000000
vt 3.141593 8.570000
vt 3.141593 0.000000
vt 0.241661 -6.569681
vt 0.174533 -9.854522
vt 0.349066 -9.854522
vt 0.000000 -9.854522
vt 0.483322 -6.569681
vt 0.523599 -9.854522
vt 0.724983 -6.569681
vt 0.698132 -9.854522
vt 0.872665 -9.854522
vt 0.241661 -3.284841
vt 0.966644 -6.569681
vt 1.047198 -9.854522
vt 0.483322 -3.284841
vt 1.208305 -6.569681
vt 1.221730 -9.854522
vt 1.396263 -9.854522
vt 0.724983 -3.284841
vt 1.449966 -6.569681
vt 1.570796 -9.854522
vt 0.966644 -3.284841
vt 1.691627 -6.569681
vt 1.745329 -9.854522
vt 1.208305 -3.284841
vt 1.933288 -6.569681
vt 1.919862 -9.854522
vt 2.094395 -9.854522
vt 1.449966 -3.284841
vt 2.174949 -6.569681
vt 2.268928 -9.854522
vt 1.691627 -3.284841
vt 2.416610 -6.569681
vt 2.443461 -9.854522
vt 2.617994 -9.854522
vt 1.933288 -3.284841
vt 2.658271 -6.569681
vt 2.792527 -9.854522
vt 2.174949 -3.284841
vt 2.899932 -6.569681
vt 2.967060 -9.854522
vt 3.141593 -9.854522
vt 2.416610 -3.284841
vt 2.658271 -3.284841
vt 2.899932 -3.284841
vt 0.174533 3.000000
vt 0.000000 3.000000
vt 0.349066 3.000000
vt 0.523599 3.000000
vt 0.698132 3.000000
vt 0.872665 3.000000
vt 1.047198 3.000000
vt 1.221730 3.000000
vt 1.396263 3.000000
vt 1.570796 3.000000
vt 1.745329 3.000000
vt 1.919862 3.000000
vt 2.094395 3.000000
vt 2.268928 3.000000
vt 2.443461 3.000000
vt 2.617994 3.000000
vt 2.792527 3.000000
vt 2.967060 3.000000
vt 3.141593 3.000000
vt 3.316126 3.000000
vt 3.316126 0.000000
vt 3.490659 3.000000
vt 3.490659 0.000000
vt 3.665191 3.000000
vt 3.665191 0.000000
vt 3.839724 3.000000
vt 3.839724 0.000000
vt 4.014257 0.000000
vt 4.014257 3.000000
vt 4.188790 3.000000
vt 4.188790 0.000000
vt 4.363323 3.000000
vt 4.363323 0.000000
vt 4.537856 0.000000
vt 4.537856 3.000000
vt 4.712389 3.000000
vt 4.712389 0.000000
vt 4.886922 0.000000
vt 4.886922 3.000000
vt 5.061455 3.000000
vt 5.061455 0.000000
vt 5.235988 0.000000
vt 5.235988 3.000000
vt 5.410521 3.000000
vt 5.410521 0.000000
vt 5.585053 0.000000
vt 5.585053 3.000000
vt 5.759586 3.000000
vt 5.759586 0.000000
vt 5.934119 0.000000
vt 5.934119 3.000000
vt 6.108653 3.000000
vt 6.108653 0.000000
vt 6.283185 0.000000
vt 6.283185 3.000000
vt -4.712500 -8.162290
vt -6.058273 -7.219969
vt -7.219969 -6.058273
vt -8.856603 -3.223540
vt -8.162290 -4.712500
vt -1.636634 -9.281813
vt -3.223540 -8.856603
vt -9.425000 0.000000
vt -9.281813 -1.636634
vt -9.281813 1.636634
vt -8.856603 3.223540
vt 4.712500 -8.162290
vt 3.223540 -8.856603
vt 1.636634 -9.281813
vt 7.219969 -6.058273
vt 6.058273 -7.219969
vt 8.162290 -4.712500
vt -4.712500 8.162290
vt -7.219969 6.058273
vt -6.058273 7.219969
vt 8.856603 -3.223540
vt -0.000000 -9.425000
vt 9.281813 -1.636634
vt 0.000000 9.425000
vt -3.223540 8.856603
vt -1.636634 9.281813
vt 1.636634 9.281813
vt -8.162290 4.712500
vt 9.281813 1.636634
vt 9.425000 0.000000
vt 7.219969 6.058273
vt 8.856603 3.223540
vt 8.162290 4.712500
vt 3.223540 8.856603
vt 4.712500 8.162290
vt 6.058273 7.219969
vt 3.383254 -6.569681
vt 3.316126 -9.854522
vt 3.490659 -9.854522
vt 3.624915 -6.569681
vt 3.665191 -9.854522
vt 3.866575 -6.569681
vt 3.839724 -9.854522
vt 4.014257 -9.854522
vt 3.383254 -3.284841
vt 4.108236 -6.569681
vt 4.188790 -9.854522
vt 3.624915 -3.284841
vt 4.349897 -6.569681
vt 4.363323 -9.854522
vt 4.537856 -9.854522
vt 3.866575 -3.284841
vt 4.591558 -6.569681
vt 4.712389 -9.854522
vt 4.108236 -3.284841
vt 4.833220 -6.569681
vt 4.886922 -9.854522
vt 4.349897 -3.284841
vt 5.074881 -6.569681
vt 5.061455 -9.854522
vt 5.235988 -9.854522
vt 4.591558 -3.284841
vt 5.316541 -6.569681
vt 5.410521 -9.854522
vt 4.833220 -3.284841
vt 5.558202 -6.569681
vt 5.585053 -9.854522
vt 5.759586 -9.854522
vt 5.074881 -3.284841
vt 5.799863 -6.569681
vt 5.934119 -9.854522
vt 5.316541 -3.284841
vt 6.041524 -6.569681
vt 6.108653 -9.854522
vt 6.283185 -9.854522
vt 5.558202 -3.284841
vt 5.799863 -3.284841
vt 6.041524 -3.284841
vt 3.316126 8.570000
vt 3.490659 8.570000
vt 3.665191 8.570000
vt 3.839724 8.570000
vt 4.014257 8.570000
vt 4.188790 8.570000
vt 4.363323 8.570000
vt 4.537856 8.570000
vt 4.712389 8.570000
vt 4.886922 8.570000
vt 5.061455 8.570000
vt 5.235988 8.570000
vt 5.410521 8.570000
vt 5.585053 8.570000
vt 5.759586 8.570000
vt 5.934119 8.570000
vt 6.108653 8.570000
vt 6.283185 8.570000
vt -0.335412 -1.902218
vt -0.965781 -1.672782
vt -0.660633 -1.815075
vt 0.660633 -1.815075
vt -0.000000 -1.931563
vt 0.335412 -1.902218
vt -1.672782 0.965781
vt -1.815075 0.660633
vt -1.902218 0.335412
vt 1.479663 -1.241585
vt 0.965781 -1.672782
vt 1.241585 -1.479663
vt 1.672782 -0.965781
vt -0.965781 1.672782
vt -1.931563 0.000000
vt -1.902218 -0.335412
vt -1.815075 -0.660633
vt -1.672782 -0.965781
vt -1.241585 1.479663
vt -1.479663 1.241585
vt 1.902218 -0.335412
vt 1.815075 -0.660633
vt -0.335412 1.902218
vt -0.660633 1.815075
vt 1.672782 0.965781
vt 1.931563 -0.000000
vt 1.902218 0.335412
vt 1.815075 0.660633
vt 0.965781 1.672782
vt 0.660633 1.815075
vt 0.335412 1.902218
vt 0.000000 1.931563
vt 1.479663 1.241585
vt 1.241585 1.479663
vt -1.479663 -1.241585
vt -1.241585 -1.479663
s 1
usemtl mat_5.001
f 4501/4182/2092 4555/4183/2093 4387/4184/2094
f 4501/4182/2092 4394/4185/2093 4555/4183/2093
f 4500/4186/2095 4387/4184/2094 4386/4187/2095
f 4500/4186/2095 4501/4182/2092 4387/4184/2094
f 4499/4188/2096 4386/4187/2095 4571/4189/2096
f 4499/4188/2096 4500/4186/2095 4386/4187/2095
f 4498/4190/2097 4570/4191/2097 4385/4192/2098
f 4498/4190/2097 4571/4189/2096 4570/4191/2097
f 4498/4190/2097 4499/4188/2096 4571/4189/2096
f 4393/4193/2099 4498/4190/2097 4385/4192/2098
f 4497/4194/2100 4384/4195/2100 4383/4196/2101
f 4497/4194/2100 4385/4192/2098 4384/4195/2100
f 4497/4194/2100 4393/4193/2099 4385/4192/2098
f 4392/4197/2101 4497/4194/2100 4383/4196/2101
f 4496/4198/2102 4383/4196/2101 4382/4199/2102
f 4496/4198/2102 4392/4197/2101 4383/4196/2101
f 4495/4200/2103 4382/4199/2102 4569/4201/2103
f 4495/4200/2103 4496/4198/2102 4382/4199/2102
f 4391/4202/2104 4569/4201/2103 4568/4203/2104
f 4391/4202/2104 4495/4200/2103 4569/4201/2103
f 4494/4204/2105 4568/4203/2104 4567/4205/2105
f 4494/4204/2105 4391/4202/2104 4568/4203/2104
f 4493/4206/2106 4566/4207/2106 4565/4208/2107
f 4493/4206/2106 4567/4205/2105 4566/4207/2106
f 4493/4206/2106 4494/4204/2105 4567/4205/2105
f 4492/4209/2108 4493/4206/2106 4565/4208/2107
f 4390/4210/2109 4492/4209/2108 4565/4208/2107
f 4390/4210/2109 4565/4208/2107 4381/4211/2109
f 4491/4212/2110 4381/4211/2109 4564/4213/2110
f 4491/4212/2110 4390/4210/2109 4381/4211/2109
f 4389/4214/2111 4564/4213/2110 4563/4215/2111
f 4389/4214/2111 4491/4212/2110 4564/4213/2110
f 4388/4216/2112 4563/4215/2111 4562/4217/2112
f 4388/4216/2112 4389/4214/2111 4563/4215/2111
f 4536/4218/2113 4562/4217/2112 4380/4219/2113
f 4536/4218/2113 4388/4216/2112 4562/4217/2112
f 4415/4220/2114 4554/4221/2115 4553/4222/2116
f 4415/4220/2114 4536/4223/2117 4554/4221/2115
f 4416/4224/2118 4553/4222/2116 4404/4225/2119
f 4416/4224/2118 4415/4220/2114 4553/4222/2116
f 4417/4226/2120 4416/4224/2118 4404/4225/2119
f 4417/4226/2120 4403/4227/2121 4402/4228/2122
f 4417/4226/2120 4404/4225/2119 4403/4227/2121
f 4418/4229/2123 4413/4187/2124 4414/4184/2125
f 4418/4229/2123 4414/4184/2125 4439/4183/2126
f 4418/4229/2123 4439/4183/2126 4536/4223/2117
f 4418/4229/2123 4536/4223/2117 4415/4220/2114
f 4419/4230/2127 4402/4228/2122 4552/4231/2128
f 4419/4230/2127 4417/4226/2120 4402/4228/2122
f 4420/4232/2129 4463/4189/2130 4413/4187/2124
f 4420/4232/2129 4413/4187/2124 4418/4229/2123
f 4420/4232/2129 4418/4229/2123 4415/4220/2114
f 4420/4232/2129 4415/4220/2114 4416/4224/2118
f 4421/4233/2131 4551/4234/2132 4401/4235/2133
f 4421/4233/2131 4552/4231/2128 4551/4234/2132
f 4421/4233/2131 4419/4230/2127 4552/4231/2128
f 4422/4236/2134 4411/4192/2135 4412/4191/2136
f 4422/4236/2134 4412/4191/2136 4463/4189/2130
f 4422/4236/2134 4420/4232/2129 4416/4224/2118
f 4422/4236/2134 4416/4224/2118 4417/4226/2120
f 4422/4236/2134 4463/4189/2130 4420/4232/2129
f 4423/4237/2137 4421/4233/2131 4401/4235/2133
f 4423/4237/2137 4401/4235/2133 4400/4238/2138
f 4424/4239/2139 4411/4192/2135 4422/4236/2134
f 4424/4239/2139 4410/4195/2140 4411/4192/2135
f 4424/4239/2139 4422/4236/2134 4417/4226/2120
f 4424/4239/2139 4417/4226/2120 4419/4230/2127
f 4425/4240/2141 4400/4238/2138 4399/4241/2142
f 4425/4240/2141 4423/4237/2137 4400/4238/2138
f 4426/4242/2143 4410/4195/2140 4424/4239/2139
f 4426/4242/2143 4408/4199/2144 4409/4196/2145
f 4426/4242/2143 4409/4196/2145 4410/4195/2140
f 4426/4242/2143 4424/4239/2139 4419/4230/2127
f 4426/4242/2143 4421/4233/2131 4423/4237/2137
f 4426/4242/2143 4419/4230/2127 4421/4233/2131
f 4427/4243/2146 4398/4244/2147 4397/4245/2148
f 4427/4243/2146 4399/4241/2142 4398/4244/2147
f 4427/4243/2146 4425/4240/2141 4399/4241/2142
f 4428/4246/2149 4408/4199/2144 4426/4242/2143
f 4428/4246/2149 4407/4201/2150 4408/4199/2144
f 4428/4246/2149 4426/4242/2143 4423/4237/2137
f 4429/4247/2151 4427/4243/2146 4397/4245/2148
f 4429/4247/2151 4397/4245/2148 4550/4248/2152
f 4430/4249/2153 4462/4203/2154 4407/4201/2150
f 4430/4249/2153 4423/4237/2137 4425/4240/2141
f 4430/4249/2153 4428/4246/2149 4423/4237/2137
f 4430/4249/2153 4407/4201/2150 4428/4246/2149
f 4431/4250/2155 4396/4251/2156 4549/4252/2157
f 4431/4250/2155 4550/4248/2152 4396/4251/2156
f 4431/4250/2155 4429/4247/2151 4550/4248/2152
f 4432/4253/2158 4430/4249/2153 4425/4240/2141
f 4432/4253/2158 4406/4207/2159 4461/4205/2160
f 4432/4253/2158 4461/4205/2160 4462/4203/2154
f 4432/4253/2158 4427/4243/2146 4429/4247/2151
f 4432/4253/2158 4425/4240/2141 4427/4243/2146
f 4432/4253/2158 4462/4203/2154 4430/4249/2153
f 4433/4254/2161 4549/4252/2157 4548/4255/2162
f 4433/4254/2161 4431/4250/2155 4549/4252/2157
f 4434/4256/2163 4460/4208/2164 4406/4207/2159
f 4434/4256/2163 4432/4253/2158 4429/4247/2151
f 4434/4256/2163 4406/4207/2159 4432/4253/2158
f 4435/4257/2165 4395/4258/2166 4394/4259/2167
f 4435/4257/2165 4548/4255/2162 4395/4258/2166
f 4435/4257/2165 4433/4254/2161 4548/4255/2162
f 4436/4260/2168 4460/4208/2164 4434/4256/2163
f 4436/4260/2168 4459/4213/2169 4405/4211/2170
f 4436/4260/2168 4405/4211/2170 4460/4208/2164
f 4436/4260/2168 4434/4256/2163 4429/4247/2151
f 4436/4260/2168 4429/4247/2151 4431/4250/2155
f 4436/4260/2168 4431/4250/2155 4433/4254/2161
f 4437/4261/2171 4458/4215/2172 4459/4213/2169
f 4437/4261/2171 4459/4213/2169 4436/4260/2168
f 4437/4261/2171 4436/4260/2168 4433/4254/2161
f 4438/4262/2173 4394/4259/2167 4447/4219/2174
f 4438/4262/2173 4447/4219/2174 4457/4217/2175
f 4438/4262/2173 4457/4217/2175 4458/4215/2172
f 4438/4262/2173 4435/4257/2165 4394/4259/2167
f 4438/4262/2173 4458/4215/2172 4437/4261/2171
f 4438/4262/2173 4433/4254/2161 4435/4257/2165
f 4438/4262/2173 4437/4261/2171 4433/4254/2161
f 4478/4263/2092 4447/4183/2093 4446/4184/2092
f 4478/4263/2092 4464/4264/2093 4447/4183/2093
f 4456/4265/2095 4446/4184/2092 4511/4187/2095
f 4456/4265/2095 4478/4263/2092 4446/4184/2092
f 4477/4266/2096 4510/4189/2096 4509/4191/2097
f 4477/4266/2096 4511/4187/2095 4510/4189/2096
f 4477/4266/2096 4456/4265/2095 4511/4187/2095
f 4455/4267/2097 4477/4266/2096 4509/4191/2097
f 4454/4268/2099 4509/4191/2097 4508/4192/2099
f 4454/4268/2099 4455/4267/2097 4509/4191/2097
f 4453/4269/2100 4507/4195/2100 4506/4196/2101
f 4453/4269/2100 4508/4192/2099 4507/4195/2100
f 4453/4269/2100 4454/4268/2099 4508/4192/2099
f 4476/4270/2101 4453/4269/2100 4506/4196/2101
f 4475/4271/2102 4506/4196/2101 4445/4199/2102
f 4475/4271/2102 4476/4270/2101 4506/4196/2101
f 4474/4272/2103 4445/4199/2102 4505/4201/2103
f 4474/4272/2103 4475/4271/2102 4445/4199/2102
f 4473/4273/2104 4504/4203/2104 4503/4205/2105
f 4473/4273/2104 4505/4201/2103 4504/4203/2104
f 4473/4273/2104 4474/4272/2103 4505/4201/2103
f 4472/4274/2105 4473/4273/2104 4503/4205/2105
f 4452/4275/2106 4502/4207/2106 4444/4208/2108
f 4452/4275/2106 4503/4205/2105 4502/4207/2106
f 4452/4275/2106 4472/4274/2105 4503/4205/2105
f 4451/4276/2108 4444/4208/2108 4443/4211/2176
f 4451/4276/2108 4452/4275/2106 4444/4208/2108
f 4450/4277/2176 4451/4276/2108 4443/4211/2176
f 4471/4278/2110 4450/4277/2176 4443/4211/2176
f 4471/4278/2110 4442/4213/2110 4441/4215/2111
f 4471/4278/2110 4443/4211/2176 4442/4213/2110
f 4449/4279/2111 4471/4278/2110 4441/4215/2111
f 4470/4280/2112 4440/4217/2112 4439/4219/2113
f 4470/4280/2112 4441/4215/2111 4440/4217/2112
f 4470/4280/2112 4449/4279/2111 4441/4215/2111
f 4448/4281/2113 4470/4280/2112 4439/4219/2113
f 4469/4282/2177 4448/4281/2113 4439/4219/2113
f 4469/4282/2177 4439/4219/2113 4414/4283/2177
f 4490/4284/2178 4414/4283/2177 4413/4285/2178
f 4490/4284/2178 4469/4282/2177 4414/4283/2177
f 4489/4286/2179 4413/4285/2178 4463/4287/2179
f 4489/4286/2179 4490/4284/2178 4413/4285/2178
f 4488/4288/2180 4412/4289/2180 4411/4290/2181
f 4488/4288/2180 4463/4287/2179 4412/4289/2180
f 4488/4288/2180 4489/4286/2179 4463/4287/2179
f 4487/4291/2181 4488/4288/2180 4411/4290/2181
f 4468/4292/2182 4411/4290/2181 4410/4293/2182
f 4468/4292/2182 4487/4291/2181 4411/4290/2181
f 4467/4294/2183 4409/4295/2183 4408/4296/2184
f 4467/4294/2183 4410/4293/2182 4409/4295/2183
f 4467/4294/2183 4468/4292/2182 4410/4293/2182
f 4486/4297/2184 4467/4294/2183 4408/4296/2184
f 4466/4298/2185 4407/4299/2185 4462/4300/2186
f 4466/4298/2185 4408/4296/2184 4407/4299/2185
f 4466/4298/2185 4486/4297/2184 4408/4296/2184
f 4485/4301/2186 4466/4298/2185 4462/4300/2186
f 4484/4302/2187 4461/4303/2187 4406/4304/2188
f 4484/4302/2187 4462/4300/2186 4461/4303/2187
f 4484/4302/2187 4485/4301/2186 4462/4300/2186
f 4483/4305/2188 4484/4302/2187 4406/4304/2188
f 4482/4306/2189 4460/4307/2189 4405/4308/2190
f 4482/4306/2189 4406/4304/2188 4460/4307/2189
f 4482/4306/2189 4483/4305/2188 4406/4304/2188
f 4481/4309/2190 4482/4306/2189 4405/4308/2190
f 4480/4310/2191 4481/4309/2190 4405/4308/2190
f 4480/4310/2191 4459/4311/2191 4458/4312/2192
f 4480/4310/2191 4405/4308/2190 4459/4311/2191
f 4479/4313/2192 4480/4310/2191 4458/4312/2192
f 4465/4314/2193 4457/4315/2193 4447/4316/2093
f 4465/4314/2193 4458/4312/2192 4457/4315/2193
f 4465/4314/2193 4479/4313/2192 4458/4312/2192
f 4464/4317/2093 4465/4314/2193 4447/4316/2093
f 4483/4318/2194 4482/4319/2194 4481/4320/2194
f 4479/4321/2194 4481/4320/2194 4480/4322/2194
f 4479/4321/2194 4483/4318/2194 4481/4320/2194
f 4485/4323/2194 4484/4324/2194 4483/4318/2194
f 4464/4325/2194 4479/4321/2194 4465/4326/2194
f 4478/4327/2194 4479/4321/2194 4464/4325/2194
f 4456/4328/2194 4479/4321/2194 4478/4327/2194
f 4468/4329/2194 4467/4330/2194 4486/4331/2194
f 4488/4332/2194 4487/4333/2194 4468/4329/2194
f 4489/4334/2194 4488/4332/2194 4468/4329/2194
f 4453/4335/2194 4455/4336/2194 4454/4337/2194
f 4490/4338/2194 4466/4339/2194 4485/4323/2194
f 4490/4338/2194 4486/4331/2194 4466/4339/2194
f 4490/4338/2194 4468/4329/2194 4486/4331/2194
f 4490/4338/2194 4489/4334/2194 4468/4329/2194
f 4469/4340/2194 4485/4323/2194 4483/4318/2194
f 4469/4340/2194 4490/4338/2194 4485/4323/2194
f 4474/4341/2194 4476/4342/2194 4475/4343/2194
f 4474/4341/2194 4453/4335/2194 4476/4342/2194
f 4474/4341/2194 4455/4336/2194 4453/4335/2194
f 4473/4344/2194 4477/4345/2194 4455/4336/2194
f 4473/4344/2194 4456/4328/2194 4477/4345/2194
f 4473/4344/2194 4455/4336/2194 4474/4341/2194
f 4470/4346/2194 4448/4347/2194 4469/4340/2194
f 4470/4346/2194 4483/4318/2194 4479/4321/2194
f 4470/4346/2194 4479/4321/2194 4456/4328/2194
f 4470/4346/2194 4469/4340/2194 4483/4318/2194
f 4450/4348/2194 4449/4349/2194 4470/4346/2194
f 4450/4348/2194 4471/4350/2194 4449/4349/2194
f 4450/4348/2194 4472/4351/2194 4452/4352/2194
f 4450/4348/2194 4473/4344/2194 4472/4351/2194
f 4450/4348/2194 4456/4328/2194 4473/4344/2194
f 4450/4348/2194 4470/4346/2194 4456/4328/2194
f 4451/4353/2194 4450/4348/2194 4452/4352/2194
f 4512/4354/2195 4501/4355/2196 4500/4356/2197
f 4512/4354/2195 4394/4259/2167 4501/4355/2196
f 4513/4357/2198 4500/4356/2197 4499/4358/2199
f 4513/4357/2198 4512/4354/2195 4500/4356/2197
f 4514/4359/2200 4513/4357/2198 4499/4358/2199
f 4514/4359/2200 4498/4360/2201 4393/4361/2202
f 4514/4359/2200 4499/4358/2199 4498/4360/2201
f 4515/4362/2203 4447/4219/2174 4394/4259/2167
f 4515/4362/2203 4511/4285/2204 4446/4283/2205
f 4515/4362/2203 4446/4283/2205 4447/4219/2174
f 4515/4362/2203 4394/4259/2167 4512/4354/2195
f 4516/4363/2206 4393/4361/2202 4497/4364/2207
f 4516/4363/2206 4514/4359/2200 4393/4361/2202
f 4517/4365/2208 4510/4287/2209 4511/4285/2204
f 4517/4365/2208 4511/4285/2204 4515/4362/2203
f 4517/4365/2208 4515/4362/2203 4512/4354/2195
f 4517/4365/2208 4512/4354/2195 4513/4357/2198
f 4518/4366/2210 4392/4367/2211 4496/4368/2212
f 4518/4366/2210 4497/4364/2207 4392/4367/2211
f 4518/4366/2210 4516/4363/2206 4497/4364/2207
f 4519/4369/2213 4510/4287/2209 4517/4365/2208
f 4519/4369/2213 4508/4290/2214 4509/4289/2215
f 4519/4369/2213 4509/4289/2215 4510/4287/2209
f 4519/4369/2213 4513/4357/2198 4514/4359/2200
f 4519/4369/2213 4514/4359/2200 4516/4363/2206
f 4519/4369/2213 4517/4365/2208 4513/4357/2198
f 4520/4370/2216 4496/4368/2212 4495/4371/2217
f 4520/4370/2216 4518/4366/2210 4496/4368/2212
f 4521/4372/2218 4507/4293/2219 4508/4290/2214
f 4521/4372/2218 4508/4290/2214 4519/4369/2213
f 4521/4372/2218 4519/4369/2213 4516/4363/2206
f 4522/4373/2220 4495/4371/2217 4391/4374/2221
f 4522/4373/2220 4520/4370/2216 4495/4371/2217
f 4523/4375/2222 4507/4293/2219 4521/4372/2218
f 4523/4375/2222 4445/4296/2223 4506/4295/2224
f 4523/4375/2222 4506/4295/2224 4507/4293/2219
f 4523/4375/2222 4521/4372/2218 4516/4363/2206
f 4523/4375/2222 4516/4363/2206 4518/4366/2210
f 4524/4376/2225 4494/4377/2226 4493/4378/2227
f 4524/4376/2225 4391/4374/2221 4494/4377/2226
f 4524/4376/2225 4522/4373/2220 4391/4374/2221
f 4525/4379/2228 4505/4299/2229 4445/4296/2223
f 4525/4379/2228 4518/4366/2210 4520/4370/2216
f 4525/4379/2228 4445/4296/2223 4523/4375/2222
f 4525/4379/2228 4523/4375/2222 4518/4366/2210
f 4526/4380/2230 4493/4378/2227 4492/4381/2231
f 4526/4380/2230 4524/4376/2225 4493/4378/2227
f 4527/4382/2232 4505/4299/2229 4525/4379/2228
f 4527/4382/2232 4522/4373/2220 4524/4376/2225
f 4527/4382/2232 4504/4300/2233 4505/4299/2229
f 4527/4382/2232 4520/4370/2216 4522/4373/2220
f 4527/4382/2232 4525/4379/2228 4520/4370/2216
f 4528/4383/2234 4390/4384/2235 4491/4385/2236
f 4528/4383/2234 4492/4381/2231 4390/4384/2235
f 4528/4383/2234 4526/4380/2230 4492/4381/2231
f 4529/4386/2237 4527/4382/2232 4524/4376/2225
f 4529/4386/2237 4504/4300/2233 4527/4382/2232
f 4529/4386/2237 4502/4304/2238 4503/4303/2239
f 4529/4386/2237 4503/4303/2239 4504/4300/2233
f 4530/4387/2240 4491/4385/2236 4389/4388/2241
f 4530/4387/2240 4528/4383/2234 4491/4385/2236
f 4531/4389/2242 4524/4376/2225 4526/4380/2230
f 4531/4389/2242 4502/4304/2238 4529/4386/2237
f 4531/4389/2242 4444/4307/2243 4502/4304/2238
f 4531/4389/2242 4529/4386/2237 4524/4376/2225
f 4532/4390/2244 4388/4391/2245 4536/4392/2117
f 4532/4390/2244 4389/4388/2241 4388/4391/2245
f 4532/4390/2244 4530/4387/2240 4389/4388/2241
f 4533/4393/2246 4531/4389/2242 4526/4380/2230
f 4533/4393/2246 4442/4311/2247 4443/4308/2248
f 4533/4393/2246 4443/4308/2248 4444/4307/2243
f 4533/4393/2246 4528/4383/2234 4530/4387/2240
f 4533/4393/2246 4444/4307/2243 4531/4389/2242
f 4533/4393/2246 4526/4380/2230 4528/4383/2234
f 4534/4394/2249 4441/4312/2250 4442/4311/2247
f 4534/4394/2249 4442/4311/2247 4533/4393/2246
f 4534/4394/2249 4533/4393/2246 4530/4387/2240
f 4535/4395/2251 4536/4392/2117 4439/4316/2126
f 4535/4395/2251 4439/4316/2126 4440/4315/2252
f 4535/4395/2251 4440/4315/2252 4441/4312/2250
f 4535/4395/2251 4530/4387/2240 4532/4390/2244
f 4535/4395/2251 4441/4312/2250 4534/4394/2249
f 4535/4395/2251 4534/4394/2249 4530/4387/2240
f 4535/4395/2251 4532/4390/2244 4536/4392/2117
f 4554/4396/2253 4536/4218/2113 4380/4219/2113
f 4554/4396/2253 4380/4219/2113 4547/4283/2177
f 4553/4397/2178 4547/4283/2177 4546/4285/2178
f 4553/4397/2178 4554/4396/2253 4547/4283/2177
f 4404/4398/2179 4546/4285/2178 4561/4287/2179
f 4404/4398/2179 4553/4397/2178 4546/4285/2178
f 4403/4399/2180 4560/4289/2180 4559/4290/2254
f 4403/4399/2180 4561/4287/2179 4560/4289/2180
f 4403/4399/2180 4404/4398/2179 4561/4287/2179
f 4402/4400/2181 4403/4399/2180 4559/4290/2254
f 4552/4401/2182 4559/4290/2254 4545/4293/2182
f 4552/4401/2182 4402/4400/2181 4559/4290/2254
f 4551/4402/2183 4545/4293/2182 4558/4295/2183
f 4551/4402/2183 4552/4401/2182 4545/4293/2182
f 4401/4403/2184 4558/4295/2183 4557/4296/2184
f 4401/4403/2184 4551/4402/2183 4558/4295/2183
f 4400/4404/2185 4544/4299/2185 4543/4300/2186
f 4400/4404/2185 4557/4296/2184 4544/4299/2185
f 4400/4404/2185 4401/4403/2184 4557/4296/2184
f 4399/4405/2186 4400/4404/2185 4543/4300/2186
f 4398/4406/2187 4542/4303/2187 4541/4304/2188
f 4398/4406/2187 4543/4300/2186 4542/4303/2187
f 4398/4406/2187 4399/4405/2186 4543/4300/2186
f 4397/4407/2188 4541/4304/2188 4540/4307/2189
f 4397/4407/2188 4398/4406/2187 4541/4304/2188
f 4550/4408/2189 4540/4307/2189 4539/4308/2190
f 4550/4408/2189 4397/4407/2188 4540/4307/2189
f 4396/4409/2255 4550/4408/2189 4539/4308/2190
f 4549/4410/2191 4539/4308/2190 4538/4311/2191
f 4549/4410/2191 4396/4409/2255 4539/4308/2190
f 4548/4411/2192 4538/4311/2191 4537/4312/2192
f 4548/4411/2192 4549/4410/2191 4538/4311/2191
f 4395/4412/2193 4537/4312/2192 4556/4315/2193
f 4395/4412/2193 4548/4411/2192 4537/4312/2192
f 4394/4413/2093 4556/4315/2193 4555/4316/2093
f 4394/4413/2093 4395/4412/2193 4556/4315/2193
f 4543/4414/2256 4541/4415/2256 4542/4416/2256
f 4558/4417/2256 4544/4418/2256 4557/4419/2256
f 4571/4420/2256 4386/4421/2256 4387/4422/2256
f 4560/4423/2256 4558/4417/2256 4545/4424/2256
f 4560/4423/2256 4545/4424/2256 4559/4425/2256
f 4561/4426/2256 4544/4418/2256 4558/4417/2256
f 4561/4426/2256 4558/4417/2256 4560/4423/2256
f 4384/4427/2256 4555/4428/2256 4556/4429/2256
f 4384/4427/2256 4556/4429/2256 4537/4430/2256
f 4384/4427/2256 4537/4430/2256 4538/4431/2256
f 4384/4427/2256 4385/4432/2256 4570/4433/2256
f 4384/4427/2256 4570/4433/2256 4571/4420/2256
f 4384/4427/2256 4387/4422/2256 4555/4428/2256
f 4384/4427/2256 4571/4420/2256 4387/4422/2256
f 4547/4434/2256 4561/4426/2256 4546/4435/2256
f 4547/4434/2256 4544/4418/2256 4561/4426/2256
f 4382/4436/2256 4383/4437/2256 4384/4427/2256
f 4564/4438/2256 4547/4434/2256 4380/4439/2256
f 4564/4438/2256 4380/4439/2256 4562/4440/2256
f 4564/4438/2256 4562/4440/2256 4563/4441/2256
f 4566/4442/2256 4567/4443/2256 4568/4444/2256
f 4566/4442/2256 4568/4444/2256 4569/4445/2256
f 4566/4442/2256 4569/4445/2256 4382/4436/2256
f 4381/4446/2256 4547/4434/2256 4564/4438/2256
f 4565/4447/2256 4538/4431/2256 4539/4448/2256
f 4565/4447/2256 4539/4448/2256 4540/4449/2256
f 4565/4447/2256 4540/4449/2256 4541/4415/2256
f 4565/4447/2256 4547/4434/2256 4381/4446/2256
f 4565/4447/2256 4543/4414/2256 4544/4418/2256
f 4565/4447/2256 4384/4427/2256 4538/4431/2256
f 4565/4447/2256 4541/4415/2256 4543/4414/2256
f 4565/4447/2256 4566/4442/2256 4382/4436/2256
f 4565/4447/2256 4382/4436/2256 4384/4427/2256
f 4565/4447/2256 4544/4418/2256 4547/4434/2256
f 4592/4182/2092 4581/4183/2093 4763/4184/2094
f 4592/4182/2092 4686/4185/2093 4581/4183/2093
f 4591/4186/2095 4763/4184/2094 4762/4187/2095
f 4591/4186/2095 4592/4182/2092 4763/4184/2094
f 4590/4188/2096 4762/4187/2095 4580/4189/2096
f 4590/4188/2096 4591/4186/2095 4762/4187/2095
f 4694/4190/2097 4761/4191/2097 4579/4192/2098
f 4694/4190/2097 4580/4189/2096 4761/4191/2097
f 4694/4190/2097 4590/4188/2096 4580/4189/2096
f 4693/4193/2099 4694/4190/2097 4579/4192/2098
f 4692/4194/2100 4578/4195/2100 4760/4196/2101
f 4692/4194/2100 4579/4192/2098 4578/4195/2100
f 4692/4194/2100 4693/4193/2099 4579/4192/2098
f 4691/4197/2101 4692/4194/2100 4760/4196/2101
f 4589/4198/2102 4760/4196/2101 4759/4199/2102
f 4589/4198/2102 4691/4197/2101 4760/4196/2101
f 4588/4200/2103 4759/4199/2102 4758/4201/2103
f 4588/4200/2103 4589/4198/2102 4759/4199/2102
f 4587/4202/2104 4758/4201/2103 4577/4203/2104
f 4587/4202/2104 4588/4200/2103 4758/4201/2103
f 4690/4204/2105 4577/4203/2104 4576/4205/2105
f 4690/4204/2105 4587/4202/2104 4577/4203/2104
f 4586/4206/2106 4757/4207/2106 4575/4208/2108
f 4586/4206/2106 4576/4205/2105 4757/4207/2106
f 4586/4206/2106 4690/4204/2105 4576/4205/2105
f 4689/4209/2108 4586/4206/2106 4575/4208/2108
f 4585/4210/2109 4689/4209/2108 4575/4208/2108
f 4585/4210/2109 4575/4208/2108 4756/4211/2176
f 4584/4212/2110 4756/4211/2176 4574/4213/2110
f 4584/4212/2110 4585/4210/2109 4756/4211/2176
f 4688/4214/2111 4574/4213/2110 4755/4215/2111
f 4688/4214/2111 4584/4212/2110 4574/4213/2110
f 4583/4216/2112 4755/4215/2111 4573/4217/2112
f 4583/4216/2112 4688/4214/2111 4755/4215/2111
f 4582/4218/2113 4573/4217/2112 4572/4219/2113
f 4582/4218/2113 4583/4216/2112 4573/4217/2112
f 4612/4220/2114 4743/4221/2115 4742/4222/2116
f 4612/4220/2114 4582/4223/2257 4743/4221/2115
f 4613/4224/2118 4742/4222/2116 4600/4225/2119
f 4613/4224/2118 4612/4220/2114 4742/4222/2116
f 4614/4226/2120 4613/4224/2118 4600/4225/2119
f 4614/4226/2120 4599/4227/2121 4741/4228/2258
f 4614/4226/2120 4600/4225/2119 4599/4227/2121
f 4615/4229/2123 4662/4187/2124 4611/4184/2125
f 4615/4229/2123 4611/4184/2125 4656/4183/2126
f 4615/4229/2123 4656/4183/2126 4582/4223/2257
f 4615/4229/2123 4582/4223/2257 4612/4220/2114
f 4616/4230/2127 4741/4228/2258 4598/4231/2128
f 4616/4230/2127 4614/4226/2120 4741/4228/2258
f 4617/4232/2129 4661/4189/2130 4662/4187/2124
f 4617/4232/2129 4662/4187/2124 4615/4229/2123
f 4617/4232/2129 4615/4229/2123 4612/4220/2114
f 4617/4232/2129 4612/4220/2114 4613/4224/2118
f 4618/4233/2131 4740/4234/2132 4739/4235/2133
f 4618/4233/2131 4598/4231/2128 4740/4234/2132
f 4618/4233/2131 4616/4230/2127 4598/4231/2128
f 4619/4236/2134 4660/4192/2135 4610/4191/2136
f 4619/4236/2134 4610/4191/2136 4661/4189/2130
f 4619/4236/2134 4617/4232/2129 4613/4224/2118
f 4619/4236/2134 4613/4224/2118 4614/4226/2120
f 4619/4236/2134 4661/4189/2130 4617/4232/2129
f 4620/4237/2137 4618/4233/2131 4739/4235/2133
f 4620/4237/2137 4739/4235/2133 4597/4238/2138
f 4621/4239/2139 4660/4192/2135 4619/4236/2134
f 4621/4239/2139 4609/4195/2259 4660/4192/2135
f 4621/4239/2139 4619/4236/2134 4614/4226/2120
f 4621/4239/2139 4614/4226/2120 4616/4230/2127
f 4622/4240/2141 4597/4238/2138 4596/4241/2142
f 4622/4240/2141 4620/4237/2137 4597/4238/2138
f 4623/4242/2143 4609/4195/2259 4621/4239/2139
f 4623/4242/2143 4607/4199/2144 4608/4196/2145
f 4623/4242/2143 4608/4196/2145 4609/4195/2259
f 4623/4242/2143 4621/4239/2139 4616/4230/2127
f 4623/4242/2143 4618/4233/2131 4620/4237/2137
f 4623/4242/2143 4616/4230/2127 4618/4233/2131
f 4624/4243/2146 4595/4244/2147 4738/4245/2148
f 4624/4243/2146 4596/4241/2142 4595/4244/2147
f 4624/4243/2146 4622/4240/2141 4596/4241/2142
f 4625/4246/2149 4607/4199/2144 4623/4242/2143
f 4625/4246/2149 4606/4201/2150 4607/4199/2144
f 4625/4246/2149 4623/4242/2143 4620/4237/2137
f 4626/4247/2151 4624/4243/2146 4738/4245/2148
f 4626/4247/2151 4738/4245/2148 4737/4248/2152
f 4627/4249/2153 4605/4203/2154 4606/4201/2150
f 4627/4249/2153 4620/4237/2137 4622/4240/2141
f 4627/4249/2153 4625/4246/2149 4620/4237/2137
f 4627/4249/2153 4606/4201/2150 4625/4246/2149
f 4628/4250/2155 4594/4251/2156 4736/4252/2157
f 4628/4250/2155 4737/4248/2152 4594/4251/2156
f 4628/4250/2155 4626/4247/2151 4737/4248/2152
f 4629/4253/2158 4627/4249/2153 4622/4240/2141
f 4629/4253/2158 4604/4207/2159 4659/4205/2160
f 4629/4253/2158 4659/4205/2160 4605/4203/2154
f 4629/4253/2158 4624/4243/2146 4626/4247/2151
f 4629/4253/2158 4622/4240/2141 4624/4243/2146
f 4629/4253/2158 4605/4203/2154 4627/4249/2153
f 4630/4254/2161 4736/4252/2157 4735/4255/2162
f 4630/4254/2161 4628/4250/2155 4736/4252/2157
f 4631/4256/2163 4658/4208/2164 4604/4207/2159
f 4631/4256/2163 4629/4253/2158 4626/4247/2151
f 4631/4256/2163 4604/4207/2159 4629/4253/2158
f 4632/4257/2260 4593/4258/2166 4686/4259/2167
f 4632/4257/2260 4735/4255/2162 4593/4258/2166
f 4632/4257/2260 4630/4254/2161 4735/4255/2162
f 4633/4260/2168 4658/4208/2164 4631/4256/2163
f 4633/4260/2168 4603/4213/2169 4657/4211/2170
f 4633/4260/2168 4657/4211/2170 4658/4208/2164
f 4633/4260/2168 4631/4256/2163 4626/4247/2151
f 4633/4260/2168 4626/4247/2151 4628/4250/2155
f 4633/4260/2168 4628/4250/2155 4630/4254/2161
f 4634/4261/2171 4602/4215/2172 4603/4213/2169
f 4634/4261/2171 4603/4213/2169 4633/4260/2168
f 4634/4261/2171 4633/4260/2168 4630/4254/2161
f 4635/4262/2173 4686/4259/2167 4687/4219/2174
f 4635/4262/2173 4687/4219/2174 4601/4217/2175
f 4635/4262/2173 4601/4217/2175 4602/4215/2172
f 4635/4262/2173 4632/4257/2260 4686/4259/2167
f 4635/4262/2173 4602/4215/2172 4634/4261/2171
f 4635/4262/2173 4630/4254/2161 4632/4257/2260
f 4635/4262/2173 4634/4261/2171 4630/4254/2161
f 4655/4263/2092 4687/4183/2093 4704/4184/2092
f 4655/4263/2092 4663/4264/2093 4687/4183/2093
f 4654/4265/2095 4704/4184/2092 4642/4187/2095
f 4654/4265/2095 4655/4263/2092 4704/4184/2092
f 4653/4266/2096 4703/4189/2096 4702/4191/2097
f 4653/4266/2096 4642/4187/2095 4703/4189/2096
f 4653/4266/2096 4654/4265/2095 4642/4187/2095
f 4676/4267/2097 4653/4266/2096 4702/4191/2097
f 4652/4268/2099 4702/4191/2097 4701/4192/2099
f 4652/4268/2099 4676/4267/2097 4702/4191/2097
f 4675/4269/2100 4700/4195/2100 4641/4196/2101
f 4675/4269/2100 4701/4192/2099 4700/4195/2100
f 4675/4269/2100 4652/4268/2099 4701/4192/2099
f 4651/4270/2101 4675/4269/2100 4641/4196/2101
f 4650/4271/2102 4641/4196/2101 4699/4199/2102
f 4650/4271/2102 4651/4270/2101 4641/4196/2101
f 4649/4272/2103 4699/4199/2102 4698/4201/2103
f 4649/4272/2103 4650/4271/2102 4699/4199/2102
f 4674/4273/2104 4640/4203/2104 4639/4205/2105
f 4674/4273/2104 4698/4201/2103 4640/4203/2104
f 4674/4273/2104 4649/4272/2103 4698/4201/2103
f 4673/4274/2105 4674/4273/2104 4639/4205/2105
f 4672/4275/2106 4638/4207/2106 4637/4208/2108
f 4672/4275/2106 4639/4205/2105 4638/4207/2106
f 4672/4275/2106 4673/4274/2105 4639/4205/2105
f 4648/4276/2108 4637/4208/2108 4697/4211/2176
f 4648/4276/2108 4672/4275/2106 4637/4208/2108
f 4647/4277/2176 4648/4276/2108 4697/4211/2176
f 4646/4278/2110 4647/4277/2176 4697/4211/2176
f 4646/4278/2110 4696/4213/2110 4636/4215/2111
f 4646/4278/2110 4697/4211/2176 4696/4213/2110
f 4645/4279/2111 4646/4278/2110 4636/4215/2111
f 4644/4280/2112 4695/4217/2112 4656/4219/2113
f 4644/4280/2112 4636/4215/2111 4695/4217/2112
f 4644/4280/2112 4645/4279/2111 4636/4215/2111
f 4643/4281/2113 4644/4280/2112 4656/4219/2113
f 4671/4282/2177 4643/4281/2113 4656/4219/2113
f 4671/4282/2177 4656/4219/2113 4611/4283/2177
f 4670/4284/2178 4611/4283/2177 4662/4285/2178
f 4670/4284/2178 4671/4282/2177 4611/4283/2177
f 4669/4286/2179 4662/4285/2178 4661/4287/2179
f 4669/4286/2179 4670/4284/2178 4662/4285/2178
f 4685/4288/2180 4610/4289/2180 4660/4290/2181
f 4685/4288/2180 4661/4287/2179 4610/4289/2180
f 4685/4288/2180 4669/4286/2179 4661/4287/2179
f 4684/4291/2181 4685/4288/2180 4660/4290/2181
f 4683/4292/2182 4660/4290/2181 4609/4293/2182
f 4683/4292/2182 4684/4291/2181 4660/4290/2181
f 4668/4294/2183 4608/4295/2183 4607/4296/2184
f 4668/4294/2183 4609/4293/2182 4608/4295/2183
f 4668/4294/2183 4683/4292/2182 4609/4293/2182
f 4667/4297/2184 4668/4294/2183 4607/4296/2184
f 4682/4298/2185 4606/4299/2185 4605/4300/2186
f 4682/4298/2185 4607/4296/2184 4606/4299/2185
f 4682/4298/2185 4667/4297/2184 4607/4296/2184
f 4681/4301/2186 4682/4298/2185 4605/4300/2186
f 4680/4302/2187 4659/4303/2187 4604/4304/2188
f 4680/4302/2187 4605/4300/2186 4659/4303/2187
f 4680/4302/2187 4681/4301/2186 4605/4300/2186
f 4679/4305/2188 4680/4302/2187 4604/4304/2188
f 4678/4306/2189 4658/4307/2189 4657/4308/2190
f 4678/4306/2189 4604/4304/2188 4658/4307/2189
f 4678/4306/2189 4679/4305/2188 4604/4304/2188
f 4666/4309/2255 4678/4306/2189 4657/4308/2190
f 4665/4310/2191 4666/4309/2255 4657/4308/2190
f 4665/4310/2191 4603/4311/2191 4602/4312/2192
f 4665/4310/2191 4657/4308/2190 4603/4311/2191
f 4677/4313/2192 4665/4310/2191 4602/4312/2192
f 4664/4314/2193 4601/4315/2193 4687/4316/2093
f 4664/4314/2193 4602/4312/2192 4601/4315/2193
f 4664/4314/2193 4677/4313/2192 4602/4312/2192
f 4663/4317/2093 4664/4314/2193 4687/4316/2093
f 4679/4318/2194 4678/4319/2194 4666/4320/2194
f 4677/4321/2194 4666/4320/2194 4665/4322/2194
f 4677/4321/2194 4679/4318/2194 4666/4320/2194
f 4681/4323/2194 4680/4324/2194 4679/4318/2194
f 4663/4325/2194 4677/4321/2194 4664/4326/2194
f 4655/4327/2194 4677/4321/2194 4663/4325/2194
f 4654/4328/2194 4677/4321/2194 4655/4327/2194
f 4683/4329/2194 4668/4330/2194 4667/4331/2194
f 4685/4332/2194 4684/4333/2194 4683/4329/2194
f 4669/4334/2194 4685/4332/2194 4683/4329/2194
f 4675/4335/2194 4676/4336/2194 4652/4337/2194
f 4670/4338/2194 4682/4339/2194 4681/4323/2194
f 4670/4338/2194 4667/4331/2194 4682/4339/2194
f 4670/4338/2194 4683/4329/2194 4667/4331/2194
f 4670/4338/2194 4669/4334/2194 4683/4329/2194
f 4671/4340/2194 4681/4323/2194 4679/4318/2194
f 4671/4340/2194 4670/4338/2194 4681/4323/2194
f 4649/4341/2194 4651/4342/2194 4650/4343/2194
f 4649/4341/2194 4675/4335/2194 4651/4342/2194
f 4649/4341/2194 4676/4336/2194 4675/4335/2194
f 4674/4344/2194 4653/4345/2194 4676/4336/2194
f 4674/4344/2194 4654/4328/2194 4653/4345/2194
f 4674/4344/2194 4676/4336/2194 4649/4341/2194
f 4644/4346/2194 4643/4347/2194 4671/4340/2194
f 4644/4346/2194 4679/4318/2194 4677/4321/2194
f 4644/4346/2194 4677/4321/2194 4654/4328/2194
f 4644/4346/2194 4671/4340/2194 4679/4318/2194
f 4647/4348/2194 4645/4349/2194 4644/4346/2194
f 4647/4348/2194 4646/4350/2194 4645/4349/2194
f 4647/4348/2194 4673/4351/2194 4672/4352/2194
f 4647/4348/2194 4674/4344/2194 4673/4351/2194
f 4647/4348/2194 4654/4328/2194 4674/4344/2194
f 4647/4348/2194 4644/4346/2194 4654/4328/2194
f 4648/4353/2194 4647/4348/2194 4672/4352/2194
f 4705/4354/2261 4592/4355/2196 4591/4356/2197
f 4705/4354/2261 4686/4259/2167 4592/4355/2196
f 4706/4357/2198 4591/4356/2197 4590/4358/2199
f 4706/4357/2198 4705/4354/2261 4591/4356/2197
f 4707/4359/2200 4706/4357/2198 4590/4358/2199
f 4707/4359/2200 4694/4360/2201 4693/4361/2202
f 4707/4359/2200 4590/4358/2199 4694/4360/2201
f 4708/4362/2203 4687/4219/2174 4686/4259/2167
f 4708/4362/2203 4642/4285/2204 4704/4283/2205
f 4708/4362/2203 4704/4283/2205 4687/4219/2174
f 4708/4362/2203 4686/4259/2167 4705/4354/2261
f 4709/4363/2206 4693/4361/2202 4692/4364/2207
f 4709/4363/2206 4707/4359/2200 4693/4361/2202
f 4710/4365/2208 4703/4287/2209 4642/4285/2204
f 4710/4365/2208 4642/4285/2204 4708/4362/2203
f 4710/4365/2208 4708/4362/2203 4705/4354/2261
f 4710/4365/2208 4705/4354/2261 4706/4357/2198
f 4711/4366/2210 4691/4367/2211 4589/4368/2212
f 4711/4366/2210 4692/4364/2207 4691/4367/2211
f 4711/4366/2210 4709/4363/2206 4692/4364/2207
f 4712/4369/2213 4703/4287/2209 4710/4365/2208
f 4712/4369/2213 4701/4290/2214 4702/4289/2215
f 4712/4369/2213 4702/4289/2215 4703/4287/2209
f 4712/4369/2213 4706/4357/2198 4707/4359/2200
f 4712/4369/2213 4707/4359/2200 4709/4363/2206
f 4712/4369/2213 4710/4365/2208 4706/4357/2198
f 4713/4370/2216 4589/4368/2212 4588/4371/2262
f 4713/4370/2216 4711/4366/2210 4589/4368/2212
f 4714/4372/2218 4700/4293/2263 4701/4290/2214
f 4714/4372/2218 4701/4290/2214 4712/4369/2213
f 4714/4372/2218 4712/4369/2213 4709/4363/2206
f 4715/4373/2220 4588/4371/2262 4587/4374/2221
f 4715/4373/2220 4713/4370/2216 4588/4371/2262
f 4716/4375/2222 4700/4293/2263 4714/4372/2218
f 4716/4375/2222 4699/4296/2223 4641/4295/2224
f 4716/4375/2222 4641/4295/2224 4700/4293/2263
f 4716/4375/2222 4714/4372/2218 4709/4363/2206
f 4716/4375/2222 4709/4363/2206 4711/4366/2210
f 4717/4376/2225 4690/4377/2226 4586/4378/2227
f 4717/4376/2225 4587/4374/2221 4690/4377/2226
f 4717/4376/2225 4715/4373/2220 4587/4374/2221
f 4718/4379/2228 4698/4299/2229 4699/4296/2223
f 4718/4379/2228 4711/4366/2210 4713/4370/2216
f 4718/4379/2228 4699/4296/2223 4716/4375/2222
f 4718/4379/2228 4716/4375/2222 4711/4366/2210
f 4719/4380/2230 4586/4378/2227 4689/4381/2231
f 4719/4380/2230 4717/4376/2225 4586/4378/2227
f 4720/4382/2232 4698/4299/2229 4718/4379/2228
f 4720/4382/2232 4715/4373/2220 4717/4376/2225
f 4720/4382/2232 4640/4300/2233 4698/4299/2229
f 4720/4382/2232 4713/4370/2216 4715/4373/2220
f 4720/4382/2232 4718/4379/2228 4713/4370/2216
f 4721/4383/2234 4585/4384/2235 4584/4385/2236
f 4721/4383/2234 4689/4381/2231 4585/4384/2235
f 4721/4383/2234 4719/4380/2230 4689/4381/2231
f 4722/4386/2237 4720/4382/2232 4717/4376/2225
f 4722/4386/2237 4640/4300/2233 4720/4382/2232
f 4722/4386/2237 4638/4304/2238 4639/4303/2239
f 4722/4386/2237 4639/4303/2239 4640/4300/2233
f 4723/4387/2240 4584/4385/2236 4688/4388/2241
f 4723/4387/2240 4721/4383/2234 4584/4385/2236
f 4724/4389/2242 4717/4376/2225 4719/4380/2230
f 4724/4389/2242 4638/4304/2238 4722/4386/2237
f 4724/4389/2242 4637/4307/2243 4638/4304/2238
f 4724/4389/2242 4722/4386/2237 4717/4376/2225
f 4725/4390/2264 4583/4391/2245 4582/4392/2257
f 4725/4390/2264 4688/4388/2241 4583/4391/2245
f 4725/4390/2264 4723/4387/2240 4688/4388/2241
f 4726/4393/2246 4724/4389/2242 4719/4380/2230
f 4726/4393/2246 4696/4311/2247 4697/4308/2248
f 4726/4393/2246 4697/4308/2248 4637/4307/2243
f 4726/4393/2246 4721/4383/2234 4723/4387/2240
f 4726/4393/2246 4637/4307/2243 4724/4389/2242
f 4726/4393/2246 4719/4380/2230 4721/4383/2234
f 4727/4394/2249 4636/4312/2250 4696/4311/2247
f 4727/4394/2249 4696/4311/2247 4726/4393/2246
f 4727/4394/2249 4726/4393/2246 4723/4387/2240
f 4728/4395/2251 4582/4392/2257 4656/4316/2126
f 4728/4395/2251 4656/4316/2126 4695/4315/2252
f 4728/4395/2251 4695/4315/2252 4636/4312/2250
f 4728/4395/2251 4723/4387/2240 4725/4390/2264
f 4728/4395/2251 4636/4312/2250 4727/4394/2249
f 4728/4395/2251 4727/4394/2249 4723/4387/2240
f 4728/4395/2251 4725/4390/2264 4582/4392/2257
f 4743/4396/2177 4582/4218/2113 4572/4219/2113
f 4743/4396/2177 4572/4219/2113 4754/4283/2253
f 4742/4397/2178 4754/4283/2253 4734/4285/2178
f 4742/4397/2178 4743/4396/2177 4754/4283/2253
f 4600/4398/2179 4734/4285/2178 4753/4287/2179
f 4600/4398/2179 4742/4397/2178 4734/4285/2178
f 4599/4399/2180 4752/4289/2180 4751/4290/2181
f 4599/4399/2180 4753/4287/2179 4752/4289/2180
f 4599/4399/2180 4600/4398/2179 4753/4287/2179
f 4741/4400/2254 4599/4399/2180 4751/4290/2181
f 4598/4401/2182 4751/4290/2181 4733/4293/2182
f 4598/4401/2182 4741/4400/2254 4751/4290/2181
f 4740/4402/2183 4733/4293/2182 4732/4295/2183
f 4740/4402/2183 4598/4401/2182 4733/4293/2182
f 4739/4403/2184 4732/4295/2183 4750/4296/2184
f 4739/4403/2184 4740/4402/2183 4732/4295/2183
f 4597/4404/2185 4749/4299/2185 4731/4300/2186
f 4597/4404/2185 4750/4296/2184 4749/4299/2185
f 4597/4404/2185 4739/4403/2184 4750/4296/2184
f 4596/4405/2186 4597/4404/2185 4731/4300/2186
f 4595/4406/2187 4730/4303/2187 4748/4304/2188
f 4595/4406/2187 4731/4300/2186 4730/4303/2187
f 4595/4406/2187 4596/4405/2186 4731/4300/2186
f 4738/4407/2188 4748/4304/2188 4747/4307/2189
f 4738/4407/2188 4595/4406/2187 4748/4304/2188
f 4737/4408/2189 4747/4307/2189 4746/4308/2190
f 4737/4408/2189 4738/4407/2188 4747/4307/2189
f 4594/4409/2190 4737/4408/2189 4746/4308/2190
f 4736/4410/2191 4746/4308/2190 4745/4311/2191
f 4736/4410/2191 4594/4409/2190 4746/4308/2190
f 4735/4411/2192 4745/4311/2191 4744/4312/2192
f 4735/4411/2192 4736/4410/2191 4745/4311/2191
f 4593/4412/2193 4744/4312/2192 4729/4315/2193
f 4593/4412/2193 4735/4411/2192 4744/4312/2192
f 4686/4413/2093 4729/4315/2193 4581/4316/2093
f 4686/4413/2093 4593/4412/2193 4729/4315/2193
f 4731/4414/2256 4748/4415/2256 4730/4416/2256
f 4732/4417/2256 4749/4418/2256 4750/4419/2256
f 4580/4420/2256 4762/4421/2256 4763/4422/2256
f 4752/4423/2256 4732/4417/2256 4733/4424/2256
f 4752/4423/2256 4733/4424/2256 4751/4425/2256
f 4753/4426/2256 4749/4418/2256 4732/4417/2256
f 4753/4426/2256 4732/4417/2256 4752/4423/2256
f 4578/4427/2256 4581/4428/2256 4729/4429/2256
f 4578/4427/2256 4729/4429/2256 4744/4430/2256
f 4578/4427/2256 4744/4430/2256 4745/4431/2256
f 4578/4427/2256 4579/4432/2256 4761/4433/2256
f 4578/4427/2256 4761/4433/2256 4580/4420/2256
f 4578/4427/2256 4763/4422/2256 4581/4428/2256
f 4578/4427/2256 4580/4420/2256 4763/4422/2256
f 4754/4434/2256 4753/4426/2256 4734/4435/2256
f 4754/4434/2256 4749/4418/2256 4753/4426/2256
f 4759/4436/2256 4760/4437/2256 4578/4427/2256
f 4574/4438/2256 4754/4434/2256 4572/4439/2256
f 4574/4438/2256 4572/4439/2256 4573/4440/2256
f 4574/4438/2256 4573/4440/2256 4755/4441/2256
f 4757/4442/2256 4576/4443/2256 4577/4444/2256
f 4757/4442/2256 4577/4444/2256 4758/4445/2256
f 4757/4442/2256 4758/4445/2256 4759/4436/2256
f 4756/4446/2256 4754/4434/2256 4574/4438/2256
f 4575/4447/2256 4745/4431/2256 4746/4448/2256
f 4575/4447/2256 4746/4448/2256 4747/4449/2256
f 4575/4447/2256 4747/4449/2256 4748/4415/2256
f 4575/4447/2256 4754/4434/2256 4756/4446/2256
f 4575/4447/2256 4731/4414/2256 4749/4418/2256
f 4575/4447/2256 4578/4427/2256 4745/4431/2256
f 4575/4447/2256 4748/4415/2256 4731/4414/2256
f 4575/4447/2256 4757/4442/2256 4759/4436/2256
f 4575/4447/2256 4759/4436/2256 4578/4427/2256
f 4575/4447/2256 4749/4418/2256 4754/4434/2256
f 4781/4182/2092 4938/4183/2093 4772/4184/2094
f 4781/4182/2092 4782/4185/2093 4938/4183/2093
f 4883/4186/2095 4772/4184/2094 4955/4187/2095
f 4883/4186/2095 4781/4182/2092 4772/4184/2094
f 4882/4188/2096 4955/4187/2095 4954/4189/2096
f 4882/4188/2096 4883/4186/2095 4955/4187/2095
f 4780/4190/2097 4953/4191/2097 4771/4192/2098
f 4780/4190/2097 4954/4189/2096 4953/4191/2097
f 4780/4190/2097 4882/4188/2096 4954/4189/2096
f 4881/4193/2099 4780/4190/2097 4771/4192/2098
f 4880/4194/2100 4952/4195/2100 4770/4196/2101
f 4880/4194/2100 4771/4192/2098 4952/4195/2100
f 4880/4194/2100 4881/4193/2099 4771/4192/2098
f 4879/4197/2101 4880/4194/2100 4770/4196/2101
f 4878/4198/2102 4770/4196/2101 4769/4199/2102
f 4878/4198/2102 4879/4197/2101 4770/4196/2101
f 4877/4200/2103 4769/4199/2102 4768/4201/2103
f 4877/4200/2103 4878/4198/2102 4769/4199/2102
f 4779/4202/2104 4768/4201/2103 4767/4203/2104
f 4779/4202/2104 4877/4200/2103 4768/4201/2103
f 4876/4204/2105 4767/4203/2104 4951/4205/2105
f 4876/4204/2105 4779/4202/2104 4767/4203/2104
f 4778/4206/2106 4950/4207/2106 4949/4208/2107
f 4778/4206/2106 4951/4205/2105 4950/4207/2106
f 4778/4206/2106 4876/4204/2105 4951/4205/2105
f 4777/4209/2108 4778/4206/2106 4949/4208/2107
f 4776/4210/2109 4777/4209/2108 4949/4208/2107
f 4776/4210/2109 4949/4208/2107 4948/4211/2109
f 4775/4212/2110 4948/4211/2109 4766/4213/2110
f 4775/4212/2110 4776/4210/2109 4948/4211/2109
f 4774/4214/2111 4766/4213/2110 4765/4215/2111
f 4774/4214/2111 4775/4212/2110 4766/4213/2110
f 4875/4216/2112 4765/4215/2111 4764/4217/2112
f 4875/4216/2112 4774/4214/2111 4765/4215/2111
f 4773/4218/2113 4764/4217/2112 4916/4219/2113
f 4773/4218/2113 4875/4216/2112 4764/4217/2112
f 4800/4220/2114 4937/4221/2265 4786/4222/2116
f 4800/4220/2114 4773/4223/2117 4937/4221/2265
f 4801/4224/2118 4786/4222/2116 4936/4225/2119
f 4801/4224/2118 4800/4220/2114 4786/4222/2116
f 4802/4226/2120 4801/4224/2118 4936/4225/2119
f 4802/4226/2120 4935/4227/2121 4785/4228/2258
f 4802/4226/2120 4936/4225/2119 4935/4227/2121
f 4803/4229/2123 4797/4187/2124 4798/4184/2125
f 4803/4229/2123 4798/4184/2125 4799/4183/2126
f 4803/4229/2123 4799/4183/2126 4773/4223/2117
f 4803/4229/2123 4773/4223/2117 4800/4220/2114
f 4804/4230/2127 4785/4228/2258 4784/4231/2128
f 4804/4230/2127 4802/4226/2120 4785/4228/2258
f 4805/4232/2129 4796/4189/2130 4797/4187/2124
f 4805/4232/2129 4797/4187/2124 4803/4229/2123
f 4805/4232/2129 4803/4229/2123 4800/4220/2114
f 4805/4232/2129 4800/4220/2114 4801/4224/2118
f 4806/4233/2131 4934/4234/2132 4933/4235/2133
f 4806/4233/2131 4784/4231/2128 4934/4234/2132
f 4806/4233/2131 4804/4230/2127 4784/4231/2128
f 4807/4236/2134 4794/4192/2135 4795/4191/2136
f 4807/4236/2134 4795/4191/2136 4796/4189/2130
f 4807/4236/2134 4805/4232/2129 4801/4224/2118
f 4807/4236/2134 4801/4224/2118 4802/4226/2120
f 4807/4236/2134 4796/4189/2130 4805/4232/2129
f 4808/4237/2137 4806/4233/2131 4933/4235/2133
f 4808/4237/2137 4933/4235/2133 4932/4238/2138
f 4809/4239/2139 4794/4192/2135 4807/4236/2134
f 4809/4239/2139 4793/4195/2140 4794/4192/2135
f 4809/4239/2139 4807/4236/2134 4802/4226/2120
f 4809/4239/2139 4802/4226/2120 4804/4230/2127
f 4810/4240/2141 4932/4238/2138 4931/4241/2142
f 4810/4240/2141 4808/4237/2137 4932/4238/2138
f 4811/4242/2143 4793/4195/2140 4809/4239/2139
f 4811/4242/2143 4844/4199/2144 4845/4196/2145
f 4811/4242/2143 4845/4196/2145 4793/4195/2140
f 4811/4242/2143 4809/4239/2139 4804/4230/2127
f 4811/4242/2143 4806/4233/2131 4808/4237/2137
f 4811/4242/2143 4804/4230/2127 4806/4233/2131
f 4812/4243/2146 4930/4244/2147 4783/4245/2148
f 4812/4243/2146 4931/4241/2142 4930/4244/2147
f 4812/4243/2146 4810/4240/2141 4931/4241/2142
f 4813/4246/2149 4844/4199/2144 4811/4242/2143
f 4813/4246/2149 4792/4201/2150 4844/4199/2144
f 4813/4246/2149 4811/4242/2143 4808/4237/2137
f 4814/4247/2151 4812/4243/2146 4783/4245/2148
f 4814/4247/2151 4783/4245/2148 4929/4248/2152
f 4815/4249/2153 4843/4203/2154 4792/4201/2150
f 4815/4249/2153 4808/4237/2137 4810/4240/2141
f 4815/4249/2153 4813/4246/2149 4808/4237/2137
f 4815/4249/2153 4792/4201/2150 4813/4246/2149
f 4816/4250/2155 4928/4251/2156 4927/4252/2157
f 4816/4250/2155 4929/4248/2152 4928/4251/2156
f 4816/4250/2155 4814/4247/2151 4929/4248/2152
f 4817/4253/2158 4815/4249/2153 4810/4240/2141
f 4817/4253/2158 4790/4207/2159 4791/4205/2160
f 4817/4253/2158 4791/4205/2160 4843/4203/2154
f 4817/4253/2158 4812/4243/2146 4814/4247/2151
f 4817/4253/2158 4810/4240/2141 4812/4243/2146
f 4817/4253/2158 4843/4203/2154 4815/4249/2153
f 4818/4254/2161 4927/4252/2157 4926/4255/2162
f 4818/4254/2161 4816/4250/2155 4927/4252/2157
f 4819/4256/2163 4789/4208/2164 4790/4207/2159
f 4819/4256/2163 4817/4253/2158 4814/4247/2151
f 4819/4256/2163 4790/4207/2159 4817/4253/2158
f 4820/4257/2260 4925/4258/2166 4782/4259/2266
f 4820/4257/2260 4926/4255/2162 4925/4258/2166
f 4820/4257/2260 4818/4254/2161 4926/4255/2162
f 4821/4260/2168 4789/4208/2164 4819/4256/2163
f 4821/4260/2168 4841/4213/2169 4842/4211/2170
f 4821/4260/2168 4842/4211/2170 4789/4208/2164
f 4821/4260/2168 4819/4256/2163 4814/4247/2151
f 4821/4260/2168 4814/4247/2151 4816/4250/2155
f 4821/4260/2168 4816/4250/2155 4818/4254/2161
f 4822/4261/2171 4840/4215/2172 4841/4213/2169
f 4822/4261/2171 4841/4213/2169 4821/4260/2168
f 4822/4261/2171 4821/4260/2168 4818/4254/2161
f 4823/4262/2267 4782/4259/2266 4787/4219/2174
f 4823/4262/2267 4787/4219/2174 4788/4217/2175
f 4823/4262/2267 4788/4217/2175 4840/4215/2172
f 4823/4262/2267 4820/4257/2260 4782/4259/2266
f 4823/4262/2267 4840/4215/2172 4822/4261/2171
f 4823/4262/2267 4818/4254/2161 4820/4257/2260
f 4823/4262/2267 4822/4261/2171 4818/4254/2161
f 4866/4263/2092 4787/4183/2093 4832/4184/2092
f 4866/4263/2092 4867/4264/2093 4787/4183/2093
f 4838/4265/2095 4832/4184/2092 4891/4187/2095
f 4838/4265/2095 4866/4263/2092 4832/4184/2092
f 4837/4266/2096 4831/4189/2096 4830/4191/2097
f 4837/4266/2096 4891/4187/2095 4831/4189/2096
f 4837/4266/2096 4838/4265/2095 4891/4187/2095
f 4836/4267/2097 4837/4266/2096 4830/4191/2097
f 4865/4268/2099 4830/4191/2097 4829/4192/2099
f 4865/4268/2099 4836/4267/2097 4830/4191/2097
f 4835/4269/2100 4828/4195/2100 4890/4196/2101
f 4835/4269/2100 4829/4192/2099 4828/4195/2100
f 4835/4269/2100 4865/4268/2099 4829/4192/2099
f 4864/4270/2101 4835/4269/2100 4890/4196/2101
f 4863/4271/2102 4890/4196/2101 4827/4199/2102
f 4863/4271/2102 4864/4270/2101 4890/4196/2101
f 4862/4272/2103 4827/4199/2102 4826/4201/2103
f 4862/4272/2103 4863/4271/2102 4827/4199/2102
f 4861/4273/2104 4889/4203/2104 4888/4205/2105
f 4861/4273/2104 4826/4201/2103 4889/4203/2104
f 4861/4273/2104 4862/4272/2103 4826/4201/2103
f 4834/4274/2105 4861/4273/2104 4888/4205/2105
f 4860/4275/2106 4825/4207/2106 4887/4208/2108
f 4860/4275/2106 4888/4205/2105 4825/4207/2106
f 4860/4275/2106 4834/4274/2105 4888/4205/2105
f 4833/4276/2108 4887/4208/2108 4886/4211/2176
f 4833/4276/2108 4860/4275/2106 4887/4208/2108
f 4859/4277/2176 4833/4276/2108 4886/4211/2176
f 4858/4278/2110 4859/4277/2176 4886/4211/2176
f 4858/4278/2110 4885/4213/2110 4884/4215/2111
f 4858/4278/2110 4886/4211/2176 4885/4213/2110
f 4857/4279/2111 4858/4278/2110 4884/4215/2111
f 4856/4280/2112 4824/4217/2112 4799/4219/2113
f 4856/4280/2112 4884/4215/2111 4824/4217/2112
f 4856/4280/2112 4857/4279/2111 4884/4215/2111
f 4839/4281/2113 4856/4280/2112 4799/4219/2113
f 4855/4282/2177 4839/4281/2113 4799/4219/2113
f 4855/4282/2177 4799/4219/2113 4798/4283/2177
f 4854/4284/2178 4798/4283/2177 4797/4285/2178
f 4854/4284/2178 4855/4282/2177 4798/4283/2177
f 4874/4286/2179 4797/4285/2178 4796/4287/2179
f 4874/4286/2179 4854/4284/2178 4797/4285/2178
f 4853/4288/2180 4795/4289/2180 4794/4290/2181
f 4853/4288/2180 4796/4287/2179 4795/4289/2180
f 4853/4288/2180 4874/4286/2179 4796/4287/2179
f 4852/4291/2181 4853/4288/2180 4794/4290/2181
f 4851/4292/2182 4794/4290/2181 4793/4293/2182
f 4851/4292/2182 4852/4291/2181 4794/4290/2181
f 4850/4294/2183 4845/4295/2183 4844/4296/2184
f 4850/4294/2183 4793/4293/2182 4845/4295/2183
f 4850/4294/2183 4851/4292/2182 4793/4293/2182
f 4849/4297/2184 4850/4294/2183 4844/4296/2184
f 4848/4298/2185 4792/4299/2185 4843/4300/2186
f 4848/4298/2185 4844/4296/2184 4792/4299/2185
f 4848/4298/2185 4849/4297/2184 4844/4296/2184
f 4873/4301/2186 4848/4298/2185 4843/4300/2186
f 4872/4302/2187 4791/4303/2187 4790/4304/2188
f 4872/4302/2187 4843/4300/2186 4791/4303/2187
f 4872/4302/2187 4873/4301/2186 4843/4300/2186
f 4847/4305/2188 4872/4302/2187 4790/4304/2188
f 4871/4306/2189 4789/4307/2189 4842/4308/2190
f 4871/4306/2189 4790/4304/2188 4789/4307/2189
f 4871/4306/2189 4847/4305/2188 4790/4304/2188
f 4846/4309/2190 4871/4306/2189 4842/4308/2190
f 4870/4310/2191 4846/4309/2190 4842/4308/2190
f 4870/4310/2191 4841/4311/2191 4840/4312/2192
f 4870/4310/2191 4842/4308/2190 4841/4311/2191
f 4869/4313/2192 4870/4310/2191 4840/4312/2192
f 4868/4314/2193 4788/4315/2193 4787/4316/2093
f 4868/4314/2193 4840/4312/2192 4788/4315/2193
f 4868/4314/2193 4869/4313/2192 4840/4312/2192
f 4867/4317/2093 4868/4314/2193 4787/4316/2093
f 4847/4318/2194 4871/4319/2194 4846/4320/2194
f 4869/4321/2194 4846/4320/2194 4870/4322/2194
f 4869/4321/2194 4847/4318/2194 4846/4320/2194
f 4873/4323/2194 4872/4324/2194 4847/4318/2194
f 4867/4325/2194 4869/4321/2194 4868/4326/2194
f 4866/4327/2194 4869/4321/2194 4867/4325/2194
f 4838/4328/2194 4869/4321/2194 4866/4327/2194
f 4851/4329/2194 4850/4330/2194 4849/4331/2194
f 4853/4332/2194 4852/4333/2194 4851/4329/2194
f 4874/4334/2194 4853/4332/2194 4851/4329/2194
f 4835/4335/2194 4836/4336/2194 4865/4337/2194
f 4854/4338/2194 4848/4339/2194 4873/4323/2194
f 4854/4338/2194 4849/4331/2194 4848/4339/2194
f 4854/4338/2194 4851/4329/2194 4849/4331/2194
f 4854/4338/2194 4874/4334/2194 4851/4329/2194
f 4855/4340/2194 4873/4323/2194 4847/4318/2194
f 4855/4340/2194 4854/4338/2194 4873/4323/2194
f 4862/4341/2194 4864/4342/2194 4863/4343/2194
f 4862/4341/2194 4835/4335/2194 4864/4342/2194
f 4862/4341/2194 4836/4336/2194 4835/4335/2194
f 4861/4344/2194 4837/4345/2194 4836/4336/2194
f 4861/4344/2194 4838/4328/2194 4837/4345/2194
f 4861/4344/2194 4836/4336/2194 4862/4341/2194
f 4856/4346/2194 4839/4347/2194 4855/4340/2194
f 4856/4346/2194 4847/4318/2194 4869/4321/2194
f 4856/4346/2194 4869/4321/2194 4838/4328/2194
f 4856/4346/2194 4855/4340/2194 4847/4318/2194
f 4859/4348/2194 4857/4349/2194 4856/4346/2194
f 4859/4348/2194 4858/4350/2194 4857/4349/2194
f 4859/4348/2194 4834/4351/2194 4860/4352/2194
f 4859/4348/2194 4861/4344/2194 4834/4351/2194
f 4859/4348/2194 4838/4328/2194 4861/4344/2194
f 4859/4348/2194 4856/4346/2194 4838/4328/2194
f 4833/4353/2194 4859/4348/2194 4860/4352/2194
f 4892/4354/2261 4781/4355/2196 4883/4356/2268
f 4892/4354/2261 4782/4259/2266 4781/4355/2196
f 4893/4357/2198 4883/4356/2268 4882/4358/2199
f 4893/4357/2198 4892/4354/2261 4883/4356/2268
f 4894/4359/2200 4893/4357/2198 4882/4358/2199
f 4894/4359/2200 4780/4360/2201 4881/4361/2202
f 4894/4359/2200 4882/4358/2199 4780/4360/2201
f 4895/4362/2203 4787/4219/2174 4782/4259/2266
f 4895/4362/2203 4891/4285/2204 4832/4283/2205
f 4895/4362/2203 4832/4283/2205 4787/4219/2174
f 4895/4362/2203 4782/4259/2266 4892/4354/2261
f 4896/4363/2206 4881/4361/2202 4880/4364/2207
f 4896/4363/2206 4894/4359/2200 4881/4361/2202
f 4897/4365/2208 4831/4287/2209 4891/4285/2204
f 4897/4365/2208 4891/4285/2204 4895/4362/2203
f 4897/4365/2208 4895/4362/2203 4892/4354/2261
f 4897/4365/2208 4892/4354/2261 4893/4357/2198
f 4898/4366/2210 4879/4367/2211 4878/4368/2212
f 4898/4366/2210 4880/4364/2207 4879/4367/2211
f 4898/4366/2210 4896/4363/2206 4880/4364/2207
f 4899/4369/2213 4831/4287/2209 4897/4365/2208
f 4899/4369/2213 4829/4290/2214 4830/4289/2215
f 4899/4369/2213 4830/4289/2215 4831/4287/2209
f 4899/4369/2213 4893/4357/2198 4894/4359/2200
f 4899/4369/2213 4894/4359/2200 4896/4363/2206
f 4899/4369/2213 4897/4365/2208 4893/4357/2198
f 4900/4370/2216 4878/4368/2212 4877/4371/2262
f 4900/4370/2216 4898/4366/2210 4878/4368/2212
f 4901/4372/2218 4828/4293/2219 4829/4290/2214
f 4901/4372/2218 4829/4290/2214 4899/4369/2213
f 4901/4372/2218 4899/4369/2213 4896/4363/2206
f 4902/4373/2220 4877/4371/2262 4779/4374/2221
f 4902/4373/2220 4900/4370/2216 4877/4371/2262
f 4903/4375/2222 4828/4293/2219 4901/4372/2218
f 4903/4375/2222 4827/4296/2223 4890/4295/2224
f 4903/4375/2222 4890/4295/2224 4828/4293/2219
f 4903/4375/2222 4901/4372/2218 4896/4363/2206
f 4903/4375/2222 4896/4363/2206 4898/4366/2210
f 4904/4376/2225 4876/4377/2226 4778/4378/2227
f 4904/4376/2225 4779/4374/2221 4876/4377/2226
f 4904/4376/2225 4902/4373/2220 4779/4374/2221
f 4905/4379/2228 4826/4299/2229 4827/4296/2223
f 4905/4379/2228 4898/4366/2210 4900/4370/2216
f 4905/4379/2228 4827/4296/2223 4903/4375/2222
f 4905/4379/2228 4903/4375/2222 4898/4366/2210
f 4906/4380/2230 4778/4378/2227 4777/4381/2231
f 4906/4380/2230 4904/4376/2225 4778/4378/2227
f 4907/4382/2232 4826/4299/2229 4905/4379/2228
f 4907/4382/2232 4902/4373/2220 4904/4376/2225
f 4907/4382/2232 4889/4300/2233 4826/4299/2229
f 4907/4382/2232 4900/4370/2216 4902/4373/2220
f 4907/4382/2232 4905/4379/2228 4900/4370/2216
f 4908/4383/2234 4776/4384/2235 4775/4385/2236
f 4908/4383/2234 4777/4381/2231 4776/4384/2235
f 4908/4383/2234 4906/4380/2230 4777/4381/2231
f 4909/4386/2237 4907/4382/2232 4904/4376/2225
f 4909/4386/2237 4889/4300/2233 4907/4382/2232
f 4909/4386/2237 4825/4304/2238 4888/4303/2239
f 4909/4386/2237 4888/4303/2239 4889/4300/2233
f 4910/4387/2240 4775/4385/2236 4774/4388/2241
f 4910/4387/2240 4908/4383/2234 4775/4385/2236
f 4911/4389/2242 4904/4376/2225 4906/4380/2230
f 4911/4389/2242 4825/4304/2238 4909/4386/2237
f 4911/4389/2242 4887/4307/2243 4825/4304/2238
f 4911/4389/2242 4909/4386/2237 4904/4376/2225
f 4912/4390/2264 4875/4391/2245 4773/4392/2117
f 4912/4390/2264 4774/4388/2241 4875/4391/2245
f 4912/4390/2264 4910/4387/2240 4774/4388/2241
f 4913/4393/2246 4911/4389/2242 4906/4380/2230
f 4913/4393/2246 4885/4311/2247 4886/4308/2248
f 4913/4393/2246 4886/4308/2248 4887/4307/2243
f 4913/4393/2246 4908/4383/2234 4910/4387/2240
f 4913/4393/2246 4887/4307/2243 4911/4389/2242
f 4913/4393/2246 4906/4380/2230 4908/4383/2234
f 4914/4394/2249 4884/4312/2250 4885/4311/2247
f 4914/4394/2249 4885/4311/2247 4913/4393/2246
f 4914/4394/2249 4913/4393/2246 4910/4387/2240
f 4915/4395/2251 4773/4392/2117 4799/4316/2126
f 4915/4395/2251 4799/4316/2126 4824/4315/2252
f 4915/4395/2251 4824/4315/2252 4884/4312/2250
f 4915/4395/2251 4910/4387/2240 4912/4390/2264
f 4915/4395/2251 4884/4312/2250 4914/4394/2249
f 4915/4395/2251 4914/4394/2249 4910/4387/2240
f 4915/4395/2251 4912/4390/2264 4773/4392/2117
f 4937/4396/2253 4773/4218/2113 4916/4219/2113
f 4937/4396/2253 4916/4219/2113 4947/4283/2177
f 4786/4397/2178 4947/4283/2177 4946/4285/2178
f 4786/4397/2178 4937/4396/2253 4947/4283/2177
f 4936/4398/2179 4946/4285/2178 4945/4287/2179
f 4936/4398/2179 4786/4397/2178 4946/4285/2178
f 4935/4399/2180 4944/4289/2180 4924/4290/2254
f 4935/4399/2180 4945/4287/2179 4944/4289/2180
f 4935/4399/2180 4936/4398/2179 4945/4287/2179
f 4785/4400/2181 4935/4399/2180 4924/4290/2254
f 4784/4401/2182 4924/4290/2254 4923/4293/2182
f 4784/4401/2182 4785/4400/2181 4924/4290/2254
f 4934/4402/2183 4923/4293/2182 4922/4295/2183
f 4934/4402/2183 4784/4401/2182 4923/4293/2182
f 4933/4403/2184 4922/4295/2183 4921/4296/2184
f 4933/4403/2184 4934/4402/2183 4922/4295/2183
f 4932/4404/2185 4920/4299/2185 4943/4300/2186
f 4932/4404/2185 4921/4296/2184 4920/4299/2185
f 4932/4404/2185 4933/4403/2184 4921/4296/2184
f 4931/4405/2186 4932/4404/2185 4943/4300/2186
f 4930/4406/2187 4919/4303/2187 4942/4304/2188
f 4930/4406/2187 4943/4300/2186 4919/4303/2187
f 4930/4406/2187 4931/4405/2186 4943/4300/2186
f 4783/4407/2188 4942/4304/2188 4918/4307/2189
f 4783/4407/2188 4930/4406/2187 4942/4304/2188
f 4929/4408/2189 4918/4307/2189 4917/4308/2190
f 4929/4408/2189 4783/4407/2188 4918/4307/2189
f 4928/4409/2255 4929/4408/2189 4917/4308/2190
f 4927/4410/2191 4917/4308/2190 4941/4311/2191
f 4927/4410/2191 4928/4409/2255 4917/4308/2190
f 4926/4411/2192 4941/4311/2191 4940/4312/2192
f 4926/4411/2192 4927/4410/2191 4941/4311/2191
f 4925/4412/2193 4940/4312/2192 4939/4315/2193
f 4925/4412/2193 4926/4411/2192 4940/4312/2192
f 4782/4413/2093 4939/4315/2193 4938/4316/2093
f 4782/4413/2093 4925/4412/2193 4939/4315/2193
f 4943/4414/2256 4942/4415/2256 4919/4416/2256
f 4922/4417/2256 4920/4418/2256 4921/4419/2256
f 4954/4420/2256 4955/4421/2256 4772/4422/2256
f 4944/4423/2256 4922/4417/2256 4923/4424/2256
f 4944/4423/2256 4923/4424/2256 4924/4425/2256
f 4945/4426/2256 4920/4418/2256 4922/4417/2256
f 4945/4426/2256 4922/4417/2256 4944/4423/2256
f 4952/4427/2256 4938/4428/2256 4939/4429/2256
f 4952/4427/2256 4939/4429/2256 4940/4430/2256
f 4952/4427/2256 4940/4430/2256 4941/4431/2256
f 4952/4427/2256 4771/4432/2256 4953/4433/2256
f 4952/4427/2256 4953/4433/2256 4954/4420/2256
f 4952/4427/2256 4772/4422/2256 4938/4428/2256
f 4952/4427/2256 4954/4420/2256 4772/4422/2256
f 4947/4434/2256 4945/4426/2256 4946/4435/2256
f 4947/4434/2256 4920/4418/2256 4945/4426/2256
f 4769/4436/2256 4770/4437/2256 4952/4427/2256
f 4766/4438/2256 4947/4434/2256 4916/4439/2256
f 4766/4438/2256 4916/4439/2256 4764/4440/2256
f 4766/4438/2256 4764/4440/2256 4765/4441/2256
f 4950/4442/2256 4951/4443/2256 4767/4444/2256
f 4950/4442/2256 4767/4444/2256 4768/4445/2256
f 4950/4442/2256 4768/4445/2256 4769/4436/2256
f 4948/4446/2256 4947/4434/2256 4766/4438/2256
f 4949/4447/2256 4941/4431/2256 4917/4448/2256
f 4949/4447/2256 4917/4448/2256 4918/4449/2256
f 4949/4447/2256 4918/4449/2256 4942/4415/2256
f 4949/4447/2256 4947/4434/2256 4948/4446/2256
f 4949/4447/2256 4943/4414/2256 4920/4418/2256
f 4949/4447/2256 4952/4427/2256 4941/4431/2256
f 4949/4447/2256 4942/4415/2256 4943/4414/2256
f 4949/4447/2256 4950/4442/2256 4769/4436/2256
f 4949/4447/2256 4769/4436/2256 4952/4427/2256
f 4949/4447/2256 4920/4418/2256 4947/4434/2256
f 5079/4182/2092 5132/4183/2093 5147/4184/2094
f 5079/4182/2092 4974/4185/2093 5132/4183/2093
f 4973/4186/2095 5147/4184/2094 4965/4187/2095
f 4973/4186/2095 5079/4182/2092 5147/4184/2094
f 5078/4188/2096 4965/4187/2095 5146/4189/2096
f 5078/4188/2096 4973/4186/2095 4965/4187/2095
f 5077/4190/2097 4964/4191/2097 4963/4192/2098
f 5077/4190/2097 5146/4189/2096 4964/4191/2097
f 5077/4190/2097 5078/4188/2096 5146/4189/2096
f 4972/4193/2099 5077/4190/2097 4963/4192/2098
f 5076/4194/2100 5145/4195/2100 4962/4196/2101
f 5076/4194/2100 4963/4192/2098 5145/4195/2100
f 5076/4194/2100 4972/4193/2099 4963/4192/2098
f 5075/4197/2101 5076/4194/2100 4962/4196/2101
f 5074/4198/2102 4962/4196/2101 4961/4199/2102
f 5074/4198/2102 5075/4197/2101 4962/4196/2101
f 4971/4200/2103 4961/4199/2102 5144/4201/2103
f 4971/4200/2103 5074/4198/2102 4961/4199/2102
f 4970/4202/2104 5144/4201/2103 4960/4203/2104
f 4970/4202/2104 4971/4200/2103 5144/4201/2103
f 4969/4204/2105 4960/4203/2104 5143/4205/2105
f 4969/4204/2105 4970/4202/2104 4960/4203/2104
f 4968/4206/2106 4959/4207/2106 5142/4208/2108
f 4968/4206/2106 5143/4205/2105 4959/4207/2106
f 4968/4206/2106 4969/4204/2105 5143/4205/2105
f 5073/4209/2108 4968/4206/2106 5142/4208/2108
f 4967/4210/2109 5073/4209/2108 5142/4208/2108
f 4967/4210/2109 5142/4208/2108 4958/4211/2176
f 4966/4212/2110 4958/4211/2176 5141/4213/2110
f 4966/4212/2110 4967/4210/2109 4958/4211/2176
f 5072/4214/2111 5141/4213/2110 4957/4215/2111
f 5072/4214/2111 4966/4212/2110 5141/4213/2110
f 5071/4216/2112 4957/4215/2111 4956/4217/2112
f 5071/4216/2112 5072/4214/2111 4957/4215/2111
f 5070/4218/2113 4956/4217/2112 5140/4219/2113
f 5070/4218/2113 5071/4216/2112 4956/4217/2112
f 4991/4220/2114 5131/4221/2115 4983/4222/2116
f 4991/4220/2114 5070/4223/2257 5131/4221/2115
f 4992/4224/2118 4983/4222/2116 5130/4225/2119
f 4992/4224/2118 4991/4220/2114 4983/4222/2116
f 4993/4226/2120 4992/4224/2118 5130/4225/2119
f 4993/4226/2120 5129/4227/2121 5128/4228/2258
f 4993/4226/2120 5130/4225/2119 5129/4227/2121
f 4994/4229/2123 5043/4187/2124 4989/4184/2125
f 4994/4229/2123 4989/4184/2125 4990/4183/2126
f 4994/4229/2123 4990/4183/2126 5070/4223/2257
f 4994/4229/2123 5070/4223/2257 4991/4220/2114
f 4995/4230/2127 5128/4228/2258 5127/4231/2128
f 4995/4230/2127 4993/4226/2120 5128/4228/2258
f 4996/4232/2129 5042/4189/2130 5043/4187/2124
f 4996/4232/2129 5043/4187/2124 4994/4229/2123
f 4996/4232/2129 4994/4229/2123 4991/4220/2114
f 4996/4232/2129 4991/4220/2114 4992/4224/2118
f 4997/4233/2131 4982/4234/2132 5126/4235/2133
f 4997/4233/2131 5127/4231/2128 4982/4234/2132
f 4997/4233/2131 4995/4230/2127 5127/4231/2128
f 4998/4236/2134 4988/4192/2135 5041/4191/2136
f 4998/4236/2134 5041/4191/2136 5042/4189/2130
f 4998/4236/2134 4996/4232/2129 4992/4224/2118
f 4998/4236/2134 4992/4224/2118 4993/4226/2120
f 4998/4236/2134 5042/4189/2130 4996/4232/2129
f 4999/4237/2137 4997/4233/2131 5126/4235/2133
f 4999/4237/2137 5126/4235/2133 4981/4238/2138
f 5000/4239/2139 4988/4192/2135 4998/4236/2134
f 5000/4239/2139 5040/4195/2259 4988/4192/2135
f 5000/4239/2139 4998/4236/2134 4993/4226/2120
f 5000/4239/2139 4993/4226/2120 4995/4230/2127
f 5001/4240/2141 4981/4238/2138 4980/4241/2142
f 5001/4240/2141 4999/4237/2137 4981/4238/2138
f 5002/4242/2143 5040/4195/2259 5000/4239/2139
f 5002/4242/2143 5039/4199/2144 4987/4196/2145
f 5002/4242/2143 4987/4196/2145 5040/4195/2259
f 5002/4242/2143 5000/4239/2139 4995/4230/2127
f 5002/4242/2143 4997/4233/2131 4999/4237/2137
f 5002/4242/2143 4995/4230/2127 4997/4233/2131
f 5003/4243/2146 4979/4244/2147 4978/4245/2148
f 5003/4243/2146 4980/4241/2142 4979/4244/2147
f 5003/4243/2146 5001/4240/2141 4980/4241/2142
f 5004/4246/2149 5039/4199/2144 5002/4242/2143
f 5004/4246/2149 5038/4201/2150 5039/4199/2144
f 5004/4246/2149 5002/4242/2143 4999/4237/2137
f 5005/4247/2151 5003/4243/2146 4978/4245/2148
f 5005/4247/2151 4978/4245/2148 5125/4248/2152
f 5006/4249/2153 5037/4203/2154 5038/4201/2150
f 5006/4249/2153 4999/4237/2137 5001/4240/2141
f 5006/4249/2153 5004/4246/2149 4999/4237/2137
f 5006/4249/2153 5038/4201/2150 5004/4246/2149
f 5007/4250/2155 5124/4251/2156 4977/4252/2157
f 5007/4250/2155 5125/4248/2152 5124/4251/2156
f 5007/4250/2155 5005/4247/2151 5125/4248/2152
f 5008/4253/2158 5006/4249/2153 5001/4240/2141
f 5008/4253/2158 4985/4207/2159 4986/4205/2160
f 5008/4253/2158 4986/4205/2160 5037/4203/2154
f 5008/4253/2158 5003/4243/2146 5005/4247/2151
f 5008/4253/2158 5001/4240/2141 5003/4243/2146
f 5008/4253/2158 5037/4203/2154 5006/4249/2153
f 5009/4254/2161 4977/4252/2157 4976/4255/2162
f 5009/4254/2161 5007/4250/2155 4977/4252/2157
f 5010/4256/2163 4984/4208/2164 4985/4207/2159
f 5010/4256/2163 5008/4253/2158 5005/4247/2151
f 5010/4256/2163 4985/4207/2159 5008/4253/2158
f 5011/4257/2165 4975/4258/2166 4974/4259/2266
f 5011/4257/2165 4976/4255/2162 4975/4258/2166
f 5011/4257/2165 5009/4254/2161 4976/4255/2162
f 5012/4260/2168 4984/4208/2164 5010/4256/2163
f 5012/4260/2168 5035/4213/2169 5036/4211/2170
f 5012/4260/2168 5036/4211/2170 4984/4208/2164
f 5012/4260/2168 5010/4256/2163 5005/4247/2151
f 5012/4260/2168 5005/4247/2151 5007/4250/2155
f 5012/4260/2168 5007/4250/2155 5009/4254/2161
f 5013/4261/2171 5034/4215/2172 5035/4213/2169
f 5013/4261/2171 5035/4213/2169 5012/4260/2168
f 5013/4261/2171 5012/4260/2168 5009/4254/2161
f 5014/4262/2267 4974/4259/2266 5022/4219/2174
f 5014/4262/2267 5022/4219/2174 5033/4217/2175
f 5014/4262/2267 5033/4217/2175 5034/4215/2172
f 5014/4262/2267 5011/4257/2165 4974/4259/2266
f 5014/4262/2267 5034/4215/2172 5013/4261/2171
f 5014/4262/2267 5009/4254/2161 5011/4257/2165
f 5014/4262/2267 5013/4261/2171 5009/4254/2161
f 5032/4263/2092 5022/4183/2093 5089/4184/2092
f 5032/4263/2092 5058/4264/2093 5022/4183/2093
f 5057/4265/2095 5089/4184/2092 5021/4187/2095
f 5057/4265/2095 5032/4263/2092 5089/4184/2092
f 5031/4266/2096 5088/4189/2096 5020/4191/2097
f 5031/4266/2096 5021/4187/2095 5088/4189/2096
f 5031/4266/2096 5057/4265/2095 5021/4187/2095
f 5056/4267/2097 5031/4266/2096 5020/4191/2097
f 5030/4268/2099 5020/4191/2097 5087/4192/2099
f 5030/4268/2099 5056/4267/2097 5020/4191/2097
f 5029/4269/2100 5019/4195/2100 5018/4196/2101
f 5029/4269/2100 5087/4192/2099 5019/4195/2100
f 5029/4269/2100 5030/4268/2099 5087/4192/2099
f 5028/4270/2101 5029/4269/2100 5018/4196/2101
f 5027/4271/2102 5018/4196/2101 5017/4199/2102
f 5027/4271/2102 5028/4270/2101 5018/4196/2101
f 5055/4272/2103 5017/4199/2102 5016/4201/2103
f 5055/4272/2103 5027/4271/2102 5017/4199/2102
f 5026/4273/2104 5086/4203/2104 5085/4205/2105
f 5026/4273/2104 5016/4201/2103 5086/4203/2104
f 5026/4273/2104 5055/4272/2103 5016/4201/2103
f 5054/4274/2105 5026/4273/2104 5085/4205/2105
f 5025/4275/2106 5084/4207/2106 5083/4208/2108
f 5025/4275/2106 5085/4205/2105 5084/4207/2106
f 5025/4275/2106 5054/4274/2105 5085/4205/2105
f 5053/4276/2108 5083/4208/2108 5015/4211/2176
f 5053/4276/2108 5025/4275/2106 5083/4208/2108
f 5052/4277/2109 5053/4276/2108 5015/4211/2176
f 5051/4278/2110 5052/4277/2109 5015/4211/2176
f 5051/4278/2110 5082/4213/2110 5081/4215/2111
f 5051/4278/2110 5015/4211/2176 5082/4213/2110
f 5024/4279/2111 5051/4278/2110 5081/4215/2111
f 5023/4280/2112 5080/4217/2112 4990/4219/2113
f 5023/4280/2112 5081/4215/2111 5080/4217/2112
f 5023/4280/2112 5024/4279/2111 5081/4215/2111
f 5050/4281/2113 5023/4280/2112 4990/4219/2113
f 5069/4282/2177 5050/4281/2113 4990/4219/2113
f 5069/4282/2177 4990/4219/2113 4989/4283/2177
f 5049/4284/2178 4989/4283/2177 5043/4285/2178
f 5049/4284/2178 5069/4282/2177 4989/4283/2177
f 5048/4286/2179 5043/4285/2178 5042/4287/2179
f 5048/4286/2179 5049/4284/2178 5043/4285/2178
f 5068/4288/2180 5041/4289/2180 4988/4290/2181
f 5068/4288/2180 5042/4287/2179 5041/4289/2180
f 5068/4288/2180 5048/4286/2179 5042/4287/2179
f 5047/4291/2181 5068/4288/2180 4988/4290/2181
f 5067/4292/2182 4988/4290/2181 5040/4293/2182
f 5067/4292/2182 5047/4291/2181 4988/4290/2181
f 5046/4294/2183 4987/4295/2183 5039/4296/2184
f 5046/4294/2183 5040/4293/2182 4987/4295/2183
f 5046/4294/2183 5067/4292/2182 5040/4293/2182
f 5066/4297/2184 5046/4294/2183 5039/4296/2184
f 5045/4298/2185 5038/4299/2185 5037/4300/2186
f 5045/4298/2185 5039/4296/2184 5038/4299/2185
f 5045/4298/2185 5066/4297/2184 5039/4296/2184
f 5065/4301/2186 5045/4298/2185 5037/4300/2186
f 5064/4302/2187 4986/4303/2187 4985/4304/2188
f 5064/4302/2187 5037/4300/2186 4986/4303/2187
f 5064/4302/2187 5065/4301/2186 5037/4300/2186
f 5063/4305/2188 5064/4302/2187 4985/4304/2188
f 5062/4306/2189 4984/4307/2189 5036/4308/2255
f 5062/4306/2189 4985/4304/2188 4984/4307/2189
f 5062/4306/2189 5063/4305/2188 4985/4304/2188
f 5044/4309/2255 5062/4306/2189 5036/4308/2255
f 5061/4310/2191 5044/4309/2255 5036/4308/2255
f 5061/4310/2191 5035/4311/2191 5034/4312/2192
f 5061/4310/2191 5036/4308/2255 5035/4311/2191
f 5060/4313/2192 5061/4310/2191 5034/4312/2192
f 5059/4314/2193 5033/4315/2193 5022/4316/2093
f 5059/4314/2193 5034/4312/2192 5033/4315/2193
f 5059/4314/2193 5060/4313/2192 5034/4312/2192
f 5058/4317/2093 5059/4314/2193 5022/4316/2093
f 5063/4318/2194 5062/4319/2194 5044/4320/2194
f 5060/4321/2194 5044/4320/2194 5061/4322/2194
f 5060/4321/2194 5063/4318/2194 5044/4320/2194
f 5065/4323/2194 5064/4324/2194 5063/4318/2194
f 5058/4325/2194 5060/4321/2194 5059/4326/2194
f 5032/4327/2194 5060/4321/2194 5058/4325/2194
f 5057/4328/2194 5060/4321/2194 5032/4327/2194
f 5067/4329/2194 5046/4330/2194 5066/4331/2194
f 5068/4332/2194 5047/4333/2194 5067/4329/2194
f 5048/4334/2194 5068/4332/2194 5067/4329/2194
f 5029/4335/2194 5056/4336/2194 5030/4337/2194
f 5049/4338/2194 5045/4339/2194 5065/4323/2194
f 5049/4338/2194 5066/4331/2194 5045/4339/2194
f 5049/4338/2194 5067/4329/2194 5066/4331/2194
f 5049/4338/2194 5048/4334/2194 5067/4329/2194
f 5069/4340/2194 5065/4323/2194 5063/4318/2194
f 5069/4340/2194 5049/4338/2194 5065/4323/2194
f 5055/4341/2194 5028/4342/2194 5027/4343/2194
f 5055/4341/2194 5029/4335/2194 5028/4342/2194
f 5055/4341/2194 5056/4336/2194 5029/4335/2194
f 5026/4344/2194 5031/4345/2194 5056/4336/2194
f 5026/4344/2194 5057/4328/2194 5031/4345/2194
f 5026/4344/2194 5056/4336/2194 5055/4341/2194
f 5023/4346/2194 5050/4347/2194 5069/4340/2194
f 5023/4346/2194 5063/4318/2194 5060/4321/2194
f 5023/4346/2194 5060/4321/2194 5057/4328/2194
f 5023/4346/2194 5069/4340/2194 5063/4318/2194
f 5052/4348/2194 5024/4349/2194 5023/4346/2194
f 5052/4348/2194 5051/4350/2194 5024/4349/2194
f 5052/4348/2194 5054/4351/2194 5025/4352/2194
f 5052/4348/2194 5026/4344/2194 5054/4351/2194
f 5052/4348/2194 5057/4328/2194 5026/4344/2194
f 5052/4348/2194 5023/4346/2194 5057/4328/2194
f 5053/4353/2194 5052/4348/2194 5025/4352/2194
f 5090/4354/2261 5079/4355/2196 4973/4356/2268
f 5090/4354/2261 4974/4259/2266 5079/4355/2196
f 5091/4357/2198 4973/4356/2268 5078/4358/2199
f 5091/4357/2198 5090/4354/2261 4973/4356/2268
f 5092/4359/2200 5091/4357/2198 5078/4358/2199
f 5092/4359/2200 5077/4360/2201 4972/4361/2202
f 5092/4359/2200 5078/4358/2199 5077/4360/2201
f 5093/4362/2203 5022/4219/2174 4974/4259/2266
f 5093/4362/2203 5021/4285/2204 5089/4283/2205
f 5093/4362/2203 5089/4283/2205 5022/4219/2174
f 5093/4362/2203 4974/4259/2266 5090/4354/2261
f 5094/4363/2206 4972/4361/2202 5076/4364/2207
f 5094/4363/2206 5092/4359/2200 4972/4361/2202
f 5095/4365/2208 5088/4287/2209 5021/4285/2204
f 5095/4365/2208 5021/4285/2204 5093/4362/2203
f 5095/4365/2208 5093/4362/2203 5090/4354/2261
f 5095/4365/2208 5090/4354/2261 5091/4357/2198
f 5096/4366/2210 5075/4367/2211 5074/4368/2212
f 5096/4366/2210 5076/4364/2207 5075/4367/2211
f 5096/4366/2210 5094/4363/2206 5076/4364/2207
f 5097/4369/2213 5088/4287/2209 5095/4365/2208
f 5097/4369/2213 5087/4290/2214 5020/4289/2215
f 5097/4369/2213 5020/4289/2215 5088/4287/2209
f 5097/4369/2213 5091/4357/2198 5092/4359/2200
f 5097/4369/2213 5092/4359/2200 5094/4363/2206
f 5097/4369/2213 5095/4365/2208 5091/4357/2198
f 5098/4370/2216 5074/4368/2212 4971/4371/2262
f 5098/4370/2216 5096/4366/2210 5074/4368/2212
f 5099/4372/2218 5019/4293/2219 5087/4290/2214
f 5099/4372/2218 5087/4290/2214 5097/4369/2213
f 5099/4372/2218 5097/4369/2213 5094/4363/2206
f 5100/4373/2220 4971/4371/2262 4970/4374/2221
f 5100/4373/2220 5098/4370/2216 4971/4371/2262
f 5101/4375/2222 5019/4293/2219 5099/4372/2218
f 5101/4375/2222 5017/4296/2223 5018/4295/2224
f 5101/4375/2222 5018/4295/2224 5019/4293/2219
f 5101/4375/2222 5099/4372/2218 5094/4363/2206
f 5101/4375/2222 5094/4363/2206 5096/4366/2210
f 5102/4376/2225 4969/4377/2226 4968/4378/2227
f 5102/4376/2225 4970/4374/2221 4969/4377/2226
f 5102/4376/2225 5100/4373/2220 4970/4374/2221
f 5103/4379/2228 5016/4299/2229 5017/4296/2223
f 5103/4379/2228 5096/4366/2210 5098/4370/2216
f 5103/4379/2228 5017/4296/2223 5101/4375/2222
f 5103/4379/2228 5101/4375/2222 5096/4366/2210
f 5104/4380/2230 4968/4378/2227 5073/4381/2231
f 5104/4380/2230 5102/4376/2225 4968/4378/2227
f 5105/4382/2232 5016/4299/2229 5103/4379/2228
f 5105/4382/2232 5100/4373/2220 5102/4376/2225
f 5105/4382/2232 5086/4300/2233 5016/4299/2229
f 5105/4382/2232 5098/4370/2216 5100/4373/2220
f 5105/4382/2232 5103/4379/2228 5098/4370/2216
f 5106/4383/2234 4967/4384/2235 4966/4385/2236
f 5106/4383/2234 5073/4381/2231 4967/4384/2235
f 5106/4383/2234 5104/4380/2230 5073/4381/2231
f 5107/4386/2237 5105/4382/2232 5102/4376/2225
f 5107/4386/2237 5086/4300/2233 5105/4382/2232
f 5107/4386/2237 5084/4304/2238 5085/4303/2239
f 5107/4386/2237 5085/4303/2239 5086/4300/2233
f 5108/4387/2240 4966/4385/2236 5072/4388/2241
f 5108/4387/2240 5106/4383/2234 4966/4385/2236
f 5109/4389/2242 5102/4376/2225 5104/4380/2230
f 5109/4389/2242 5084/4304/2238 5107/4386/2237
f 5109/4389/2242 5083/4307/2243 5084/4304/2238
f 5109/4389/2242 5107/4386/2237 5102/4376/2225
f 5110/4390/2264 5071/4391/2245 5070/4392/2257
f 5110/4390/2264 5072/4388/2241 5071/4391/2245
f 5110/4390/2264 5108/4387/2240 5072/4388/2241
f 5111/4393/2246 5109/4389/2242 5104/4380/2230
f 5111/4393/2246 5082/4311/2247 5015/4308/2248
f 5111/4393/2246 5015/4308/2248 5083/4307/2243
f 5111/4393/2246 5106/4383/2234 5108/4387/2240
f 5111/4393/2246 5083/4307/2243 5109/4389/2242
f 5111/4393/2246 5104/4380/2230 5106/4383/2234
f 5112/4394/2249 5081/4312/2250 5082/4311/2247
f 5112/4394/2249 5082/4311/2247 5111/4393/2246
f 5112/4394/2249 5111/4393/2246 5108/4387/2240
f 5113/4395/2251 5070/4392/2257 4990/4316/2126
f 5113/4395/2251 4990/4316/2126 5080/4315/2252
f 5113/4395/2251 5080/4315/2252 5081/4312/2250
f 5113/4395/2251 5108/4387/2240 5110/4390/2264
f 5113/4395/2251 5081/4312/2250 5112/4394/2249
f 5113/4395/2251 5112/4394/2249 5108/4387/2240
f 5113/4395/2251 5110/4390/2264 5070/4392/2257
f 5131/4396/2177 5070/4218/2113 5140/4219/2113
f 5131/4396/2177 5140/4219/2113 5123/4283/2253
f 4983/4397/2178 5123/4283/2253 5139/4285/2178
f 4983/4397/2178 5131/4396/2177 5123/4283/2253
f 5130/4398/2179 5139/4285/2178 5122/4287/2179
f 5130/4398/2179 4983/4397/2178 5139/4285/2178
f 5129/4399/2180 5121/4289/2180 5120/4290/2181
f 5129/4399/2180 5122/4287/2179 5121/4289/2180
f 5129/4399/2180 5130/4398/2179 5122/4287/2179
f 5128/4400/2254 5129/4399/2180 5120/4290/2181
f 5127/4401/2182 5120/4290/2181 5138/4293/2182
f 5127/4401/2182 5128/4400/2254 5120/4290/2181
f 4982/4402/2183 5138/4293/2182 5137/4295/2183
f 4982/4402/2183 5127/4401/2182 5138/4293/2182
f 5126/4403/2184 5137/4295/2183 5136/4296/2184
f 5126/4403/2184 4982/4402/2183 5137/4295/2183
f 4981/4404/2185 5135/4299/2185 5119/4300/2186
f 4981/4404/2185 5136/4296/2184 5135/4299/2185
f 4981/4404/2185 5126/4403/2184 5136/4296/2184
f 4980/4405/2186 4981/4404/2185 5119/4300/2186
f 4979/4406/2187 5118/4303/2187 5117/4304/2188
f 4979/4406/2187 5119/4300/2186 5118/4303/2187
f 4979/4406/2187 4980/4405/2186 5119/4300/2186
f 4978/4407/2188 5117/4304/2188 5116/4307/2189
f 4978/4407/2188 4979/4406/2187 5117/4304/2188
f 5125/4408/2189 5116/4307/2189 5134/4308/2190
f 5125/4408/2189 4978/4407/2188 5116/4307/2189
f 5124/4409/2190 5125/4408/2189 5134/4308/2190
f 4977/4410/2191 5134/4308/2190 5115/4311/2191
f 4977/4410/2191 5124/4409/2190 5134/4308/2190
f 4976/4411/2192 5115/4311/2191 5133/4312/2192
f 4976/4411/2192 4977/4410/2191 5115/4311/2191
f 4975/4412/2193 5133/4312/2192 5114/4315/2193
f 4975/4412/2193 4976/4411/2192 5133/4312/2192
f 4974/4413/2093 5114/4315/2193 5132/4316/2093
f 4974/4413/2093 4975/4412/2193 5114/4315/2193
f 5119/4414/2256 5117/4415/2256 5118/4416/2256
f 5137/4417/2256 5135/4418/2256 5136/4419/2256
f 5146/4420/2256 4965/4421/2256 5147/4422/2256
f 5121/4423/2256 5137/4417/2256 5138/4424/2256
f 5121/4423/2256 5138/4424/2256 5120/4425/2256
f 5122/4426/2256 5135/4418/2256 5137/4417/2256
f 5122/4426/2256 5137/4417/2256 5121/4423/2256
f 5145/4427/2256 5132/4428/2256 5114/4429/2256
f 5145/4427/2256 5114/4429/2256 5133/4430/2256
f 5145/4427/2256 5133/4430/2256 5115/4431/2256
f 5145/4427/2256 4963/4432/2256 4964/4433/2256
f 5145/4427/2256 4964/4433/2256 5146/4420/2256
f 5145/4427/2256 5147/4422/2256 5132/4428/2256
f 5145/4427/2256 5146/4420/2256 5147/4422/2256
f 5123/4434/2256 5122/4426/2256 5139/4435/2256
f 5123/4434/2256 5135/4418/2256 5122/4426/2256
f 4961/4436/2256 4962/4437/2256 5145/4427/2256
f 5141/4438/2256 5123/4434/2256 5140/4439/2256
f 5141/4438/2256 5140/4439/2256 4956/4440/2256
f 5141/4438/2256 4956/4440/2256 4957/4441/2256
f 4959/4442/2256 5143/4443/2256 4960/4444/2256
f 4959/4442/2256 4960/4444/2256 5144/4445/2256
f 4959/4442/2256 5144/4445/2256 4961/4436/2256
f 4958/4446/2256 5123/4434/2256 5141/4438/2256
f 5142/4447/2256 5115/4431/2256 5134/4448/2256
f 5142/4447/2256 5134/4448/2256 5116/4449/2256
f 5142/4447/2256 5116/4449/2256 5117/4415/2256
f 5142/4447/2256 5123/4434/2256 4958/4446/2256
f 5142/4447/2256 5119/4414/2256 5135/4418/2256
f 5142/4447/2256 5145/4427/2256 5115/4431/2256
f 5142/4447/2256 5117/4415/2256 5119/4414/2256
f 5142/4447/2256 4959/4442/2256 4961/4436/2256
f 5142/4447/2256 4961/4436/2256 5145/4427/2256
f 5142/4447/2256 5135/4418/2256 5123/4434/2256
