# Blender 4.3.2
# www.blender.org
mtllib xarm-s3.mtl
o Servo_2
v -30.895641 10.146555 23.998779
v -30.718853 10.099184 23.998779
v -30.552975 10.021833 23.998779
v -30.403046 9.916853 23.998779
v -30.273628 9.787434 23.998779
v -30.168648 9.637506 23.998779
v -30.091297 9.471629 23.998779
v -30.043926 9.294837 23.998779
v -30.403046 8.308160 23.998779
v -30.027973 9.112509 49.498779
v -30.043926 8.930178 49.498779
v -30.091297 8.753387 49.498779
v -30.168648 8.587508 49.498779
v -30.273624 8.437582 49.498779
v -30.403046 8.308162 49.498779
v -30.552971 8.203182 49.498779
v -30.718849 8.125832 49.498779
v -30.895641 8.078461 49.498779
v -30.403038 -8.283147 23.998779
v -30.273617 -8.412566 23.998779
v -30.043915 -8.905162 23.998779
v -30.027962 -9.087493 23.998779
v -30.043915 -9.269824 23.998779
v -30.091286 -9.446614 23.998779
v -30.273617 -9.762421 23.998779
v -30.403034 -9.891840 23.998779
v -30.552963 -9.996820 23.998779
v -30.718842 -10.074171 23.998779
v -30.895634 -8.053443 49.498779
v -30.168636 -8.562491 49.498779
v -30.043915 -8.905160 49.498779
v -30.027962 -9.087491 49.498779
v -30.168636 -9.612492 49.498779
v -30.403034 -9.891838 49.498779
v -30.552963 -9.996819 49.498779
v -30.718842 -10.074169 49.498779
v 9.122038 -10.137468 49.498779
v 9.304368 -8.053422 23.998779
v 9.481158 -8.100793 23.998779
v 10.031364 -8.562470 23.998779
v 10.156085 -8.905139 23.998779
v 10.172037 -9.087470 23.998779
v 10.156085 -9.269801 23.998779
v 10.108715 -9.446591 23.998779
v 9.647038 -9.996798 23.998779
v 9.304368 -8.053420 49.498779
v 9.796965 -8.283122 49.498779
v 9.926384 -8.412541 49.498779
v 10.156085 -8.905137 49.498779
v 10.172037 -9.087468 49.498779
v 10.156085 -9.269799 49.498779
v 10.031365 -9.612469 49.498779
v 9.481159 -10.074146 49.498779
v 9.304369 -10.121517 49.498779
v 9.122027 8.062531 49.498779
v 9.122027 8.062530 23.998779
v 9.122026 10.162530 23.998779
v 9.304358 10.146578 23.998779
v 9.481148 10.099207 23.998779
v 9.647027 10.021856 23.998779
v 9.796954 9.916876 23.998779
v 9.304358 8.078482 23.998779
v 9.122026 10.162532 49.498779
v 9.304358 10.146580 49.498779
v 9.481148 10.099209 49.498779
v 10.031354 9.637531 49.498779
v 10.108704 9.471654 49.498779
v 10.172028 9.112532 49.498779
v 10.156075 8.930201 49.498779
v 10.031355 8.587531 49.498779
v 9.926374 8.437605 49.498779
v 9.796955 8.308185 49.498779
v 9.481149 8.125854 49.498779
v -0.530935 -5.108474 50.998779
v -2.227965 -4.490807 50.998779
v -3.611397 -3.329972 50.998779
v -4.131299 -2.587476 50.998779
v -4.827967 0.012523 50.998779
v -4.748968 0.915493 50.998779
v -4.514370 1.791028 50.998779
v -4.131301 2.612524 50.998779
v -3.611401 3.355019 50.998779
v -2.970465 3.995955 50.998779
v -2.227971 4.515857 50.998779
v -1.406475 4.898926 50.998779
v -0.530941 5.133526 50.998779
v -3.958097 2.512524 50.798767
v -4.627967 0.012523 50.798767
v -4.326430 -1.697577 50.798767
v -3.458188 -3.201414 50.798767
v -2.841904 -3.817698 50.798767
v -2.127965 -4.317602 50.798767
v -1.338065 -4.685938 50.798767
v 0.372030 5.112526 50.971985
v 0.372030 5.039321 50.898773
v -0.513576 5.035045 50.971985
v -0.500864 4.962952 50.898773
v -1.372273 4.804957 50.971985
v -1.347236 4.736167 50.898773
v -2.177969 4.429255 50.971985
v -2.141367 4.365857 50.898773
v -2.906186 3.919351 50.971985
v -2.859131 3.863272 50.898773
v -3.534796 3.290741 50.971985
v -3.478718 3.243685 50.898773
v -4.044698 2.562524 50.971985
v -3.981301 2.525922 50.898773
v -4.420401 1.756827 50.971985
v -4.351611 1.731789 50.898773
v -4.650487 0.898129 50.971985
v -4.578394 0.885417 50.898773
v -4.727968 0.012523 50.971985
v -4.654763 0.012523 50.898773
v -4.650486 -0.873083 50.971985
v -4.578393 -0.860371 50.898773
v -4.420399 -1.731780 50.971985
v -4.351609 -1.706742 50.898773
v -4.044695 -2.537476 50.971985
v -3.981298 -2.500873 50.898773
v -3.534792 -3.265693 50.971985
v -3.478714 -3.218638 50.898773
v -2.906182 -3.894303 50.971985
v -2.859127 -3.838224 50.898773
v -2.177964 -4.404205 50.971985
v -2.141362 -4.340807 50.898773
v -1.372267 -4.779907 50.971985
v -1.347230 -4.711117 50.898773
v -0.513570 -5.009994 50.971985
v -0.500858 -4.937901 50.898773
v -6.327998 -6.790595 50.998779
v -5.491125 -7.304469 50.998779
v -5.277119 -7.555759 50.998779
v -5.520097 -7.731718 50.698792
v -5.918448 -7.332340 50.698792
v -6.420850 -7.075862 50.698792
v -6.695923 -7.009712 50.698792
v -5.352312 -7.962860 50.813599
v -5.294315 -7.933442 50.910919
v -5.207517 -7.889413 50.975952
v -5.370103 -7.623096 50.975952
v -5.448931 -7.680181 50.910919
v -5.501602 -7.718325 50.813599
v -5.572409 -7.385544 50.975952
v -5.641318 -7.454275 50.910919
v -5.687363 -7.500201 50.813599
v -5.809439 -7.182625 50.975952
v -5.866727 -7.261306 50.910919
v -5.905006 -7.313879 50.813599
v -6.075335 -7.019353 50.975952
v -6.119588 -7.106039 50.910919
v -6.149157 -7.163960 50.813599
v -6.363530 -6.899762 50.975952
v -6.393654 -6.992310 50.910919
v -6.413782 -7.054149 50.813599
v -6.666905 -6.826804 50.975952
v -6.682155 -6.922929 50.910919
v -6.692345 -6.987158 50.813599
v -27.351070 6.914749 50.910919
v -27.351070 6.817421 50.975952
v -27.351070 6.702617 50.998779
v -27.303341 6.807028 50.975952
v -27.262875 6.895545 50.910919
v -27.287247 6.935174 50.877228
v -27.287247 6.973435 50.810944
v -27.287247 6.993240 50.737030
v 0.372034 -1.487474 48.722778
v 1.122034 -1.286512 48.722778
v 1.849244 -0.247945 48.722778
v 1.781570 0.525557 48.722778
v 1.122032 1.311564 48.722778
v 0.885064 -1.397013 46.122772
v 1.122034 -1.286512 46.122772
v 1.872033 0.012527 46.122772
v 1.849244 0.272999 46.122772
v 1.521099 0.976707 46.122772
v 1.122032 1.311564 46.122772
v 0.885062 1.422065 46.122772
v 0.372031 3.262526 49.748779
v 0.936391 -3.188098 49.748779
v 1.483600 -3.041474 49.748779
v 1.997035 -2.802056 49.748779
v 2.461093 -2.477117 49.748779
v 2.861678 -2.076533 49.748779
v 3.186616 -1.612472 49.748779
v 3.426033 -1.099038 49.748779
v 3.426033 1.124093 49.748779
v 2.461093 -2.477117 48.722778
v 2.861678 -2.076533 48.722778
v 3.572659 -0.551829 48.722778
v 3.186614 1.637528 48.722778
v 1.997032 2.827110 48.722778
v 1.483596 3.066528 48.722778
v 0.936387 3.213151 48.722778
v 0.372030 5.012526 49.748779
v 0.372036 -4.987474 50.798767
v 1.240276 -4.911512 50.798767
v 4.202257 -3.201410 50.798767
v 4.202253 3.226466 50.798767
v 2.872036 -4.317599 49.748779
v 4.202257 -3.201410 49.748779
v 4.702160 -2.487471 49.748779
v 5.070497 -1.697572 49.748779
v 5.296072 -0.855712 49.748779
v 5.372033 0.012529 49.748779
v 5.070495 1.722630 49.748779
v 4.202253 3.226466 49.748779
v 3.585968 3.842750 49.748779
v 2.872031 4.342655 49.748779
v 2.082130 4.710990 49.748779
v 1.240270 4.936566 49.748779
v -27.226345 6.975459 50.698792
v -27.226345 6.975459 49.498779
v -26.734364 6.830865 49.498779
v -26.985531 6.885552 49.498779
v -26.985531 6.885553 50.698792
v -2.199120 3.076701 21.898773
v -3.386739 1.380603 21.898773
v -3.386737 -1.355559 21.898773
v -2.692143 -2.558628 21.898773
v -2.199116 -3.051655 21.898773
v -1.627966 -3.451579 21.898773
v 0.372035 -3.987476 21.898773
v 0.372031 3.924656 21.686646
v 0.372031 3.827329 21.621613
v 0.372031 3.712524 21.598785
v -0.893440 -3.464340 21.598785
v -1.477966 -3.191771 21.598785
v -2.006280 -2.821841 21.598785
v -3.104829 -1.252953 21.598785
v -3.327968 0.012522 21.598785
v -3.271756 0.655020 21.598785
v -3.104831 1.277996 21.598785
v -2.006284 2.846887 21.598785
v -0.270468 3.656313 21.598785
v 0.372035 -3.964640 21.783966
v -0.318593 -3.904218 21.783966
v -0.307300 -3.840174 21.686646
v -0.290399 -3.744326 21.621613
v -0.988236 -3.724789 21.783966
v -0.965993 -3.663679 21.686646
v -0.932706 -3.572221 21.621613
v -1.616547 -3.431802 21.783966
v -1.584032 -3.375483 21.686646
v -1.535368 -3.291195 21.621613
v -2.184437 -3.034161 21.783966
v -2.142635 -2.984344 21.686646
v -2.080075 -2.909787 21.621613
v -2.674650 -2.543950 21.783966
v -2.624834 -2.502148 21.686646
v -2.550277 -2.439588 21.621613
v -3.072291 -1.976060 21.783966
v -3.015972 -1.943544 21.686646
v -2.931685 -1.894881 21.621613
v -3.365278 -1.347748 21.783966
v -3.304168 -1.325506 21.686646
v -3.212711 -1.292218 21.621613
v -3.544709 -0.678105 21.783966
v -3.480665 -0.666813 21.686646
v -3.384817 -0.649912 21.621613
v -3.605131 0.012522 21.783966
v -3.540100 0.012522 21.686646
v -3.442773 0.012522 21.621613
v -3.544709 0.703149 21.783966
v -3.480665 0.691857 21.686646
v -3.384817 0.674956 21.621613
v -3.365280 1.372792 21.783966
v -3.304170 1.350550 21.686646
v -3.212713 1.317262 21.621613
v -3.072293 2.001104 21.783966
v -3.015974 1.968588 21.686646
v -2.931687 1.919924 21.621613
v -2.674654 2.568994 21.783966
v -2.624836 2.527192 21.686646
v -2.550279 2.464631 21.621613
v -2.184441 3.059207 21.783966
v -2.142639 3.009390 21.686646
v -2.080079 2.934833 21.621613
v -1.616551 3.456848 21.783966
v -1.584036 3.400529 21.686646
v -1.535372 3.316241 21.621613
v -0.988240 3.749834 21.783966
v -0.965997 3.688725 21.686646
v -0.932710 3.597267 21.621613
v -0.318597 3.929265 21.783966
v -0.307304 3.865222 21.686646
v -0.290403 3.769374 21.621613
v 0.597776 -1.267726 18.698792
v 0.816660 -1.209076 18.698792
v 1.022033 -1.113309 18.698792
v 1.207657 -0.983334 18.698792
v 1.367891 -0.823100 18.698792
v 1.497867 -0.637476 18.698792
v 1.593634 -0.432102 18.698792
v 1.652283 -0.213219 18.698792
v 1.672032 0.012524 18.698792
v 1.593633 0.457150 18.698792
v 1.207656 1.008382 18.698792
v 0.816658 1.234124 18.698792
v 0.597774 1.292774 18.698792
v 0.545681 0.997332 18.998779
v 0.714053 0.952217 18.998779
v 0.872033 0.878549 18.998779
v 1.238058 0.512524 18.998779
v 1.372033 0.012524 18.998779
v 1.356840 -0.161124 18.998779
v 1.238058 -0.487476 18.998779
v 1.138077 -0.630264 18.998779
v 1.014821 -0.753521 18.998779
v 0.872034 -0.853501 18.998779
v 0.714054 -0.927169 18.998779
v 0.545681 -0.972284 18.998779
v -0.148914 2.966947 18.998779
v -0.654029 2.831601 18.998779
v -1.127969 2.610599 18.998779
v -2.627968 0.012522 18.998779
v -1.926100 -1.915841 18.998779
v -1.556329 -2.285610 18.998779
v -1.127967 -2.585553 18.998779
v -0.148910 -2.941899 18.998779
v 0.372031 2.924656 18.786652
v 0.372031 2.827329 18.721619
v 0.372035 -2.687476 18.698792
v -0.096817 -2.646457 18.698792
v -0.551421 -2.524647 18.698792
v -0.977967 -2.325746 18.698792
v -1.966235 -1.337478 18.698792
v -2.286948 -0.456328 18.698792
v -2.327968 0.012522 18.698792
v -2.286948 0.481372 18.698792
v -1.696288 1.748049 18.698792
v -0.551423 2.549693 18.698792
v -0.096819 2.671504 18.698792
v 0.372035 -2.899608 18.786652
v -0.144945 -2.919411 18.883972
v -0.133652 -2.855367 18.786652
v -0.116751 -2.759518 18.721619
v -0.646216 -2.785096 18.883972
v -0.623973 -2.723986 18.786652
v -0.590687 -2.632529 18.721619
v -1.116548 -2.565776 18.883972
v -1.084033 -2.509457 18.786652
v -1.035369 -2.425170 18.721619
v -1.541651 -2.268117 18.883972
v -1.499849 -2.218300 18.786652
v -1.437288 -2.143743 18.721619
v -1.908606 -1.901161 18.883972
v -1.858789 -1.859360 18.786652
v -1.784232 -1.796799 18.721619
v -2.206266 -1.476060 18.883972
v -2.149947 -1.443544 18.786652
v -2.065659 -1.394881 18.721619
v -2.425586 -1.005728 18.883972
v -2.364475 -0.983486 18.786652
v -2.273018 -0.950198 18.721619
v -2.559902 -0.504457 18.883972
v -2.495858 -0.493164 18.786652
v -2.400009 -0.476264 18.721619
v -2.605131 0.012522 18.883972
v -2.540100 0.012522 18.786652
v -2.442773 0.012522 18.721619
v -2.559902 0.529501 18.883972
v -2.495858 0.518208 18.786652
v -2.400009 0.501308 18.721619
v -2.425586 1.030772 18.883972
v -2.364476 1.008530 18.786652
v -2.273020 0.975242 18.721619
v -2.206268 1.501104 18.883972
v -2.149949 1.468588 18.786652
v -2.065661 1.419924 18.721619
v -1.908608 1.926207 18.883972
v -1.858791 1.884405 18.786652
v -1.784234 1.821845 18.721619
v -1.541653 2.293163 18.883972
v -1.499851 2.243346 18.786652
v -1.437290 2.168789 18.721619
v -1.116550 2.590823 18.883972
v -1.084035 2.534503 18.786652
v -1.035371 2.450216 18.721619
v -0.646219 2.810142 18.883972
v -0.623976 2.749032 18.786652
v -0.590690 2.657575 18.721619
v -0.144949 2.944457 18.883972
v -0.133656 2.880413 18.786652
v -0.116755 2.784566 18.721619
v 0.372033 1.012524 18.998779
v 1.014820 0.778568 18.998779
v 1.138077 0.655312 18.998779
v 1.311725 0.354544 18.998779
v 1.356840 0.186172 18.998779
v 1.311725 -0.329496 18.998779
v 1.138077 0.655313 23.198792
v 1.238058 0.512525 23.198792
v 1.311725 0.354545 23.198792
v 1.356840 0.186173 23.198792
v 1.238058 -0.487475 23.198792
v 1.138077 -0.630263 23.198792
v 0.714054 -0.927169 23.198792
v 0.545681 -0.972284 23.198792
v -1.556331 2.310656 18.998779
v -1.926102 1.940886 18.998779
v -2.226045 1.512522 18.998779
v -2.447046 1.038582 18.998779
v -2.582391 0.533466 18.998779
v -2.582391 -0.508423 18.998779
v -2.447044 -1.013539 18.998779
v -2.226043 -1.487478 18.998779
v -0.654026 -2.806555 18.998779
v 0.372035 -2.987476 21.598785
v -0.654026 -2.806555 21.598785
v -1.127967 -2.585553 21.598785
v -2.226045 1.512523 21.598785
v -1.926102 1.940886 21.598785
v -1.556331 2.310656 21.598785
v -1.127969 2.610599 21.598785
v -0.654029 2.831601 21.598785
v -0.148914 2.966947 21.598785
v 0.372031 3.012524 21.598785
v -0.322562 3.951755 21.898773
v -0.996050 3.771294 21.898773
v -1.627970 3.476625 21.898773
v -2.692146 2.583672 21.898773
v -3.092070 2.012522 21.898773
v -3.567199 0.707115 21.898773
v -3.627968 0.012522 21.898773
v -3.567199 -0.682071 21.898773
v -3.092068 -1.987478 21.898773
v -0.996046 -3.746247 21.898773
v -0.322558 -3.926708 21.898773
v -0.322558 -3.926708 22.598785
v -0.996046 -3.746247 22.598785
v -1.627966 -3.451579 22.598785
v -3.567199 -0.682071 22.598785
v -3.627968 0.012522 22.598785
v -3.386739 1.380603 22.598785
v -2.692146 2.583673 22.598785
v -2.199120 3.076701 22.598785
v -1.627970 3.476625 22.598785
v -0.322562 3.951755 22.598785
v -30.895641 10.146557 49.498779
v -30.718853 10.099186 49.498779
v -30.552975 10.021835 49.498779
v -30.403046 9.916855 49.498779
v -30.273628 9.787436 49.498779
v -30.168648 9.637508 49.498779
v -30.091297 9.471631 49.498779
v -30.043926 9.294839 49.498779
v -31.077972 8.062509 49.498779
v -30.718842 -8.100814 49.498779
v -30.552963 -8.178164 49.498779
v -30.403038 -8.283145 49.498779
v -30.273617 -8.412564 49.498779
v -30.091286 -8.728371 49.498779
v -30.043915 -9.269822 49.498779
v -30.091286 -9.446612 49.498779
v -30.273617 -9.762419 49.498779
v -30.895630 -10.121540 49.498779
v -31.077961 -10.137491 49.498779
v -31.260292 -10.121540 49.498779
v -31.602962 -9.996819 49.498779
v -31.752888 -9.891839 49.498779
v -31.882309 -9.762420 49.498779
v -31.987289 -9.612493 49.498779
v -32.064640 -9.446613 49.498779
v -31.602962 -8.178165 49.498779
v -31.260296 -8.053443 49.498779
v 9.481158 -8.100791 49.498779
v 9.647038 -8.178142 49.498779
v 10.031364 -8.562469 49.498779
v 10.108714 -8.728348 49.498779
v 10.108715 -9.446589 49.498779
v 9.926385 -9.762396 49.498779
v 9.796966 -9.891815 49.498779
v 9.647038 -9.996796 49.498779
v 8.939708 -10.121518 49.498779
v 8.762918 -10.074147 49.498779
v 8.597039 -9.996797 49.498779
v 8.087989 -9.269800 49.498779
v 8.087989 -8.905138 49.498779
v 8.212710 -8.562469 49.498779
v 8.317691 -8.412542 49.498779
v 8.447110 -8.283123 49.498779
v 8.597038 -8.178143 49.498779
v 8.939707 -8.053421 49.498779
v 9.647027 10.021858 49.498779
v 9.796954 9.916878 49.498779
v 9.926373 9.787458 49.498779
v 10.156075 9.294862 49.498779
v 10.108705 8.753410 49.498779
v 9.647028 8.203205 49.498779
v 9.304358 8.078484 49.498779
v 8.597029 8.203204 49.498779
v 8.317681 8.437604 49.498779
v 8.135350 8.753409 49.498779
v 8.087979 8.930200 49.498779
v 8.135349 9.471653 49.498779
v 8.212700 9.637530 49.498779
v 8.317680 9.787457 49.498779
v 8.597028 10.021857 49.498779
v 8.762906 10.099208 49.498779
v -29.977970 4.950490 49.498779
v -29.977966 -4.925472 49.498779
v -29.893303 -5.112991 49.498779
v -27.673515 -6.733465 49.498779
v -27.342457 -7.319229 49.498779
v -8.693584 -8.092995 49.498779
v -8.422945 -7.714154 49.498779
v -7.983958 -7.294838 49.498779
v -7.430543 -7.045305 49.498779
v -7.130277 -6.993934 49.498779
v -6.825650 -6.993934 49.498779
v -6.525384 -7.045304 49.498779
v -5.262337 -8.092996 49.498779
v 4.916858 -8.137471 49.498779
v 5.022512 -8.114049 49.498779
v 5.108369 -8.048169 49.498779
v 5.158339 -7.952178 49.498779
v 5.386531 -7.319210 49.498779
v 5.717589 -6.733446 49.498779
v 6.648191 -5.768019 49.498779
v 7.972522 -5.074807 49.498779
v 8.022030 4.950511 49.498779
v 7.999884 5.053383 49.498779
v 7.845559 5.189454 49.498779
v 7.221397 5.440734 49.498779
v 5.158330 7.977235 49.498779
v 5.108359 8.073226 49.498779
v -24.687035 8.109303 49.498779
v -26.477970 6.812511 49.498779
v -28.790573 5.663587 49.498779
v -29.279411 5.391060 49.498779
v -29.893311 5.138009 49.498779
v -29.955822 5.053362 49.498779
v -26.835815 8.112513 22.898773
v -18.567928 8.112514 22.898773
v 4.879870 8.112531 22.898773
v -8.606039 8.112519 23.998779
v -18.567924 -7.787488 22.598785
v -28.983181 -5.332263 22.598785
v -29.549492 -5.068315 22.598785
v -29.677971 -4.882007 22.598785
v -29.549488 5.093334 22.598785
v -27.023739 7.679614 22.598785
v -32.490005 10.974538 23.998779
v -31.077972 8.062507 23.998779
v -31.260303 8.078459 23.998779
v -31.437092 8.125830 23.998779
v -31.602970 8.203179 23.998779
v -31.752899 8.308159 23.998779
v -31.882317 8.437579 23.998779
v -31.987301 8.587505 23.998779
v -32.112022 8.930175 23.998779
v -31.987301 9.637506 23.998779
v -31.882320 9.787433 23.998779
v -31.602974 10.021832 23.998779
v -31.437096 10.099184 23.998779
v -31.260303 10.146555 23.998779
v -31.077972 10.162507 23.998779
v -30.027973 9.112507 23.998779
v -30.043926 8.930176 23.998779
v -30.091297 8.753386 23.998779
v -30.168648 8.587506 23.998779
v -30.273624 8.437580 23.998779
v -30.552971 8.203180 23.998779
v -30.718849 8.125830 23.998779
v -30.895641 8.078459 23.998779
v -31.077965 -8.037494 23.998779
v -30.895634 -8.053445 23.998779
v -30.718842 -8.100816 23.998779
v -30.552963 -8.178166 23.998779
v -30.168636 -8.562493 23.998779
v -30.091286 -8.728373 23.998779
v -30.168636 -9.612494 23.998779
v -30.895630 -10.121542 23.998779
v 8.597039 -9.996799 23.998779
v 8.597038 -8.178144 23.998779
v 8.939707 -8.053423 23.998779
v 9.647038 -8.178144 23.998779
v 9.796965 -8.283124 23.998779
v 9.926384 -8.412543 23.998779
v 10.108714 -8.728350 23.998779
v 10.031365 -9.612471 23.998779
v 9.926385 -9.762398 23.998779
v 9.796966 -9.891817 23.998779
v 9.481159 -10.074148 23.998779
v 9.304369 -10.121519 23.998779
v 8.762907 8.125852 23.998779
v 8.597029 8.203202 23.998779
v 8.447101 8.308182 23.998779
v 8.072028 9.112529 23.998779
v 8.317680 9.787456 23.998779
v 8.447100 9.916875 23.998779
v 8.597028 10.021855 23.998779
v 8.762906 10.099206 23.998779
v 8.939696 10.146577 23.998779
v 9.926373 9.787457 23.998779
v 10.031354 9.637529 23.998779
v 10.108704 9.471652 23.998779
v 10.156075 9.294860 23.998779
v 10.172028 9.112530 23.998779
v 10.156075 8.930199 23.998779
v 10.108705 8.753408 23.998779
v 10.031355 8.587529 23.998779
v 9.926374 8.437603 23.998779
v 9.796955 8.308183 23.998779
v 9.647028 8.203203 23.998779
v 9.481149 8.125853 23.998779
v -15.425416 7.812515 23.998779
v -15.592723 8.004266 23.998779
v -15.721739 8.054519 23.998779
v -26.835815 8.112513 23.998779
v -27.234360 7.915204 23.998779
v -29.656124 5.373741 23.998779
v -28.216255 6.317768 23.998779
v -29.977974 4.907027 23.998779
v -29.955914 5.056116 23.998779
v -29.889736 5.190508 23.998779
v -29.786785 5.300455 23.998779
v -26.835808 -8.087496 23.998779
v -26.987743 -8.064590 23.998779
v -27.124134 -7.995874 23.998779
v -15.890713 -8.067631 23.998779
v -15.698146 -8.022023 23.998779
v 4.879870 8.112531 23.998779
v -9.126131 -7.996330 23.998779
v -8.888413 -8.063755 23.998779
v -8.606030 -8.087481 23.998779
v 5.278440 -7.890150 23.998779
v 5.030883 -8.064570 23.998779
v 7.700190 -5.348706 23.998779
v 6.513276 -6.055246 23.998779
v 8.022040 -4.881991 23.998779
v 7.999979 -5.031080 23.998779
v 7.933801 -5.165473 23.998779
v 5.350652 7.779583 23.998779
v 5.637444 7.148426 23.998779
v 6.028907 6.576267 23.998779
v 6.513280 6.080293 23.998779
v 5.031806 8.089624 23.998779
v 11.034071 -10.949503 24.498779
v 11.034071 -10.949501 48.998779
v 10.534059 11.474564 48.998779
v -32.990005 10.974540 48.998779
v 10.534072 -11.449502 48.998779
v -26.835808 -8.087496 22.898773
v -18.567921 -8.087488 22.898773
v -27.234676 -7.889290 23.998779
v -27.306587 -7.754548 23.998779
v -27.537914 -7.225065 23.998779
v -27.843643 -6.733867 23.998779
v -28.216259 -6.292738 23.998779
v -28.648827 -5.909474 23.998779
v -29.132504 -5.592428 23.998779
v -27.306591 -7.754549 22.898773
v -29.656128 -5.348722 22.898773
v -28.647259 -5.910671 22.898773
v -27.845036 -6.732201 22.898773
v -29.656132 -5.348725 23.998779
v -29.787640 -5.275110 23.998779
v -29.889736 -5.165486 23.998779
v -29.955914 -5.030179 23.998779
v -29.977970 -4.882004 22.898773
v -29.977970 -4.882004 23.998779
v -29.977974 4.907027 22.898773
v -29.132267 5.617537 23.998779
v -28.648441 5.934813 23.998779
v -27.843334 6.759288 23.998779
v -27.537827 7.250338 23.998779
v -27.306587 7.779591 23.998779
v -27.306587 7.779591 22.898773
v -27.538353 7.249463 22.898773
v -28.214725 6.319335 22.898773
v -27.124130 8.020899 23.998779
v -26.986809 8.089608 23.998779
v -26.986652 8.088871 22.898773
v -27.124157 8.020879 22.898773
v -15.177972 8.612516 28.998779
v -9.177963 -8.587481 28.998779
v -15.177962 -8.587485 23.998779
v -9.177973 8.612519 23.998779
v -9.177963 -8.587481 23.998779
v -15.177972 8.612515 23.998779
v -15.177962 -8.587484 28.998779
v -9.177973 8.612519 28.998779
v 5.168198 8.020909 23.998779
v 5.278742 7.914326 23.998779
v 5.168171 8.020928 22.898773
v 5.031810 8.088980 22.898773
v 7.076015 5.675400 23.998779
v 5.350652 7.779583 22.898773
v 7.076015 5.675400 22.898773
v 7.700208 5.373752 23.998779
v 7.831716 5.300138 23.998779
v 7.933805 5.190516 23.998779
v 7.999977 5.055212 23.998779
v 8.022035 4.907043 23.998779
v 7.700208 5.373752 22.898773
v 7.831190 5.299822 22.898773
v 8.022040 -4.881991 22.898773
v 7.830850 -5.275421 23.998779
v 7.933824 -5.165440 22.898773
v 7.999496 -5.030704 22.898773
v 7.076004 -5.650355 23.998779
v 6.028909 -6.551220 23.998779
v 5.637451 -7.123374 23.998779
v 5.350661 -7.754526 23.998779
v 6.028909 -6.551220 22.898773
v 7.076004 -5.650355 22.898773
v 5.168207 -7.995855 23.998779
v 5.350661 -7.754526 22.898773
v 4.879880 -8.087478 22.898773
v 5.030726 -8.063834 22.898773
v 5.168236 -7.995834 22.898773
v 4.879880 -8.087478 23.998779
v -6.188004 -8.087481 22.898773
v 4.879871 7.812531 22.598785
v 5.376097 7.001125 22.598785
v 5.796919 6.386052 22.598785
v 6.317622 5.852877 22.598785
v 6.922564 5.417617 22.598785
v 5.067804 -7.654566 22.598785
v 1.066623 3.951756 22.598785
v 1.740111 3.771296 22.598785
v 3.436209 2.583676 22.598785
v 3.836133 2.012526 22.598785
v 3.836135 -1.987474 22.598785
v 1.740115 -3.746245 22.598785
v 1.066627 -3.926707 22.598785
v 0.372035 -3.987476 22.598785
v -2.199116 -3.051655 22.598785
v -2.692143 -2.558628 22.598785
v -3.092068 -1.987478 22.598785
v -3.386737 -1.355559 22.598785
v -3.567199 0.707115 22.598785
v -3.092070 2.012522 22.598785
v -0.996050 3.771294 22.598785
v 1.066627 -3.926707 21.898773
v 1.740115 -3.746245 21.898773
v 2.372035 -3.451577 21.898773
v 2.943185 -3.051652 21.898773
v 3.436212 -2.558624 21.898773
v 3.836135 -1.987474 21.898773
v 4.311265 -0.682067 21.898773
v 4.372033 0.012526 21.898773
v 4.311264 0.707119 21.898773
v 4.130802 1.380607 21.898773
v 3.836133 2.012526 21.898773
v 3.436209 2.583676 21.898773
v 2.372031 3.476627 21.898773
v 1.740111 3.771296 21.898773
v 0.372031 4.012524 21.898773
v 0.372031 4.012524 22.598785
v 2.372031 3.476627 22.598785
v 2.943181 3.076704 22.598785
v 4.130802 1.380607 22.598785
v 4.311264 0.707119 22.598785
v 4.372033 0.012526 22.598785
v 4.311265 -0.682067 22.598785
v 4.130804 -1.355555 22.598785
v 3.436212 -2.558624 22.598785
v 2.943185 -3.051652 22.598785
v 2.372035 -3.451577 22.598785
v 0.372035 -3.687476 21.598785
v -0.270464 -3.631265 21.598785
v -2.462331 -2.365792 21.598785
v -2.832261 -1.837478 21.598785
v -3.271756 -0.629976 21.598785
v -2.832263 1.862522 21.598785
v -2.462333 2.390836 21.598785
v -1.477970 3.216817 21.598785
v -0.893444 3.489386 21.598785
v 1.014529 3.656313 21.598785
v 1.637505 3.489388 21.598785
v 3.576325 1.862526 21.598785
v 4.015821 -0.629972 21.598785
v 2.750349 -2.821839 21.598785
v 1.637509 -3.464338 21.598785
v 1.014533 -3.631265 21.598785
v 0.892975 2.966947 21.598785
v 1.398091 2.831603 21.598785
v 2.670165 1.940888 21.598785
v 2.970107 1.512525 21.598785
v 3.191111 1.038586 21.598785
v 3.372033 0.012526 21.598785
v 3.191112 -1.013535 21.598785
v 2.970109 -1.487475 21.598785
v 2.300396 -2.285608 21.598785
v 1.872035 -2.585551 21.598785
v -0.148910 -2.941899 21.598785
v -1.556329 -2.285610 21.598785
v -1.926100 -1.915840 21.598785
v -2.226043 -1.487477 21.598785
v -2.447044 -1.013539 21.598785
v -2.582391 -0.508423 21.598785
v -2.627968 0.012522 21.598785
v -2.582391 0.533466 21.598785
v -2.447046 1.038582 21.598785
v 3.326457 -0.508420 18.998779
v 3.372033 0.012525 18.998779
v 3.326456 0.533469 18.998779
v 2.300394 2.310658 18.998779
v 1.398091 2.831602 18.998779
v 0.372031 3.012524 18.998779
v 1.872032 2.610601 21.598785
v 2.300394 2.310658 21.598785
v 3.326456 0.533470 21.598785
v 3.326457 -0.508419 21.598785
v 2.670167 -1.915838 21.598785
v 1.398095 -2.806553 21.598785
v 0.892979 -2.941899 21.598785
v -1.363493 -2.055797 18.698792
v -1.696286 -1.723004 18.698792
v -2.165138 -0.910932 18.698792
v -2.165138 0.935976 18.698792
v -1.966237 1.362522 18.698792
v -1.363495 2.080843 18.698792
v -0.977969 2.350792 18.698792
v 0.372032 2.712524 18.698792
v 0.840882 2.671505 18.698792
v 1.295485 2.549694 18.698792
v 1.722032 2.350794 18.698792
v 2.710300 1.362525 18.698792
v 2.909203 0.935979 18.698792
v 2.710302 -1.337475 18.698792
v 2.107560 -2.055795 18.698792
v 1.722034 -2.325744 18.698792
v 0.840884 -2.646457 18.698792
v 1.652283 0.238267 18.698792
v 1.497866 0.662524 18.698792
v 1.367890 0.848148 18.698792
v 1.022031 1.138357 18.698792
v 0.146289 1.292774 18.698792
v -0.072595 1.234123 18.698792
v -0.277968 1.138356 18.698792
v -0.463591 1.008381 18.698792
v -0.623825 0.848147 18.698792
v -0.849568 0.457149 18.698792
v -0.908218 0.238266 18.698792
v -0.927967 0.012523 18.698792
v -0.849568 -0.432103 18.698792
v -0.753801 -0.637477 18.698792
v 0.198385 -0.972284 18.998779
v -0.127966 -0.853501 18.998779
v -0.394012 -0.630265 18.998779
v -0.493993 -0.487477 18.998779
v -0.612775 -0.161125 18.998779
v -0.627968 0.012523 18.998779
v -0.612775 0.186171 18.998779
v -0.394012 0.655311 18.998779
v -0.127967 0.878549 18.998779
v 0.030012 0.952217 18.998779
v 0.198384 0.997332 18.998779
v 0.198385 -0.972284 23.198792
v 0.030013 -0.927169 23.198792
v -0.567660 -0.329496 23.198792
v -0.493993 0.512524 23.198792
v -0.394012 0.655312 23.198792
v 0.372034 -0.987476 23.198792
v -0.127966 -0.853501 23.198792
v -0.270755 -0.753521 23.198792
v -0.394012 -0.630264 23.198792
v -0.493993 -0.487476 23.198792
v -0.612775 -0.161124 23.198792
v -0.627968 0.012524 23.198792
v -0.612775 0.186172 23.198792
v -0.567660 0.354544 23.198792
v -0.270756 0.778568 23.198792
v -0.127967 0.878549 23.198792
v 0.030012 0.952217 23.198792
v 0.198384 0.997332 23.198792
v 0.372033 1.012524 23.198792
v 0.545681 0.997332 23.198792
v 0.714053 0.952217 23.198792
v 0.872033 0.878549 23.198792
v 1.014820 0.778568 23.198792
v 1.372033 0.012525 23.198792
v 1.356840 -0.161123 23.198792
v 1.311725 -0.329495 23.198792
v 1.014821 -0.753521 23.198792
v 0.872034 -0.853501 23.198792
v 0.372031 2.989688 18.883972
v 0.372035 -2.987476 18.998779
v 0.892979 -2.941899 18.998779
v 1.398095 -2.806554 18.998779
v 1.872035 -2.585552 18.998779
v 2.300396 -2.285608 18.998779
v 2.670167 -1.915838 18.998779
v 2.970109 -1.487475 18.998779
v 3.191112 -1.013536 18.998779
v 3.191111 1.038585 18.998779
v 2.970107 1.512525 18.998779
v 2.670165 1.940888 18.998779
v 1.872032 2.610600 18.998779
v 0.892975 2.966947 18.998779
v 0.372035 -2.964640 18.883972
v 0.372035 -2.802281 18.721619
v 2.107558 2.080845 18.698792
v 2.440351 1.748051 18.698792
v 3.031013 0.481375 18.698792
v 3.072032 0.012525 18.698792
v 3.031013 -0.456325 18.698792
v 2.909204 -0.910929 18.698792
v 2.440353 -1.723002 18.698792
v 1.295488 -2.524646 18.698792
v 0.889010 2.944458 18.883972
v 0.877717 2.880414 18.786652
v 0.860816 2.784566 18.721619
v 1.390281 2.810143 18.883972
v 1.368038 2.749033 18.786652
v 1.334752 2.657576 18.721619
v 1.860612 2.590825 18.883972
v 1.828098 2.534505 18.786652
v 1.779434 2.450217 18.721619
v 2.285715 2.293165 18.883972
v 2.243914 2.243348 18.786652
v 2.181353 2.168791 18.721619
v 2.652671 1.926209 18.883972
v 2.602854 1.884407 18.786652
v 2.528297 1.821847 18.721619
v 2.950331 1.501107 18.883972
v 2.894012 1.468591 18.786652
v 2.809724 1.419927 18.721619
v 3.169651 1.030775 18.883972
v 3.108541 1.008533 18.786652
v 3.017084 0.975245 18.721619
v 3.303966 0.529504 18.883972
v 3.239922 0.518211 18.786652
v 3.144073 0.501311 18.721619
v 3.349196 0.012525 18.883972
v 3.284164 0.012525 18.786652
v 3.186838 0.012525 18.721619
v 3.303967 -0.504454 18.883972
v 3.239923 -0.493161 18.786652
v 3.144074 -0.476261 18.721619
v 3.169652 -1.005725 18.883972
v 3.108541 -0.983483 18.786652
v 3.017085 -0.950195 18.721619
v 2.950333 -1.476057 18.883972
v 2.894014 -1.443541 18.786652
v 2.809726 -1.394878 18.721619
v 2.652673 -1.901159 18.883972
v 2.602856 -1.859357 18.786652
v 2.528299 -1.796797 18.721619
v 2.285717 -2.268115 18.883972
v 2.243917 -2.218298 18.786652
v 2.181355 -2.143741 18.721619
v 1.860615 -2.565774 18.883972
v 1.828101 -2.509455 18.786652
v 1.779437 -2.425169 18.721619
v 1.390285 -2.785095 18.883972
v 1.368042 -2.723985 18.786652
v 1.334754 -2.632528 18.721619
v 0.889014 -2.919410 18.883972
v 0.877721 -2.855366 18.786652
v 0.860820 -2.759518 18.721619
v 0.372032 1.312524 18.698792
v -0.753801 0.662523 18.698792
v -0.908218 -0.213220 18.698792
v -0.623824 -0.823101 18.698792
v -0.463590 -0.983335 18.698792
v -0.277966 -1.113310 18.698792
v -0.072593 -1.209077 18.698792
v 0.146291 -1.267726 18.698792
v 0.372034 -1.287476 18.698792
v 0.372034 -0.987476 18.998779
v 0.030013 -0.927169 18.998779
v -0.270755 -0.753522 18.998779
v -0.567660 -0.329497 18.998779
v -0.567660 0.354543 18.998779
v -0.493993 0.512523 18.998779
v -0.270756 0.778567 18.998779
v 0.372031 3.989688 21.783966
v 4.130804 -1.355555 21.898773
v 2.943181 3.076704 21.898773
v 1.066623 3.951755 21.898773
v 0.372035 -3.899608 21.686646
v 0.372035 -3.802281 21.621613
v 2.222031 3.216819 21.598785
v 2.750346 2.846889 21.598785
v 3.206396 2.390840 21.598785
v 3.848894 1.278000 21.598785
v 4.015821 0.655024 21.598785
v 4.072032 0.012526 21.598785
v 3.848896 -1.252949 21.598785
v 3.576327 -1.837474 21.598785
v 3.206398 -2.365788 21.598785
v 2.222035 -3.191769 21.598785
v 1.062658 3.929266 21.783966
v 1.051365 3.865222 21.686646
v 1.034464 3.769374 21.621613
v 1.732301 3.749836 21.783966
v 1.710059 3.688727 21.686646
v 1.676771 3.597269 21.621613
v 2.360612 3.456850 21.783966
v 2.328097 3.400531 21.686646
v 2.279433 3.316243 21.621613
v 2.928502 3.059210 21.783966
v 2.886700 3.009392 21.686646
v 2.824141 2.934835 21.621613
v 3.418715 2.568998 21.783966
v 3.368897 2.527196 21.686646
v 3.294341 2.464635 21.621613
v 3.816357 2.001108 21.783966
v 3.760037 1.968592 21.686646
v 3.675750 1.919928 21.621613
v 4.109343 1.372796 21.783966
v 4.048233 1.350554 21.686646
v 3.956776 1.317266 21.621613
v 4.288774 0.703153 21.783966
v 4.224730 0.691861 21.686646
v 4.128881 0.674960 21.621613
v 4.349196 0.012526 21.783966
v 4.284164 0.012526 21.686646
v 4.186838 0.012526 21.621613
v 4.288774 -0.678101 21.783966
v 4.224730 -0.666809 21.686646
v 4.128882 -0.649908 21.621613
v 4.109345 -1.347744 21.783966
v 4.048235 -1.325502 21.686646
v 3.956778 -1.292214 21.621613
v 3.816359 -1.976056 21.783966
v 3.760039 -1.943540 21.686646
v 3.675752 -1.894877 21.621613
v 3.418718 -2.543946 21.783966
v 3.368900 -2.502144 21.686646
v 3.294343 -2.439584 21.621613
v 2.928506 -3.034158 21.783966
v 2.886704 -2.984341 21.686646
v 2.824143 -2.909785 21.621613
v 2.360616 -3.431800 21.783966
v 2.328101 -3.375481 21.686646
v 2.279437 -3.291193 21.621613
v 1.732305 -3.724787 21.783966
v 1.710063 -3.663677 21.686646
v 1.676775 -3.572219 21.621613
v 1.062662 -3.904218 21.783966
v 1.051369 -3.840174 21.686646
v 1.034468 -3.744326 21.621613
v -9.121140 -7.787481 23.903534
v -9.121148 7.812519 23.903534
v -6.272251 7.812521 22.610840
v -6.230554 -7.787479 22.601807
v -18.443697 -7.787488 22.625702
v -6.235542 -8.064644 22.794281
v -6.302773 -7.902285 22.646484
v -6.275844 -7.999611 22.705688
v -6.312229 -7.787479 22.625702
v -6.188004 -7.787479 22.598785
v -6.272243 -7.787479 22.610840
v -6.264986 -7.797615 22.609009
v -6.259738 -7.817194 22.609009
v -6.249604 -7.834747 22.609009
v -6.235271 -7.849081 22.609009
v -6.217717 -7.859214 22.609009
v -6.294069 -7.893546 22.638977
v -6.263003 -7.917384 22.638977
v -6.226827 -7.932368 22.638977
v -6.269183 -7.983465 22.686646
v -6.215693 -7.997797 22.686646
v 4.879880 -8.064638 22.783966
v 4.879879 -7.902281 22.621613
v -6.188004 -8.064644 22.783966
v -6.188004 -7.999611 22.686646
v -6.188004 -7.902285 22.621613
v 4.879879 -7.999607 22.686646
v 4.879879 -7.787477 22.598785
v 5.176049 -7.692819 22.621613
v 5.277833 -7.889938 22.898773
v 5.089983 -7.887280 22.649017
v 5.116234 -7.924977 22.686646
v 5.026559 -8.043838 22.788361
v 5.031364 -8.058720 22.841980
v 5.262800 -7.875903 22.788361
v 5.275315 -7.885281 22.841980
v 7.668956 -5.266576 22.686646
v 7.593551 -5.068298 22.598785
v 5.637451 -7.123374 22.898773
v 6.513276 -6.055246 22.898773
v 5.329130 -7.746916 22.783966
v 5.267814 -7.725248 22.686646
v 6.922549 -5.392573 22.598785
v 6.317615 -5.827834 22.598785
v 5.796920 -6.361006 22.598785
v 5.376103 -6.976075 22.598785
v 5.476114 -7.032448 22.621613
v 5.560901 -7.080237 22.686646
v 5.617553 -7.112169 22.783966
v 5.885696 -6.433800 22.621613
v 5.960958 -6.495511 22.686646
v 6.011246 -6.536745 22.783966
v 6.392489 -5.914862 22.621613
v 6.455966 -5.988641 22.686646
v 6.498380 -6.037940 22.783966
v 6.981273 -5.491222 22.621613
v 7.031057 -5.574853 22.686646
v 7.064321 -5.630734 22.783966
v 7.700190 -5.348706 22.898773
v 7.692072 -5.327361 22.783966
v 7.634359 -5.175606 22.621613
v 7.934172 -4.881992 22.686646
v 7.830387 -5.274885 22.898773
v 7.822985 -5.090458 22.649017
v 7.860616 -5.116805 22.686646
v 7.819489 -5.257557 22.788361
v 7.829196 -5.269817 22.841980
v 7.980443 -5.022958 22.788361
v 7.995394 -5.027541 22.841980
v 7.999204 -4.881991 22.783966
v 7.836844 -4.881991 22.621613
v 7.722039 -4.881989 22.598785
v 7.722034 4.907042 22.598785
v 7.836839 4.907042 22.621613
v 8.022035 4.907043 22.898773
v 7.999198 4.907043 22.783966
v 7.934166 4.907042 22.686646
v 7.593573 5.093344 22.598785
v 7.692094 5.352406 22.783966
v 7.634383 5.200651 22.621613
v 7.999311 5.054972 22.898773
v 7.933780 5.190550 22.898773
v 7.824296 5.113604 22.649017
v 7.862298 5.139414 22.686646
v 7.979238 5.050952 22.788361
v 7.994148 5.055669 22.841980
v 7.817179 5.284765 22.788361
v 7.826776 5.297112 22.841980
v 7.668980 5.291621 22.686646
v 5.067796 7.679621 22.598785
v 5.329120 7.771976 22.783966
v 5.176039 7.717878 22.621613
v 6.513280 6.080293 22.898773
v 6.028907 6.576267 22.898773
v 5.637444 7.148426 22.898773
v 6.981288 5.516266 22.621613
v 7.031071 5.599896 22.686646
v 7.064335 5.655777 22.783966
v 6.392498 5.939905 22.621613
v 6.455974 6.013684 22.686646
v 6.498386 6.062982 22.783966
v 5.885699 6.458841 22.621613
v 5.960960 6.520553 22.686646
v 6.011248 6.561787 22.783966
v 5.476112 7.057491 22.621613
v 5.560899 7.105281 22.686646
v 5.617551 7.137213 22.783966
v 5.267804 7.750309 22.686646
v 5.278100 7.913932 22.898773
v 5.091897 7.910974 22.649017
v 5.118692 7.948287 22.686646
v 5.260636 7.903339 22.788361
v 5.273066 7.912827 22.841980
v 5.023590 8.070129 22.788361
v 5.028261 8.085053 22.841980
v 4.879872 8.089695 22.783966
v 4.879874 8.024663 22.686646
v 4.879873 7.927337 22.621613
v -6.188013 8.112521 22.898773
v -6.188013 8.089684 22.783966
v -6.188013 8.024652 22.686646
v -6.188013 7.927327 22.621613
v -6.188012 7.812521 22.598785
v -6.230562 7.812521 22.601807
v -6.275852 8.024652 22.705688
v -6.217727 7.884256 22.609009
v -6.235281 7.874122 22.609009
v -6.226835 7.957410 22.638977
v -6.249614 7.859788 22.609009
v -6.263012 7.942426 22.638977
v -6.215702 8.022838 22.686646
v -6.259748 7.842236 22.609009
v -6.294079 7.918588 22.638977
v -6.269193 8.008505 22.686646
v -6.264995 7.822657 22.609009
v -8.888423 8.088793 23.998779
v -9.126141 8.021368 23.998779
v -6.235552 8.089684 22.794281
v -6.302782 7.927327 22.646484
v -6.312237 7.812521 22.625702
v -15.933040 8.098760 23.998779
v -16.149906 8.112515 23.998779
v -18.480091 8.024647 22.705688
v -18.443707 7.812514 22.625702
v -18.567932 8.024647 22.686646
v -18.496197 7.842228 22.609009
v -18.506330 7.859782 22.609009
v -18.520664 7.874115 22.609009
v -18.538219 7.884250 22.609009
v -18.461864 7.918581 22.638977
v -18.492931 7.942420 22.638977
v -18.529110 7.957404 22.638977
v -18.486755 8.008500 22.686646
v -18.540245 8.022832 22.686646
v -18.567932 7.812514 22.598785
v -26.835815 7.812512 22.598785
v -26.835815 8.089677 22.783966
v -26.835815 7.927319 22.621613
v -26.835815 8.024645 22.686646
v -27.223743 7.750308 22.686646
v -27.131981 7.717874 22.621613
v -27.233753 7.914991 22.898773
v -27.045910 7.912323 22.649017
v -27.072159 7.950021 22.686646
v -26.982487 8.068875 22.788361
v -26.987289 8.083757 22.841980
v -27.218723 7.900957 22.788361
v -27.231236 7.910335 22.841980
v -27.285057 7.771980 22.783966
v -28.986336 5.355417 22.598785
v -28.467815 5.695489 22.598785
v -28.002213 6.107561 22.598785
v -27.603245 6.579355 22.598785
v -27.273525 7.108387 22.598785
v -29.656128 5.373743 22.898773
v -29.624893 5.291613 22.686646
v -29.590298 5.200641 22.621613
v -27.844494 6.757695 22.898773
v -28.646797 5.936248 22.898773
v -29.130257 5.618745 22.898773
v -27.239559 7.433381 22.619843
v -27.460876 7.207886 22.686646
v -29.308895 5.314679 22.619843
v -29.088482 5.541333 22.686646
v -27.274181 7.610422 22.684906
v -27.312050 7.625371 22.734619
v -27.429352 7.357058 22.734619
v -27.444237 7.027187 22.619843
v -27.590042 7.111666 22.788361
v -27.608501 6.950692 22.686646
v -27.605244 6.768793 22.619843
v -27.774067 6.705129 22.686646
v -27.744366 6.863882 22.788361
v -27.783066 6.524694 22.619843
v -27.914959 6.629571 22.788361
v -27.955379 6.474223 22.686646
v -27.977409 6.294860 22.619843
v -28.152893 6.256885 22.686646
v -28.101097 6.409309 22.788361
v -28.187954 6.079349 22.619843
v -28.303127 6.202358 22.788361
v -28.366295 6.053631 22.686646
v -28.415051 5.878284 22.619843
v -28.594986 5.865272 22.686646
v -28.520645 6.009598 22.788361
v -28.656509 5.693653 22.619843
v -28.752293 5.832299 22.788361
v -28.836769 5.693783 22.686646
v -28.909184 5.527932 22.619843
v -28.995422 5.672702 22.788361
v -29.235985 5.506745 22.734619
v -29.486305 5.345309 22.684906
v -29.502140 5.382815 22.734619
v -29.648010 5.352398 22.783966
v -29.677975 4.907024 22.598785
v -29.890106 4.907026 22.686646
v -29.792778 4.907025 22.621613
v -29.786324 5.299920 22.898773
v -29.889759 5.190475 22.898773
v -29.955429 5.055739 22.898773
v -29.778923 5.115493 22.649017
v -29.816551 5.141840 22.686646
v -29.775425 5.282592 22.788361
v -29.785133 5.294852 22.841980
v -29.936378 5.047993 22.788361
v -29.951328 5.052576 22.841980
v -29.955139 4.907027 22.783966
v -29.955135 -4.882005 22.783966
v -29.890102 -4.882006 22.686646
v -29.792774 -4.882006 22.621613
v -29.955246 -5.029938 22.898773
v -29.889713 -5.165519 22.898773
v -29.787117 -5.274794 22.898773
v -29.871799 -5.004748 22.686646
v -29.705753 -5.093139 22.619843
v -29.907078 -5.094761 22.788361
v -29.808704 -5.186869 22.732574
v -29.782700 -5.272085 22.841980
v -29.648010 -5.327378 22.783966
v -29.624897 -5.266593 22.686646
v -29.590302 -5.175622 22.621613
v -27.272232 -7.085727 22.598785
v -27.599655 -6.559590 22.598785
v -28.000248 -6.084549 22.598785
v -28.462051 -5.674633 22.598785
v -29.131618 -5.592988 22.898773
v -28.217789 -6.291172 22.898773
v -27.539070 -7.223030 22.898773
v -29.307858 -5.290206 22.619843
v -29.087681 -5.516840 22.686676
v -28.906178 -5.504797 22.619843
v -28.994644 -5.648193 22.788361
v -28.833721 -5.670763 22.686646
v -28.651642 -5.671971 22.619843
v -28.750618 -5.808358 22.788361
v -28.592468 -5.841945 22.686646
v -27.239246 -7.408989 22.619843
v -27.460606 -7.183262 22.686646
v -29.485962 -5.320461 22.684937
v -29.501804 -5.357961 22.734619
v -29.236340 -5.481613 22.734619
v -28.412018 -5.855478 22.619843
v -28.520569 -5.984372 22.788361
v -28.365959 -6.028710 22.686646
v -28.187038 -6.055139 22.619843
v -28.153515 -6.231225 22.686646
v -28.304794 -6.175688 22.788361
v -27.976673 -6.270713 22.619843
v -28.102757 -6.382519 22.788361
v -27.955391 -6.449414 22.686646
v -27.781197 -6.502404 22.619843
v -27.772636 -6.682381 22.686646
v -27.915211 -6.604560 22.788361
v -27.602421 -6.748117 22.619843
v -27.743511 -6.840278 22.788361
v -27.606945 -6.928166 22.686646
v -27.442863 -7.004497 22.619843
v -27.589729 -7.087114 22.788361
v -27.429569 -7.331462 22.734619
v -27.274109 -7.585538 22.684906
v -27.311981 -7.600479 22.734619
v -27.285057 -7.746943 22.783966
v -27.223743 -7.725275 22.686646
v -27.131977 -7.692843 22.621613
v -27.023735 -7.654586 22.598785
v -26.835808 -7.787497 22.598785
v -26.835808 -7.999629 22.686646
v -26.835808 -7.902300 22.621613
v -27.234035 -7.888896 22.898773
v -27.124107 -7.995893 22.898773
v -26.987747 -8.063945 22.898773
v -27.047832 -7.885940 22.649017
v -27.074627 -7.923254 22.686646
v -27.216572 -7.878304 22.788361
v -27.229000 -7.887793 22.841980
v -26.979527 -8.045094 22.788361
v -26.984196 -8.060019 22.841980
v -26.835808 -8.064660 22.783966
v -18.567924 -7.999619 22.686646
v -18.480082 -7.999619 22.705688
v -18.557789 -7.864470 22.609009
v -18.538208 -7.859224 22.609009
v -18.520653 -7.849089 22.609009
v -18.529102 -7.932378 22.638977
v -18.506321 -7.834755 22.609009
v -18.492924 -7.917393 22.638977
v -18.540237 -7.997806 22.686646
v -18.496185 -7.817202 22.609009
v -18.461857 -7.893555 22.638977
v -18.486744 -7.983474 22.686646
v -18.438019 -7.862489 22.638977
v -15.425406 -7.787485 23.998779
v -16.149897 -8.087484 23.998779
v -15.545786 -7.953086 23.998779
v -29.977970 4.950490 50.698792
v -29.977966 -4.925472 50.698792
v -29.893303 -5.112991 50.698792
v -29.955818 -5.028344 49.498779
v -29.801495 -5.164414 49.498779
v -29.177330 -5.415694 49.498779
v -28.604118 -5.768039 49.498779
v -28.098076 -6.211478 49.498779
v -27.673515 -6.733465 50.698792
v -28.604118 -5.768039 50.698792
v -26.872784 -8.137489 49.498779
v -27.114265 -7.952196 49.498779
v -27.064293 -8.048187 49.498779
v -26.978439 -8.114067 49.498779
v -8.974835 -8.137479 49.498779
v -8.850796 -8.137479 49.498779
v -8.974835 -8.137479 50.698792
v -8.583248 -7.973193 49.498779
v -8.850796 -8.137479 50.698792
v -8.221256 -7.485856 49.498779
v -7.717846 -7.146573 49.498779
v -6.238081 -7.146572 49.498779
v -5.971969 -7.294837 49.498779
v -5.734670 -7.485855 49.498779
v -5.532981 -7.714152 49.498779
v -7.260004 -7.009712 50.698792
v -7.796387 -7.184299 50.698792
v -8.037478 -7.332341 50.698792
v -8.435829 -7.731720 50.698792
v -5.372679 -7.973191 50.698792
v -5.703531 -7.516327 50.698792
v -6.159540 -7.184299 50.698792
v -5.372679 -7.973191 49.498779
v -4.981091 -8.137477 49.498779
v -5.105130 -8.137477 49.498779
v -5.105130 -8.137477 50.698792
v -4.981091 -8.137477 50.698792
v 5.158339 -7.952177 50.698792
v 5.108369 -8.048169 50.698792
v 4.916858 -8.137471 50.698792
v 6.142148 -6.211458 49.498779
v 7.221403 -5.415674 49.498779
v 7.845565 -5.164392 49.498779
v 6.142148 -6.211458 50.698792
v 5.717589 -6.733446 50.698792
v 5.386531 -7.319210 50.698792
v 8.022036 -4.925450 49.498779
v 8.022036 -4.925450 50.698792
v 7.845559 5.189454 50.698792
v 7.937367 5.138031 49.498779
v 6.648186 5.793078 49.498779
v 6.142140 6.236517 49.498779
v 5.717582 6.758504 49.498779
v 5.386523 7.344268 49.498779
v 6.142140 6.236517 50.698792
v 4.916848 8.162529 49.498779
v 5.108358 8.073226 50.698792
v 5.022502 8.139106 49.498779
v -24.426754 8.162513 49.498779
v -24.516468 8.162513 49.498779
v -24.516468 8.162513 50.698792
v -24.796680 7.969655 49.498779
v -24.931725 7.691032 49.498779
v -25.112522 7.439674 49.498779
v -25.333721 7.223019 49.498779
v -25.588776 7.047477 49.498779
v -25.870144 6.918243 49.498779
v -26.169495 6.839141 49.498779
v -26.169495 6.839141 50.698792
v -25.870144 6.918243 50.698792
v -25.333721 7.223019 50.698792
v -25.112522 7.439674 50.698792
v -24.931725 7.691032 50.698792
v -27.434910 6.990619 49.498779
v -27.604111 6.863772 49.498779
v -27.351074 7.002438 50.698792
v -27.494370 6.965755 50.698792
v -27.614914 6.846906 50.698792
v -27.614914 6.846906 49.498779
v -27.950096 6.398704 49.498779
v -28.344559 6.001674 49.498779
v -29.801502 5.189432 49.498779
v -27.362682 6.684484 50.998779
v -28.365711 5.596943 50.998779
v -28.992237 5.198474 50.998779
v -28.416557 -5.533624 50.998779
v -8.850796 -7.837479 50.998779
v -8.678808 -7.555761 50.998779
v -8.464802 -7.304471 50.998779
v -8.214066 -7.089818 50.998779
v -7.307011 -6.713417 50.998779
v -6.977963 -6.687478 50.998779
v -6.648916 -6.713417 50.998779
v -6.023136 -6.917103 50.998779
v -5.741862 -7.089816 50.998779
v -5.105130 -7.837477 50.998779
v -4.981091 -7.837477 50.998779
v 5.926654 -6.002741 50.998779
v 7.722031 4.913751 50.998779
v 7.064583 5.183900 50.998779
v 6.460622 5.558663 50.998779
v 5.926646 6.027801 50.998779
v -24.664639 7.553350 50.998779
v -24.861141 7.272416 50.998779
v -25.377033 6.824234 50.998779
v -26.009514 6.565428 50.998779
v -26.348839 6.516485 50.998779
v -26.691605 6.523406 50.998779
v 1.275000 5.133527 50.998779
v 2.972031 4.515860 50.998779
v 4.355461 3.355023 50.998779
v 4.875364 2.612529 50.998779
v 5.493032 0.915499 50.998779
v 5.572033 0.012529 50.998779
v 5.493033 -0.890442 50.998779
v 5.258435 -1.765976 50.998779
v 4.355465 -3.329968 50.998779
v 3.714530 -3.970903 50.998779
v 2.150540 -4.873875 50.998779
v 1.275006 -5.108473 50.998779
v -1.406469 -4.873877 50.998779
v -2.970461 -3.970907 50.998779
v -4.514368 -1.765982 50.998779
v -4.748967 -0.890448 50.998779
v 0.372030 5.012526 50.798767
v -0.496211 4.936565 50.798767
v -1.338071 4.710988 50.798767
v -2.127970 4.342652 50.798767
v -2.841908 3.842746 50.798767
v -3.458192 3.226462 50.798767
v -4.326432 1.722625 50.798767
v -4.552007 0.880764 50.798767
v -4.552006 -0.855718 50.798767
v -3.958094 -2.487476 50.798767
v -0.496205 -4.911513 50.798767
v -1.338071 4.710988 49.748779
v -3.958097 2.512524 49.748779
v -4.627967 0.012523 49.748779
v -4.326430 -1.697577 49.748779
v -1.338065 -4.685938 49.748779
v 0.372036 -4.987474 49.748779
v -0.496211 4.936565 49.748779
v -2.127970 4.342652 49.748779
v -2.841908 3.842746 49.748779
v -3.458192 3.226462 49.748779
v -4.326432 1.722625 49.748779
v -4.552007 0.880764 49.748779
v -4.552006 -0.855718 49.748779
v -3.958094 -2.487476 49.748779
v -3.458188 -3.201414 49.748779
v -2.841904 -3.817698 49.748779
v -2.127965 -4.317602 49.748779
v -0.496205 -4.911513 49.748779
v 1.240276 -4.911512 49.748779
v 2.082136 -4.685936 49.748779
v 3.585972 -3.817694 49.748779
v 5.296071 0.880770 49.748779
v 4.702157 2.512529 49.748779
v -1.252970 2.827108 49.748779
v -2.828593 0.576881 49.748779
v -2.877968 0.012524 49.748779
v -2.681968 -1.099042 49.748779
v -1.717026 -2.477119 49.748779
v -0.739531 -3.041476 49.748779
v 3.572659 -0.551829 49.748779
v 3.622033 0.012528 49.748779
v 3.572658 0.576885 49.748779
v 3.186614 1.637528 49.748779
v 2.861676 2.101588 49.748779
v 2.461091 2.502171 49.748779
v 1.997032 2.827110 49.748779
v 1.483596 3.066528 49.748779
v 0.936387 3.213151 49.748779
v -0.192326 3.213151 49.748779
v -0.739535 3.066526 49.748779
v -1.717028 2.502169 49.748779
v -2.117613 2.101585 49.748779
v -2.442551 1.637525 49.748779
v -2.681970 1.124089 49.748779
v -2.828593 -0.551833 49.748779
v -2.442549 -1.612475 49.748779
v -2.117611 -2.076535 49.748779
v -1.252966 -2.802058 49.748779
v -0.192322 -3.188099 49.748779
v 0.372035 -3.237474 49.748779
v 0.372031 3.262526 48.722778
v -0.192326 3.213151 48.722778
v -0.739535 3.066526 48.722778
v -1.252970 2.827108 48.722778
v -2.117613 2.101585 48.722778
v -2.442551 1.637524 48.722778
v -2.681970 1.124089 48.722778
v -1.717026 -2.477119 48.722778
v -1.252966 -2.802058 48.722778
v -0.739531 -3.041476 48.722778
v -0.192322 -3.188099 48.722778
v 0.372035 -3.237474 48.722778
v -1.717028 2.502169 48.722778
v -2.828593 0.576881 48.722778
v -2.877968 0.012524 48.722778
v -2.828593 -0.551833 48.722778
v -2.681968 -1.099042 48.722778
v -2.442549 -1.612476 48.722778
v -2.117611 -2.076535 48.722778
v 0.936391 -3.188098 48.722778
v 1.483600 -3.041474 48.722778
v 1.997035 -2.802056 48.722778
v 3.186616 -1.612472 48.722778
v 3.426033 -1.099038 48.722778
v 3.622033 0.012528 48.722778
v 3.572658 0.576885 48.722778
v 3.426033 1.124093 48.722778
v 2.861676 2.101588 48.722778
v 2.461091 2.502171 48.722778
v 0.372032 1.512526 48.722778
v 0.111559 1.489738 48.722778
v -0.377968 1.311564 48.722778
v -1.037506 0.525555 48.722778
v -1.127968 0.012525 48.722778
v -1.037506 -0.500505 48.722778
v -0.927006 -0.737475 48.722778
v -0.777033 -0.951656 48.722778
v -0.377966 -1.286512 48.722778
v -0.140997 -1.397013 48.722778
v 0.111561 -1.464686 48.722778
v 0.632506 -1.464686 48.722778
v 0.885064 -1.397013 48.722778
v 1.336215 -1.136540 48.722778
v 1.521100 -0.951654 48.722778
v 1.671072 -0.737473 48.722778
v 1.781571 -0.500503 48.722778
v 1.872033 0.012527 48.722778
v 1.849244 0.272999 48.722778
v 1.671071 0.762527 48.722778
v 1.521099 0.976708 48.722778
v 1.336213 1.161594 48.722778
v 0.885062 1.422065 48.722778
v 0.632504 1.489738 48.722778
v -0.140999 1.422065 48.722778
v -0.592150 1.161592 48.722778
v -0.777035 0.976706 48.722778
v -0.927006 0.762525 48.722778
v -1.105179 0.272997 48.722778
v -1.105179 -0.247947 48.722778
v -0.592148 -1.136541 48.722778
v -0.777035 0.976706 46.122772
v -0.927006 0.762525 46.122772
v -1.105179 0.272997 46.122772
v -1.127968 0.012525 46.122772
v -1.105179 -0.247947 46.122772
v -0.592148 -1.136542 46.122772
v -0.377966 -1.286513 46.122772
v 0.111561 -1.464686 46.122772
v 0.372034 -1.487474 46.122772
v 0.372032 1.512526 46.122772
v 0.111559 1.489738 46.122772
v -0.140999 1.422065 46.122772
v -0.377968 1.311563 46.122772
v -0.592150 1.161592 46.122772
v -1.037506 0.525555 46.122772
v -1.037506 -0.500505 46.122772
v -0.927006 -0.737475 46.122772
v -0.777033 -0.951656 46.122772
v -0.140997 -1.397014 46.122772
v 0.632506 -1.464686 46.122772
v 1.336215 -1.136541 46.122772
v 1.521100 -0.951655 46.122772
v 1.671072 -0.737473 46.122772
v 1.781571 -0.500503 46.122772
v 1.849244 -0.247945 46.122772
v 1.781570 0.525557 46.122772
v 1.671071 0.762527 46.122772
v 1.336213 1.161593 46.122772
v 0.632504 1.489738 46.122772
v 4.916848 8.162529 50.698792
v 4.905617 8.074588 50.910980
v -24.426754 7.862513 50.998779
v -24.426754 7.977317 50.975952
v -24.426754 8.074644 50.910919
v -24.426754 8.139676 50.813599
v -24.426754 8.162513 50.698792
v -24.516468 7.862512 50.998779
v -24.516468 8.074644 50.910919
v -24.516468 8.139676 50.813599
v 5.022502 8.139106 50.698792
v 5.158330 7.977235 50.698792
v -24.516468 7.977317 50.975952
v -24.796680 7.969655 50.698792
v -24.687035 8.109303 50.698792
v -24.605522 7.972142 50.963440
v -24.605522 8.036908 50.926056
v -24.605522 8.089789 50.873169
v -24.686550 7.986075 50.912811
v -24.605522 8.127182 50.808411
v -24.686550 8.037257 50.873535
v -24.686550 8.076530 50.822357
v -24.752243 7.975435 50.845947
v -24.686550 8.101218 50.762756
v -24.752243 8.009676 50.811707
v -24.752243 8.033889 50.769775
v 5.076182 7.944056 50.910980
v 4.878660 7.862529 50.998779
v 5.477250 6.578490 50.998779
v 5.124710 7.195688 50.998779
v 5.386523 7.344268 50.698792
v 5.717582 6.758504 50.698792
v 6.648186 5.793078 50.698792
v 7.221397 5.440734 50.698792
v 5.306587 7.307587 50.910980
v 5.644925 6.708943 50.910980
v 6.078818 6.175479 50.910980
v 6.586934 5.728987 50.910980
v 7.161113 5.372705 50.910980
v -24.623699 7.903514 50.975952
v -24.714607 7.938274 50.910919
v -24.775352 7.961499 50.813599
v -26.477970 6.812511 50.698792
v -25.588776 7.047477 50.698792
v -26.734364 6.830865 50.698792
v -27.235840 6.954690 50.813599
v -25.100735 7.027199 50.998779
v -25.682674 6.668931 50.998779
v -27.028679 6.586006 50.998779
v -27.037750 6.707873 50.975952
v -27.010307 6.801250 50.910919
v -26.991970 6.863643 50.813599
v -26.760746 6.647558 50.975952
v -26.746880 6.743893 50.910919
v -26.737617 6.808262 50.813599
v -26.477970 6.627316 50.975952
v -26.477970 6.724643 50.910919
v -26.355900 6.631073 50.975952
v -26.477970 6.789675 50.813599
v -26.361885 6.728216 50.910919
v -26.137756 6.656686 50.975952
v -26.365883 6.793124 50.813599
v -26.154434 6.752573 50.910919
v -26.165581 6.816643 50.813599
v -25.807606 6.743927 50.975952
v -25.840469 6.835537 50.910919
v -25.862431 6.896749 50.813599
v -25.497292 6.886457 50.975952
v -25.545368 6.971078 50.910919
v -25.577496 7.027621 50.813599
v -25.215992 7.080059 50.975952
v -25.277863 7.155190 50.910919
v -25.319202 7.205391 50.813599
v -24.972038 7.319005 50.975952
v -25.045868 7.382421 50.910919
v -25.095200 7.424794 50.813599
v -24.772640 7.596224 50.975952
v -24.856247 7.646049 50.910919
v -24.912109 7.679341 50.813599
v 7.937367 5.138031 50.698792
v 7.999884 5.053383 50.698792
v 7.809795 5.108510 50.910950
v -27.351070 6.979781 50.813599
v -27.425564 6.813827 50.967255
v -27.425564 6.879526 50.929321
v -27.495388 6.834120 50.926544
v -27.425564 6.933168 50.875702
v -27.495388 6.888591 50.884766
v -27.425564 6.971100 50.809998
v -27.495388 6.930387 50.830292
v -27.425564 6.990736 50.736725
v -27.556171 6.876311 50.832062
v -27.495388 6.956663 50.766846
v -27.556171 6.904890 50.782562
v -27.556171 6.919682 50.727356
v 8.022030 4.950511 50.698792
v 7.934107 4.939703 50.910980
v -27.447906 6.764287 50.975952
v -27.529999 6.816570 50.910919
v -27.584850 6.851504 50.813599
v -27.604111 6.863772 50.698792
v -27.541039 6.799334 50.910919
v 7.972522 -5.074807 50.698792
v 7.934113 -4.914642 50.910980
v -27.459209 6.746641 50.975952
v -27.595715 6.834541 50.813599
v -29.801502 5.189432 50.698792
v -29.279411 5.391060 50.698792
v -28.790573 5.663587 50.698792
v -28.344559 6.001674 50.698792
v -27.950096 6.398704 50.698792
v -29.765747 5.108514 50.910919
v -27.817074 6.097252 50.998779
v -29.242100 5.311509 50.910919
v -29.269714 5.370386 50.813599
v -28.742523 5.590021 50.910919
v -28.778084 5.644466 50.813599
v -28.435455 5.688134 50.975952
v -28.494583 5.765443 50.910919
v -28.534088 5.817100 50.813599
v -28.222633 5.862275 50.975952
v -28.286709 5.935534 50.910919
v -28.329525 5.984485 50.813599
v -27.901466 6.175086 50.975952
v -27.973011 6.241070 50.910919
v -28.020817 6.285160 50.813599
v 7.845565 -5.164392 50.698792
v 7.809801 -5.083447 50.910950
v 7.722036 -4.888690 50.998779
v 5.124718 -7.170630 50.998779
v 5.477258 -6.553432 50.998779
v 6.460628 -5.533605 50.998779
v 7.064589 -5.158841 50.998779
v 5.076190 -7.918999 50.910980
v 7.221403 -5.415674 50.698792
v 6.648191 -5.768019 50.698792
v 7.181812 -5.337139 50.910980
v 6.595996 -5.697231 50.910980
v 6.079299 -6.149930 50.910980
v 5.652064 -6.673464 50.910980
v 5.316910 -7.260225 50.910980
v -29.677971 4.913729 50.998779
v -29.955822 5.053362 50.698792
v -29.893311 5.138009 50.698792
v 5.022512 -8.114049 50.698792
v 4.878668 -7.837471 50.998779
v 4.905627 -8.049532 50.910980
v -29.890137 4.939692 50.910889
v -4.981091 -8.114641 50.813599
v -29.677967 -4.888711 50.998779
v -29.890133 -4.914675 50.910889
v -29.801495 -5.164414 50.698792
v -29.955818 -5.028344 50.698792
v -29.765739 -5.083496 50.910919
v -4.981091 -8.049609 50.910919
v -4.981091 -7.952281 50.975952
v -5.105130 -8.114641 50.813599
v -5.105130 -7.952282 50.975952
v -27.342457 -7.319229 50.698792
v -28.098076 -6.211478 50.698792
v -29.177330 -5.415694 50.698792
v -27.032196 -7.919050 50.910919
v -29.020515 -5.158862 50.998779
v -27.882580 -6.002759 50.998779
v -27.433186 -6.553451 50.998779
v -27.080647 -7.170649 50.998779
v -27.262596 -7.282581 50.910919
v -27.600929 -6.683949 50.910919
v -28.034813 -6.150497 50.910919
v -28.542919 -5.704014 50.910919
v -29.117085 -5.347738 50.910919
v -5.262337 -8.092996 50.698792
v -5.105130 -8.049609 50.910919
v -5.186693 -8.123707 50.736450
v -5.186693 -8.104201 50.809265
v -5.262112 -8.084416 50.764954
v -5.186693 -8.066518 50.874542
v -5.325704 -8.039080 50.725311
v -5.262112 -8.058877 50.826599
v -5.186693 -8.013227 50.927826
v -5.325704 -8.025340 50.776611
v -5.262112 -8.018250 50.879547
v -5.186693 -7.947958 50.965515
v -5.325704 -7.998799 50.822571
v -5.262112 -7.965302 50.920166
v -26.872784 -8.137489 50.698792
v -27.114265 -7.952196 50.698792
v -26.978439 -8.114066 50.698792
v -27.064293 -8.048187 50.698792
v -6.977963 -6.802283 50.975952
v -6.977963 -6.899610 50.910919
v -6.977963 -6.964642 50.813599
v -6.977963 -6.987478 50.698792
v -7.932791 -6.917104 50.998779
v -7.627930 -6.790596 50.998779
v -8.748409 -7.889415 50.975952
v -7.535077 -7.075863 50.698792
v -8.252396 -7.516328 50.698792
v -7.289022 -6.826804 50.975952
v -7.273772 -6.922929 50.910919
v -7.263582 -6.987158 50.813599
v -7.592397 -6.899762 50.975952
v -7.562273 -6.992310 50.910919
v -7.542145 -7.054149 50.813599
v -7.880592 -7.019354 50.975952
v -7.836339 -7.106040 50.910919
v -7.806770 -7.163960 50.813599
v -8.146489 -7.182627 50.975952
v -8.089199 -7.261308 50.910919
v -8.050920 -7.313879 50.813599
v -8.383518 -7.385546 50.975952
v -8.314608 -7.454277 50.910919
v -8.268564 -7.500203 50.813599
v -8.585823 -7.623098 50.975952
v -8.506996 -7.680183 50.910919
v -8.454326 -7.718327 50.813599
v -26.834595 -7.837489 50.998779
v -26.861565 -8.049648 50.910889
v -8.974836 -7.837479 50.998779
v -8.974835 -8.114643 50.813599
v -8.583248 -7.973193 50.698792
v -8.693584 -8.092995 50.698792
v -8.603614 -7.962862 50.813599
v -8.661611 -7.933444 50.910919
v -8.850796 -8.114643 50.813599
v -8.850796 -8.049611 50.910919
v -8.850796 -7.952284 50.975952
v -8.630222 -8.025342 50.776611
v -8.693814 -8.084418 50.764954
v -8.630222 -7.998801 50.822571
v -8.769232 -8.123709 50.736450
v -8.693814 -8.058879 50.826599
v -8.769232 -8.104203 50.809265
v -8.693815 -8.018251 50.879547
v -8.769232 -8.066520 50.874542
v -8.693815 -7.965304 50.920166
v -8.769233 -8.013228 50.927826
v -8.769233 -7.947960 50.965515
v -8.974836 -7.952284 50.975952
v -8.974835 -8.049611 50.910919
v 0.372036 -5.187474 50.998779
v 0.372036 -5.087474 50.971985
v 0.372036 -5.014269 50.898773
v 0.372030 5.212526 50.998779
v 2.150534 4.898928 50.998779
v 3.714526 3.995959 50.998779
v 5.258433 1.791034 50.998779
v 4.875367 -2.587471 50.998779
v 2.972035 -4.490804 50.998779
v 2.082136 -4.685936 50.798767
v 2.872036 -4.317599 50.798767
v 3.585972 -3.817694 50.798767
v 4.702160 -2.487471 50.798767
v 5.070497 -1.697572 50.798767
v 5.296072 -0.855712 50.798767
v 5.372033 0.012529 50.798767
v 5.296071 0.880770 50.798767
v 5.070495 1.722630 50.798767
v 4.702157 2.512529 50.798767
v 3.585968 3.842750 50.798767
v 2.872031 4.342655 50.798767
v 2.082130 4.710990 50.798767
v 1.240270 4.936566 50.798767
v 1.257641 -5.009993 50.971985
v 1.244929 -4.937900 50.898773
v 2.116338 -4.779905 50.971985
v 2.091301 -4.711115 50.898773
v 2.922034 -4.404202 50.971985
v 2.885432 -4.340805 50.898773
v 3.650251 -3.894299 50.971985
v 3.603197 -3.838220 50.898773
v 4.278861 -3.265689 50.971985
v 4.222783 -3.218634 50.898773
v 4.788764 -2.537471 50.971985
v 4.725367 -2.500868 50.898773
v 5.164466 -1.731774 50.971985
v 5.095675 -1.706736 50.898773
v 5.394553 -0.873077 50.971985
v 5.322460 -0.860365 50.898773
v 5.472034 0.012529 50.971985
v 5.398828 0.012529 50.898773
v 5.394552 0.898135 50.971985
v 5.322459 0.885423 50.898773
v 5.164464 1.756832 50.971985
v 5.095673 1.731794 50.898773
v 4.788761 2.562529 50.971985
v 4.725364 2.525927 50.898773
v 4.278857 3.290745 50.971985
v 4.222779 3.243689 50.898773
v 3.650247 3.919355 50.971985
v 3.603192 3.863276 50.898773
v 2.922029 4.429258 50.971985
v 2.885427 4.365860 50.898773
v 2.116332 4.804959 50.971985
v 2.091295 4.736169 50.898773
v 1.257635 5.035046 50.971985
v 1.244923 4.962953 50.898773
v 8.939697 8.078481 23.998779
v 8.317681 8.437602 23.998779
v 8.212701 8.587528 23.998779
v 8.135350 8.753407 23.998779
v 8.087979 8.930198 23.998779
v 8.087979 9.294859 23.998779
v 8.135349 9.471651 23.998779
v 8.212700 9.637528 23.998779
v 8.939697 8.078483 49.498779
v 8.762907 8.125854 49.498779
v 8.447101 8.308184 49.498779
v 8.212701 8.587530 49.498779
v 8.072028 9.112531 49.498779
v 8.087979 9.294861 49.498779
v 8.447100 9.916877 49.498779
v 8.939696 10.146579 49.498779
v 9.122038 -10.137470 23.998779
v 8.939708 -10.121520 23.998779
v 8.762918 -10.074149 23.998779
v 8.447111 -9.891818 23.998779
v 8.317692 -9.762399 23.998779
v 8.212711 -9.612472 23.998779
v 8.135361 -9.446592 23.998779
v 8.087989 -9.269802 23.998779
v 8.072038 -9.087471 23.998779
v 8.087989 -8.905140 23.998779
v 8.135360 -8.728351 23.998779
v 8.212710 -8.562471 23.998779
v 8.317691 -8.412544 23.998779
v 8.447110 -8.283125 23.998779
v 8.762917 -8.100794 23.998779
v 9.122037 -8.037471 23.998779
v 8.447111 -9.891816 49.498779
v 8.317692 -9.762397 49.498779
v 8.212711 -9.612470 49.498779
v 8.135361 -9.446590 49.498779
v 8.072038 -9.087469 49.498779
v 8.135360 -8.728349 49.498779
v 8.762917 -8.100792 49.498779
v 9.122037 -8.037469 49.498779
v -31.077961 -10.137493 23.998779
v -31.260292 -10.121542 23.998779
v -31.437084 -10.074171 23.998779
v -31.602962 -9.996821 23.998779
v -31.752888 -9.891841 23.998779
v -31.882309 -9.762422 23.998779
v -31.987289 -9.612494 23.998779
v -32.064640 -9.446615 23.998779
v -32.112011 -9.269825 23.998779
v -32.127960 -9.087494 23.998779
v -32.112011 -8.905163 23.998779
v -32.064640 -8.728374 23.998779
v -31.987289 -8.562494 23.998779
v -31.882309 -8.412567 23.998779
v -31.752892 -8.283148 23.998779
v -31.602962 -8.178167 23.998779
v -31.437084 -8.100816 23.998779
v -31.260296 -8.053445 23.998779
v -31.437084 -10.074169 49.498779
v -32.112011 -9.269823 49.498779
v -32.127960 -9.087492 49.498779
v -32.112011 -8.905161 49.498779
v -32.064640 -8.728372 49.498779
v -31.987289 -8.562492 49.498779
v -31.882309 -8.412565 49.498779
v -31.752892 -8.283146 49.498779
v -31.437084 -8.100814 49.498779
v -31.077965 -8.037492 49.498779
v -32.064651 8.753385 23.998779
v -32.127972 9.112506 23.998779
v -32.112022 9.294836 23.998779
v -32.064651 9.471628 23.998779
v -31.752899 9.916852 23.998779
v -31.260303 8.078461 49.498779
v -31.437092 8.125832 49.498779
v -31.602970 8.203181 49.498779
v -31.752899 8.308161 49.498779
v -31.882317 8.437581 49.498779
v -31.987301 8.587507 49.498779
v -32.064651 8.753386 49.498779
v -32.112022 8.930177 49.498779
v -32.127972 9.112508 49.498779
v -32.112022 9.294838 49.498779
v -32.064651 9.471630 49.498779
v -31.987301 9.637507 49.498779
v -31.882320 9.787435 49.498779
v -31.752899 9.916854 49.498779
v -31.602974 10.021834 49.498779
v -31.437096 10.099186 49.498779
v -31.260303 10.146557 49.498779
v -31.077972 10.162509 49.498779
v -32.489994 -11.432487 49.128204
v -32.489994 -11.382538 49.248779
v -32.489994 -11.303079 49.352325
v -32.489994 -11.199526 49.431793
v -32.489994 -11.078935 49.481750
v -32.489994 -10.949526 49.498779
v 10.534072 -11.078911 49.481750
v 10.534072 -11.432464 49.128204
v -32.923008 -11.199526 48.998779
v -32.989994 -10.949526 48.998779
v -32.972958 -10.949526 49.128204
v -32.843548 -10.949526 49.352325
v -32.739994 -10.949526 49.431793
v -32.619404 -10.949526 49.481750
v -32.974392 -11.004104 49.110046
v -32.950104 -11.110524 49.110046
v -32.902740 -11.208872 49.110046
v -32.929184 -11.049767 49.215729
v -32.834682 -11.294214 49.110046
v -32.895866 -11.144982 49.215729
v -32.878452 -10.993294 49.310516
v -32.749340 -11.362272 49.110046
v -32.842197 -11.230397 49.215729
v -32.858974 -11.078636 49.310516
v -32.650993 -11.409634 49.110046
v -32.770866 -11.301728 49.215729
v -32.820992 -11.157505 49.310516
v -32.793922 -11.018894 49.389709
v -32.544575 -11.433924 49.110046
v -32.685452 -11.355397 49.215729
v -32.766415 -11.225945 49.310516
v -32.770866 -11.084785 49.389709
v -32.705570 -10.973815 49.449280
v -32.590237 -11.388715 49.215729
v -32.697975 -11.280522 49.310516
v -32.733727 -11.143894 49.389709
v -32.694763 -11.021176 49.449280
v -32.619106 -11.318503 49.310516
v -32.684364 -11.193256 49.389709
v -32.673683 -11.064945 49.449280
v -32.598465 -10.974282 49.486237
v -32.533764 -11.337982 49.310516
v -32.625256 -11.230397 49.389709
v -32.643394 -11.102926 49.449280
v -32.590237 -10.997799 49.486237
v -32.559364 -11.253453 49.389709
v -32.605415 -11.133215 49.449280
v -32.576981 -11.018894 49.486237
v -32.561646 -11.154293 49.449280
v -32.559364 -11.036511 49.486237
v -32.514282 -11.165103 49.449280
v -32.538269 -11.049767 49.486237
v -32.514751 -11.057996 49.486237
v 10.887624 -10.949501 49.352325
v 11.017034 -10.949501 49.128204
v 10.534071 -10.949502 49.498779
v 10.534072 -11.199502 49.431793
v 10.534072 -11.303055 49.352325
v 10.534072 -11.382514 49.248779
v 11.017035 -11.078910 48.998779
v 10.967085 -11.199501 48.998779
v 10.784072 -11.382514 48.998779
v 10.588651 -11.433900 49.110046
v 10.695072 -11.409610 49.110046
v 10.793418 -11.362248 49.110046
v 10.634314 -11.388691 49.215729
v 10.878760 -11.294189 49.110046
v 10.729529 -11.355373 49.215729
v 10.577841 -11.337958 49.310516
v 10.946819 -11.208847 49.110046
v 10.814944 -11.301703 49.215729
v 10.663182 -11.318480 49.310516
v 10.994181 -11.110499 49.110046
v 10.886274 -11.230372 49.215729
v 10.742051 -11.280499 49.310516
v 10.603441 -11.253429 49.389709
v 11.018471 -11.004079 49.110046
v 10.939944 -11.144958 49.215729
v 10.810491 -11.225920 49.310516
v 10.669333 -11.230373 49.389709
v 10.558361 -11.165079 49.449280
v 10.973262 -11.049743 49.215729
v 10.865069 -11.157480 49.310516
v 10.728441 -11.193233 49.389709
v 10.605723 -11.154269 49.449280
v 10.903050 -11.078611 49.310516
v 10.777803 -11.143869 49.389709
v 10.649491 -11.133191 49.449280
v 10.558829 -11.057972 49.486237
v 10.922530 -10.993269 49.310516
v 10.814944 -11.084761 49.389709
v 10.687472 -11.102902 49.449280
v 10.582346 -11.049744 49.486237
v 10.838000 -11.018869 49.389709
v 10.717762 -11.064921 49.449280
v 10.603441 -11.036488 49.486237
v 10.738839 -11.021152 49.449280
v 10.621058 -11.018870 49.486237
v 10.749648 -10.973791 49.449280
v 10.634314 -10.997775 49.486237
v 10.642542 -10.974258 49.486237
v -32.923008 -10.949526 49.248779
v -32.490005 10.974540 49.498779
v -32.972969 10.974540 49.128204
v -32.923019 10.974540 49.248779
v -32.843559 10.974540 49.352325
v -32.740005 10.974540 49.431793
v -32.619415 10.974540 49.481750
v -32.489994 -11.449526 48.998779
v -32.619404 -11.432487 48.998779
v -32.739994 -11.382538 48.998779
v -32.843548 -11.303079 48.998779
v -32.972958 -11.078935 48.998779
v -32.739994 -11.382540 24.498779
v -32.923008 -11.199528 24.498779
v -32.972958 -11.078937 24.498779
v 10.534072 -11.432466 24.369385
v 10.534072 -11.382516 24.248779
v 10.534072 -11.199504 24.065765
v -32.489994 -11.449528 24.498779
v -32.489994 -10.949528 23.998779
v -32.489994 -11.199528 24.065765
v -32.489994 -11.382540 24.248779
v -32.489994 -11.432489 24.369385
v 10.887625 -11.303054 48.998779
v 10.663482 -11.432464 48.998779
v 11.017035 -11.078912 24.498779
v 10.967085 -11.199503 24.498779
v 10.887625 -11.303056 24.498779
v 10.663482 -11.432466 24.498779
v 10.663481 -10.949502 49.481750
v 10.784071 -10.949501 49.431793
v 10.967084 -10.949501 49.248779
v 10.534060 10.974564 49.498779
v 10.663469 10.974564 49.481750
v 11.017022 10.974565 49.128204
v -32.490005 11.103950 49.481750
v -32.490005 11.474540 48.998779
v -32.490005 11.224540 49.431793
v -32.490005 11.328094 49.352325
v -32.490005 11.407553 49.248779
v -32.490005 11.457503 49.128204
v -32.923019 11.224540 48.998779
v -32.843559 11.328094 48.998779
v -32.619415 11.457503 48.998779
v -32.544586 11.458939 49.110046
v -32.651005 11.434649 49.110046
v -32.749352 11.387288 49.110046
v -32.590248 11.413730 49.215729
v -32.834694 11.319228 49.110046
v -32.685463 11.380413 49.215729
v -32.533775 11.362998 49.310516
v -32.902752 11.233887 49.110046
v -32.770878 11.326742 49.215729
v -32.619118 11.343519 49.310516
v -32.950115 11.135539 49.110046
v -32.842209 11.255413 49.215729
v -32.697987 11.305538 49.310516
v -32.559376 11.278469 49.389709
v -32.974403 11.029119 49.110046
v -32.895878 11.169998 49.215729
v -32.766426 11.250959 49.310516
v -32.625267 11.255413 49.389709
v -32.514294 11.190118 49.449280
v -32.929195 11.074782 49.215729
v -32.821003 11.182520 49.310516
v -32.684376 11.218272 49.389709
v -32.561657 11.179308 49.449280
v -32.858986 11.103651 49.310516
v -32.733738 11.168910 49.389709
v -32.605427 11.158230 49.449280
v -32.514763 11.083011 49.486237
v -32.878464 11.018309 49.310516
v -32.770878 11.109801 49.389709
v -32.643406 11.127942 49.449280
v -32.538280 11.074782 49.486237
v -32.793934 11.043910 49.389709
v -32.673695 11.089960 49.449280
v -32.559376 11.061527 49.486237
v -32.694775 11.046191 49.449280
v -32.576992 11.043910 49.486237
v -32.705582 10.998830 49.449280
v -32.590248 11.022814 49.486237
v -32.598476 10.999298 49.486237
v -32.489994 -11.078937 24.015808
v -32.489994 -11.303081 24.145233
v -32.619404 -11.432489 24.498779
v -32.843548 -11.303081 24.498779
v -32.989994 -10.949528 24.498779
v -32.843548 -10.949528 24.145233
v -32.923008 -10.949528 24.248779
v -32.972958 -10.949528 24.369385
v -32.600555 -10.961984 24.011322
v -32.595013 -10.986273 24.011322
v -32.584202 -11.008721 24.011322
v -32.701496 -10.997801 24.048309
v -32.568668 -11.028200 24.011322
v -32.685452 -11.043654 24.048309
v -32.799778 -10.984431 24.107880
v -32.549187 -11.043734 24.011322
v -32.659607 -11.084787 24.048309
v -32.784245 -11.052489 24.107880
v -32.526741 -11.054543 24.011322
v -32.625256 -11.119139 24.048309
v -32.753956 -11.115385 24.107880
v -32.871109 -11.036513 24.187042
v -32.502453 -11.060087 24.011322
v -32.584122 -11.144984 24.048309
v -32.710430 -11.169964 24.107880
v -32.842197 -11.119139 24.187042
v -32.937645 -10.999965 24.281830
v -32.538269 -11.161030 24.048309
v -32.655853 -11.213489 24.107880
v -32.795624 -11.193258 24.187042
v -32.915199 -11.098312 24.281830
v -32.592957 -11.243777 24.107880
v -32.733727 -11.255157 24.187042
v -32.871429 -11.189198 24.281830
v -32.965237 -11.057998 24.387512
v -32.524899 -11.259312 24.107880
v -32.659607 -11.301730 24.187042
v -32.808537 -11.268067 24.281830
v -32.929184 -11.161030 24.387512
v -32.576981 -11.330642 24.187042
v -32.729668 -11.330963 24.281830
v -32.871109 -11.253455 24.387512
v -32.638779 -11.374731 24.281830
v -32.793922 -11.330642 24.387512
v -32.540432 -11.397179 24.281830
v -32.701496 -11.388717 24.387512
v -32.598465 -11.424769 24.387512
v 10.784072 -11.382515 24.498779
v 10.534072 -11.449504 24.498779
v 10.534072 -11.303057 24.145233
v 10.534072 -11.078913 24.015808
v 11.017034 -10.949503 24.369385
v 10.887624 -10.949503 24.145233
v 10.546529 -11.060063 24.011322
v 10.570819 -11.054520 24.011322
v 10.593266 -11.043710 24.011322
v 10.582346 -11.161006 24.048309
v 10.612744 -11.028176 24.011322
v 10.628200 -11.144960 24.048309
v 10.568976 -11.259288 24.107880
v 10.628279 -11.008698 24.011322
v 10.669333 -11.119115 24.048309
v 10.637034 -11.243753 24.107880
v 10.639089 -10.986249 24.011322
v 10.703684 -11.084764 24.048309
v 10.699929 -11.213465 24.107880
v 10.621058 -11.330618 24.187042
v 10.644631 -10.961960 24.011322
v 10.729529 -11.043631 24.048309
v 10.754509 -11.169940 24.107880
v 10.703684 -11.301706 24.187042
v 10.584510 -11.397155 24.281830
v 10.745574 -10.997777 24.048309
v 10.798034 -11.115360 24.107880
v 10.777803 -11.255133 24.187042
v 10.682858 -11.374707 24.281830
v 10.828322 -11.052464 24.107880
v 10.839702 -11.193233 24.187042
v 10.773744 -11.330938 24.281830
v 10.642543 -11.424746 24.387512
v 10.843856 -10.984406 24.107880
v 10.886274 -11.119114 24.187042
v 10.852612 -11.268043 24.281830
v 10.745574 -11.388692 24.387512
v 10.915186 -11.036489 24.187042
v 10.915508 -11.189174 24.281830
v 10.838000 -11.330617 24.387512
v 10.959275 -11.098288 24.281830
v 10.915186 -11.253430 24.387512
v 10.981724 -10.999940 24.281830
v 10.973262 -11.161005 24.387512
v 11.009314 -11.057973 24.387512
v 10.534059 11.457527 49.128204
v 10.534059 11.407577 49.248779
v 10.534059 11.328117 49.352325
v 10.534059 11.224564 49.431793
v 10.534059 11.103973 49.481750
v 10.784060 10.974565 49.431793
v 10.887612 10.974565 49.352325
v 10.967072 10.974565 49.248779
v 11.034060 10.974565 48.998779
v 10.663468 11.457527 48.998779
v 10.887611 11.328118 48.998779
v 10.967072 11.224565 48.998779
v 11.018457 11.029143 49.110046
v 10.994167 11.135564 49.110046
v 10.946806 11.233912 49.110046
v 10.973248 11.074807 49.215729
v 10.878747 11.319253 49.110046
v 10.939931 11.170023 49.215729
v 10.922517 11.018333 49.310516
v 10.793405 11.387312 49.110046
v 10.886261 11.255438 49.215729
v 10.903037 11.103676 49.310516
v 10.695059 11.434673 49.110046
v 10.814931 11.326767 49.215729
v 10.865056 11.182545 49.310516
v 10.837987 11.043935 49.389709
v 10.588637 11.458962 49.110046
v 10.729516 11.380437 49.215729
v 10.810477 11.250984 49.310516
v 10.814931 11.109826 49.389709
v 10.749636 10.998854 49.449280
v 10.634300 11.413754 49.215729
v 10.742038 11.305562 49.310516
v 10.777790 11.168935 49.389709
v 10.738826 11.046215 49.449280
v 10.663169 11.343543 49.310516
v 10.728428 11.218296 49.389709
v 10.717749 11.089984 49.449280
v 10.642529 10.999322 49.486237
v 10.577827 11.363022 49.310516
v 10.669319 11.255437 49.389709
v 10.687459 11.127966 49.449280
v 10.634300 11.022838 49.486237
v 10.603428 11.278493 49.389709
v 10.649478 11.158254 49.449280
v 10.621045 11.043934 49.486237
v 10.605710 11.179332 49.449280
v 10.603428 11.061551 49.486237
v 10.558348 11.190142 49.449280
v 10.582333 11.074806 49.486237
v 10.558816 11.083035 49.486237
v -32.972969 11.103950 48.998779
v -32.740005 11.407553 48.998779
v -32.972969 11.103948 24.498779
v -32.923019 11.224538 24.498779
v -32.740005 11.407551 24.498779
v -32.619404 -10.949528 24.015808
v -32.739994 -10.949528 24.065765
v -32.990005 10.974538 24.498779
v -32.619415 10.974538 24.015808
v 10.967084 -10.949503 24.248779
v 10.784071 -10.949503 24.065765
v 10.663481 -10.949504 24.015808
v 10.534071 -10.949504 23.998779
v 10.534060 10.974562 23.998779
v 11.017022 10.974563 24.369385
v 10.967072 10.974563 24.248779
v 10.887612 10.974563 24.145233
v 10.784060 10.974563 24.065765
v 10.663469 10.974562 24.015808
v 10.784059 11.407577 48.998779
v 11.017021 11.103974 48.998779
v 11.034060 10.974563 24.498779
v 10.534059 11.474562 24.498779
v 10.784059 11.407576 24.498779
v 10.967072 11.224563 24.498779
v -32.740005 10.974538 24.065765
v -32.843559 10.974538 24.145233
v -32.923019 10.974538 24.248779
v -32.972969 10.974538 24.369385
v -32.843559 11.328092 24.498779
v -32.619415 11.457501 24.498779
v -32.490005 11.474538 24.498779
v -32.490005 11.103948 24.015808
v -32.490005 11.328092 24.145233
v -32.490005 11.457501 24.369385
v -32.502464 11.085098 24.011322
v -32.526752 11.079556 24.011322
v -32.549198 11.068746 24.011322
v -32.538280 11.186041 24.048309
v -32.568680 11.053210 24.011322
v -32.584133 11.169996 24.048309
v -32.524910 11.284323 24.107880
v -32.584213 11.033732 24.011322
v -32.625267 11.144150 24.048309
v -32.592968 11.268789 24.107880
v -32.595024 11.011285 24.011322
v -32.659618 11.109799 24.048309
v -32.655865 11.238501 24.107880
v -32.576992 11.355653 24.187042
v -32.600567 10.986996 24.011322
v -32.685463 11.068666 24.048309
v -32.710442 11.194975 24.107880
v -32.659618 11.326740 24.187042
v -32.540443 11.422190 24.281830
v -32.701508 11.022812 24.048309
v -32.753967 11.140396 24.107880
v -32.733738 11.280169 24.187042
v -32.638790 11.399743 24.281830
v -32.784256 11.077501 24.107880
v -32.795635 11.218270 24.187042
v -32.729679 11.355974 24.281830
v -32.598476 11.449780 24.387512
v -32.799789 11.009442 24.107880
v -32.842209 11.144150 24.187042
v -32.808548 11.293078 24.281830
v -32.701508 11.413728 24.387512
v -32.871120 11.061525 24.187042
v -32.871441 11.214211 24.281830
v -32.793934 11.355653 24.387512
v -32.915211 11.123323 24.281830
v -32.871120 11.278467 24.387512
v -32.937656 11.024977 24.281830
v -32.929195 11.186041 24.387512
v -32.965248 11.083009 24.387512
v 10.663468 11.457525 24.498779
v 10.887611 11.328116 24.498779
v 11.017021 11.103972 24.498779
v 10.534059 11.407575 24.248779
v 10.534059 11.328115 24.145233
v 10.534059 11.224562 24.065765
v 10.534059 11.103971 24.015808
v 10.644619 10.987020 24.011322
v 10.639075 11.011309 24.011322
v 10.628265 11.033756 24.011322
v 10.745561 11.022836 24.048309
v 10.612731 11.053234 24.011322
v 10.729516 11.068689 24.048309
v 10.843843 11.009467 24.107880
v 10.593252 11.068769 24.011322
v 10.703671 11.109823 24.048309
v 10.828309 11.077526 24.107880
v 10.570806 11.079579 24.011322
v 10.669319 11.144174 24.048309
v 10.798020 11.140421 24.107880
v 10.915173 11.061550 24.187042
v 10.546515 11.085122 24.011322
v 10.628186 11.170020 24.048309
v 10.754496 11.194999 24.107880
v 10.886261 11.144175 24.187042
v 10.981710 11.025002 24.281830
v 10.582333 11.186065 24.048309
v 10.699916 11.238524 24.107880
v 10.839688 11.218295 24.187042
v 10.959262 11.123348 24.281830
v 10.637021 11.268813 24.107880
v 10.777790 11.280193 24.187042
v 10.915495 11.214235 24.281830
v 11.009300 11.083034 24.387512
v 10.568963 11.284347 24.107880
v 10.703671 11.326764 24.187042
v 10.852599 11.293103 24.281830
v 10.973248 11.186066 24.387512
v 10.621045 11.355677 24.187042
v 10.773730 11.355999 24.281830
v 10.915173 11.278492 24.387512
v 10.682844 11.399767 24.281830
v 10.837987 11.355678 24.387512
v 10.584496 11.422214 24.281830
v 10.745561 11.413753 24.387512
v 10.642529 11.449804 24.387512
v -32.490005 11.224538 24.065765
v -32.490005 11.407551 24.248779
v 10.534059 11.457525 24.369385
vn -0.1736 -0.9848 -0.0000
vn -0.0000 -1.0000 -0.0000
vn -0.3420 -0.9397 -0.0000
vn -0.5000 -0.8660 -0.0000
vn -0.6428 -0.7660 -0.0000
vn -0.7660 -0.6428 -0.0000
vn -0.8660 -0.5000 -0.0000
vn -0.9397 -0.3420 -0.0000
vn -0.9848 -0.1736 -0.0000
vn -1.0000 -0.0000 -0.0000
vn -0.9848 0.1736 -0.0000
vn -0.9397 0.3420 -0.0000
vn -0.8660 0.5000 -0.0000
vn -0.7660 0.6428 -0.0000
vn -0.6428 0.7660 -0.0000
vn -0.5000 0.8660 -0.0000
vn -0.3420 0.9397 -0.0000
vn -0.1736 0.9848 -0.0000
vn -0.1737 0.9848 -0.0000
vn -0.0000 1.0000 -0.0000
vn -0.9848 -0.1737 -0.0000
vn 0.0449 -0.2552 0.9659
vn -0.0000 -0.1232 0.9924
vn 0.0214 -0.1216 0.9923
vn -0.0000 -0.2585 0.9660
vn 0.1497 -0.8493 0.5062
vn 0.1721 -0.9763 0.1314
vn -0.0000 -0.9913 0.1315
vn -0.0000 -0.8623 0.5063
vn -0.0000 -0.7071 0.7071
vn 0.1228 -0.6964 0.7070
vn 0.0885 -0.2431 0.9660
vn 0.0422 -0.1159 0.9924
vn 0.2950 -0.8103 0.5063
vn 0.2419 -0.6644 0.7072
vn 0.3391 -0.9315 0.1315
vn 0.1294 -0.2241 0.9659
vn 0.0617 -0.1068 0.9924
vn 0.4312 -0.7468 0.5063
vn 0.3536 -0.6122 0.7072
vn 0.4956 -0.8585 0.1314
vn 0.1664 -0.1984 0.9659
vn 0.0793 -0.0946 0.9923
vn 0.4545 -0.5419 0.7070
vn 0.5543 -0.6607 0.5062
vn 0.6372 -0.7594 0.1315
vn 0.1983 -0.1665 0.9659
vn 0.0945 -0.0794 0.9924
vn 0.6606 -0.5543 0.5063
vn 0.5417 -0.4545 0.7071
vn 0.7594 -0.6372 0.1315
vn 0.2241 -0.1295 0.9659
vn 0.1069 -0.0617 0.9924
vn 0.7468 -0.4312 0.5063
vn 0.8585 -0.4957 0.1315
vn 0.6124 -0.3535 0.7071
vn 0.2432 -0.0884 0.9659
vn 0.1159 -0.0421 0.9924
vn 0.6645 -0.2418 0.7071
vn 0.8104 -0.2949 0.5063
vn 0.9315 -0.3391 0.1315
vn 0.2549 -0.0450 0.9659
vn 0.1215 -0.0215 0.9924
vn 0.8493 -0.1498 0.5063
vn 0.9763 -0.1722 0.1315
vn 0.6964 -0.1228 0.7071
vn 0.2588 -0.0000 0.9659
vn 0.1234 -0.0000 0.9924
vn 0.7071 -0.0000 0.7071
vn 0.8624 -0.0000 0.5063
vn 0.9913 -0.0000 0.1315
vn 0.2549 0.0449 0.9659
vn 0.1215 0.0214 0.9924
vn 0.8493 0.1497 0.5063
vn 0.9763 0.1721 0.1315
vn 0.6964 0.1228 0.7071
vn 0.2432 0.0885 0.9659
vn 0.1159 0.0422 0.9924
vn 0.8104 0.2949 0.5063
vn 0.9315 0.3391 0.1315
vn 0.6645 0.2418 0.7071
vn 0.2241 0.1294 0.9659
vn 0.1069 0.0617 0.9924
vn 0.7468 0.4311 0.5063
vn 0.8585 0.4956 0.1315
vn 0.6124 0.3535 0.7071
vn 0.1983 0.1662 0.9659
vn 0.0945 0.0793 0.9924
vn 0.6606 0.5543 0.5063
vn 0.7594 0.6372 0.1315
vn 0.5417 0.4544 0.7071
vn 0.1664 0.1983 0.9659
vn 0.0793 0.0945 0.9924
vn 0.4545 0.5418 0.7070
vn 0.5542 0.6607 0.5062
vn 0.6372 0.7594 0.1314
vn 0.4956 0.8585 0.1314
vn 0.1294 0.2243 0.9659
vn 0.0617 0.1070 0.9923
vn 0.4312 0.7468 0.5063
vn 0.3536 0.6123 0.7071
vn 0.3391 0.9315 0.1315
vn 0.0885 0.2435 0.9659
vn 0.0422 0.1160 0.9923
vn 0.2419 0.6644 0.7072
vn 0.2950 0.8103 0.5064
vn 0.0449 0.2549 0.9659
vn 0.0214 0.1216 0.9924
vn -0.0000 0.1233 0.9924
vn -0.0000 0.2586 0.9660
vn 0.1228 0.6965 0.7070
vn 0.1497 0.8493 0.5062
vn -0.0000 0.7071 0.7071
vn -0.0000 0.8623 0.5063
vn -0.0000 0.9913 0.1315
vn 0.1721 0.9763 0.1314
vn -0.8061 -0.5836 0.0982
vn -0.8206 -0.5679 0.0645
vn -0.7947 -0.4722 0.3813
vn -0.0000 -0.3743 0.9273
vn -0.0146 -0.0920 0.9957
vn -0.0000 -0.0931 0.9957
vn -0.0000 -0.9953 0.0966
vn -0.1560 -0.9830 0.0966
vn -0.0000 -0.9224 0.3862
vn -0.3031 -0.2196 0.9273
vn -0.0615 -0.1086 0.9922
vn -0.0754 -0.0546 0.9957
vn -0.2939 -0.2236 0.9293
vn -0.5687 -0.4119 0.7120
vn -0.6057 -0.3757 0.7014
vn -0.7471 -0.5411 0.3862
vn -0.2650 -0.2642 0.9274
vn -0.0659 -0.0657 0.9957
vn -0.4972 -0.4958 0.7121
vn -0.6531 -0.6514 0.3862
vn -0.7048 -0.7027 0.0977
vn -0.2203 -0.3026 0.9273
vn -0.0548 -0.0753 0.9957
vn -0.4133 -0.5677 0.7120
vn -0.5430 -0.7457 0.3862
vn -0.5860 -0.8045 0.0973
vn -0.1702 -0.3333 0.9273
vn -0.0423 -0.0829 0.9957
vn -0.3193 -0.6254 0.7120
vn -0.4195 -0.8215 0.3862
vn -0.4527 -0.8864 0.0970
vn -0.1158 -0.3559 0.9273
vn -0.0288 -0.0886 0.9957
vn -0.2173 -0.6677 0.7120
vn -0.2855 -0.8771 0.3862
vn -0.3081 -0.9464 0.0967
vn -0.0586 -0.3695 0.9274
vn -0.1100 -0.6934 0.7121
vn -0.0000 -0.7023 0.7119
vn -0.1445 -0.9110 0.3862
vn -0.0105 0.3863 0.9223
vn -0.0398 0.1153 0.9925
vn 0.1099 0.3779 0.9193
vn 0.0046 0.6980 0.7161
vn 0.2244 0.6535 0.7229
vn 0.2155 0.7814 0.5857
vn -0.0099 0.9240 0.3824
vn 0.3307 0.8651 0.3773
vn 0.2052 0.9068 0.3682
vn 0.2115 0.9717 0.1052
vn -0.0142 0.9990 0.0434
vn 0.3099 0.9481 0.0709
vn -0.9848 0.1737 -0.0000
vn -0.1722 0.9763 0.1315
vn -0.3391 0.9315 0.1315
vn -0.4957 0.8585 0.1315
vn -0.6372 0.7594 0.1314
vn -0.7594 0.6372 0.1315
vn -0.8585 0.4957 0.1314
vn -0.9316 0.3390 0.1315
vn -0.9763 0.1722 0.1315
vn -0.9913 -0.0000 0.1315
vn -0.9763 -0.1721 0.1315
vn -0.9315 -0.3391 0.1315
vn -0.8585 -0.4957 0.1315
vn -0.7594 -0.6372 0.1315
vn -0.6372 -0.7594 0.1315
vn -0.4956 -0.8585 0.1315
vn -0.3391 -0.9315 0.1315
vn -0.1721 -0.9763 0.1314
vn -0.0073 1.0000 -0.0000
vn 0.1417 0.9850 0.0984
vn -0.0006 0.9944 0.1052
vn 0.1424 0.9898 -0.0000
vn 0.2806 0.9548 0.0984
vn 0.2820 0.9594 -0.0000
vn 0.2179 0.9759 -0.0070
vn -0.1607 -0.9114 -0.3789
vn -0.0000 -0.9952 -0.0975
vn -0.1728 -0.9801 -0.0975
vn -0.0000 -0.9255 -0.3789
vn -0.1237 -0.7016 -0.7018
vn -0.0000 -0.7125 -0.7017
vn -0.0680 -0.3859 -0.9200
vn -0.0179 -0.1018 -0.9946
vn -0.0000 -0.1035 -0.9946
vn -0.0000 -0.3919 -0.9200
vn -0.3165 -0.8696 -0.3789
vn -0.3404 -0.9352 -0.0975
vn -0.2437 -0.6694 -0.7018
vn -0.1340 -0.3682 -0.9200
vn -0.0354 -0.0971 -0.9946
vn -0.4628 -0.8014 -0.3790
vn -0.4977 -0.8619 -0.0975
vn -0.3562 -0.6171 -0.7017
vn -0.1959 -0.3394 -0.9200
vn -0.0517 -0.0894 -0.9947
vn -0.5948 -0.7090 -0.3789
vn -0.6397 -0.7624 -0.0975
vn -0.4579 -0.5458 -0.7017
vn -0.2519 -0.3002 -0.9200
vn -0.0664 -0.0792 -0.9946
vn -0.0792 -0.0664 -0.9946
vn -0.7090 -0.5948 -0.3790
vn -0.7624 -0.6397 -0.0975
vn -0.5458 -0.4578 -0.7018
vn -0.3002 -0.2518 -0.9201
vn -0.8014 -0.4628 -0.3789
vn -0.8619 -0.4976 -0.0975
vn -0.6170 -0.3563 -0.7017
vn -0.3393 -0.1959 -0.9200
vn -0.0895 -0.0517 -0.9946
vn -0.8696 -0.3165 -0.3789
vn -0.9352 -0.3404 -0.0975
vn -0.6695 -0.2437 -0.7017
vn -0.3682 -0.1340 -0.9200
vn -0.0971 -0.0354 -0.9946
vn -0.1018 -0.0180 -0.9946
vn -0.9114 -0.1607 -0.3789
vn -0.9801 -0.1728 -0.0975
vn -0.7016 -0.1237 -0.7017
vn -0.3859 -0.0680 -0.9200
vn -0.9254 -0.0000 -0.3789
vn -0.9952 -0.0000 -0.0975
vn -0.7124 -0.0000 -0.7017
vn -0.3918 -0.0000 -0.9200
vn -0.1034 -0.0000 -0.9946
vn -0.9114 0.1607 -0.3789
vn -0.9801 0.1728 -0.0975
vn -0.7016 0.1237 -0.7017
vn -0.3859 0.0680 -0.9200
vn -0.1018 0.0179 -0.9946
vn -0.8696 0.3165 -0.3789
vn -0.9352 0.3404 -0.0975
vn -0.6695 0.2436 -0.7018
vn -0.3682 0.1340 -0.9200
vn -0.0971 0.0354 -0.9946
vn -0.0895 0.0516 -0.9946
vn -0.8014 0.4627 -0.3789
vn -0.8619 0.4976 -0.0975
vn -0.6170 0.3563 -0.7017
vn -0.3393 0.1960 -0.9200
vn -0.7090 0.5948 -0.3789
vn -0.7624 0.6397 -0.0975
vn -0.5458 0.4579 -0.7018
vn -0.3002 0.2519 -0.9200
vn -0.0792 0.0665 -0.9946
vn -0.5949 0.7089 -0.3789
vn -0.6397 0.7624 -0.0975
vn -0.4579 0.5458 -0.7017
vn -0.2519 0.3002 -0.9200
vn -0.0664 0.0792 -0.9946
vn -0.4627 0.8015 -0.3789
vn -0.4976 0.8619 -0.0975
vn -0.3562 0.6170 -0.7017
vn -0.1959 0.3395 -0.9200
vn -0.0517 0.0897 -0.9946
vn -0.3165 0.8696 -0.3789
vn -0.3404 0.9352 -0.0975
vn -0.2437 0.6695 -0.7017
vn -0.1340 0.3683 -0.9200
vn -0.0354 0.0972 -0.9946
vn -0.1607 0.9113 -0.3790
vn -0.1728 0.9801 -0.0975
vn -0.0000 0.9952 -0.0975
vn -0.0000 0.9254 -0.3789
vn -0.1237 0.7015 -0.7018
vn -0.0000 0.7125 -0.7017
vn -0.0680 0.3858 -0.9201
vn -0.0000 0.3920 -0.9200
vn -0.0000 0.1035 -0.9946
vn -0.0179 0.1018 -0.9946
vn -0.0000 -0.7071 -0.7071
vn -0.1228 -0.6964 -0.7071
vn -0.2418 -0.6644 -0.7071
vn -0.2418 -0.6645 -0.7071
vn -0.3535 -0.6124 -0.7071
vn -0.4545 -0.5417 -0.7071
vn -0.5417 -0.4545 -0.7071
vn -0.6124 -0.3535 -0.7071
vn -0.6644 -0.2419 -0.7071
vn -0.6963 -0.1228 -0.7071
vn -0.7071 -0.0000 -0.7071
vn -0.6963 0.1229 -0.7071
vn -0.6964 0.1228 -0.7071
vn -0.6644 0.2419 -0.7071
vn -0.6645 0.2418 -0.7071
vn -0.6124 0.3535 -0.7071
vn -0.5417 0.4545 -0.7071
vn -0.4545 0.5417 -0.7071
vn -0.3535 0.6123 -0.7071
vn -0.3536 0.6123 -0.7071
vn -0.2418 0.6644 -0.7071
vn -0.1228 0.6964 -0.7071
vn -0.0000 0.7071 -0.7071
vn -0.1607 -0.9114 -0.3790
vn -0.0000 -0.9254 -0.3790
vn -0.1237 -0.7015 -0.7018
vn -0.0000 -0.7124 -0.7018
vn -0.0179 -0.1019 -0.9946
vn -0.2437 -0.6695 -0.7017
vn -0.1340 -0.3683 -0.9200
vn -0.0354 -0.0972 -0.9946
vn -0.4627 -0.8015 -0.3789
vn -0.4976 -0.8619 -0.0975
vn -0.3562 -0.6170 -0.7017
vn -0.1959 -0.3393 -0.9200
vn -0.0517 -0.0895 -0.9946
vn -0.2519 -0.3001 -0.9200
vn -0.7089 -0.5948 -0.3789
vn -0.7624 -0.6398 -0.0975
vn -0.5458 -0.4579 -0.7018
vn -0.8015 -0.4627 -0.3789
vn -0.8619 -0.4977 -0.0975
vn -0.6170 -0.3562 -0.7017
vn -0.8696 -0.3166 -0.3789
vn -0.9352 -0.3405 -0.0975
vn -0.0971 -0.0353 -0.9946
vn -0.1018 -0.0179 -0.9946
vn -0.0895 0.0517 -0.9946
vn -0.7089 0.5948 -0.3789
vn -0.3002 0.2518 -0.9200
vn -0.0792 0.0664 -0.9946
vn -0.5948 0.7089 -0.3789
vn -0.0664 0.0791 -0.9946
vn -0.3562 0.6169 -0.7018
vn -0.1959 0.3392 -0.9201
vn -0.0517 0.0895 -0.9946
vn -0.3165 0.8696 -0.3790
vn -0.2437 0.6694 -0.7018
vn -0.1340 0.3682 -0.9200
vn -0.1607 0.9114 -0.3789
vn -0.0000 0.9254 -0.3790
vn -0.1237 0.7017 -0.7016
vn -0.0000 0.7124 -0.7018
vn -0.0680 0.3860 -0.9200
vn -0.0000 0.3918 -0.9201
vn -0.0000 0.1033 -0.9946
vn -0.0000 0.0001 1.0000
vn -0.0000 -0.0000 1.0000
vn 0.0485 0.0485 0.9976
vn -0.0000 -0.0001 1.0000
vn -0.0000 0.0003 1.0000
vn -0.0000 -0.0003 1.0000
vn -0.0000 -0.0002 1.0000
vn -0.0000 0.0004 1.0000
vn -0.0000 0.0005 1.0000
vn 0.0485 -0.0485 0.9976
vn -0.0000 0.0002 1.0000
vn -0.0000 -0.0007 1.0000
vn -0.0000 -0.0006 1.0000
vn -0.0000 -0.0010 1.0000
vn -0.0000 0.0009 1.0000
vn -0.0485 0.0485 0.9976
vn -0.0000 0.0027 1.0000
vn -0.0485 -0.0486 0.9976
vn 0.0444 0.9764 -0.2112
vn -0.0693 0.9934 -0.0915
vn -0.0752 0.9972 -0.0000
vn 0.0542 0.9914 -0.1192
vn 0.0747 0.9972 -0.0000
vn 0.0677 0.9936 -0.0909
vn -0.0232 0.9940 -0.1068
vn -0.0713 0.9851 -0.1563
vn -0.1383 0.0808 -0.9871
vn -0.0918 0.0870 -0.9920
vn -0.0487 0.1172 -0.9919
vn 0.0416 0.1247 -0.9913
vn -0.1226 0.0896 -0.9884
vn -0.1084 0.1062 -0.9884
vn -0.1173 0.0482 -0.9919
vn -0.0886 0.0900 -0.9920
vn -0.0839 0.1364 -0.9871
vn 0.0829 -0.1052 -0.9910
vn -0.1088 -0.1057 -0.9884
vn -0.0925 -0.1203 -0.9884
vn -0.0921 0.1209 -0.9884
vn -0.1231 -0.0891 -0.9884
vn -0.0842 -0.1363 -0.9871
vn -0.1384 -0.0806 -0.9871
vn -0.1077 -0.0263 -0.9938
vn -0.0585 -0.0865 -0.9945
vn -0.0487 -0.1172 -0.9919
vn -0.0918 -0.0871 -0.9920
vn -0.0000 -0.0000 -1.0000
vn 0.0481 0.0482 -0.9977
vn -0.0000 -0.0001 -1.0000
vn -0.0000 0.0001 -1.0000
vn -0.0000 -0.0003 -1.0000
vn -0.0000 0.0002 -1.0000
vn -0.0000 -0.0005 -1.0000
vn -0.0000 0.0009 -1.0000
vn -0.0000 0.0006 -1.0000
vn 0.0481 -0.0481 -0.9977
vn -0.0000 -0.0002 -1.0000
vn -0.0000 -0.0009 -1.0000
vn -0.0000 -0.0006 -1.0000
vn -0.0000 0.0005 -1.0000
vn 0.1639 0.0511 -0.9851
vn -0.0000 0.0020 -1.0000
vn -0.0481 0.0481 -0.9977
vn 0.1688 -0.1667 -0.9715
vn 0.1700 -0.0470 -0.9843
vn -0.0000 -0.0020 -1.0000
vn -0.0481 -0.0481 -0.9977
vn 0.9968 -0.0571 0.0555
vn 0.9963 -0.0606 -0.0605
vn 0.9963 0.0606 -0.0605
vn 0.9968 0.0571 0.0555
vn -0.0571 0.9968 0.0555
vn 0.0571 0.9968 0.0555
vn 0.0606 0.9963 -0.0605
vn -0.0606 0.9963 -0.0605
vn -0.9968 0.0571 0.0555
vn -0.9963 0.0606 -0.0605
vn -0.9963 -0.0606 -0.0605
vn -0.9968 -0.0571 0.0555
vn 0.0571 -0.9968 0.0555
vn -0.0606 -0.9963 -0.0605
vn 0.0606 -0.9963 -0.0605
vn -0.0571 -0.9968 0.0555
vn -0.0747 -0.9972 -0.0000
vn -0.0677 -0.9936 -0.0909
vn 0.0444 -0.9764 -0.2112
vn 0.0652 -0.9875 -0.1433
vn -0.3035 -0.9528 -0.0003
vn -0.3051 -0.9514 -0.0424
vn -0.5786 -0.8156 -0.0005
vn -0.7982 -0.6009 -0.0412
vn -0.5721 -0.8079 -0.1414
vn -0.7978 -0.6029 -0.0004
vn -0.9045 -0.4118 -0.1108
vn -0.9000 -0.4359 -0.0000
vn -0.8850 -0.4656 -0.0000
vn -0.8674 -0.4661 -0.1742
vn -0.8086 -0.5884 -0.0000
vn -0.7965 -0.5808 -0.1679
vn -0.7154 -0.6987 -0.0001
vn -0.7049 -0.6892 -0.1677
vn -0.6072 -0.7945 -0.0001
vn -0.4858 -0.8565 -0.1744
vn -0.5987 -0.7832 -0.1678
vn -0.4863 -0.8738 -0.0000
vn -0.4303 -0.8960 -0.1100
vn -0.4556 -0.8902 -0.0002
vn -0.6179 -0.7851 -0.0427
vn -0.6174 -0.7866 -0.0003
vn -0.8165 -0.5680 -0.1036
vn -0.8241 -0.5664 -0.0003
vn -0.9521 -0.2856 -0.1089
vn -0.9549 -0.2968 -0.0006
vn -0.9973 -0.0740 -0.0003
vn -0.9924 -0.0754 -0.0973
vn -0.9973 0.0735 -0.0002
vn -0.9937 0.0662 -0.0908
vn -0.9535 0.2985 -0.0427
vn -0.9547 0.2975 -0.0003
vn -0.8149 0.5626 -0.1392
vn -0.8223 0.5690 -0.0003
vn -0.6151 0.7874 -0.0414
vn -0.6168 0.7871 -0.0006
vn -0.4561 0.8900 -0.0003
vn -0.4318 0.8952 -0.1106
vn -0.4864 0.8737 -0.0000
vn -0.4865 0.8561 -0.1742
vn -0.6074 0.7944 -0.0000
vn -0.5995 0.7826 -0.1679
vn -0.7154 0.6987 -0.0001
vn -0.7057 0.6884 -0.1677
vn -0.8087 0.5883 -0.0001
vn -0.8677 0.4655 -0.1743
vn -0.7971 0.5800 -0.1679
vn -0.8850 0.4655 -0.0000
vn -0.9052 0.4104 -0.1102
vn -0.9002 0.4355 -0.0000
vn -0.7973 0.6036 -0.0003
vn -0.7954 0.6046 -0.0424
vn -0.5762 0.8173 -0.0005
vn -0.3008 0.9528 -0.0412
vn -0.5712 0.8086 -0.1414
vn -0.3026 0.9531 -0.0004
vn 1.0000 -0.0000 -0.0000
vn 0.3035 0.9528 -0.0003
vn 0.3051 0.9514 -0.0424
vn 0.5786 0.8156 -0.0005
vn 0.7982 0.6009 -0.0412
vn 0.5721 0.8079 -0.1414
vn 0.7978 0.6029 -0.0004
vn 0.8954 0.4358 -0.0914
vn 0.8968 0.4425 -0.0000
vn 0.8711 0.4910 -0.0000
vn 0.8669 0.4887 -0.0985
vn 0.7733 0.6341 -0.0000
vn 0.7695 0.6310 -0.0985
vn 0.6522 0.7581 -0.0000
vn 0.6490 0.7544 -0.0986
vn 0.5115 0.8593 -0.0000
vn 0.5090 0.8551 -0.0985
vn 0.4621 0.8868 -0.0002
vn 0.4540 0.8864 -0.0907
vn 0.6180 0.7850 -0.0427
vn 0.6174 0.7866 -0.0003
vn 0.8156 0.5617 -0.1392
vn 0.8241 0.5664 -0.0003
vn 0.9547 0.2947 -0.0414
vn 0.9549 0.2968 -0.0006
vn 0.9973 0.0740 -0.0003
vn 0.9935 0.0679 -0.0913
vn 0.9973 -0.0735 -0.0002
vn 0.9937 -0.0662 -0.0908
vn 0.9535 -0.2984 -0.0427
vn 0.9547 -0.2975 -0.0003
vn 0.8149 -0.5626 -0.1392
vn 0.8223 -0.5690 -0.0003
vn 0.6150 -0.7875 -0.0414
vn 0.6168 -0.7871 -0.0006
vn 0.4625 -0.8866 -0.0003
vn 0.4554 -0.8856 -0.0912
vn 0.5115 -0.8593 -0.0000
vn 0.5090 -0.8551 -0.0985
vn 0.6522 -0.7581 -0.0000
vn 0.6491 -0.7543 -0.0986
vn 0.7733 -0.6341 -0.0000
vn 0.7695 -0.6310 -0.0985
vn 0.8711 -0.4910 -0.0000
vn 0.8669 -0.4886 -0.0985
vn 0.8970 -0.4421 -0.0000
vn 0.8962 -0.4343 -0.0908
vn 0.7973 -0.6036 -0.0003
vn 0.7955 -0.6045 -0.0424
vn 0.5763 -0.8173 -0.0005
vn 0.3008 -0.9528 -0.0412
vn 0.5712 -0.8086 -0.1414
vn 0.3026 -0.9531 -0.0004
vn 0.0693 -0.9934 -0.0915
vn 0.0752 -0.9972 -0.0000
vn -0.0232 -0.9940 -0.1068
vn -0.0713 -0.9851 -0.1564
vn 0.0807 0.0455 -0.9957
vn 0.0487 0.1171 -0.9919
vn 0.0903 0.0879 -0.9920
vn 0.0474 0.0795 -0.9957
vn 0.0896 0.0886 -0.9920
vn 0.1173 0.0483 -0.9919
vn 0.0716 0.0588 -0.9957
vn 0.0604 0.0701 -0.9957
vn 0.1173 -0.0482 -0.9919
vn -0.0253 0.0833 -0.9962
vn 0.0474 -0.0796 -0.9957
vn 0.0896 -0.0886 -0.9920
vn 0.0604 -0.0702 -0.9957
vn 0.0716 -0.0587 -0.9957
vn 0.0807 -0.0455 -0.9957
vn 0.0487 -0.1172 -0.9919
vn 0.0903 -0.0879 -0.9920
vn -0.0253 -0.0833 -0.9962
vn 0.1728 -0.9801 -0.0975
vn 0.1737 -0.9848 -0.0000
vn 0.3404 -0.9352 -0.0975
vn 0.3420 -0.9397 -0.0000
vn 0.4976 -0.8619 -0.0975
vn 0.5000 -0.8660 -0.0000
vn 0.6397 -0.7624 -0.0975
vn 0.6428 -0.7660 -0.0000
vn 0.7624 -0.6398 -0.0975
vn 0.7660 -0.6428 -0.0000
vn 0.8619 -0.4976 -0.0975
vn 0.8660 -0.5000 -0.0000
vn 0.9352 -0.3404 -0.0975
vn 0.9397 -0.3420 -0.0000
vn 0.9801 -0.1728 -0.0975
vn 0.9848 -0.1736 -0.0000
vn 0.9952 -0.0000 -0.0975
vn 0.9801 0.1728 -0.0975
vn 0.9848 0.1737 -0.0000
vn 0.9397 0.3420 -0.0000
vn 0.9352 0.3404 -0.0975
vn 0.8619 0.4976 -0.0975
vn 0.8660 0.5000 -0.0000
vn 0.7624 0.6397 -0.0975
vn 0.7660 0.6428 -0.0000
vn 0.6428 0.7660 -0.0000
vn 0.6397 0.7624 -0.0975
vn 0.5000 0.8660 -0.0000
vn 0.4976 0.8619 -0.0975
vn 0.3404 0.9352 -0.0975
vn 0.3420 0.9397 -0.0000
vn 0.1736 0.9848 -0.0000
vn 0.1728 0.9801 -0.0975
vn 0.0664 0.0792 -0.9946
vn 0.0792 0.0664 -0.9946
vn 0.0517 0.0895 -0.9946
vn 0.0895 0.0517 -0.9946
vn 0.0354 0.0972 -0.9946
vn 0.0971 0.0354 -0.9946
vn 0.0179 0.1018 -0.9946
vn 0.1018 0.0179 -0.9946
vn 0.1034 -0.0000 -0.9946
vn 0.1018 -0.0179 -0.9946
vn 0.0971 -0.0353 -0.9946
vn 0.0895 -0.0517 -0.9946
vn 0.0792 -0.0664 -0.9946
vn 0.0664 -0.0791 -0.9946
vn 0.0517 -0.0895 -0.9946
vn 0.0354 -0.0971 -0.9946
vn 0.0179 -0.1017 -0.9946
vn 0.1736 -0.9848 -0.0000
vn 0.4977 -0.8619 -0.0975
vn 0.7624 -0.6397 -0.0975
vn 0.9848 0.1736 -0.0000
vn 0.7624 0.6398 -0.0975
vn 0.6398 0.7624 -0.0975
vn 0.0792 0.0665 -0.9946
vn 0.0517 0.0896 -0.9946
vn 0.0354 0.0970 -0.9947
vn 0.0179 0.1019 -0.9946
vn 0.1018 -0.0180 -0.9946
vn 0.0792 -0.0665 -0.9946
vn 0.0664 -0.0792 -0.9946
vn 0.0517 -0.0896 -0.9946
vn 0.0354 -0.0970 -0.9947
vn 0.0179 -0.1018 -0.9946
vn -0.0000 0.0014 -1.0000
vn -0.0000 0.0007 -1.0000
vn -0.0000 -0.0014 -1.0000
vn -0.0000 0.0004 -1.0000
vn -0.0000 -0.0004 -1.0000
vn -0.0000 -0.0007 -1.0000
vn 0.1607 0.9114 -0.3789
vn 0.1237 0.7016 -0.7018
vn 0.0680 0.3859 -0.9200
vn 0.3165 0.8696 -0.3789
vn 0.2437 0.6695 -0.7017
vn 0.1340 0.3681 -0.9201
vn 0.4627 0.8015 -0.3789
vn 0.3562 0.6170 -0.7018
vn 0.1959 0.3393 -0.9201
vn 0.5949 0.7089 -0.3789
vn 0.4579 0.5458 -0.7017
vn 0.2519 0.3002 -0.9200
vn 0.7089 0.5949 -0.3789
vn 0.5458 0.4579 -0.7018
vn 0.3002 0.2518 -0.9200
vn 0.8014 0.4627 -0.3789
vn 0.6170 0.3562 -0.7017
vn 0.3393 0.1959 -0.9200
vn 0.8696 0.3165 -0.3789
vn 0.6695 0.2437 -0.7017
vn 0.3682 0.1340 -0.9200
vn 0.9114 0.1607 -0.3789
vn 0.7016 0.1237 -0.7017
vn 0.3859 0.0680 -0.9200
vn 0.9254 -0.0000 -0.3789
vn 0.7124 -0.0000 -0.7017
vn 0.3918 -0.0000 -0.9200
vn 0.9114 -0.1607 -0.3789
vn 0.7016 -0.1237 -0.7017
vn 0.3859 -0.0680 -0.9200
vn 0.8696 -0.3165 -0.3789
vn 0.6695 -0.2437 -0.7017
vn 0.3682 -0.1340 -0.9200
vn 0.8014 -0.4627 -0.3789
vn 0.6170 -0.3562 -0.7018
vn 0.3393 -0.1959 -0.9200
vn 0.7089 -0.5949 -0.3789
vn 0.5457 -0.4580 -0.7017
vn 0.3002 -0.2519 -0.9200
vn 0.5948 -0.7089 -0.3789
vn 0.4580 -0.5457 -0.7018
vn 0.2519 -0.3001 -0.9200
vn 0.4627 -0.8015 -0.3788
vn 0.3562 -0.6171 -0.7017
vn 0.1959 -0.3393 -0.9200
vn 0.3165 -0.8696 -0.3790
vn 0.2437 -0.6694 -0.7018
vn 0.1340 -0.3681 -0.9201
vn 0.1607 -0.9114 -0.3789
vn 0.1237 -0.7017 -0.7017
vn 0.0680 -0.3859 -0.9200
vn 0.1228 0.6963 -0.7071
vn 0.2418 0.6644 -0.7071
vn 0.3535 0.6124 -0.7071
vn 0.4545 0.5417 -0.7071
vn 0.5417 0.4545 -0.7071
vn 0.6124 0.3536 -0.7071
vn 0.6124 0.3535 -0.7071
vn 0.6645 0.2418 -0.7071
vn 0.6963 0.1228 -0.7071
vn 0.6964 0.1228 -0.7071
vn 0.7071 -0.0000 -0.7071
vn 0.6964 -0.1228 -0.7071
vn 0.6964 -0.1227 -0.7071
vn 0.6644 -0.2418 -0.7071
vn 0.6644 -0.2419 -0.7071
vn 0.6124 -0.3535 -0.7071
vn 0.6124 -0.3536 -0.7071
vn 0.5417 -0.4545 -0.7071
vn 0.4545 -0.5417 -0.7071
vn 0.4545 -0.5416 -0.7071
vn 0.3536 -0.6123 -0.7071
vn 0.3535 -0.6124 -0.7071
vn 0.2418 -0.6645 -0.7071
vn 0.2419 -0.6644 -0.7072
vn 0.1228 -0.6963 -0.7072
vn 0.1228 -0.6963 -0.7071
vn 0.1237 0.7016 -0.7017
vn 0.0680 0.3858 -0.9200
vn 0.3165 0.8696 -0.3790
vn 0.2437 0.6694 -0.7018
vn 0.1340 0.3683 -0.9200
vn 0.3562 0.6170 -0.7017
vn 0.1959 0.3393 -0.9200
vn 0.5949 0.7089 -0.3790
vn 0.4580 0.5457 -0.7018
vn 0.2519 0.3001 -0.9201
vn 0.7089 0.5948 -0.3790
vn 0.5458 0.4578 -0.7018
vn 0.3002 0.2518 -0.9201
vn 0.8015 0.4627 -0.3789
vn 0.3859 0.0681 -0.9200
vn 0.6695 -0.2436 -0.7018
vn 0.3682 -0.1339 -0.9200
vn 0.6170 -0.3563 -0.7017
vn 0.3393 -0.1960 -0.9200
vn 0.5458 -0.4579 -0.7017
vn 0.3002 -0.2518 -0.9200
vn 0.5949 -0.7088 -0.3790
vn 0.2519 -0.3002 -0.9200
vn 0.4626 -0.8015 -0.3788
vn 0.3166 -0.8696 -0.3790
vn 0.1340 -0.3682 -0.9200
vn 0.1237 -0.7016 -0.7017
vn 0.0680 -0.3858 -0.9201
vn -0.4091 0.1996 -0.8904
vn -0.3903 -0.0869 -0.9166
vn -0.4091 -0.1996 -0.8904
vn -0.3903 0.0869 -0.9166
vn -0.9986 -0.0000 -0.0523
vn -0.1223 -0.0675 -0.9902
vn -0.1223 0.0675 -0.9902
vn -0.2944 -0.0239 -0.9554
vn -0.2944 0.0239 -0.9554
vn 0.3407 0.1133 -0.9333
vn 0.3380 -0.1068 -0.9351
vn -0.1233 -0.9183 -0.3762
vn -0.2147 -0.8554 -0.4713
vn -0.2640 -0.7303 -0.6301
vn -0.3597 -0.5153 -0.7779
vn -0.3916 -0.3916 -0.8327
vn -0.0430 -0.9190 -0.3919
vn -0.2676 -0.0439 -0.9625
vn -0.2634 -0.1245 -0.9566
vn -0.2199 -0.1621 -0.9620
vn -0.1623 -0.2111 -0.9639
vn -0.0408 -0.2416 -0.9695
vn -0.0159 -0.3851 -0.9227
vn -0.3820 -0.2825 -0.8799
vn -0.2513 -0.4412 -0.8615
vn -0.0996 -0.5035 -0.8582
vn -0.0168 -0.7146 -0.6994
vn -0.3393 -0.6104 -0.7158
vn -0.1035 -0.7224 -0.6837
vn 0.0638 -0.9208 -0.3848
vn 0.0849 -0.7039 -0.7052
vn 0.0727 -0.3825 -0.9211
vn 0.2870 -0.4067 -0.8673
vn 0.3262 -0.2100 -0.9217
vn 0.6201 -0.3417 -0.7062
vn 0.4396 -0.6241 -0.6460
vn 0.3140 -0.8446 -0.4336
vn 0.3148 -0.9294 -0.1927
vn 0.6938 -0.5741 -0.4349
vn 0.8308 -0.4012 -0.3857
vn 0.7754 -0.6012 -0.1933
vn 0.4217 -0.8206 -0.3857
vn 0.3253 -0.1833 -0.9277
vn 0.6113 -0.3444 -0.7126
vn 0.8035 -0.4528 -0.3866
vn 0.2887 -0.2367 -0.9277
vn 0.5426 -0.4448 -0.7126
vn 0.7132 -0.5847 -0.3866
vn 0.2435 -0.2831 -0.9277
vn 0.4575 -0.5320 -0.7125
vn 0.6015 -0.6992 -0.3865
vn 0.1910 -0.3209 -0.9277
vn 0.2161 -0.3209 -0.9221
vn 0.3589 -0.6030 -0.7125
vn 0.3550 -0.6132 -0.7057
vn 0.4717 -0.7925 -0.3865
vn 0.4094 -0.2830 -0.8673
vn 0.3823 -0.0722 -0.9212
vn 0.7037 -0.0837 -0.7055
vn 0.6266 -0.4339 -0.6474
vn 0.5901 -0.6819 -0.4322
vn 0.6202 -0.7603 -0.1932
vn 0.8479 -0.3053 -0.4335
vn 0.9208 -0.0600 -0.3853
vn 0.9329 -0.3035 -0.1939
vn 0.9208 0.0625 -0.3850
vn 0.7043 0.0834 -0.7050
vn 0.3820 0.0717 -0.9214
vn 0.4100 0.2823 -0.8673
vn 0.2167 0.3209 -0.9220
vn 0.3551 0.6126 -0.7062
vn 0.6282 0.4316 -0.6474
vn 0.8472 0.3091 -0.4322
vn 0.9311 0.3094 -0.1932
vn 0.5868 0.6840 -0.4335
vn 0.4196 0.8216 -0.3860
vn 0.6153 0.7640 -0.1939
vn 0.3261 0.2095 -0.9218
vn 0.1910 0.3207 -0.9277
vn 0.3589 0.6028 -0.7126
vn 0.4717 0.7925 -0.3865
vn 0.2435 0.2830 -0.9277
vn 0.4576 0.5319 -0.7125
vn 0.6015 0.6991 -0.3865
vn 0.2887 0.2369 -0.9277
vn 0.5425 0.4450 -0.7125
vn 0.7131 0.5848 -0.3865
vn 0.3253 0.1833 -0.9277
vn 0.6207 0.3416 -0.7057
vn 0.6112 0.3445 -0.7126
vn 0.8298 0.4035 -0.3854
vn 0.8034 0.4528 -0.3866
vn 0.2878 0.4062 -0.8673
vn 0.0732 0.3829 -0.9209
vn 0.0852 0.7035 -0.7055
vn 0.4419 0.6224 -0.6460
vn 0.6919 0.5774 -0.4336
vn 0.7715 0.6063 -0.1926
vn 0.3101 0.8454 -0.4348
vn 0.0613 0.9209 -0.3851
vn 0.3086 0.9313 -0.1933
vn -0.0430 0.9190 -0.3919
vn -0.0168 0.7144 -0.6995
vn -0.0159 0.3850 -0.9228
vn -0.1233 0.9183 -0.3762
vn -0.2640 0.7301 -0.6302
vn -0.0408 0.2416 -0.9695
vn -0.1623 0.2111 -0.9639
vn -0.0996 0.5036 -0.8582
vn -0.2199 0.1621 -0.9620
vn -0.2513 0.4414 -0.8614
vn -0.1035 0.7224 -0.6837
vn -0.2634 0.1245 -0.9566
vn -0.3820 0.2830 -0.8798
vn -0.3916 0.3918 -0.8326
vn -0.3393 0.6102 -0.7160
vn -0.2676 0.0439 -0.9625
vn -0.3597 0.5153 -0.7779
vn -0.2147 0.8555 -0.4713
vn 0.3748 0.4255 -0.8237
vn 0.2517 0.7616 -0.5971
vn 0.2698 0.7586 -0.5931
vn 0.1704 0.9082 -0.3822
vn -0.0152 0.7715 -0.6361
vn 0.2593 0.0306 -0.9653
vn 0.2199 0.1623 -0.9619
vn 0.1623 0.2115 -0.9638
vn 0.1320 0.2440 -0.9608
vn 0.9858 0.1682 0.0012
vn 0.3296 0.3345 -0.8829
vn 0.2687 0.4440 -0.8548
vn -0.4421 0.3479 -0.8268
vn -0.6328 0.3590 -0.6861
vn 0.1729 0.4998 -0.8487
vn 0.3718 0.5968 -0.7111
vn 0.0880 0.8056 -0.5859
vn 0.0389 0.5922 -0.8049
vn -0.0638 0.9208 -0.3848
vn -0.0849 0.7040 -0.7051
vn -0.0727 0.3825 -0.9211
vn -0.2870 0.4067 -0.8673
vn -0.3337 0.2022 -0.9207
vn -0.6250 0.3264 -0.7091
vn -0.4396 0.6241 -0.6460
vn -0.3139 0.8447 -0.4335
vn -0.3147 0.9294 -0.1927
vn -0.6937 0.5741 -0.4349
vn -0.8622 0.3514 -0.3649
vn -0.7752 0.6014 -0.1933
vn -0.3894 0.1579 -0.9075
vn -0.6314 0.3051 -0.7129
vn -0.1668 0.3855 -0.9075
vn -0.2084 0.3286 -0.9212
vn -0.3196 0.6242 -0.7129
vn -0.6734 0.1762 -0.7180
vn -0.8058 0.2964 -0.5126
vn -0.7650 0.3509 -0.5400
vn -0.3572 0.2457 -0.9011
vn -0.7478 0.4833 -0.4551
vn -0.5991 0.3732 -0.7084
vn -0.3779 0.2125 -0.9011
vn -0.5702 0.4151 -0.7089
vn -0.7640 0.4578 -0.4547
vn -0.3174 0.2948 -0.9013
vn -0.6704 0.5866 -0.4545
vn -0.5391 0.4557 -0.7083
vn -0.3434 0.2643 -0.9012
vn -0.5045 0.4928 -0.7089
vn -0.6907 0.5629 -0.4540
vn -0.2719 0.3374 -0.9012
vn -0.5793 0.6765 -0.4547
vn -0.4679 0.5285 -0.7083
vn -0.3016 0.3114 -0.9011
vn -0.4285 0.5602 -0.7089
vn -0.6023 0.6563 -0.4544
vn -0.2210 0.3730 -0.9011
vn -0.4763 0.7522 -0.4553
vn -0.3875 0.5899 -0.7085
vn -0.2540 0.3512 -0.9012
vn -0.5017 0.7359 -0.4547
vn -0.3689 0.7566 -0.5399
vn -0.1917 0.6692 -0.7179
vn -0.3398 0.6185 -0.7085
vn -0.3152 0.7986 -0.5127
vn -0.3727 0.8532 -0.3649
vn -0.4094 0.2831 -0.8673
vn -0.3823 0.0722 -0.9212
vn -0.7037 0.0837 -0.7055
vn -0.6266 0.4340 -0.6473
vn -0.5899 0.6821 -0.4322
vn -0.6200 0.7604 -0.1932
vn -0.8479 0.3053 -0.4335
vn -0.9208 0.0600 -0.3853
vn -0.9329 0.3036 -0.1938
vn -0.9216 -0.0855 -0.3787
vn -0.7105 -0.0528 -0.7017
vn -0.3850 -0.0554 -0.9212
vn -0.6710 -0.2308 -0.7046
vn -0.3152 -0.2755 -0.9082
vn -0.1907 -0.3500 -0.9171
vn -0.3420 -0.6195 -0.7066
vn -0.8355 -0.4046 -0.3717
vn -0.5969 -0.5624 -0.5722
vn -0.3839 -0.8460 -0.3700
vn -0.6007 -0.7606 -0.2462
vn -0.1671 -0.3857 -0.9074
vn -0.3202 -0.6240 -0.7128
vn -0.2542 -0.3513 -0.9011
vn -0.5007 -0.7362 -0.4552
vn -0.3873 -0.5901 -0.7083
vn -0.2216 -0.3728 -0.9011
vn -0.4759 -0.7530 -0.4546
vn -0.4285 -0.5601 -0.7089
vn -0.3894 -0.1575 -0.9075
vn -0.3336 -0.2015 -0.9209
vn -0.6317 -0.3047 -0.7129
vn -0.1924 -0.6688 -0.7181
vn -0.3153 -0.7986 -0.5126
vn -0.3690 -0.7565 -0.5400
vn -0.3023 -0.3102 -0.9013
vn -0.6022 -0.6564 -0.4545
vn -0.4685 -0.5280 -0.7083
vn -0.2725 -0.3370 -0.9012
vn -0.5047 -0.4927 -0.7089
vn -0.5792 -0.6772 -0.4538
vn -0.3438 -0.2636 -0.9013
vn -0.6900 -0.5631 -0.4548
vn -0.5395 -0.4552 -0.7083
vn -0.3187 -0.2941 -0.9011
vn -0.5702 -0.4151 -0.7089
vn -0.6705 -0.5866 -0.4543
vn -0.3781 -0.2120 -0.9012
vn -0.7632 -0.4584 -0.4553
vn -0.5990 -0.3733 -0.7084
vn -0.3571 -0.2456 -0.9012
vn -0.7477 -0.4841 -0.4546
vn -0.7651 -0.3509 -0.5399
vn -0.6736 -0.1759 -0.7179
vn -0.6257 -0.3263 -0.7086
vn -0.8059 -0.2962 -0.5126
vn -0.8614 -0.3536 -0.3646
vn -0.2877 -0.4063 -0.8673
vn -0.0732 -0.3827 -0.9210
vn -0.0852 -0.7034 -0.7057
vn -0.4419 -0.6225 -0.6459
vn -0.6919 -0.5774 -0.4335
vn -0.7715 -0.6064 -0.1926
vn -0.3101 -0.8454 -0.4349
vn -0.0613 -0.9208 -0.3851
vn -0.3086 -0.9313 -0.1933
vn 0.0308 -0.8004 -0.5987
vn 0.2624 -0.7560 -0.5997
vn -0.8921 -0.1729 -0.4174
vn 0.1020 -0.2465 -0.9638
vn 0.0272 -0.2817 -0.9591
vn 0.1623 -0.2113 -0.9639
vn 0.0204 -0.4933 -0.8696
vn -0.0318 -0.5653 -0.8243
vn 0.2116 -0.1618 -0.9639
vn 0.2687 -0.4441 -0.8547
vn 0.0879 -0.8056 -0.5858
vn 0.2471 -0.0212 -0.9687
vn 0.4528 -0.4056 -0.7940
vn 0.3778 -0.5942 -0.7101
vn 0.6185 0.1823 0.7644
vn 0.3317 -0.1972 -0.9225
vn 0.6323 -0.4908 -0.5994
vn 0.1883 -0.8882 -0.4190
vn 0.2914 -0.7117 -0.6392
vn -0.9114 0.4115 -0.0000
vn -0.9944 0.1058 -0.0000
vn -0.9755 0.1040 0.1938
vn -0.8800 0.4160 0.2292
vn -0.6614 0.7501 -0.0000
vn -0.6565 0.7187 0.2290
vn -0.4255 0.9049 -0.0000
vn -0.4259 0.8850 0.1881
vn -0.9944 -0.1058 -0.0000
vn -0.9755 -0.1040 0.1938
vn -0.6614 -0.7501 -0.0000
vn -0.4320 -0.9019 -0.0000
vn -0.4235 -0.8847 0.1947
vn -0.6565 -0.7187 0.2290
vn -0.9114 -0.4115 -0.0000
vn -0.8800 -0.4160 0.2292
vn -0.4397 -0.8762 0.1974
vn -0.4502 -0.8929 -0.0000
vn -0.5814 -0.7892 0.1977
vn -0.5935 -0.8049 -0.0000
vn -0.7060 -0.6801 0.1973
vn -0.7200 -0.6940 -0.0000
vn -0.8099 -0.5524 0.1971
vn -0.8261 -0.5635 -0.0000
vn -0.9089 -0.4171 -0.0000
vn -0.8909 -0.4091 0.1973
vn -0.9159 -0.4013 -0.0000
vn -0.8985 -0.3935 0.1947
vn -0.1089 -0.9941 -0.0000
vn -0.1073 -0.9752 0.1937
vn -0.4272 -0.8741 0.2313
vn -0.4226 -0.9063 -0.0000
vn -0.7337 -0.6390 0.2311
vn 0.1018 -0.9925 0.0684
vn 0.1374 -0.9905 -0.0000
vn -0.0000 -0.9952 0.0980
vn 0.5355 -0.8443 0.0177
vn 0.7356 -0.6775 -0.0000
vn 0.8119 -0.5795 0.0704
vn 0.2723 -0.9622 -0.0000
vn 0.7968 -0.6042 0.0006
vn 0.8061 -0.5836 0.0982
vn 0.8030 -0.5960 0.0018
vn 0.7047 -0.7027 0.0977
vn 0.6909 -0.7229 0.0027
vn 0.5859 -0.8045 0.0973
vn 0.5591 -0.8291 0.0035
vn 0.4527 -0.8864 0.0970
vn 0.4112 -0.9115 0.0040
vn 0.3081 -0.9464 0.0968
vn 0.2515 -0.9678 0.0044
vn 0.1560 -0.9830 0.0966
vn 0.0847 -0.9964 0.0046
vn -0.0846 -0.9964 0.0046
vn -0.2515 -0.9678 0.0044
vn -0.4112 -0.9115 0.0040
vn -0.5591 -0.8291 0.0035
vn -0.6909 -0.7229 0.0027
vn -0.8030 -0.5960 0.0018
vn -0.7968 -0.6042 0.0006
vn -0.7355 -0.6775 -0.0000
vn -0.5206 -0.8538 0.0068
vn -0.1374 -0.9905 -0.0000
vn -0.1018 -0.9925 0.0684
vn -0.2723 -0.9622 -0.0000
vn 0.1089 -0.9941 -0.0000
vn 0.1076 -0.9752 0.1936
vn 0.9159 -0.4013 -0.0000
vn 0.8984 -0.3935 0.1948
vn 0.7337 -0.6390 0.2312
vn 0.4226 -0.9063 -0.0000
vn 0.4272 -0.8740 0.2314
vn 0.9089 -0.4171 -0.0000
vn 0.8918 -0.4071 0.1975
vn 0.8261 -0.5635 -0.0000
vn 0.8101 -0.5519 0.1978
vn 0.7200 -0.6940 -0.0000
vn 0.7056 -0.6805 0.1975
vn 0.5935 -0.8049 -0.0000
vn 0.5818 -0.7891 0.1972
vn 0.4502 -0.8930 -0.0000
vn 0.4415 -0.8753 0.1974
vn 0.4782 -0.8782 -0.0000
vn 0.4683 -0.8622 0.1930
vn 0.7850 -0.5822 0.2117
vn 0.9492 -0.3147 -0.0000
vn 0.9688 -0.1558 0.1926
vn 0.5766 -0.8171 -0.0000
vn 0.9872 -0.1594 -0.0000
vn 0.9944 0.1058 -0.0000
vn 0.9755 0.1040 0.1939
vn 0.6614 0.7501 -0.0000
vn 0.4320 0.9019 -0.0000
vn 0.4235 0.8847 0.1947
vn 0.6564 0.7188 0.2288
vn 0.9114 0.4115 -0.0000
vn 0.8801 0.4159 0.2290
vn 0.4502 0.8930 -0.0000
vn 0.4397 0.8762 0.1975
vn 0.5935 0.8049 -0.0000
vn 0.5814 0.7892 0.1978
vn 0.7200 0.6940 -0.0000
vn 0.7060 0.6801 0.1974
vn 0.8261 0.5635 -0.0000
vn 0.8099 0.5524 0.1972
vn 0.9089 0.4171 -0.0000
vn 0.8985 0.3935 0.1948
vn 0.8909 0.4091 0.1974
vn 0.9159 0.4013 -0.0000
vn 0.4226 0.9063 -0.0000
vn 0.1089 0.9941 -0.0000
vn 0.1072 0.9752 0.1939
vn 0.4272 0.8741 0.2313
vn 0.7337 0.6390 0.2312
vn -0.1334 0.9878 0.0799
vn -0.1506 0.9886 -0.0000
vn -0.0000 0.9952 0.0980
vn -0.2978 0.9546 -0.0000
vn -0.5560 0.8306 0.0304
vn -0.8481 0.5299 -0.0000
vn -0.8623 0.5020 0.0671
vn -0.7865 0.6176 -0.0000
vn -0.8590 0.5119 -0.0000
vn -0.8548 0.5095 0.0985
vn -0.7586 0.6516 -0.0000
vn -0.7549 0.6484 0.0986
vn -0.6357 0.7719 -0.0000
vn -0.6326 0.7682 0.0985
vn -0.4940 0.8695 -0.0000
vn -0.4916 0.8652 0.0985
vn -0.3377 0.9413 -0.0000
vn -0.3360 0.9367 0.0985
vn -0.1714 0.9852 -0.0000
vn -0.1755 0.9791 0.1029
vn -0.2820 0.9593 -0.0140
vn -0.4774 0.8786 0.0104
vn -0.7355 0.6775 -0.0061
vn -0.7896 0.6100 0.0660
vn -0.8220 0.5695 -0.0000
vn -0.8180 0.5668 0.0982
vn -0.7402 0.6478 0.1803
vn -0.7570 0.6534 -0.0000
vn -0.6572 0.7461 0.1064
vn -0.6584 0.7527 -0.0000
vn -0.5387 0.8361 0.1034
vn -0.5469 0.8372 -0.0000
vn -0.4226 0.9010 0.0984
vn -0.4246 0.9054 -0.0000
vn -0.0945 0.0794 0.9924
vn 0.1332 -0.1285 0.9827
vn 0.1106 -0.1485 0.9827
vn 0.0849 -0.1646 0.9827
vn -0.0793 0.0945 0.9924
vn 0.1526 -0.1048 0.9827
vn -0.1069 0.0617 0.9924
vn 0.1988 -0.1336 0.9709
vn -0.0617 0.1069 0.9924
vn 0.1678 -0.0782 0.9827
vn -0.1159 0.0422 0.9924
vn -0.0422 0.1158 0.9924
vn 0.1380 -0.1966 0.9707
vn -0.0214 0.1215 0.9924
vn -0.1215 0.0214 0.9924
vn -0.1234 -0.0000 0.9924
vn -0.0000 -0.0980 0.9952
vn 0.1989 0.1333 0.9709
vn -0.1159 -0.0422 0.9924
vn -0.1215 -0.0214 0.9924
vn -0.1069 -0.0616 0.9924
vn 0.0843 0.1649 0.9827
vn -0.0945 -0.0793 0.9924
vn 0.1103 0.1487 0.9827
vn 0.1332 0.1285 0.9827
vn -0.0793 -0.0946 0.9924
vn 0.1524 0.1052 0.9827
vn -0.0000 -0.0979 0.9952
vn 0.0615 -0.1086 0.9922
vn 0.0754 -0.0541 0.9957
vn 0.0659 -0.0657 0.9957
vn -0.0617 -0.1067 0.9924
vn 0.1676 0.0789 0.9827
vn 0.0288 -0.0885 0.9957
vn 0.0146 -0.0920 0.9957
vn -0.0422 -0.1160 0.9924
vn 0.1379 0.1967 0.9707
vn 0.0548 -0.0754 0.9956
vn 0.0423 -0.0830 0.9956
vn -0.0214 -0.1215 0.9924
vn -0.1677 -0.0788 0.9827
vn -0.1380 -0.1967 0.9707
vn -0.1525 -0.1052 0.9827
vn -0.0615 0.0693 0.9957
vn -0.0720 0.0586 0.9957
vn -0.0493 0.0783 0.9957
vn -0.1333 -0.1286 0.9827
vn -0.0000 0.0980 0.9952
vn -0.0805 0.0471 0.9956
vn -0.0358 0.0851 0.9957
vn -0.1103 -0.1487 0.9827
vn -0.0685 0.1075 0.9918
vn -0.0213 0.0895 0.9958
vn -0.0696 0.0625 0.9956
vn -0.0062 0.0947 0.9955
vn 0.0091 0.0928 0.9956
vn 0.0243 0.0903 0.9956
vn -0.0850 0.0794 0.9932
vn -0.0780 0.0542 0.9955
vn -0.0864 0.1646 0.9826
vn -0.0843 -0.1648 0.9827
vn -0.1983 0.1348 0.9708
vn -0.1990 -0.1334 0.9709
vn 0.7661 -0.6428 -0.0000
vn 0.9848 -0.1737 -0.0000
vn -0.0000 0.0006 1.0000
vn -0.0000 0.0013 1.0000
vn -0.0000 0.9239 0.3826
vn 0.1999 0.6895 0.6961
vn -0.0000 0.7070 0.7072
vn -0.0000 0.3826 0.9239
vn -0.0671 0.9244 0.3754
vn -0.0580 0.7060 0.7059
vn -0.0672 0.3754 0.9244
vn 0.7480 0.4935 0.4438
vn 0.3195 0.2186 0.9220
vn -0.2850 0.3516 0.8917
vn -0.3144 0.2022 0.9275
vn -0.2830 0.5795 0.7643
vn -0.2831 0.7643 0.5794
vn -0.5519 0.4071 0.7278
vn -0.6279 0.3072 0.7151
vn -0.2880 0.9056 0.3113
vn -0.5631 0.5842 0.5844
vn -0.5631 0.7156 0.4133
vn -0.7814 0.3266 0.5317
vn -0.8492 0.3837 0.3627
vn -0.5503 0.8124 0.1927
vn -0.7758 0.5074 0.3750
vn -0.7944 0.5848 0.1642
vn 0.5171 0.7341 0.4400
vn 0.3477 0.1584 0.9241
vn 0.8394 0.3858 0.3829
vn 0.3160 0.2149 0.9241
vn 0.7631 0.5206 0.3829
vn 0.2754 0.2653 0.9240
vn 0.6656 0.6406 0.3829
vn 0.2279 0.3072 0.9240
vn 0.5518 0.7410 0.3827
vn 0.1739 0.3405 0.9240
vn 0.2284 0.3126 0.9220
vn 0.4222 0.8220 0.3821
vn 0.1071 0.3598 0.9269
vn 0.1981 0.6740 0.7116
vn 0.2601 0.8851 0.3859
vn 0.0548 0.3722 0.9265
vn 0.1001 0.6955 0.7115
vn 0.1314 0.9131 0.3859
vn 0.0072 0.3799 0.9250
vn 0.0143 0.7038 0.7102
vn -0.0278 0.3770 0.9258
vn 0.0189 0.9228 0.3849
vn -0.0520 0.7025 0.7098
vn -0.0681 0.3706 0.9263
vn -0.0693 0.9149 0.3978
vn -0.1311 0.6904 0.7115
vn -0.1722 0.9064 0.3857
vn -0.1254 0.3523 0.9275
vn -0.2370 0.6604 0.7126
vn -0.3114 0.8681 0.3865
vn -0.1837 0.3255 0.9275
vn -0.3466 0.6101 0.7125
vn -0.4556 0.8019 0.3865
vn -0.2367 0.2888 0.9277
vn -0.4461 0.5416 0.7125
vn -0.5863 0.7119 0.3866
vn -0.2827 0.2437 0.9277
vn -0.5323 0.4572 0.7125
vn -0.6996 0.6009 0.3865
vn -0.3204 0.1913 0.9278
vn -0.6028 0.3591 0.7125
vn -0.7923 0.4721 0.3865
vn 0.8639 0.2390 0.4433
vn 0.3687 0.1095 0.9231
vn -0.2291 0.3629 0.9032
vn -0.2837 0.2336 0.9300
vn -0.2319 0.5866 0.7759
vn -0.4676 0.4221 0.7766
vn -0.5901 0.4044 0.6988
vn -0.2319 0.7759 0.5867
vn -0.4843 0.6174 0.6199
vn -0.2400 0.8968 0.3716
vn -0.4777 0.7609 0.4391
vn -0.2332 0.9700 0.0681
vn -0.6713 0.5665 0.4779
vn -0.7724 0.5128 0.3747
vn -0.4781 0.8489 0.2254
vn -0.6936 0.6686 0.2680
vn -0.6894 0.7243 -0.0086
vn 0.8661 -0.2358 0.4408
vn 0.3687 -0.1095 0.9231
vn -0.7680 0.5034 0.3959
vn -0.5935 0.3973 0.6999
vn -0.3091 0.2180 0.9257
vn 0.5140 -0.7371 0.4386
vn 0.2279 -0.3128 0.9221
vn -0.1599 0.3552 0.9210
vn -0.2256 0.3143 0.9221
vn -0.3944 0.8340 0.3859
vn -0.5233 0.7233 0.4506
vn -0.3535 0.7525 0.5556
vn -0.3460 0.5339 0.7715
vn -0.4919 0.7809 0.3850
vn -0.2545 0.2567 0.9324
vn -0.4270 0.5610 0.7092
vn -0.5517 0.7254 0.4116
vn -0.2596 0.2897 0.9212
vn -0.4693 0.5253 0.7098
vn -0.6150 0.6884 0.3846
vn -0.2799 0.2499 0.9269
vn -0.5217 0.5091 0.6845
vn -0.5580 0.7062 0.4359
vn 0.7481 -0.4940 0.4430
vn 0.1711 -0.3416 0.9241
vn 0.4163 -0.8247 0.3829
vn 0.2264 -0.3078 0.9241
vn 0.5482 -0.7435 0.3829
vn 0.2752 -0.2654 0.9240
vn 0.6645 -0.6417 0.3829
vn 0.3154 -0.2166 0.9239
vn 0.7606 -0.5245 0.3826
vn 0.3465 -0.1614 0.9241
vn 0.3193 -0.2192 0.9219
vn 0.8368 -0.3921 0.3821
vn -0.8640 0.2392 0.4431
vn -0.3689 0.1096 0.9230
vn 0.2006 -0.6894 0.6960
vn -0.8640 -0.2393 0.4431
vn -0.3689 -0.1096 0.9230
vn -0.0000 -0.9239 0.3827
vn -0.0000 -0.3825 0.9239
vn -0.5172 -0.7342 0.4398
vn -0.2285 -0.3129 0.9219
vn -0.0526 -0.9226 0.3821
vn -0.0508 -0.7062 0.7062
vn -0.0604 -0.3751 0.9250
vn -0.7481 -0.4936 0.4436
vn -0.3478 -0.1583 0.9241
vn -0.3196 -0.2189 0.9219
vn -0.8394 -0.3859 0.3827
vn -0.7632 -0.5206 0.3827
vn -0.3160 -0.2150 0.9241
vn -0.6656 -0.6407 0.3827
vn -0.2754 -0.2655 0.9239
vn -0.5519 -0.7411 0.3825
vn -0.2279 -0.3074 0.9239
vn -0.1739 -0.3405 0.9240
vn -0.4223 -0.8221 0.3819
vn -0.2587 -0.9648 0.0477
vn -0.2632 -0.8914 0.3691
vn -0.5198 -0.8252 0.2212
vn -0.2570 -0.7705 0.5834
vn -0.7385 -0.6723 -0.0518
vn -0.5198 -0.7398 0.4272
vn -0.2570 -0.5834 0.7705
vn -0.7430 -0.6199 0.2524
vn -0.5293 -0.5960 0.6038
vn -0.2562 -0.3583 0.8978
vn -0.7189 -0.5327 0.4465
vn -0.5129 -0.4218 0.7477
vn -0.2001 -0.6896 0.6960
vn 0.2939 -0.2235 0.9293
vn 0.0586 -0.3695 0.9274
vn 0.1100 -0.6934 0.7121
vn 0.1445 -0.9110 0.3862
vn 0.1158 -0.3557 0.9274
vn 0.2173 -0.6677 0.7120
vn 0.2855 -0.8772 0.3861
vn 0.1702 -0.3335 0.9273
vn 0.3192 -0.6254 0.7120
vn 0.4194 -0.8215 0.3862
vn 0.2203 -0.3026 0.9273
vn 0.4133 -0.5676 0.7121
vn 0.5430 -0.7457 0.3862
vn 0.2650 -0.2642 0.9273
vn 0.4972 -0.4957 0.7121
vn 0.6531 -0.6514 0.3862
vn 0.3031 -0.2195 0.9273
vn 0.6057 -0.3755 0.7015
vn 0.5687 -0.4119 0.7120
vn 0.7948 -0.4720 0.3813
vn 0.7470 -0.5411 0.3862
vn -0.0000 -0.7070 0.7072
vn -0.0000 -0.3824 0.9240
vn 0.7437 -0.6384 0.1983
vn 0.5324 -0.8198 0.2109
vn 0.7190 -0.5326 0.4466
vn 0.2586 -0.9648 0.0477
vn 0.0526 -0.9226 0.3821
vn 0.5198 -0.7398 0.4272
vn 0.2632 -0.8914 0.3691
vn 0.5293 -0.5961 0.6038
vn 0.2570 -0.7705 0.5834
vn 0.0508 -0.7062 0.7062
vn 0.5129 -0.4218 0.7477
vn 0.2570 -0.5834 0.7705
vn 0.0604 -0.3751 0.9250
vn 0.2562 -0.3583 0.8978
vn -0.0449 0.2549 0.9659
vn -0.1498 0.8493 0.5063
vn -0.1228 0.6964 0.7070
vn -0.0885 0.2430 0.9660
vn -0.2950 0.8103 0.5063
vn -0.2418 0.6645 0.7071
vn -0.1294 0.2242 0.9659
vn -0.4312 0.7468 0.5063
vn -0.3536 0.6124 0.7071
vn -0.1664 0.1982 0.9659
vn -0.5543 0.6606 0.5063
vn -0.4545 0.5417 0.7071
vn -0.1983 0.1665 0.9659
vn -0.6606 0.5543 0.5063
vn -0.5417 0.4544 0.7071
vn -0.2241 0.1294 0.9659
vn -0.6124 0.3535 0.7071
vn -0.7468 0.4312 0.5063
vn -0.2432 0.0885 0.9659
vn -0.6645 0.2419 0.7071
vn -0.8104 0.2949 0.5063
vn -0.2549 0.0449 0.9659
vn -0.6964 0.1229 0.7071
vn -0.8492 0.1498 0.5063
vn -0.2588 -0.0000 0.9659
vn -0.8624 -0.0000 0.5063
vn -0.7071 -0.0000 0.7071
vn -0.2549 -0.0450 0.9659
vn -0.6964 -0.1229 0.7071
vn -0.8493 -0.1498 0.5063
vn -0.2432 -0.0886 0.9659
vn -0.8104 -0.2949 0.5063
vn -0.6645 -0.2418 0.7071
vn -0.2241 -0.1292 0.9659
vn -0.7468 -0.4311 0.5063
vn -0.6124 -0.3535 0.7071
vn -0.1983 -0.1664 0.9659
vn -0.6606 -0.5544 0.5063
vn -0.5417 -0.4545 0.7071
vn -0.1664 -0.1985 0.9659
vn -0.5543 -0.6606 0.5063
vn -0.4546 -0.5417 0.7071
vn -0.1294 -0.2239 0.9660
vn -0.4312 -0.7468 0.5064
vn -0.3536 -0.6122 0.7072
vn -0.0885 -0.2434 0.9659
vn -0.2418 -0.6646 0.7070
vn -0.2950 -0.8103 0.5063
vn -0.0449 -0.2549 0.9659
vn -0.1228 -0.6965 0.7070
vn -0.1497 -0.8493 0.5062
vn -0.0192 -0.2687 0.9630
vn 0.0192 -0.2687 0.9630
vn 0.0231 -0.5093 0.8603
vn -0.0231 -0.5091 0.8604
vn 0.0262 -0.7033 0.7104
vn -0.0262 -0.7032 0.7105
vn 0.0358 -0.8697 0.4923
vn -0.0358 -0.8697 0.4923
vn -0.0287 -0.9633 0.2670
vn 0.0287 -0.9633 0.2670
vn -0.9686 -0.1249 0.2148
vn -0.9648 -0.2587 0.0475
vn -0.9633 -0.0288 0.2670
vn -0.9205 -0.3247 0.2176
vn -0.8646 -0.5000 0.0495
vn -0.8251 -0.5220 0.2162
vn -0.7062 -0.7062 0.0512
vn -0.8815 -0.1974 0.4290
vn -0.8697 -0.0358 0.4923
vn -0.6905 -0.6905 0.2156
vn -0.8127 -0.3914 0.4316
vn -0.7806 -0.0878 0.6189
vn -0.7033 -0.0261 0.7104
vn -0.5221 -0.8250 0.2162
vn -0.5001 -0.8646 0.0495
vn -0.7052 -0.5624 0.4316
vn -0.7400 -0.2589 0.6208
vn -0.3247 -0.9205 0.2176
vn -0.2587 -0.9648 0.0475
vn -0.5624 -0.7053 0.4316
vn -0.6638 -0.4171 0.6208
vn -0.6113 -0.1326 0.7802
vn -0.5090 -0.0233 0.8605
vn -0.1248 -0.9687 0.2148
vn -0.3914 -0.8127 0.4316
vn -0.5543 -0.5544 0.6208
vn -0.5647 -0.2720 0.7792
vn -0.4196 -0.0190 0.9075
vn -0.2686 -0.0195 0.9630
vn -0.1974 -0.8815 0.4290
vn -0.4171 -0.6639 0.6207
vn -0.4900 -0.3908 0.7792
vn -0.4137 -0.1446 0.8989
vn -0.2589 -0.7400 0.6207
vn -0.3908 -0.4901 0.7792
vn -0.3711 -0.2331 0.8989
vn -0.2083 -0.0310 0.9776
vn -0.0878 -0.7806 0.6189
vn -0.2720 -0.5647 0.7792
vn -0.3099 -0.3098 0.8989
vn -0.2058 -0.0998 0.9735
vn -0.1326 -0.6112 0.7803
vn -0.2331 -0.3711 0.8988
vn -0.1786 -0.1426 0.9735
vn -0.1447 -0.4135 0.8989
vn -0.1425 -0.1789 0.9735
vn -0.0190 -0.4197 0.9074
vn -0.0991 -0.2064 0.9734
vn -0.0309 -0.2085 0.9775
vn 0.1249 -0.9686 0.2148
vn 0.2586 -0.9648 0.0475
vn 0.3247 -0.9204 0.2176
vn 0.5001 -0.8646 0.0495
vn 0.5222 -0.8250 0.2162
vn 0.7062 -0.7062 0.0512
vn 0.1974 -0.8815 0.4290
vn 0.6905 -0.6905 0.2156
vn 0.3914 -0.8127 0.4316
vn 0.0878 -0.7805 0.6189
vn 0.8250 -0.5221 0.2162
vn 0.8646 -0.5000 0.0495
vn 0.5624 -0.7052 0.4316
vn 0.2589 -0.7400 0.6208
vn 0.9205 -0.3247 0.2176
vn 0.9648 -0.2587 0.0475
vn 0.7052 -0.5624 0.4316
vn 0.4171 -0.6638 0.6208
vn 0.1326 -0.6113 0.7802
vn 0.9686 -0.1249 0.2148
vn 0.9633 -0.0288 0.2670
vn 0.8127 -0.3914 0.4316
vn 0.5543 -0.5544 0.6208
vn 0.2719 -0.5647 0.7792
vn 0.0191 -0.4197 0.9074
vn 0.8815 -0.1974 0.4290
vn 0.8697 -0.0358 0.4923
vn 0.6638 -0.4172 0.6208
vn 0.3908 -0.4901 0.7792
vn 0.1447 -0.4135 0.8989
vn 0.7400 -0.2590 0.6208
vn 0.4900 -0.3908 0.7792
vn 0.2332 -0.3711 0.8988
vn 0.0309 -0.2082 0.9776
vn 0.7806 -0.0879 0.6189
vn 0.7033 -0.0260 0.7104
vn 0.5647 -0.2719 0.7792
vn 0.3099 -0.3097 0.8989
vn 0.0991 -0.2062 0.9735
vn 0.6113 -0.1323 0.7802
vn 0.5090 -0.0227 0.8605
vn 0.3711 -0.2330 0.8989
vn 0.1425 -0.1788 0.9735
vn 0.4137 -0.1446 0.8989
vn 0.1786 -0.1426 0.9735
vn 0.4196 -0.0187 0.9075
vn 0.2686 -0.0195 0.9630
vn 0.2058 -0.0998 0.9735
vn 0.2083 -0.0310 0.9776
vn -0.2686 0.0195 0.9630
vn -0.5090 0.0233 0.8605
vn -0.7033 0.0261 0.7104
vn -0.8697 0.0358 0.4923
vn -0.9633 0.0288 0.2670
vn -0.2577 -0.9649 -0.0495
vn -0.4993 -0.8651 -0.0475
vn -0.7063 -0.7063 -0.0469
vn -0.8651 -0.4993 -0.0475
vn -0.9649 -0.2577 -0.0495
vn -0.0226 -0.2734 -0.9616
vn 0.0226 -0.2729 -0.9618
vn -0.0238 -0.5014 -0.8649
vn 0.0238 -0.5013 -0.8650
vn 0.0286 -0.7132 -0.7004
vn -0.0286 -0.7132 -0.7004
vn -0.0274 -0.8612 -0.5075
vn 0.0274 -0.8613 -0.5074
vn -0.0429 -0.9671 -0.2506
vn 0.0429 -0.9671 -0.2506
vn 0.9650 -0.2577 -0.0495
vn 0.8651 -0.4993 -0.0475
vn 0.7063 -0.7063 -0.0469
vn 0.4993 -0.8651 -0.0475
vn 0.2578 -0.9649 -0.0495
vn 0.2686 0.0195 0.9630
vn 0.5090 0.0227 0.8605
vn 0.7033 0.0260 0.7104
vn 0.8697 0.0358 0.4923
vn 0.9633 0.0288 0.2670
vn 0.0192 0.2687 0.9630
vn -0.0192 0.2687 0.9630
vn 0.0231 0.5093 0.8603
vn -0.0231 0.5091 0.8604
vn 0.0262 0.7033 0.7104
vn -0.0262 0.7032 0.7105
vn 0.0358 0.8697 0.4923
vn -0.0358 0.8697 0.4923
vn 0.0287 0.9633 0.2670
vn -0.0287 0.9633 0.2670
vn -0.1248 0.9687 0.2148
vn -0.2587 0.9648 0.0475
vn -0.3247 0.9204 0.2176
vn -0.5001 0.8646 0.0495
vn -0.5222 0.8250 0.2162
vn -0.7062 0.7062 0.0512
vn -0.1974 0.8814 0.4291
vn -0.6905 0.6905 0.2156
vn -0.3914 0.8127 0.4316
vn -0.0878 0.7805 0.6189
vn -0.8251 0.5221 0.2162
vn -0.8646 0.5000 0.0495
vn -0.5624 0.7053 0.4316
vn -0.2589 0.7400 0.6208
vn -0.9205 0.3247 0.2176
vn -0.9648 0.2587 0.0475
vn -0.7053 0.5624 0.4316
vn -0.4171 0.6639 0.6207
vn -0.1326 0.6112 0.7803
vn -0.9686 0.1249 0.2148
vn -0.8127 0.3914 0.4316
vn -0.5544 0.5544 0.6208
vn -0.2719 0.5647 0.7792
vn -0.0190 0.4197 0.9074
vn -0.8815 0.1974 0.4290
vn -0.6638 0.4171 0.6208
vn -0.3908 0.4902 0.7791
vn -0.1447 0.4135 0.8989
vn -0.7400 0.2589 0.6208
vn -0.4900 0.3908 0.7792
vn -0.2331 0.3711 0.8988
vn -0.0309 0.2084 0.9776
vn -0.7806 0.0878 0.6189
vn -0.5647 0.2720 0.7792
vn -0.3099 0.3098 0.8989
vn -0.0991 0.2062 0.9735
vn -0.6113 0.1326 0.7802
vn -0.3711 0.2331 0.8989
vn -0.1425 0.1787 0.9735
vn -0.4137 0.1446 0.8989
vn -0.1786 0.1426 0.9735
vn -0.4196 0.0190 0.9075
vn -0.2058 0.0998 0.9735
vn -0.2083 0.0310 0.9776
vn -0.1963 0.0226 -0.9803
vn -0.2729 -0.0221 -0.9618
vn -0.2158 -0.0750 -0.9736
vn -0.1936 -0.1217 -0.9735
vn -0.4228 -0.0853 -0.9022
vn -0.5013 -0.0237 -0.8649
vn -0.1617 -0.1615 -0.9735
vn -0.3949 -0.1902 -0.8988
vn -0.6184 -0.0567 -0.7838
vn -0.7132 -0.0288 -0.7004
vn -0.1216 -0.1936 -0.9735
vn -0.3427 -0.2735 -0.8987
vn -0.5915 -0.2070 -0.7793
vn -0.0755 -0.2160 -0.9735
vn -0.2733 -0.3430 -0.8987
vn -0.5306 -0.3333 -0.7793
vn -0.7661 -0.1705 -0.6197
vn -0.8613 -0.0274 -0.5073
vn 0.0218 -0.1968 -0.9802
vn -0.1902 -0.3950 -0.8988
vn -0.4431 -0.4431 -0.7793
vn -0.7063 -0.3401 -0.6209
vn -0.8981 -0.1111 -0.4256
vn -0.9671 -0.0429 -0.2506
vn -0.0855 -0.4228 -0.9022
vn -0.3334 -0.5306 -0.7793
vn -0.6129 -0.4887 -0.6209
vn -0.8514 -0.2980 -0.4316
vn -0.2070 -0.5916 -0.7792
vn -0.4888 -0.6128 -0.6209
vn -0.7638 -0.4799 -0.4316
vn -0.9531 -0.2133 -0.2147
vn -0.0566 -0.6184 -0.7838
vn -0.3401 -0.7063 -0.6208
vn -0.6378 -0.6379 -0.4316
vn -0.8805 -0.4212 -0.2176
vn -0.1703 -0.7661 -0.6197
vn -0.4799 -0.7638 -0.4316
vn -0.7636 -0.6077 -0.2181
vn -0.2979 -0.8514 -0.4316
vn -0.6078 -0.7636 -0.2181
vn -0.1112 -0.8980 -0.4257
vn -0.4213 -0.8804 -0.2176
vn -0.2133 -0.9531 -0.2147
vn -0.0218 -0.1968 -0.9802
vn 0.0755 -0.2161 -0.9734
vn 0.1216 -0.1937 -0.9735
vn 0.0855 -0.4227 -0.9022
vn 0.1616 -0.1619 -0.9735
vn 0.1902 -0.3949 -0.8988
vn 0.0566 -0.6185 -0.7838
vn 0.1936 -0.1220 -0.9735
vn 0.2733 -0.3428 -0.8988
vn 0.2070 -0.5915 -0.7793
vn 0.2158 -0.0757 -0.9735
vn 0.3427 -0.2734 -0.8988
vn 0.3334 -0.5306 -0.7793
vn 0.1703 -0.7661 -0.6197
vn 0.1963 0.0220 -0.9803
vn 0.2729 -0.0221 -0.9618
vn 0.3950 -0.1900 -0.8988
vn 0.4431 -0.4432 -0.7792
vn 0.3401 -0.7063 -0.6209
vn 0.1112 -0.8980 -0.4257
vn 0.4228 -0.0854 -0.9022
vn 0.5013 -0.0239 -0.8649
vn 0.5306 -0.3334 -0.7793
vn 0.4888 -0.6129 -0.6209
vn 0.2979 -0.8514 -0.4316
vn 0.5915 -0.2068 -0.7793
vn 0.6129 -0.4888 -0.6209
vn 0.4799 -0.7638 -0.4316
vn 0.2133 -0.9531 -0.2147
vn 0.6184 -0.0566 -0.7838
vn 0.7132 -0.0288 -0.7004
vn 0.7063 -0.3401 -0.6209
vn 0.6378 -0.6379 -0.4316
vn 0.4213 -0.8804 -0.2176
vn 0.7661 -0.1704 -0.6197
vn 0.8613 -0.0274 -0.5074
vn 0.7638 -0.4799 -0.4316
vn 0.6078 -0.7636 -0.2181
vn 0.8514 -0.2979 -0.4316
vn 0.7636 -0.6078 -0.2181
vn 0.8981 -0.1111 -0.4256
vn 0.9671 -0.0429 -0.2506
vn 0.8805 -0.4212 -0.2176
vn 0.9531 -0.2133 -0.2147
vn 0.9686 0.1249 0.2148
vn 0.9648 0.2587 0.0475
vn 0.9205 0.3247 0.2176
vn 0.8646 0.5000 0.0495
vn 0.8250 0.5221 0.2162
vn 0.7062 0.7062 0.0512
vn 0.8815 0.1974 0.4290
vn 0.6905 0.6905 0.2156
vn 0.8127 0.3914 0.4316
vn 0.7806 0.0879 0.6189
vn 0.5222 0.8250 0.2162
vn 0.5001 0.8646 0.0495
vn 0.7052 0.5625 0.4316
vn 0.7400 0.2590 0.6208
vn 0.3247 0.9204 0.2176
vn 0.2586 0.9648 0.0475
vn 0.5624 0.7053 0.4316
vn 0.6638 0.4172 0.6208
vn 0.6113 0.1323 0.7802
vn 0.1249 0.9686 0.2148
vn 0.3914 0.8127 0.4316
vn 0.5543 0.5544 0.6207
vn 0.5647 0.2719 0.7792
vn 0.4196 0.0187 0.9075
vn 0.1974 0.8814 0.4290
vn 0.4171 0.6638 0.6208
vn 0.4900 0.3907 0.7792
vn 0.4137 0.1446 0.8989
vn 0.2589 0.7400 0.6208
vn 0.3908 0.4901 0.7792
vn 0.3711 0.2330 0.8989
vn 0.2083 0.0310 0.9776
vn 0.0878 0.7805 0.6189
vn 0.2719 0.5647 0.7792
vn 0.3099 0.3097 0.8989
vn 0.2058 0.0998 0.9735
vn 0.1326 0.6113 0.7803
vn 0.2332 0.3711 0.8988
vn 0.1786 0.1426 0.9735
vn 0.1447 0.4135 0.8989
vn 0.1425 0.1788 0.9735
vn 0.0190 0.4197 0.9075
vn 0.0991 0.2063 0.9735
vn 0.0309 0.2083 0.9776
vn -0.9650 0.2577 -0.0495
vn -0.8651 0.4993 -0.0475
vn -0.7063 0.7063 -0.0469
vn -0.4993 0.8651 -0.0475
vn -0.2577 0.9649 -0.0495
vn -0.2729 0.0221 -0.9618
vn -0.5013 0.0237 -0.8649
vn -0.7132 0.0288 -0.7004
vn -0.8613 0.0274 -0.5074
vn -0.9671 0.0429 -0.2506
vn 0.2729 0.0221 -0.9618
vn 0.5013 0.0239 -0.8649
vn 0.7132 0.0288 -0.7004
vn 0.8613 0.0274 -0.5073
vn 0.9671 0.0429 -0.2506
vn 0.2578 0.9649 -0.0495
vn 0.4993 0.8651 -0.0475
vn 0.7063 0.7063 -0.0469
vn 0.8651 0.4993 -0.0475
vn 0.9649 0.2577 -0.0495
vn 0.0218 0.1968 -0.9802
vn -0.0226 0.2733 -0.9617
vn -0.0755 0.2159 -0.9735
vn -0.1216 0.1935 -0.9735
vn -0.0855 0.4227 -0.9022
vn -0.0238 0.5013 -0.8649
vn -0.1617 0.1615 -0.9735
vn -0.1902 0.3950 -0.8988
vn -0.0566 0.6185 -0.7838
vn -0.0286 0.7132 -0.7004
vn -0.1936 0.1217 -0.9735
vn -0.2733 0.3430 -0.8987
vn -0.2070 0.5915 -0.7793
vn -0.2158 0.0754 -0.9735
vn -0.3427 0.2735 -0.8987
vn -0.3334 0.5306 -0.7793
vn -0.1703 0.7661 -0.6197
vn -0.0274 0.8613 -0.5074
vn -0.1963 -0.0223 -0.9803
vn -0.3950 0.1901 -0.8988
vn -0.4431 0.4431 -0.7793
vn -0.3401 0.7063 -0.6208
vn -0.1112 0.8980 -0.4257
vn -0.0429 0.9671 -0.2506
vn -0.4228 0.0853 -0.9022
vn -0.5307 0.3333 -0.7793
vn -0.4888 0.6129 -0.6209
vn -0.2979 0.8514 -0.4316
vn -0.5915 0.2069 -0.7793
vn -0.6129 0.4887 -0.6209
vn -0.4799 0.7638 -0.4316
vn -0.2133 0.9531 -0.2147
vn -0.6184 0.0567 -0.7838
vn -0.7063 0.3402 -0.6209
vn -0.6378 0.6379 -0.4316
vn -0.4213 0.8804 -0.2176
vn -0.7661 0.1704 -0.6197
vn -0.7638 0.4799 -0.4316
vn -0.6078 0.7636 -0.2181
vn -0.8514 0.2980 -0.4316
vn -0.7636 0.6077 -0.2181
vn -0.8981 0.1111 -0.4256
vn -0.8805 0.4212 -0.2176
vn -0.9531 0.2132 -0.2147
vn 0.1963 -0.0220 -0.9803
vn 0.2158 0.0757 -0.9735
vn 0.1936 0.1220 -0.9735
vn 0.4228 0.0854 -0.9022
vn 0.1616 0.1618 -0.9735
vn 0.3950 0.1901 -0.8988
vn 0.6184 0.0566 -0.7838
vn 0.1216 0.1937 -0.9735
vn 0.3427 0.2732 -0.8988
vn 0.5915 0.2069 -0.7793
vn 0.0755 0.2162 -0.9734
vn 0.2733 0.3427 -0.8988
vn 0.5306 0.3335 -0.7792
vn 0.7661 0.1704 -0.6197
vn -0.0218 0.1968 -0.9802
vn 0.0226 0.2730 -0.9617
vn 0.1902 0.3950 -0.8988
vn 0.4431 0.4432 -0.7792
vn 0.7063 0.3401 -0.6209
vn 0.8981 0.1112 -0.4256
vn 0.0855 0.4228 -0.9022
vn 0.0238 0.5013 -0.8649
vn 0.3334 0.5306 -0.7793
vn 0.6129 0.4888 -0.6209
vn 0.8514 0.2979 -0.4316
vn 0.2070 0.5915 -0.7793
vn 0.4888 0.6129 -0.6209
vn 0.7638 0.4799 -0.4316
vn 0.9531 0.2133 -0.2147
vn 0.0566 0.6184 -0.7838
vn 0.0286 0.7132 -0.7004
vn 0.3401 0.7063 -0.6209
vn 0.6378 0.6379 -0.4316
vn 0.8805 0.4212 -0.2176
vn 0.1703 0.7661 -0.6198
vn 0.0274 0.8612 -0.5075
vn 0.4799 0.7638 -0.4316
vn 0.7636 0.6077 -0.2181
vn 0.2979 0.8514 -0.4316
vn 0.6078 0.7636 -0.2181
vn 0.1112 0.8980 -0.4257
vn 0.0429 0.9671 -0.2506
vn 0.4213 0.8804 -0.2176
vn 0.2133 0.9531 -0.2147
vt 3.316126 29.823999
vt 3.141593 4.324000
vt 3.141593 29.823999
vt 3.316126 4.324000
vt 3.490659 29.823999
vt 3.490659 4.324000
vt 3.665191 29.823999
vt 3.665191 4.324000
vt 3.839724 4.324000
vt 3.839724 29.823999
vt 4.014257 29.823999
vt 4.014257 4.324000
vt 4.188790 29.823999
vt 4.188790 4.324000
vt 4.363323 4.324000
vt 4.363323 29.823999
vt 4.537856 29.823999
vt 4.537856 4.324000
vt 4.712389 29.823999
vt 4.712389 4.324000
vt 4.886922 29.823999
vt 4.886922 4.324000
vt 5.061455 29.823999
vt 5.061455 4.324000
vt 5.235988 29.823999
vt 5.235988 4.324000
vt 5.410521 29.823999
vt 5.410521 4.324000
vt 5.585053 29.823999
vt 5.585053 4.324000
vt 5.759586 29.823999
vt 5.759586 4.324000
vt 5.934119 29.823999
vt 5.934119 4.324000
vt 6.108653 29.823999
vt 6.108653 4.324000
vt 6.283185 29.823999
vt 6.283185 4.324000
vt 0.174533 2.094395
vt 0.000000 1.570796
vt 0.174533 1.570796
vt 0.000000 2.094395
vt 0.174533 2.617994
vt 0.174533 3.141593
vt 0.000000 3.141593
vt 0.000000 2.617994
vt 0.349066 2.094395
vt 0.349066 1.570796
vt 0.349066 2.617994
vt 0.349066 3.141593
vt 0.523599 2.094395
vt 0.523599 1.570796
vt 0.523599 2.617994
vt 0.523599 3.141593
vt 0.698132 2.094395
vt 0.698132 1.570796
vt 0.698132 2.617994
vt 0.698132 3.141593
vt 0.872665 2.094395
vt 0.872665 1.570796
vt 0.872665 2.617994
vt 0.872665 3.141593
vt 1.047198 2.094395
vt 1.047198 1.570796
vt 1.047198 2.617994
vt 1.047198 3.141593
vt 1.221730 2.094395
vt 1.221730 1.570796
vt 1.221730 2.617994
vt 1.221730 3.141593
vt 1.396263 2.094395
vt 1.396263 1.570796
vt 1.396263 2.617994
vt 1.396263 3.141593
vt 1.570796 2.094395
vt 1.570796 1.570796
vt 1.570796 2.617994
vt 1.570796 3.141593
vt 1.745329 2.094395
vt 1.745329 1.570796
vt 1.745329 2.617994
vt 1.745329 3.141593
vt 1.919862 2.094395
vt 1.919862 1.570796
vt 1.919862 2.617994
vt 1.919862 3.141593
vt 2.094395 2.094395
vt 2.094395 1.570796
vt 2.094395 2.617994
vt 2.094395 3.141593
vt 2.268928 2.094395
vt 2.268928 1.570796
vt 2.268928 2.617994
vt 2.268928 3.141593
vt 2.443461 2.094395
vt 2.443461 1.570796
vt 2.443461 2.617994
vt 2.443461 3.141593
vt 2.617994 3.141593
vt 2.617994 2.094395
vt 2.617994 1.570796
vt 2.617994 2.617994
vt 2.792527 3.141593
vt 2.792527 2.094395
vt 2.792527 1.570796
vt 2.792527 2.617994
vt 2.967060 2.094395
vt 2.967060 1.570796
vt 3.141593 1.570796
vt 3.141593 2.094395
vt 2.967060 2.617994
vt 3.141593 2.617994
vt 3.141593 3.141593
vt 2.967060 3.141593
vt 5.339160 3.141593
vt 5.181822 3.141593
vt 5.181822 2.748893
vt 6.283185 1.963495
vt 6.125848 1.570796
vt 6.283185 1.570796
vt 6.283185 3.141593
vt 6.125848 3.141593
vt 6.283185 2.748893
vt 5.339160 1.963495
vt 5.181822 1.570796
vt 5.339160 1.570796
vt 5.181822 1.963495
vt 5.339160 2.356194
vt 5.181822 2.356194
vt 5.339160 2.748893
vt 5.496498 1.963495
vt 5.496498 1.570796
vt 5.496498 2.356194
vt 5.496498 2.748893
vt 5.496498 3.141593
vt 5.653835 1.963495
vt 5.653835 1.570796
vt 5.653835 2.356194
vt 5.653835 2.748893
vt 5.653835 3.141593
vt 5.811172 1.963495
vt 5.811172 1.570796
vt 5.811172 2.356194
vt 5.811172 2.748893
vt 5.811172 3.141593
vt 5.968510 1.963495
vt 5.968510 1.570796
vt 5.968510 2.356194
vt 5.968510 2.748893
vt 5.968510 3.141593
vt 6.125848 1.963495
vt 6.125848 2.356194
vt 6.283185 2.356194
vt 6.125848 2.748893
vt 5.105088 0.000000
vt 4.712389 0.000000
vt 5.072663 -0.159784
vt 5.497787 0.000000
vt 5.450414 -0.298396
vt 5.628687 -0.214387
vt 5.890486 0.000000
vt 5.855814 -0.394247
vt 5.890486 -0.214387
vt 6.152286 -0.214387
vt 6.283185 0.000005
vt 6.283185 -0.428778
vt 3.316126 2.600000
vt 3.141593 0.000000
vt 3.141593 2.600000
vt 3.316126 0.000000
vt 3.490659 2.600000
vt 3.490659 0.000000
vt 3.665191 0.000000
vt 3.665191 2.600000
vt 3.839724 2.600000
vt 3.839724 0.000000
vt 4.014257 2.600000
vt 4.014257 0.000000
vt 4.188790 2.600000
vt 4.188790 0.000000
vt 4.363323 2.600000
vt 4.363323 0.000000
vt 4.537856 2.600000
vt 4.537856 0.000000
vt 4.712389 2.600000
vt 4.886922 0.000000
vt 4.886922 2.600000
vt 5.061455 2.600000
vt 5.061455 0.000000
vt 5.235988 0.000000
vt 5.235988 2.600000
vt 5.410521 2.600000
vt 5.410521 0.000000
vt 5.585053 2.600000
vt 5.585053 0.000000
vt 5.759586 0.000000
vt 5.759586 2.600000
vt 5.934119 2.600000
vt 5.934119 0.000000
vt 6.108653 0.000000
vt 6.108653 2.600000
vt 6.283185 2.600000
vt 6.283185 0.000000
vt 3.316126 1.026000
vt 3.141593 1.026000
vt 3.490659 1.026000
vt 3.665191 1.026000
vt 3.839724 1.026000
vt 4.014257 1.026000
vt 4.188790 1.026000
vt 4.363323 1.026000
vt 4.537856 1.026000
vt 4.712389 1.026000
vt 4.886922 1.026000
vt 5.061455 1.026000
vt 5.235988 1.026000
vt 5.410521 1.026000
vt 5.585053 1.026000
vt 5.759586 1.026000
vt 5.934119 1.026000
vt 6.108653 1.026000
vt 6.283185 1.026000
vt 3.316126 1.050000
vt 3.141593 1.050000
vt 3.490659 1.050000
vt 3.665191 1.050000
vt 3.839724 1.050000
vt 4.014257 1.050000
vt 4.188790 1.050000
vt 4.363323 1.050000
vt 4.537856 1.050000
vt 4.712389 1.050000
vt 4.886922 1.050000
vt 5.061455 1.050000
vt 5.235988 1.050000
vt 5.410521 1.050000
vt 5.585053 1.050000
vt 5.759586 1.050000
vt 5.934119 1.050000
vt 6.108653 1.050000
vt 6.283185 1.050000
vt 0.000000 1.500000
vt 0.142927 0.300000
vt 0.000000 0.300000
vt 0.142927 1.500000
vt 0.285854 0.300000
vt 0.285854 1.500000
vt 0.428781 1.500000
vt 0.428781 0.300000
vt 0.174533 0.392699
vt 0.000000 0.000000
vt 0.174533 0.000000
vt 0.000000 0.392699
vt 0.174533 0.785398
vt 0.000000 0.785398
vt 0.174533 1.178097
vt 0.000000 1.178097
vt 0.349066 0.392699
vt 0.349066 0.000000
vt 0.349066 0.785398
vt 0.349066 1.178097
vt 0.523599 0.392699
vt 0.523599 0.000000
vt 0.523599 0.785398
vt 0.523599 1.178097
vt 0.698132 0.392699
vt 0.698132 0.000000
vt 0.698132 0.785398
vt 0.698132 1.178097
vt 0.872665 0.392699
vt 0.872665 0.000000
vt 0.872665 0.785398
vt 0.872665 1.178097
vt 1.047198 0.392699
vt 1.047198 0.000000
vt 1.047198 0.785398
vt 1.047198 1.178097
vt 1.221730 0.392699
vt 1.221730 0.000000
vt 1.221730 0.785398
vt 1.221730 1.178097
vt 1.396263 0.392699
vt 1.396263 0.000000
vt 1.396263 0.785398
vt 1.396263 1.178097
vt 1.570796 0.392699
vt 1.570796 0.000000
vt 1.570796 0.785398
vt 1.570796 1.178097
vt 1.745329 0.392699
vt 1.745329 0.000000
vt 1.745329 0.785398
vt 1.745329 1.178097
vt 1.919862 0.392699
vt 1.919862 0.000000
vt 1.919862 0.785398
vt 1.919862 1.178097
vt 2.094395 0.392699
vt 2.094395 0.000000
vt 2.094395 0.785398
vt 2.094395 1.178097
vt 2.268928 0.392699
vt 2.268928 0.000000
vt 2.268928 0.785398
vt 2.268928 1.178097
vt 2.443461 0.392699
vt 2.443461 0.000000
vt 2.443461 0.785398
vt 2.443461 1.178097
vt 2.617994 0.392699
vt 2.617994 0.000000
vt 2.617994 0.785398
vt 2.617994 1.178097
vt 2.792527 0.392699
vt 2.792527 0.000000
vt 2.792527 0.785398
vt 2.792527 1.178097
vt 2.967060 0.392699
vt 2.967060 0.000000
vt 3.141593 0.392699
vt 2.967060 0.785398
vt 3.141593 0.785398
vt 2.967060 1.178097
vt 3.141593 1.178097
vt 3.141593 0.424264
vt 3.316126 0.424264
vt 3.490659 0.424264
vt 3.665191 0.424264
vt 3.839724 0.424264
vt 4.014257 0.424264
vt 4.188790 0.424264
vt 4.363323 0.424264
vt 4.537856 0.424264
vt 4.712389 0.424264
vt 4.886922 0.424264
vt 5.061455 0.424264
vt 5.235988 0.424264
vt 5.410521 0.424264
vt 5.585053 0.424264
vt 5.759586 0.424264
vt 5.934119 0.424264
vt 6.108653 0.424264
vt 6.283185 0.424264
vt 3.141593 4.200000
vt 3.316126 4.200000
vt 3.490659 4.200000
vt 3.665191 4.200000
vt 3.839724 4.200000
vt 4.014257 4.200000
vt 4.188790 4.200000
vt 4.363323 4.200000
vt 4.537856 4.200000
vt 4.712389 4.200000
vt 4.886922 4.200000
vt 5.061455 4.200000
vt 5.235988 4.200000
vt 5.410521 4.200000
vt 5.585053 4.200000
vt 5.759586 4.200000
vt 5.934119 4.200000
vt 6.108653 4.200000
vt 6.283185 4.200000
vt 0.000000 2.900000
vt 0.174533 0.300000
vt 0.174533 2.900000
vt 0.349066 0.300000
vt 0.349066 2.900000
vt 0.523599 0.300000
vt 0.523599 2.900000
vt 0.698132 0.300000
vt 0.698132 2.900000
vt 0.872665 0.300000
vt 0.872665 2.900000
vt 1.047198 0.300000
vt 1.047198 2.900000
vt 1.221730 0.300000
vt 1.221730 2.900000
vt 1.396263 0.300000
vt 1.396263 2.900000
vt 1.570796 0.300000
vt 1.570796 2.900000
vt 1.745329 2.900000
vt 1.745329 0.300000
vt 1.919862 0.300000
vt 1.919862 2.900000
vt 2.094395 0.300000
vt 2.094395 2.900000
vt 2.268928 0.300000
vt 2.268928 2.900000
vt 2.443461 0.300000
vt 2.443461 2.900000
vt 2.617994 2.900000
vt 2.617994 0.300000
vt 2.792527 0.300000
vt 2.792527 2.900000
vt 2.967060 2.900000
vt 2.967060 0.300000
vt 3.141593 2.900000
vt 3.141593 0.300000
vt 0.000000 1.000000
vt 0.174533 1.000000
vt 0.349066 1.000000
vt 0.523599 1.000000
vt 0.698132 1.000000
vt 0.872665 1.000000
vt 1.047198 1.000000
vt 1.221730 1.000000
vt 1.396263 1.000000
vt 1.570796 1.000000
vt 1.745329 1.000000
vt 1.919862 1.000000
vt 2.094395 1.000000
vt 2.268928 1.000000
vt 2.443461 1.000000
vt 2.617994 1.000000
vt 2.792527 1.000000
vt 2.967060 1.000000
vt 3.141593 1.000000
vt -9.904346 -20.774927
vt -9.774927 -20.904346
vt -10.962032 -21.512033
vt -10.009327 -20.625000
vt -9.625000 -21.009327
vt -9.459121 -21.086678
vt -10.086678 -20.459122
vt -9.282331 -21.134048
vt -10.134048 -20.282331
vt -9.100000 -21.150000
vt -10.150000 -20.100000
vt -8.917669 -21.134048
vt -10.134048 -19.917669
vt -10.086678 -19.740879
vt -8.060698 -16.086330
vt -8.917669 -19.065952
vt -9.100000 -19.049999
vt -9.282331 -19.065952
vt -8.126577 -16.000475
vt -9.459121 -19.113323
vt -9.625000 -19.190674
vt -7.964706 -16.136301
vt -8.740879 -19.113323
vt -8.150000 -15.894820
vt -9.774927 -19.295652
vt -9.904346 -19.425074
vt -10.009327 -19.575001
vt -5.125500 -18.915339
vt -8.065952 -20.282331
vt -8.050000 -20.100000
vt -8.065952 -19.917669
vt -5.040853 -18.977854
vt -8.190673 -20.625000
vt -8.113323 -20.459122
vt -5.176923 -18.823530
vt -8.113323 -19.740879
vt -4.937981 -19.000000
vt -8.425073 -20.904346
vt -8.295653 -20.774927
vt -7.331738 -16.364494
vt -8.575000 -19.190674
vt -5.428204 -18.199368
vt -8.190673 -19.575001
vt -6.745975 -16.695553
vt -8.425073 -19.295652
vt -5.780549 -17.626156
vt -8.295653 -19.425074
vt -6.223989 -17.120111
vt 4.937981 -19.000000
vt 8.425073 -20.904346
vt 8.295653 -20.774927
vt 8.575000 -21.009327
vt -8.575000 -21.009327
vt 8.190673 -20.625000
vt 8.740879 -21.086678
vt -8.740879 -21.086678
vt 8.113323 -20.459122
vt 5.087337 -18.950487
vt 8.917669 -21.134048
vt 8.065952 -20.282331
vt 8.050000 -20.100000
vt 8.065952 -19.917669
vt 5.176923 -18.823530
vt 8.113323 -19.740879
vt 5.428204 -18.199368
vt 8.190673 -19.575001
vt 5.780549 -17.626156
vt 8.295653 -19.425074
vt 6.223989 -17.120111
vt 8.425073 -19.295652
vt 10.962032 -21.512033
vt 9.100000 -21.150000
vt 9.282331 -21.134048
vt 9.459121 -21.086678
vt 9.625000 -21.009327
vt 9.774927 -20.904346
vt 9.904346 -20.774927
vt 10.009327 -20.625000
vt 10.086678 -20.459122
vt 10.134048 -20.282331
vt 10.150000 -20.100000
vt 6.745975 -16.695553
vt 8.575000 -19.190674
vt 10.134048 -19.917669
vt 10.086678 -19.740879
vt 7.331738 -16.364494
vt 8.740879 -19.113323
vt 7.964706 -16.136301
vt 8.917669 -19.065952
vt 8.060698 -16.086330
vt 9.282331 -19.065952
vt 9.100000 -19.049999
vt 8.126577 -16.000475
vt 9.625000 -19.190674
vt 9.459121 -19.113323
vt 8.150000 -15.894820
vt 10.009327 -19.575001
vt 9.904346 -19.425074
vt 9.774927 -19.295652
vt 8.150000 -5.996872
vt 7.057826 -4.452579
vt 7.307360 -5.005994
vt 7.159094 -4.739883
vt 7.498377 -5.243293
vt 7.726675 -5.444982
vt 7.057826 -3.547420
vt 7.006456 -4.152314
vt 7.006456 -3.847686
vt 7.159094 -3.260117
vt 7.985714 -5.605285
vt 7.498377 -2.756707
vt 7.307360 -2.994005
vt -8.150000 13.448781
vt 7.985714 -2.394715
vt 7.726675 -2.555018
vt 8.105515 -2.284378
vt 8.105520 -5.715626
vt 8.150000 -2.127168
vt 8.150000 -5.872832
vt -7.034966 14.610806
vt -7.210507 14.355750
vt -7.427162 14.134551
vt -6.905732 14.892171
vt -6.800000 15.500000
vt -6.826630 15.191522
vt -6.873042 16.007559
vt -6.818354 15.756393
vt -6.962948 16.248373
vt -7.957143 13.818710
vt -8.096790 13.709064
vt -7.678519 13.953755
vt -9.774927 19.295652
vt -8.150000 13.538495
vt -9.904346 19.425074
vt -10.009327 19.575001
vt -9.625000 19.190674
vt -9.459121 19.113323
vt -10.086678 19.740879
vt -9.282331 19.065952
vt -6.978108 16.456940
vt -9.100000 19.049999
vt -8.917669 19.065952
vt -8.740879 19.113323
vt -6.851262 16.626141
vt -10.962032 21.512032
vt -10.150000 20.100000
vt -10.134048 19.917669
vt -10.086678 20.459122
vt -10.134048 20.282331
vt -8.575000 19.190674
vt -6.834395 16.636942
vt -10.009327 20.625000
vt -8.425073 19.295652
vt -6.386194 16.972126
vt -9.904346 20.774927
vt -9.774927 20.904346
vt -5.989164 17.366587
vt -8.295653 19.425074
vt -9.625000 21.009327
vt -9.459121 21.086678
vt -9.282331 21.134048
vt -9.100000 21.150000
vt -5.651076 17.812601
vt -8.190673 19.575001
vt -8.917669 21.134048
vt -5.378551 18.301439
vt -8.113323 19.740879
vt -5.176923 18.823530
vt -8.065952 19.917669
vt -5.125500 18.915339
vt -8.050000 20.100000
vt -8.065952 20.282331
vt -5.040853 18.977854
vt -8.113323 20.459122
vt -8.190673 20.625000
vt -4.937981 19.000000
vt -8.295653 20.774927
vt -8.425073 20.904346
vt 8.295653 19.425074
vt 6.223989 17.120111
vt 5.780549 17.626156
vt 8.425073 19.295652
vt 6.745975 16.695553
vt 8.190673 19.575001
vt 5.428204 18.199368
vt 8.575000 19.190674
vt 7.331738 16.364494
vt 8.740879 19.113323
vt 7.964706 16.136301
vt 8.113323 19.740879
vt 5.176923 18.823530
vt 8.065952 19.917669
vt 5.125500 18.915339
vt 8.917669 19.065952
vt 8.060698 16.086330
vt 8.050000 20.100000
vt 9.100000 19.049999
vt 9.282331 19.065952
vt 8.126577 16.000475
vt 8.065952 20.282331
vt 5.040853 18.977854
vt 8.113323 20.459122
vt 9.459121 19.113323
vt 9.625000 19.190674
vt 8.150000 15.894820
vt 8.190673 20.625000
vt 4.937981 19.000000
vt 9.774927 19.295652
vt 8.295653 20.774927
vt 9.904346 19.425074
vt 8.425073 20.904346
vt 10.009327 19.575001
vt 8.150000 -2.003127
vt 8.575000 21.009327
vt -8.575000 21.009327
vt -8.740879 21.086678
vt 8.740879 21.086678
vt 10.086678 19.740879
vt 10.962032 21.512032
vt 10.134048 19.917669
vt 10.150000 20.100000
vt 10.134048 20.282331
vt 10.086678 20.459122
vt 10.009327 20.625000
vt 9.904346 20.774927
vt 9.774927 20.904346
vt 9.625000 21.009327
vt 9.459121 21.086678
vt 9.282331 21.134048
vt 9.100000 21.150000
vt 8.917669 21.134048
vt -2.452539 0.300000
vt -10.720423 0.300000
vt -10.720423 1.400000
vt -0.034514 1.400000
vt 13.520413 1.400000
vt 13.520413 0.300000
vt 2.452530 0.300000
vt 0.034504 1.400000
vt 0.912512 0.149396
vt 0.341285 -0.100392
vt 0.208386 -0.288316
vt 0.208389 -8.556199
vt 1.441543 0.479113
vt 1.913337 0.878083
vt 3.113873 2.553846
vt 2.927564 2.425357
vt 2.665481 1.862207
vt 15.808392 -8.556199
vt 14.105447 0.876126
vt 13.695530 1.337931
vt 2.325408 1.343685
vt 14.580488 0.475532
vt 13.353160 1.859059
vt 15.106626 0.148109
vt 12.902904 2.553846
vt 13.089211 2.425370
vt 15.808394 -0.288316
vt 15.675486 -0.100389
vt -7.901799 -16.256714
vt -8.008383 -16.146170
vt -5.287611 -18.809685
vt -7.767056 -16.328623
vt -5.177987 -18.911774
vt -8.077098 -16.009779
vt -5.361224 -18.678179
vt -5.042684 -18.977947
vt -8.100004 -15.857842
vt -4.894514 -19.000004
vt -7.135899 -16.615416
vt -5.662872 -18.053986
vt -6.563740 -17.006878
vt -6.067765 -17.491251
vt 4.894520 -19.000004
vt 5.043609 -18.977943
vt 5.178001 -18.911764
vt 5.287949 -18.808815
vt 5.361234 -18.678154
vt 5.662883 -18.053968
vt 6.067775 -17.491240
vt 6.563746 -17.006872
vt -8.600000 -1.800000
vt -8.100000 -2.371933
vt -8.076274 -2.089550
vt -8.008849 -1.851832
vt 7.135901 -16.615414
vt 7.767053 -16.328625
vt 7.902677 -16.256403
vt 8.008381 -16.146172
vt 8.077097 -16.008846
vt 8.100004 -15.857842
vt -7.800000 4.447444
vt -7.991750 4.614751
vt -8.600000 4.200000
vt -8.042004 4.743766
vt -8.086245 4.955068
vt -8.100000 5.171934
vt 8.600000 -1.800000
vt 8.008849 -1.851832
vt 8.076274 -2.089550
vt 8.100000 -2.371933
vt -8.100004 15.857842
vt -8.077100 16.008839
vt -8.008390 16.146158
vt -7.902696 16.256390
vt -7.767082 16.328617
vt -7.237829 16.559856
vt -6.746780 16.865364
vt -6.305260 17.238283
vt -5.922305 17.670469
vt -5.605031 18.154295
vt 8.600000 4.200000
vt 8.034537 4.720183
vt 7.965601 4.567823
vt 7.800000 4.447444
vt 8.080146 4.912751
vt 8.100000 5.171934
vt -5.361234 18.678154
vt -5.287949 18.808815
vt -5.178001 18.911766
vt -5.043609 18.977943
vt -4.894520 19.000004
vt 4.894511 19.000004
vt 8.100004 15.857842
vt 6.305246 17.238297
vt 6.746376 16.865681
vt 5.921982 17.670862
vt 7.237574 16.559950
vt 5.604936 18.154539
vt 7.767056 16.328623
vt 5.361231 18.678167
vt 7.901799 16.256714
vt 5.287618 18.809677
vt 8.008383 16.146170
vt 5.177993 18.911772
vt 5.042686 18.977947
vt 8.077098 16.009779
vt -22.424065 -0.500000
vt -22.424065 -25.000000
vt -0.500000 -25.000000
vt -0.500000 -0.500000
vt 43.524063 -0.500000
vt 0.500000 -0.500000
vt 0.500000 -25.000000
vt 43.524063 -25.000000
vt 22.424065 -25.000000
vt 22.424065 -0.500000
vt -43.524063 -25.000000
vt -43.524063 -0.500000
vt 0.000000 1.400000
vt -8.267884 0.300000
vt -10.685908 1.400000
vt 0.250000 1.000000
vt 0.250328 0.000000
vt 0.500000 1.000000
vt 0.749880 0.000000
vt 0.499947 0.000000
vt 0.750000 1.000000
vt 1.000000 -0.000000
vt 1.000000 1.000000
vt 0.166667 1.000000
vt 0.167341 -0.000000
vt 0.333333 1.000000
vt 0.333958 -0.000000
vt 0.500628 -0.000000
vt 0.666667 1.000000
vt 0.833031 -0.000000
vt 0.666096 0.000000
vt 0.833333 1.000000
vt 0.249633 0.000000
vt 0.499934 0.000000
vt 0.750055 0.000000
vt -9.789031 0.300000
vt -9.789031 1.400000
vt 0.249635 -0.000000
vt 0.499935 -0.000000
vt 0.750057 -0.000000
vt 0.333961 -0.000000
vt 0.833039 -0.000000
vt 0.666097 0.000000
vt 0.250326 0.000000
vt 0.749878 -0.000000
vt 0.499944 0.000000
vt 17.200001 0.000000
vt 0.000000 -5.000000
vt 17.200001 -5.000000
vt 6.000000 0.000000
vt 6.000000 -5.000000
vt -17.200001 -5.000000
vt -17.200001 0.000000
vt -6.000000 -5.000000
vt -6.000000 0.000000
vt 2.084062 1.400000
vt 1.910530 0.300000
vt 1.910530 1.400000
vt 2.084062 0.300000
vt 2.257595 1.400000
vt 2.257595 0.300000
vt 2.431127 1.400000
vt 2.431127 0.300000
vt 2.604660 1.400000
vt 2.604660 0.300000
vt 2.778192 1.400000
vt 2.778192 0.300000
vt 0.499933 0.000000
vt 0.750054 0.000000
vt 9.789034 1.400000
vt 9.789034 0.300000
vt 0.536938 1.400000
vt 0.363408 0.300000
vt 0.363408 1.400000
vt 0.536938 0.300000
vt 0.710469 1.400000
vt 0.710469 0.300000
vt 0.884000 1.400000
vt 0.884000 0.300000
vt 1.057531 1.400000
vt 1.057531 0.300000
vt 1.231062 1.400000
vt 1.231062 0.300000
vt -2.452530 0.300000
vt -13.520413 0.300000
vt -13.520413 1.400000
vt -0.034504 1.400000
vt 1.019784 -0.207899
vt 0.208378 0.288327
vt 0.341288 0.100402
vt 2.603293 -1.754364
vt 2.927566 -2.425373
vt 3.113868 -2.553835
vt 4.944205 2.225019
vt 1.634857 -0.628721
vt 2.168032 -1.149423
vt 5.437232 1.731992
vt 6.008382 1.332068
vt 4.544281 2.796170
vt 6.640302 1.037399
vt 4.249612 3.428089
vt 7.313790 0.856938
vt 4.069151 4.101577
vt 8.008383 0.796170
vt 4.008382 4.796169
vt 4.069151 5.490762
vt 12.902900 -2.553835
vt 8.702975 0.856938
vt 9.376463 1.037399
vt 10.008383 1.332068
vt 0.208381 11.356210
vt 4.249612 6.164250
vt 4.544281 6.796169
vt 13.413483 -1.754344
vt 13.089209 -2.425346
vt 10.579533 1.731992
vt 4.944205 7.367320
vt 13.848743 -1.149410
vt 11.072560 2.225019
vt 5.437232 7.860347
vt 14.381916 -0.628714
vt 11.472484 2.796170
vt 6.008382 8.260271
vt 14.996984 -0.207897
vt 11.767153 3.428089
vt 6.640302 8.554940
vt 7.313790 8.735400
vt 15.808387 0.288327
vt 15.675475 0.100402
vt 11.947614 4.101577
vt 12.008383 4.796169
vt 11.947614 5.490762
vt 15.808382 11.356210
vt 11.767153 6.164250
vt 11.472484 6.796169
vt 11.072560 7.367320
vt 10.579533 7.860347
vt 10.008383 8.260271
vt 9.376463 8.554940
vt 8.702975 8.735400
vt 8.008383 8.796169
vt 3.316126 0.300000
vt 3.316126 1.000000
vt 3.490659 0.300000
vt 3.490659 1.000000
vt 3.665191 0.300000
vt 3.665191 1.000000
vt 3.839724 0.300000
vt 3.839724 1.000000
vt 4.014257 0.300000
vt 4.014257 1.000000
vt 4.188790 0.300000
vt 4.188790 1.000000
vt 4.363323 0.300000
vt 4.363323 1.000000
vt 4.537856 0.300000
vt 4.537856 1.000000
vt 4.712389 0.300000
vt 4.712389 1.000000
vt 4.886922 0.300000
vt 4.886922 1.000000
vt 5.061455 1.000000
vt 5.061455 0.300000
vt 5.235988 0.300000
vt 5.235988 1.000000
vt 5.410521 0.300000
vt 5.410521 1.000000
vt 5.585053 1.000000
vt 5.585053 0.300000
vt 5.759586 1.000000
vt 5.759586 0.300000
vt 5.934119 0.300000
vt 5.934119 1.000000
vt 6.108653 1.000000
vt 6.108653 0.300000
vt 6.283185 1.000000
vt 6.283185 0.300000
vt -1.928363 -2.298133
vt -2.834364 -2.378314
vt -2.378314 -2.834364
vt -2.298133 -1.928363
vt -3.204294 -1.850000
vt -1.500000 -2.598076
vt -1.850000 -3.204294
vt -2.598076 -1.500000
vt -3.476863 -1.265475
vt -1.026060 -2.819078
vt -1.265475 -3.476863
vt -2.819078 -1.026060
vt -3.643789 -0.642498
vt -0.520945 -2.954423
vt -0.642498 -3.643789
vt -2.954423 -0.520945
vt -3.700000 0.000000
vt -0.000000 -3.000000
vt -0.000000 -3.700000
vt -3.000000 0.000000
vt -3.643789 0.642498
vt 0.520945 -2.954423
vt 0.642498 -3.643789
vt -2.954423 0.520945
vt -3.476863 1.265475
vt 1.026060 -2.819078
vt 1.265475 -3.476863
vt -2.819078 1.026060
vt -3.204294 1.850000
vt 1.500000 -2.598076
vt 1.850000 -3.204294
vt -2.598076 1.500000
vt -2.834364 2.378314
vt 1.928363 -2.298133
vt 2.378314 -2.834364
vt -2.298133 1.928363
vt 2.834364 -2.378314
vt 2.298133 -1.928363
vt -2.378314 2.834364
vt -1.928363 2.298133
vt -1.500000 2.598076
vt 3.204294 -1.850000
vt 2.598076 -1.500000
vt -1.850000 3.204294
vt -1.026060 2.819078
vt 3.476863 -1.265475
vt 2.819078 -1.026060
vt -1.265475 3.476863
vt -0.520945 2.954423
vt 3.643789 -0.642498
vt 2.954423 -0.520945
vt -0.642498 3.643789
vt -0.000000 3.000000
vt 0.000000 3.700000
vt 0.520945 2.954423
vt 3.700000 0.000000
vt 3.000000 0.000000
vt 0.642498 3.643789
vt 1.026060 2.819078
vt 3.643789 0.642498
vt 2.954423 0.520945
vt 1.265475 3.476863
vt 1.500000 2.598076
vt 3.476863 1.265475
vt 2.819078 1.026060
vt 3.204294 1.850000
vt 2.598076 1.500000
vt 1.850000 3.204294
vt 1.928363 2.298133
vt 2.834364 2.378314
vt 2.298133 1.928363
vt 2.378314 2.834364
vt 3.316126 2.900000
vt 3.490659 2.900000
vt 3.665191 2.900000
vt 3.839724 2.900000
vt 4.014257 2.900000
vt 4.188790 2.900000
vt 4.363323 2.900000
vt 4.537856 2.900000
vt 4.712389 2.900000
vt 4.886922 2.900000
vt 5.061455 2.900000
vt 5.235988 2.900000
vt 5.410521 2.900000
vt 5.585053 2.900000
vt 5.759586 2.900000
vt 5.934119 2.900000
vt 6.108653 2.900000
vt 6.283185 2.900000
vt -0.835624 -0.995858
vt -1.735527 -2.068320
vt -1.350000 -2.338269
vt -0.995858 -0.835624
vt -2.068320 -1.735527
vt -0.650000 -1.125833
vt -0.923454 -2.537170
vt -1.125833 -0.650000
vt -2.338269 -1.350000
vt -0.444626 -1.221600
vt -0.468850 -2.658981
vt -1.221600 -0.444626
vt -2.537170 -0.923454
vt -0.225743 -1.280250
vt -0.000000 -2.700000
vt -1.280250 -0.225743
vt -2.658981 -0.468850
vt 0.000000 -1.300000
vt 0.468850 -2.658981
vt -1.300000 -0.000000
vt -2.700000 0.000000
vt 0.225743 -1.280250
vt 0.923454 -2.537170
vt -1.280250 0.225743
vt -2.658981 0.468850
vt 0.444626 -1.221600
vt 1.350000 -2.338269
vt -1.221600 0.444626
vt -2.537170 0.923454
vt 0.650000 -1.125833
vt -1.125833 0.650000
vt -2.338269 1.350000
vt 1.735527 -2.068320
vt 0.835624 -0.995858
vt -0.995858 0.835624
vt -2.068320 1.735527
vt 0.995858 -0.835624
vt -0.835624 0.995858
vt 2.068320 -1.735527
vt -1.735527 2.068320
vt 1.125833 -0.650000
vt 2.338269 -1.350000
vt 1.221600 -0.444626
vt -1.350000 2.338269
vt -0.650000 1.125833
vt 2.537170 -0.923454
vt 1.280250 -0.225743
vt -0.923454 2.537170
vt -0.444626 1.221600
vt 2.658981 -0.468850
vt 1.300000 -0.000000
vt -0.468850 2.658981
vt -0.225743 1.280250
vt 2.700000 0.000000
vt 1.280250 0.225743
vt 0.000000 2.700000
vt 0.000000 1.300000
vt 2.658981 0.468850
vt 1.221600 0.444626
vt 0.468850 2.658981
vt 0.225743 1.280250
vt 2.537170 0.923454
vt 1.125833 0.650000
vt 0.923454 2.537170
vt 0.444626 1.221600
vt 2.338269 1.350000
vt 0.995858 0.835624
vt 1.350000 2.338269
vt 0.650000 1.125833
vt 2.068320 1.735527
vt 0.835624 0.995858
vt 1.735527 2.068320
vt 0.174533 4.200000
vt 0.000000 4.200000
vt 0.349066 4.200000
vt 0.523599 4.200000
vt 0.698132 4.200000
vt 0.872665 4.200000
vt 1.047198 4.200000
vt 1.221730 4.200000
vt 1.396263 4.200000
vt 1.570796 4.200000
vt 1.745329 4.200000
vt 1.919862 4.200000
vt 2.094395 4.200000
vt 2.268928 4.200000
vt 2.443461 4.200000
vt 2.617994 4.200000
vt 2.792527 4.200000
vt 2.967060 4.200000
vt -0.939693 -0.342020
vt -0.866025 -0.500000
vt -0.766044 -0.642788
vt -0.642788 0.766044
vt -0.766044 0.642788
vt -0.866025 0.500000
vt -0.939693 0.342020
vt 0.866025 -0.500000
vt 0.642788 -0.766044
vt 0.766044 -0.642788
vt 0.939693 -0.342020
vt -0.000000 -1.000000
vt 0.173648 -0.984808
vt 0.342020 -0.939693
vt 0.500000 -0.866025
vt -0.342020 0.939693
vt -0.500000 0.866025
vt -0.173648 0.984808
vt 0.984808 -0.173648
vt 0.342020 0.939693
vt 0.173648 0.984808
vt 0.939693 0.342020
vt 0.984808 0.173648
vt 0.642788 0.766044
vt 0.866025 0.500000
vt 0.766044 0.642788
vt 0.500000 0.866025
vt -0.984808 0.173648
vt -1.000000 0.000000
vt -0.984808 -0.173648
vt -0.642788 -0.766044
vt -0.500000 -0.866025
vt -0.342020 -0.939693
vt -0.173648 -0.984808
vt 6.283185 0.392699
vt 6.108653 1.570796
vt 6.283185 1.178097
vt 3.316126 0.392699
vt 3.316126 0.785398
vt 3.316126 1.178097
vt 3.316126 1.570796
vt 3.490659 0.392699
vt 3.490659 0.785398
vt 3.490659 1.178097
vt 3.490659 1.570796
vt 3.665191 0.392699
vt 3.665191 0.785398
vt 3.665191 1.178097
vt 3.665191 1.570796
vt 3.839724 0.392699
vt 3.839724 0.785398
vt 3.839724 1.178097
vt 3.839724 1.570796
vt 4.014257 0.392699
vt 4.014257 0.785398
vt 4.014257 1.178097
vt 4.014257 1.570796
vt 4.188790 0.392699
vt 4.188790 0.785398
vt 4.188790 1.178097
vt 4.188790 1.570796
vt 4.363323 0.392699
vt 4.363323 0.785398
vt 4.363323 1.178097
vt 4.363323 1.570796
vt 4.537856 0.392699
vt 4.537856 0.785398
vt 4.537856 1.178097
vt 4.537856 1.570796
vt 4.712389 0.392699
vt 4.712389 0.785398
vt 4.712389 1.178097
vt 4.712389 1.570796
vt 4.886922 0.392699
vt 4.886922 0.785398
vt 4.886922 1.178097
vt 4.886922 1.570796
vt 5.061455 0.392699
vt 5.061455 0.785398
vt 5.061455 1.178097
vt 5.061455 1.570796
vt 5.235988 0.392699
vt 5.235988 0.785398
vt 5.235988 1.178097
vt 5.235988 1.570796
vt 5.410521 1.570796
vt 5.410521 0.392699
vt 5.410521 0.785398
vt 5.410521 1.178097
vt 5.585053 0.392699
vt 5.585053 0.785398
vt 5.585053 1.178097
vt 5.585053 1.570796
vt 5.759586 0.392699
vt 5.759586 0.785398
vt 5.759586 1.178097
vt 5.759586 1.570796
vt 5.934119 1.570796
vt 5.934119 0.392699
vt 5.934119 0.785398
vt 5.934119 1.178097
vt 6.108653 0.392699
vt 6.108653 0.785398
vt 6.283185 0.785398
vt 6.108653 1.178097
vt 0.000000 0.424264
vt 0.174533 0.424264
vt 0.349066 0.424264
vt 0.523599 0.424264
vt 0.698132 0.424264
vt 0.872665 0.424264
vt 1.047198 0.424264
vt 1.221730 0.424264
vt 1.396263 0.424264
vt 1.570796 0.424264
vt 1.745329 0.424264
vt 1.919862 0.424264
vt 2.094395 0.424264
vt 2.268928 0.424264
vt 2.443461 0.424264
vt 2.617994 0.424264
vt 2.792527 0.424264
vt 2.967060 0.424264
vt 0.000000 19.262032
vt 3.085904 3.662032
vt 0.000000 3.662032
vt 3.085904 19.262033
vt -0.000000 19.470881
vt 0.095383 19.262032
vt -0.000000 3.453183
vt 0.095383 3.662032
vt 4.712389 19.262033
vt 4.712389 3.662032
vt 4.854701 3.662032
vt 4.854701 19.262033
vt 4.997012 3.662032
vt 4.997012 19.262033
vt 5.139324 3.662032
vt 5.139324 19.262033
vt 0.000000 19.262033
vt 3.315931 3.662033
vt 0.000000 3.662031
vt 3.315931 19.262032
vt 5.105088 2.108165
vt 4.712389 2.108165
vt 4.712389 -0.548309
vt 5.112768 -0.805345
vt 5.497787 2.108165
vt 5.513146 -1.021725
vt 5.890486 2.108165
vt 6.283185 -0.977739
vt 6.283185 2.108165
vt 1.570796 -0.392699
vt 1.400931 -0.355793
vt 1.178209 -0.699240
vt 0.130900 -1.308997
vt 0.000000 -1.286173
vt 0.000000 -1.428485
vt 0.000000 -1.143861
vt 0.392699 -1.308997
vt 0.000000 -1.570796
vt 0.654498 -1.308997
vt 0.916298 -1.308997
vt 1.178097 -1.308997
vt 1.570796 -1.570796
vt 1.570796 -1.178097
vt 0.785398 -1.047198
vt 0.785555 -0.999040
vt 1.047198 -1.047198
vt 1.308997 -1.047198
vt 1.570796 -0.785398
vt 1.178097 -0.785398
vt 1.439897 -0.785398
vt 3.534288 -0.288327
vt 3.141593 -0.288327
vt 3.141593 -11.356210
vt 3.534292 -11.356210
vt 3.926984 -0.288327
vt 3.926991 -11.356210
vt 4.319679 -0.288327
vt 4.319690 -11.356210
vt 4.712389 -0.288327
vt 4.712389 -11.356210
vt 0.000122 0.379945
vt 0.000000 0.499998
vt 0.000000 0.259890
vt 0.000245 0.000000
vt 0.000245 0.259892
vt 0.000245 0.500000
vt 0.000122 0.499999
vt 0.000062 0.749999
vt 0.000000 0.740107
vt 0.000062 0.870054
vt 0.000061 1.000000
vt 0.000123 1.000000
vt 0.000184 0.750000
vt 0.000245 0.740108
vt 0.000184 0.870054
vt 0.000245 1.000000
vt 0.000183 1.000000
vt 2.084059 1.570796
vt 1.910529 1.963495
vt 1.910528 1.570796
vt 2.778185 3.141593
vt 2.604654 3.141593
vt 2.778185 2.748894
vt 2.084059 1.963495
vt 1.910529 2.356194
vt 2.084059 2.356194
vt 1.910530 2.748893
vt 2.084059 2.748893
vt 2.084062 3.141593
vt 1.910531 3.141593
vt 2.257591 1.963495
vt 2.257591 1.570796
vt 2.257591 2.356194
vt 2.257591 2.748893
vt 2.257592 3.141593
vt 2.431122 1.963495
vt 2.431122 1.570796
vt 2.431122 2.356194
vt 2.431122 2.748893
vt 2.431123 3.141593
vt 2.604654 1.963495
vt 2.778185 1.570796
vt 2.778185 1.963496
vt 2.604654 1.570796
vt 2.604654 2.356194
vt 2.778185 2.356194
vt 2.604654 2.748893
vt 0.000120 0.379946
vt -0.000000 0.500000
vt -0.000000 0.259892
vt 0.000240 0.000000
vt 0.000240 0.259892
vt 0.000240 0.500000
vt 0.000120 0.500000
vt 0.000060 0.750000
vt -0.000000 0.740108
vt 0.000060 0.870054
vt 0.000060 1.000000
vt 0.000121 1.000000
vt 0.000180 0.750000
vt 0.000240 0.740108
vt 0.000180 0.870054
vt 0.000240 1.000000
vt 0.000180 1.000000
vt 3.141593 -3.113869
vt 3.141593 -12.902903
vt 3.534292 -12.902902
vt 3.534292 -3.113868
vt 3.926991 -12.902901
vt 3.926991 -3.113868
vt 4.319690 -12.902901
vt 4.319690 -3.113868
vt 4.712389 -12.902900
vt 4.712389 -3.113868
vt 0.536933 3.141593
vt 0.363401 3.141593
vt 0.363401 2.748893
vt 1.231065 1.963495
vt 1.057532 1.570796
vt 1.231065 1.570796
vt 0.536933 1.963495
vt 0.363401 1.963495
vt 0.363401 1.570796
vt 0.536934 1.570796
vt 0.536933 2.356194
vt 0.363401 2.356194
vt 0.536933 2.748893
vt 0.710466 1.963495
vt 0.710467 1.570796
vt 0.710466 2.356194
vt 0.710466 2.748893
vt 0.710466 3.141593
vt 0.883998 1.963495
vt 0.883999 1.570796
vt 0.883998 2.356194
vt 0.883998 2.748893
vt 0.883998 3.141593
vt 1.057530 1.963495
vt 1.231064 2.356194
vt 1.057530 2.356194
vt 1.231063 2.748893
vt 1.057530 2.748893
vt 1.231063 3.141593
vt 1.057530 3.141593
vt 0.000122 0.379946
vt 0.000244 0.000000
vt 0.000122 0.500000
vt 0.000062 0.750000
vt 3.534292 11.356211
vt 3.141593 0.288327
vt 3.534292 0.288327
vt 3.141593 11.356211
vt 3.926991 11.356211
vt 3.926991 0.288327
vt 4.319690 11.356211
vt 4.319690 0.288327
vt 4.712389 11.356211
vt 4.712389 0.288327
vt 1.740662 -0.355793
vt 1.963384 -0.699240
vt 1.963495 -1.308997
vt 2.225295 -1.308997
vt 1.832596 -1.047198
vt 2.487094 -1.308997
vt 2.094395 -1.047198
vt 1.701696 -0.785398
vt 2.748893 -1.308997
vt 3.141592 -1.570796
vt 3.141592 -1.428485
vt 2.356194 -1.047198
vt 3.141592 -1.143861
vt 2.356037 -0.999040
vt 1.963495 -0.785398
vt 3.010693 -1.308997
vt 3.141592 -1.286173
vt 0.392699 3.085910
vt 0.000000 3.085910
vt 0.000000 0.000006
vt 0.770039 -0.043980
vt 0.785398 3.085910
vt 1.170418 0.172400
vt 1.178097 3.085910
vt 1.570796 0.429436
vt 1.570796 3.085910
vt 0.693416 3.163635
vt -0.000000 3.315924
vt 0.000000 -0.000007
vt 0.785398 -0.000007
vt 0.938511 3.046200
vt 1.266800 2.853865
vt 1.570796 -0.000007
vt 1.570796 2.656465
vt 1.570797 -0.785398
vt 0.392704 -1.308996
vt 0.000000 -1.143862
vt 0.000000 -1.570795
vt 0.654506 -1.308996
vt 0.916309 -1.308996
vt 1.178111 -1.308996
vt 1.570815 -1.570795
vt 0.785407 -1.047197
vt 1.047210 -1.047197
vt 1.309012 -1.047197
vt 1.178111 -0.785397
vt 1.439914 -0.785397
vt 3.534292 -0.288316
vt 3.141593 -8.556200
vt 3.926991 -8.556199
vt 3.141593 -0.288316
vt 3.926991 -0.288316
vt 4.319690 -0.288316
vt 4.712389 -8.556199
vt 4.712389 -0.288316
vt 0.000122 0.379947
vt 0.000244 0.000006
vt 0.000244 0.259895
vt 0.000244 0.500002
vt 0.000122 0.500001
vt 0.000184 0.750001
vt 0.000244 0.740110
vt 0.000184 0.870055
vt 0.000244 1.000000
vt 0.000312 0.249995
vt 0.000000 0.259891
vt 0.000623 -0.000009
vt 0.000622 0.499996
vt 0.003426 0.249999
vt 0.003115 -0.000000
vt 0.003738 -0.000005
vt 0.003738 0.259888
vt 0.003114 0.500000
vt 0.000156 0.495052
vt 0.000000 0.499999
vt 0.000156 0.624998
vt 0.000622 1.000000
vt 0.000467 0.624998
vt 0.000778 0.249994
vt 0.000777 0.749998
vt 0.001244 1.000000
vt 0.000933 0.499996
vt 0.001090 0.249998
vt 0.001246 0.000000
vt 0.001245 0.500000
vt 0.001089 0.749998
vt 0.001401 0.250000
vt 0.001400 0.750000
vt 0.001866 1.000000
vt 0.001556 0.500000
vt 0.001712 0.250000
vt 0.001869 -0.000000
vt 0.001867 0.500000
vt 0.001711 0.750000
vt 0.002024 0.250000
vt 0.002022 0.750000
vt 0.002178 0.500000
vt 0.002488 1.000000
vt 0.002335 0.250000
vt 0.002492 -0.000000
vt 0.002490 0.500000
vt 0.002333 0.750000
vt 0.002647 0.250000
vt 0.002645 0.750000
vt 0.002802 0.500000
vt 0.003112 1.000000
vt 0.002959 0.250000
vt 0.002957 0.750000
vt 0.003269 0.624999
vt 0.003738 1.000000
vt 0.003582 0.495053
vt 0.003738 0.499998
vt 0.003582 0.624999
vt 0.003738 0.740107
vt -0.000000 0.500001
vt -0.000000 0.740109
vt 0.000060 0.870055
vt 3.141593 12.902901
vt 3.141593 3.113870
vt 3.534292 3.113871
vt 3.534292 12.902902
vt 3.926991 3.113871
vt 3.926991 12.902903
vt 4.319690 3.113872
vt 4.319690 12.902904
vt 4.712389 3.113873
vt 4.712389 12.902904
vt 0.000060 0.500000
vt 0.000150 0.249996
vt 0.000240 -0.000008
vt 0.000090 0.750000
vt 0.000150 0.620054
vt 0.000312 0.250051
vt 0.000000 0.259887
vt 0.000000 -0.000001
vt 0.000624 0.000105
vt 0.000623 0.500053
vt 0.000779 0.250053
vt 0.000778 0.750000
vt 0.000935 0.500000
vt 0.001091 0.250000
vt 0.001248 -0.000000
vt 0.001089 0.750000
vt 0.001246 0.500000
vt 0.003427 0.250000
vt 0.003738 0.000000
vt 0.003738 0.259892
vt 0.000156 0.495079
vt 0.000000 0.499997
vt 0.000156 0.625026
vt 0.000467 0.625026
vt 0.001402 0.250000
vt 0.001557 0.500000
vt 0.001713 0.250000
vt 0.001870 -0.000000
vt 0.001868 0.500000
vt 0.002025 0.250000
vt 0.002179 0.500000
vt 0.002336 0.250000
vt 0.002493 0.000000
vt 0.002648 0.250000
vt 0.002803 0.500000
vt 0.002958 0.750000
vt 0.003270 0.625000
vt 0.003582 0.495054
vt 0.003738 0.500000
vt 0.003582 0.625000
vt 0.003738 0.740108
vt 0.000000 0.500003
vt 0.000000 0.259896
vt 0.000122 0.500002
vt 0.000062 0.750002
vt 0.000000 0.740110
vt 0.000062 0.870055
vt 3.141593 8.556193
vt 3.141593 0.288309
vt 3.534292 0.288309
vt 3.926991 8.556192
vt 3.926991 0.288309
vt 4.319690 0.288309
vt 4.712389 8.556192
vt 4.712389 0.288309
vt 1.570795 -0.785398
vt 1.963383 -0.699240
vt 1.701678 -1.308996
vt 1.570777 -1.570795
vt 1.963481 -1.308996
vt 2.225283 -1.308996
vt 1.832580 -1.047197
vt 2.487086 -1.308996
vt 3.141592 -1.570795
vt 2.094382 -1.047197
vt 1.701678 -0.785397
vt 2.748888 -1.308996
vt 3.141592 -1.143862
vt 2.356185 -1.047197
vt 1.963481 -0.785397
vt 2.617987 -1.047197
vt 5.078240 10.542367
vt 4.712389 10.306448
vt 4.712389 7.649976
vt 5.497787 7.649976
vt 5.385653 10.717649
vt 5.698419 10.856334
vt 6.283185 7.649976
vt 6.283185 10.965908
vt 1.994884 1.500000
vt 1.570796 1.500000
vt 1.994884 0.300000
vt 2.418972 1.500000
vt 2.418972 0.300000
vt 2.843060 1.500000
vt 2.843060 0.300000
vt 0.000000 -0.300000
vt 0.000000 -1.500000
vt -9.875961 -1.500000
vt -9.875961 -0.300000
vt 0.722620 1.500000
vt 0.298532 1.500000
vt 0.298532 0.300000
vt 0.722620 0.300000
vt 1.146708 1.500000
vt 1.146708 0.300000
vt 3.440125 1.500000
vt 3.608535 0.300000
vt 3.440125 0.300000
vt 3.608535 1.500000
vt 3.776945 0.300000
vt 3.776945 1.500000
vt 3.945355 0.300000
vt 3.945355 1.500000
vt 4.113765 0.300000
vt 4.113765 1.500000
vt 4.282175 1.500000
vt 4.282175 0.300000
vt 4.450585 1.500000
vt 4.450585 0.300000
vt 0.436331 0.300000
vt 0.436331 1.500000
vt 0.872662 0.300000
vt 0.872662 1.500000
vt 1.308992 0.300000
vt 1.308992 1.500000
vt -0.124040 -0.300000
vt -0.124040 -1.500000
vt 17.897947 -1.500000
vt 17.897947 -0.300000
vt 0.458592 -0.000000
vt 0.458592 1.000000
vt 2.040230 1.500000
vt 2.197567 0.300000
vt 2.040230 0.300000
vt 2.209670 1.500000
vt 2.354905 0.300000
vt 2.379111 1.500000
vt 2.512242 0.300000
vt 2.548551 1.500000
vt 2.669580 0.300000
vt 2.717992 1.500000
vt 2.826917 0.300000
vt 2.887432 1.500000
vt 2.984255 0.300000
vt 3.056872 1.500000
vt 3.226313 1.500000
vt 3.298930 0.300000
vt 3.395753 1.500000
vt 3.456268 0.300000
vt 3.565194 1.500000
vt 3.613605 0.300000
vt 3.734634 1.500000
vt 3.770943 0.300000
vt 3.904075 1.500000
vt 3.928281 0.300000
vt 4.073515 1.500000
vt 4.085618 0.300000
vt 4.242956 1.500000
vt 4.242956 0.300000
vt 0.541424 1.000000
vt 0.541424 0.000000
vt -9.897948 -1.500000
vt -9.897948 -0.300000
vt 0.124040 -1.500000
vt 0.124040 -0.300000
vt 5.410524 1.500000
vt 4.974193 1.500000
vt 4.974193 0.300000
vt 5.410524 0.300000
vt 5.846855 1.500000
vt 5.846855 0.300000
vt 6.283185 1.500000
vt 2.001010 1.500000
vt 1.832600 0.300000
vt 1.832600 1.500000
vt 2.001010 0.300000
vt 2.169420 1.500000
vt 2.169420 0.300000
vt 2.337830 1.500000
vt 2.337830 0.300000
vt 2.506240 1.500000
vt 2.506240 0.300000
vt 2.674650 1.500000
vt 2.674650 0.300000
vt 0.496839 -0.000000
vt 0.496839 1.000000
vt 3.864213 1.500000
vt 3.864213 0.300000
vt 4.288301 1.500000
vt 4.288301 0.300000
vt 4.712389 1.500000
vt 0.466942 1.500000
vt 0.466942 0.300000
vt 0.635352 1.500000
vt 0.635352 0.300000
vt 0.803762 1.500000
vt 0.803762 0.300000
vt 0.972172 1.500000
vt 0.972172 0.300000
vt 1.140582 1.500000
vt 1.140582 0.300000
vt 3.577924 1.500000
vt 3.141593 1.500000
vt 3.577924 0.300000
vt 4.014254 1.500000
vt 4.014254 0.300000
vt -0.089715 -0.300000
vt -0.089715 -1.500000
vt 29.343601 -1.500000
vt 29.343601 -0.300000
vt 0.453568 1.000000
vt 0.453568 -0.000000
vt 5.249823 1.500000
vt 5.077596 0.300000
vt 5.077596 1.500000
vt 5.249823 0.300000
vt 5.422050 1.500000
vt 5.422050 0.300000
vt 5.594277 1.500000
vt 5.594277 0.300000
vt 5.766504 1.500000
vt 5.766504 0.300000
vt 5.938731 1.500000
vt 5.938731 0.300000
vt 6.110958 1.500000
vt 6.110958 0.300000
vt 0.346840 -0.000000
vt 0.555836 1.000000
vt 0.700887 0.000000
vt -0.020029 -1.500000
vt -0.020029 -0.300000
vt 5.284492 1.500000
vt 5.424524 0.300000
vt 5.284492 0.300000
vt 5.424524 1.500000
vt 5.564557 0.300000
vt 5.564557 1.500000
vt 5.704588 0.300000
vt 5.704588 1.500000
vt 5.844621 0.300000
vt 5.844621 1.500000
vt 5.984653 0.300000
vt 5.984653 1.500000
vt -8.280477 -34.083431
vt -10.953252 -35.654617
vt -10.484115 -36.188591
vt -10.109351 -36.792553
vt -8.921412 -33.442497
vt -11.503942 -35.205223
vt -7.537981 -34.603333
vt -9.839200 -37.450001
vt -9.441313 -32.700001
vt -12.121140 -34.852680
vt -6.716486 -34.986401
vt -9.824383 -31.878504
vt -12.787981 -34.606632
vt -10.058981 -31.002970
vt -5.840951 -35.221001
vt -4.937981 -35.299999
vt -10.137980 -30.100000
vt -12.787981 -24.746872
vt -10.058981 -29.197029
vt -9.824383 -28.321495
vt -0.036761 -37.450001
vt -3.159476 -34.986401
vt -4.035010 -35.221001
vt -12.506263 -24.450844
vt -12.787981 -24.622831
vt -9.441313 -27.500000
vt -2.337981 -34.603333
vt 0.233390 -36.792553
vt -12.254972 -24.236837
vt -1.595485 -34.083431
vt -8.921412 -26.757504
vt -12.040319 -23.986101
vt 0.608153 -36.188591
vt -11.867605 -23.704828
vt 1.077290 -35.654617
vt -8.280477 -26.116570
vt -11.741097 -23.399965
vt -0.954550 -33.442497
vt 1.627980 -35.205223
vt -12.787981 -20.753128
vt -12.787981 -20.877169
vt -12.506263 -21.049156
vt -12.254972 -21.263163
vt -7.537981 -25.596668
vt -11.637980 -22.750000
vt -11.663920 -23.079048
vt -0.434649 -32.700001
vt 2.245178 -34.852680
vt -6.716486 -25.213598
vt -11.741097 -22.100035
vt -11.663920 -22.420952
vt -0.051579 -31.878504
vt 2.912019 -34.606632
vt -5.840951 -24.979000
vt -12.040319 -21.513899
vt -11.867605 -21.795172
vt 0.183020 -31.002970
vt -4.937981 -24.900000
vt 0.262019 -30.100000
vt 0.183020 -29.197029
vt -0.051579 -28.321495
vt -12.121140 -2.647318
vt -12.787981 -2.893368
vt -11.503942 -2.294779
vt 2.076706 -4.627238
vt 2.321923 -4.866831
vt 1.873742 -4.350937
vt -10.953251 -1.845382
vt 2.912019 -5.301219
vt 2.602857 -5.063333
vt -4.035010 -24.979000
vt -3.159476 -25.213598
vt -2.337981 -25.596668
vt -1.595485 -26.116570
vt -0.954550 -26.757504
vt -0.434649 -27.500000
vt 1.718439 -4.045295
vt -10.484115 -1.311408
vt 2.912019 -5.211504
vt 1.614936 -3.718456
vt 1.146761 -1.910897
vt 1.565993 -3.379132
vt 1.572914 -3.036366
vt 1.635514 -2.699294
vt 0.646452 -1.362260
vt 1.733993 -2.365287
vt 1.752125 -2.376899
vt 0.247985 -0.735734
vt -10.109351 -0.707446
vt -0.036761 -0.050000
vt -9.839200 -0.050000
vt 0.174533 1.050000
vt 0.000000 1.050000
vt 0.349066 1.050000
vt 0.523599 1.050000
vt 0.698132 1.050000
vt 0.872665 1.050000
vt 1.047198 1.050000
vt 1.221730 1.050000
vt 1.396263 1.050000
vt 1.570796 1.050000
vt 1.745329 1.050000
vt 1.919862 1.050000
vt 2.094395 1.050000
vt 2.268928 1.050000
vt 2.443461 1.050000
vt 2.617994 1.050000
vt 2.792527 1.050000
vt 2.967060 1.050000
vt -2.089060 -2.489645
vt -3.830222 -3.213938
vt -3.213938 -3.830222
vt -2.489645 -2.089060
vt -4.330127 -2.500000
vt -1.625000 -2.814583
vt -2.500000 -4.330127
vt -2.814583 -1.625000
vt -4.698463 -1.710101
vt -1.111565 -3.054001
vt -1.710101 -4.698463
vt -3.054001 -1.111565
vt -0.564357 -3.200625
vt -0.868241 -4.924039
vt -3.200625 -0.564357
vt -4.924039 -0.868241
vt -0.000000 -3.250000
vt -3.250000 0.000000
vt -5.000000 0.000000
vt 0.564357 -3.200625
vt 0.868241 -4.924039
vt -3.200625 0.564357
vt -4.924039 0.868241
vt 1.111565 -3.054001
vt 1.710101 -4.698463
vt -3.054001 1.111565
vt -4.698463 1.710101
vt 1.625000 -2.814583
vt 2.500000 -4.330127
vt -2.814583 1.625000
vt -4.330127 2.500000
vt 2.089060 -2.489645
vt 3.213938 -3.830222
vt -2.489645 2.089060
vt -3.830222 3.213938
vt 2.489645 -2.089060
vt -2.089060 2.489645
vt 3.830222 -3.213938
vt -3.213938 3.830222
vt 2.814583 -1.625000
vt 4.330127 -2.500000
vt -2.500000 4.330127
vt -1.625000 2.814583
vt 3.054001 -1.111565
vt -1.111565 3.054001
vt 4.698463 -1.710101
vt 3.200625 -0.564357
vt -1.710101 4.698463
vt 4.924039 -0.868241
vt -0.868241 4.924039
vt -0.564357 3.200625
vt 5.000000 0.000000
vt 3.250000 0.000000
vt 0.000000 5.000000
vt -0.000000 3.250000
vt 4.924039 0.868241
vt 3.200625 0.564357
vt 0.868241 4.924039
vt 0.564357 3.200625
vt 1.710101 4.698463
vt 1.111565 3.054001
vt 4.698463 1.710101
vt 3.054001 1.111565
vt 4.330127 2.500000
vt 2.814583 1.625000
vt 2.489645 2.089060
vt 2.500000 4.330127
vt 1.625000 2.814583
vt 3.830222 3.213938
vt 3.213938 3.830222
vt 2.089060 2.489645
vt 0.174533 1.026000
vt 0.000000 1.026000
vt 0.349066 1.026000
vt 0.523599 1.026000
vt 0.698132 1.026000
vt 0.872665 1.026000
vt 1.047198 1.026000
vt 1.221730 1.026000
vt 1.396263 1.026000
vt 1.570796 1.026000
vt 1.745329 1.026000
vt 1.919862 1.026000
vt 2.094395 1.026000
vt 2.268928 1.026000
vt 2.443461 1.026000
vt 2.617994 1.026000
vt 2.792527 1.026000
vt 2.967060 1.026000
vt -0.964181 -1.149067
vt -1.149067 -0.964181
vt -0.750000 -1.299038
vt -1.299038 -0.750000
vt -0.513030 -1.409539
vt -1.409539 -0.513030
vt -0.260472 -1.477212
vt -1.477212 -0.260472
vt -1.500000 -0.000000
vt 0.260472 -1.477212
vt -1.477212 0.260472
vt 0.513030 -1.409539
vt -1.409539 0.513030
vt 0.750000 -1.299038
vt -1.299038 0.750000
vt 0.964181 -1.149067
vt -1.149067 0.964181
vt 1.149067 -0.964181
vt -0.964181 1.149067
vt 1.299038 -0.750000
vt 1.409539 -0.513030
vt -0.750000 1.299038
vt -0.513030 1.409539
vt -0.260472 1.477212
vt 1.477212 -0.260472
vt 1.500000 -0.000000
vt 1.477212 0.260472
vt 0.260472 1.477212
vt 1.409539 0.513030
vt 1.299038 0.750000
vt 0.513030 1.409539
vt 0.750000 1.299038
vt 1.149067 0.964181
vt 0.964181 1.149067
vt 0.174533 2.600000
vt 0.000000 2.600000
vt 0.349066 2.600000
vt 0.523599 2.600000
vt 0.698132 2.600000
vt 0.872665 2.600000
vt 1.047198 2.600000
vt 1.221730 2.600000
vt 1.396263 2.600000
vt 1.570796 2.600000
vt 1.745329 2.600000
vt 1.919862 2.600000
vt 2.094395 2.600000
vt 2.268928 2.600000
vt 2.443461 2.600000
vt 2.617994 2.600000
vt 2.792527 2.600000
vt 2.967060 2.600000
vt 1.500000 0.000000
vt 0.000000 34.644821
vt 0.000000 5.301219
vt 0.392699 5.301219
vt 0.785738 34.633591
vt 0.785398 5.301219
vt 1.178097 5.301219
vt 1.570796 34.606632
vt 1.570796 5.301219
vt -0.000000 5.211504
vt 0.392699 5.211504
vt 0.785398 5.211504
vt 1.178097 5.211504
vt 1.570796 5.211504
vt 0.000041 0.000002
vt -0.000000 0.338685
vt -0.000000 0.661314
vt 0.000041 0.999997
vt -0.000000 0.999999
vt 0.000088 -0.000009
vt 5.105088 0.301397
vt 4.859257 0.365531
vt 5.366888 0.301397
vt 5.628687 0.301397
vt 5.235988 0.602795
vt 5.055413 0.721448
vt 5.890486 0.301397
vt 6.283185 0.604763
vt 5.497787 0.602795
vt 5.759586 0.602795
vt 5.366888 0.904192
vt 5.423934 1.041079
vt 6.021386 0.602795
vt 5.628687 0.904192
vt 5.890486 0.904192
vt 6.283185 1.205589
vt 2.001010 3.141593
vt 1.832600 3.141593
vt 1.835239 2.355805
vt 2.843060 3.141593
vt 2.674650 3.141593
vt 2.840523 2.356059
vt 2.001010 2.355805
vt 1.841534 1.570796
vt 2.007022 1.570796
vt 2.169420 2.355805
vt 2.172509 1.570796
vt 2.169420 3.141593
vt 2.337830 2.355805
vt 2.337997 1.570796
vt 2.337830 3.141593
vt 2.503485 2.355805
vt 2.503485 1.570796
vt 2.506240 3.141593
vt 2.668973 2.355805
vt 2.668973 1.570796
vt 2.834461 1.570796
vt 2.855738 3.141593
vt 2.712811 3.141593
vt 2.712811 2.748893
vt 4.347182 1.963495
vt 4.183745 1.570796
vt 4.347182 1.570796
vt 4.347182 3.141593
vt 4.174955 3.141593
vt 4.347182 2.748893
vt 2.855738 1.963495
vt 2.712812 1.963495
vt 2.712812 1.570796
vt 2.876249 1.570796
vt 2.855738 2.356194
vt 2.712812 2.356194
vt 2.855738 2.748893
vt 2.998666 1.963495
vt 3.039686 1.570796
vt 2.998666 2.356194
vt 2.998666 2.748893
vt 2.998666 3.141593
vt 3.141593 1.963495
vt 3.203123 1.570796
vt 3.141593 2.356194
vt 3.203123 1.963495
vt 3.141593 2.748893
vt 3.203123 2.356194
vt 3.313820 1.963495
vt 3.366560 1.570796
vt 3.203123 2.748893
vt 3.313820 3.141593
vt 3.313820 2.356194
vt 3.313820 2.748893
vt 3.486047 1.963495
vt 3.529997 1.570796
vt 3.486047 2.356194
vt 3.486047 2.748893
vt 3.486047 3.141593
vt 3.658274 1.963495
vt 3.693434 1.570796
vt 3.658274 2.356194
vt 3.658274 2.748893
vt 3.658274 3.141593
vt 3.830501 1.963495
vt 3.856871 1.570796
vt 3.830501 2.356194
vt 3.830501 2.748893
vt 3.830501 3.141593
vt 4.002728 3.141593
vt 4.002728 1.963495
vt 4.020308 1.570796
vt 4.002728 2.356194
vt 4.002728 2.748893
vt 4.174955 1.963495
vt 4.174955 2.356194
vt 4.347182 2.356194
vt 4.174955 2.748893
vt -0.000000 0.338386
vt -0.000000 0.661614
vt 0.000041 0.999998
vt 0.000088 -0.000180
vt 5.105088 0.250925
vt 4.931331 0.328666
vt 5.366888 0.250925
vt 5.235988 0.501851
vt 5.205340 0.639034
vt 5.628687 0.250925
vt 5.497787 0.501851
vt 5.890486 0.250925
vt 5.759586 0.501851
vt 6.152286 0.250925
vt 6.283185 0.498669
vt 5.628687 0.752776
vt 5.626329 0.893485
vt 6.021386 0.501851
vt 5.890486 0.752776
vt 6.283185 1.003701
vt 6.152286 0.752776
vt 0.785659 9.865153
vt 0.785659 0.010808
vt 0.000000 9.875961
vt 1.570796 9.839200
vt 1.570796 0.036761
vt 0.392700 2.756650
vt 0.000000 2.756593
vt 0.000000 2.736563
vt 0.392700 2.736506
vt 0.785399 2.756813
vt 0.785400 2.736343
vt 1.178098 2.757056
vt 1.178098 2.736100
vt 1.570796 2.735812
vt 1.570796 2.757344
vt -0.000000 0.503143
vt 0.000088 1.000180
vt 4.140286 1.963493
vt 3.967396 1.570796
vt 4.140286 1.570796
vt 4.140286 2.748893
vt 4.000254 3.141593
vt 4.140286 2.356193
vt 4.140286 3.141593
vt 3.580157 2.356193
vt 3.442662 2.356193
vt 3.448724 1.570796
vt 3.621615 1.570796
vt 3.580157 2.748893
vt 3.580157 3.141593
vt 3.440125 3.141593
vt 3.720189 2.356193
vt 3.794505 1.570796
vt 3.720189 2.748893
vt 3.720189 3.141593
vt 3.794505 1.963493
vt 3.794505 2.356193
vt 3.794505 2.748893
vt 3.860222 3.141593
vt 3.860222 1.963493
vt 3.860222 2.356193
vt 3.860222 2.748893
vt 3.967396 1.963493
vt 3.967396 2.356193
vt 3.967396 2.748893
vt 0.466942 3.141593
vt 0.298532 3.141593
vt 0.301070 2.356059
vt 1.308992 3.141593
vt 1.140582 3.141593
vt 1.306354 2.355805
vt 0.466942 2.355805
vt 0.307131 1.570796
vt 0.472619 1.570796
vt 0.635352 2.355805
vt 0.638107 1.570796
vt 0.635352 3.141593
vt 0.803595 2.355805
vt 0.803595 1.570796
vt 0.803762 3.141593
vt 0.969083 2.355805
vt 0.969083 1.570796
vt 0.972172 3.141593
vt 1.134571 2.355805
vt 1.134571 1.570796
vt 1.300059 1.570796
vt 0.000088 -0.000017
vt 0.000041 0.000003
vt 0.000000 0.661315
vt 0.000088 1.000009
vt 0.785238 -0.010797
vt 0.000000 -9.875961
vt 0.785238 -9.865165
vt 1.570796 -9.839200
vt 1.570796 -0.036761
vt 0.392699 -24.746872
vt 0.000000 -34.644821
vt 0.785738 -34.633591
vt 0.000000 -24.746872
vt 0.785398 -24.746872
vt 1.178097 -24.746872
vt 1.570796 -34.606632
vt 1.570796 -24.746872
vt 0.000088 1.000017
vt 0.392699 -24.622831
vt 0.000000 -24.622831
vt 0.785398 -24.622831
vt 1.178097 -24.622831
vt 1.570796 -24.622831
vt 5.142603 3.141593
vt 4.974193 3.141593
vt 4.976829 2.356210
vt 5.984653 3.141593
vt 5.816243 3.141593
vt 5.982116 2.356193
vt 5.142603 2.356193
vt 4.983126 1.570796
vt 5.148614 1.570796
vt 5.311013 2.356193
vt 5.311013 3.141593
vt 5.314102 1.570796
vt 5.479423 2.356193
vt 5.479423 3.141593
vt 5.479590 1.570796
vt 5.645078 2.356193
vt 5.647833 3.141593
vt 5.645078 1.570796
vt 5.810566 2.356193
vt 5.976054 1.570796
vt 5.810566 1.570796
vt 3.272492 0.275341
vt 3.141593 0.551549
vt 3.534292 -0.000000
vt 3.534292 0.275341
vt 3.403392 0.550682
vt 3.796091 0.275341
vt 3.926991 -0.000000
vt 3.272492 0.826022
vt 3.141593 1.101363
vt 3.665191 0.550682
vt 4.057890 0.275341
vt 4.319690 -0.000000
vt 3.534292 0.826022
vt 3.882975 0.968327
vt 3.926991 0.550682
vt 4.319690 0.275341
vt 4.527155 0.348285
vt 3.796091 0.826022
vt 4.287557 0.682346
vt 4.188790 0.550682
vt 1.101363 1.963495
vt 0.944025 1.570796
vt 1.101363 1.570796
vt 0.157338 1.963495
vt 0.000000 1.963495
vt 0.157338 1.570796
vt 0.157338 2.356194
vt 0.000000 2.356194
vt 0.157338 2.748893
vt 0.000000 2.748893
vt 0.157338 3.141593
vt 0.314675 1.963495
vt 0.314675 1.570796
vt 0.314675 2.356194
vt 0.314675 2.748893
vt 0.314675 3.141593
vt 0.472013 1.963495
vt 0.472013 1.570796
vt 0.472013 2.356194
vt 0.472013 2.748893
vt 0.472013 3.141593
vt 0.629350 1.963495
vt 0.629350 1.570796
vt 0.629350 2.356194
vt 0.629350 2.748893
vt 0.629350 3.141593
vt 0.786688 1.963495
vt 0.786688 1.570796
vt 0.786688 2.356194
vt 0.786688 2.748893
vt 0.786688 3.141593
vt 0.944025 1.963495
vt 1.101363 2.356194
vt 0.944025 2.356194
vt 1.101363 2.748893
vt 0.944025 2.748893
vt 1.101363 3.141593
vt 0.944025 3.141593
vt 0.000000 -2.855180
vt 0.000000 -20.753128
vt 0.392699 -20.753128
vt 0.785273 -2.866398
vt 0.785398 -20.753128
vt 1.178097 -20.753128
vt 1.570796 -2.893368
vt 1.570796 -20.753128
vt 3.534292 -0.826022
vt 3.141593 -0.551570
vt 3.141593 -1.101363
vt 3.882975 -0.968327
vt 3.403392 -0.550682
vt 3.796091 -0.826022
vt 4.287557 -0.682346
vt 3.272492 -0.275341
vt 3.665191 -0.550682
vt 3.534292 -0.275341
vt 3.926991 -0.550682
vt 3.796091 -0.275341
vt 4.188790 -0.550682
vt 4.527155 -0.348285
vt 4.057890 -0.275341
vt 4.319690 -0.275341
vt 0.000000 -20.877169
vt 0.392699 -20.877169
vt 0.785398 -20.877169
vt 1.178097 -20.877169
vt 1.570796 -20.877169
vt 6.283185 2.094395
vt 3.316126 2.094395
vt 3.316126 2.617994
vt 3.316126 3.141593
vt 3.490659 2.094395
vt 3.490659 2.617994
vt 3.490659 3.141593
vt 3.665191 2.094395
vt 3.665191 2.617994
vt 3.665191 3.141593
vt 3.839724 2.094395
vt 3.839724 2.617994
vt 3.839724 3.141593
vt 4.014257 2.094395
vt 4.014257 2.617994
vt 4.014257 3.141593
vt 4.188790 2.094395
vt 4.188790 2.617994
vt 4.188790 3.141593
vt 4.363323 3.141593
vt 4.363323 2.094395
vt 4.363323 2.617994
vt 4.537856 2.094395
vt 4.537856 2.617994
vt 4.537856 3.141593
vt 4.712389 2.094395
vt 4.712389 2.617994
vt 4.712389 3.141593
vt 4.886922 2.094395
vt 4.886922 2.617994
vt 4.886922 3.141593
vt 5.061455 2.094395
vt 5.061455 2.617994
vt 5.061455 3.141593
vt 5.235988 2.094395
vt 5.235988 2.617994
vt 5.235988 3.141593
vt 5.410521 2.094395
vt 5.410521 2.617994
vt 5.410521 3.141593
vt 5.585053 2.094395
vt 5.585053 2.617994
vt 5.585053 3.141593
vt 5.759586 2.094395
vt 5.759586 2.617994
vt 5.759586 3.141593
vt 5.934119 2.094395
vt 5.934119 2.617994
vt 5.934119 3.141593
vt 6.108653 2.094395
vt 6.108653 2.617994
vt 6.283185 2.617994
vt 6.108653 3.141593
vt 0.000000 29.823999
vt 0.174533 4.324000
vt 0.000000 4.324000
vt 0.174533 29.823999
vt 0.349066 4.324000
vt 0.349066 29.823999
vt 0.523599 4.324000
vt 0.523599 29.823999
vt 0.698132 4.324000
vt 0.698132 29.823999
vt 0.872665 29.823999
vt 0.872665 4.324000
vt 1.047198 4.324000
vt 1.047198 29.823999
vt 1.221730 4.324000
vt 1.221730 29.823999
vt 1.396263 4.324000
vt 1.396263 29.823999
vt 1.570796 29.823999
vt 1.570796 4.324000
vt 1.745329 29.823999
vt 1.745329 4.324000
vt 1.919862 4.324000
vt 1.919862 29.823999
vt 2.094395 4.324000
vt 2.094395 29.823999
vt 2.268928 4.324000
vt 2.268928 29.823999
vt 2.443461 29.823999
vt 2.443461 4.324000
vt 2.617994 29.823999
vt 2.617994 4.324000
vt 2.792527 29.823999
vt 2.792527 4.324000
vt 2.967060 29.823999
vt 2.967060 4.324000
vt 1.570796 -0.500000
vt 1.570796 -43.524063
vt 1.832596 -43.524063
vt 1.832596 -0.500000
vt 2.094395 -0.500000
vt 2.094395 -43.524063
vt 2.356194 -0.500000
vt 2.356194 -43.524063
vt 2.617994 -0.500000
vt 2.617994 -43.524063
vt 2.879793 -43.524063
vt 2.879793 -0.500000
vt 3.141593 -0.500000
vt 3.141593 -43.524063
vt 0.112200 0.224399
vt 0.261799 0.000000
vt 0.000000 0.261799
vt 0.336599 0.224399
vt 0.560999 0.224399
vt 0.785398 0.000000
vt 0.224399 0.448799
vt 0.000000 0.523599
vt 0.785398 0.224399
vt 0.448799 0.448799
vt 0.112200 0.673198
vt 1.009798 0.224399
vt 0.673198 0.448799
vt 0.336599 0.673198
vt 1.234197 0.224399
vt 1.308997 0.000000
vt 0.897598 0.448799
vt 0.560999 0.673198
vt 0.224399 0.897598
vt 0.000000 1.047198
vt 1.458597 0.224399
vt 1.570796 0.261799
vt 1.121997 0.448799
vt 0.785398 0.673198
vt 0.448799 0.897598
vt 0.112200 1.121997
vt 0.000000 1.308997
vt 1.346397 0.448799
vt 1.570796 0.523599
vt 1.009798 0.673198
vt 0.673198 0.897598
vt 0.336599 1.121997
vt 1.234197 0.673198
vt 0.897598 0.897598
vt 0.560999 1.121997
vt 0.224399 1.346397
vt 1.458597 0.673198
vt 1.121997 0.897598
vt 0.785398 1.121997
vt 0.448799 1.346397
vt 1.346397 0.897598
vt 1.570796 1.047198
vt 1.009798 1.121997
vt 0.673198 1.346397
vt 1.234197 1.121997
vt 0.897598 1.346397
vt 1.458597 1.121997
vt 1.570796 1.308997
vt 1.121997 1.346397
vt 1.346397 1.346397
vt 1.682996 0.224399
vt 1.832596 0.000000
vt 1.907395 0.224399
vt 2.131795 0.224399
vt 2.356194 0.000000
vt 1.795196 0.448799
vt 2.356194 0.224399
vt 2.019595 0.448799
vt 1.682996 0.673198
vt 2.580594 0.224399
vt 2.243995 0.448799
vt 1.907395 0.673198
vt 2.804993 0.224399
vt 2.879793 0.000000
vt 2.468394 0.448799
vt 2.131795 0.673198
vt 1.795196 0.897598
vt 3.029393 0.224399
vt 3.141593 0.261799
vt 2.692794 0.448799
vt 2.356194 0.673198
vt 2.019595 0.897598
vt 1.682996 1.121997
vt 2.917193 0.448799
vt 3.141593 0.523599
vt 2.580594 0.673198
vt 2.243995 0.897598
vt 1.907395 1.121997
vt 2.804993 0.673198
vt 2.468394 0.897598
vt 2.131795 1.121997
vt 1.795196 1.346397
vt 3.029393 0.673198
vt 2.692794 0.897598
vt 2.356194 1.121997
vt 2.019595 1.346397
vt 2.917193 0.897598
vt 3.141593 1.047198
vt 2.580594 1.121997
vt 2.243995 1.346397
vt 2.804993 1.121997
vt 2.468394 1.346397
vt 3.029393 1.121997
vt 3.141593 1.308997
vt 2.692794 1.346397
vt 2.917193 1.346397
vt 1.832596 22.424065
vt 1.570796 22.424065
vt 1.570796 0.500000
vt 1.832596 0.500000
vt 2.094395 22.424065
vt 2.094395 0.500000
vt 2.356194 22.424065
vt 2.356194 0.500000
vt 2.617994 22.424065
vt 2.617994 0.500000
vt 2.879793 22.424065
vt 2.879793 0.500000
vt 3.141593 22.424065
vt 3.141593 0.500000
vt 0.261799 25.000000
vt 0.261799 0.500000
vt 0.000000 25.000000
vt 0.523599 25.000000
vt 0.523599 0.500000
vt 0.785398 25.000000
vt 0.785398 0.500000
vt 1.047198 25.000000
vt 1.047198 0.500000
vt 1.308997 25.000000
vt 1.308997 0.500000
vt 1.570796 25.000000
vt 4.974188 21.512032
vt 4.712389 -21.512033
vt 4.974188 -21.512033
vt 4.712389 21.512032
vt 5.235988 21.512032
vt 5.235988 -21.512033
vt 5.497787 -21.512033
vt 5.497787 21.512032
vt 5.759586 21.512032
vt 5.759586 -21.512033
vt 6.021386 21.512032
vt 6.021386 -21.512033
vt 6.283185 21.512032
vt 6.283185 -21.512033
vt 4.974188 25.000000
vt 4.712389 0.500000
vt 4.974188 0.500000
vt 5.235988 0.500000
vt 4.712389 25.000000
vt 5.235988 25.000000
vt 5.497787 25.000000
vt 5.497787 0.500000
vt 5.759586 25.000000
vt 5.759586 0.500000
vt 6.021386 25.000000
vt 6.021386 0.500000
vt 6.283185 25.000000
vt 6.283185 0.500000
vt 1.570796 -22.424065
vt 1.832596 -22.424065
vt 2.094395 -22.424065
vt 2.356194 -22.424065
vt 2.617994 -22.424065
vt 2.879793 -22.424065
vt 3.141593 -22.424065
vt 1.570796 43.524063
vt 1.832596 43.524063
vt 2.094395 43.524063
vt 2.356194 43.524063
vt 2.617994 43.524063
vt 2.879793 43.524063
vt 3.141593 43.524063
vt 4.824589 0.224399
vt 4.712389 0.261799
vt 4.974188 -0.000000
vt 5.048988 0.224399
vt 5.273387 0.224399
vt 4.936789 0.448799
vt 4.712389 0.523599
vt 5.497787 0.224399
vt 5.161188 0.448799
vt 4.824589 0.673198
vt 5.722187 0.224399
vt 5.385587 0.448799
vt 5.048988 0.673198
vt 5.946586 0.224399
vt 6.021386 0.000000
vt 5.609987 0.448799
vt 5.273387 0.673198
vt 4.936789 0.897598
vt 4.712389 1.047198
vt 6.170986 0.224399
vt 6.283185 0.261799
vt 5.834386 0.448799
vt 5.497787 0.673198
vt 5.161188 0.897598
vt 4.824589 1.121997
vt 4.712389 1.308997
vt 6.058786 0.448799
vt 6.283185 0.523599
vt 5.722187 0.673198
vt 5.385587 0.897598
vt 5.048988 1.121997
vt 5.946586 0.673198
vt 5.609987 0.897598
vt 5.273387 1.121997
vt 4.936789 1.346397
vt 6.170986 0.673198
vt 5.834386 0.897598
vt 5.497787 1.121997
vt 5.161188 1.346397
vt 6.058786 0.897598
vt 6.283185 1.047198
vt 5.722187 1.121997
vt 5.385587 1.346397
vt 5.946586 1.121997
vt 5.609987 1.346397
vt 6.170986 1.121997
vt 6.283185 1.308997
vt 5.834386 1.346397
vt 6.058786 1.346397
vt 0.112200 -1.346397
vt 0.000000 -1.308997
vt 0.336599 -1.346397
vt 0.560999 -1.346397
vt 0.224399 -1.121997
vt 0.000000 -1.047198
vt 0.785398 -1.346397
vt 0.448799 -1.121997
vt 0.112200 -0.897598
vt 0.000000 -0.785398
vt 1.009798 -1.346397
vt 0.673198 -1.121997
vt 0.336599 -0.897598
vt 1.234197 -1.346397
vt 0.897598 -1.121997
vt 0.560999 -0.897598
vt 0.224399 -0.673198
vt 0.000000 -0.523599
vt 1.458597 -1.346397
vt 1.570796 -1.308997
vt 1.121997 -1.121997
vt 0.785398 -0.897598
vt 0.448799 -0.673198
vt 0.112200 -0.448799
vt 0.000000 -0.261799
vt 1.346397 -1.121997
vt 1.570796 -1.047198
vt 1.009798 -0.897598
vt 0.673198 -0.673198
vt 0.336599 -0.448799
vt 1.234197 -0.897598
vt 0.897598 -0.673198
vt 0.560999 -0.448799
vt 0.224399 -0.224399
vt 1.458597 -0.897598
vt 1.121997 -0.673198
vt 0.785398 -0.448799
vt 0.448799 -0.224399
vt 1.346397 -0.673198
vt 1.570796 -0.523599
vt 1.009798 -0.448799
vt 0.673198 -0.224399
vt 1.234197 -0.448799
vt 0.897598 -0.224399
vt 1.458597 -0.448799
vt 1.570796 -0.261799
vt 1.121997 -0.224399
vt 1.346397 -0.224399
vt 1.682996 -1.346397
vt 1.907395 -1.346397
vt 2.131795 -1.346397
vt 1.795196 -1.121997
vt 2.356194 -1.346397
vt 2.019595 -1.121997
vt 1.682996 -0.897598
vt 2.580594 -1.346397
vt 3.141593 -1.570796
vt 2.243995 -1.121997
vt 1.907395 -0.897598
vt 2.804993 -1.346397
vt 2.468394 -1.121997
vt 2.131795 -0.897598
vt 1.795196 -0.673198
vt 3.029393 -1.346397
vt 3.141593 -1.308997
vt 2.692794 -1.121997
vt 2.356194 -0.897598
vt 2.019595 -0.673198
vt 1.682996 -0.448799
vt 2.917193 -1.121997
vt 3.141593 -1.047198
vt 2.580594 -0.897598
vt 2.243995 -0.673198
vt 1.907395 -0.448799
vt 2.804993 -0.897598
vt 2.468394 -0.673198
vt 2.131795 -0.448799
vt 1.795196 -0.224399
vt 3.029393 -0.897598
vt 3.141593 -0.785398
vt 2.692794 -0.673198
vt 2.356194 -0.448799
vt 2.019595 -0.224399
vt 2.917193 -0.673198
vt 3.141593 -0.523599
vt 2.580594 -0.448799
vt 2.243995 -0.224399
vt 2.804993 -0.448799
vt 2.468394 -0.224399
vt 3.029393 -0.448799
vt 3.141593 -0.261799
vt 2.692794 -0.224399
vt 2.917193 -0.224399
vt 3.253792 0.224399
vt 3.403392 0.000000
vt 3.478192 0.224399
vt 3.702591 0.224399
vt 3.365992 0.448799
vt 3.926991 0.224399
vt 3.590392 0.448799
vt 3.253792 0.673198
vt 4.151390 0.224399
vt 3.814791 0.448799
vt 3.478192 0.673198
vt 4.375790 0.224399
vt 4.450590 0.000000
vt 4.039191 0.448799
vt 3.702591 0.673198
vt 3.365992 0.897598
vt 4.600189 0.224399
vt 4.263590 0.448799
vt 3.926991 0.673198
vt 3.590392 0.897598
vt 3.253792 1.121997
vt 4.487989 0.448799
vt 4.151390 0.673198
vt 3.814791 0.897598
vt 3.478192 1.121997
vt 4.375790 0.673198
vt 4.039191 0.897598
vt 3.702591 1.121997
vt 3.365992 1.346397
vt 4.600189 0.673198
vt 4.263590 0.897598
vt 3.926991 1.121997
vt 3.590392 1.346397
vt 4.487989 0.897598
vt 4.151390 1.121997
vt 3.814791 1.346397
vt 4.375790 1.121997
vt 4.039191 1.346397
vt 4.600189 1.121997
vt 4.263590 1.346397
vt 4.487989 1.346397
vt 1.832596 25.000000
vt 2.094395 25.000000
vt 2.356194 25.000000
vt 2.617994 25.000000
vt 2.879793 25.000000
vt 3.141593 25.000000
vt 4.974188 10.962032
vt 4.712389 -10.962032
vt 4.974188 -10.962032
vt 4.712389 10.962032
vt 5.235988 10.962032
vt 5.235988 -10.962032
vt 5.497787 10.962032
vt 5.497787 -10.962032
vt 5.759586 10.962032
vt 5.759586 -10.962032
vt 6.021386 10.962032
vt 6.021386 -10.962032
vt 6.283185 10.962032
vt 6.283185 -10.962032
vt 3.403392 25.000000
vt 3.403392 0.500000
vt 3.665191 0.500000
vt 3.665191 25.000000
vt 3.926991 0.500000
vt 3.926991 25.000000
vt 4.188790 0.500000
vt 4.188790 25.000000
vt 4.450590 0.500000
vt 4.450590 25.000000
vt 4.824589 -1.346397
vt 4.712389 -1.308997
vt 4.712389 -1.570796
vt 5.048988 -1.346397
vt 5.273387 -1.346397
vt 4.936789 -1.121997
vt 4.712389 -1.047198
vt 5.497787 -1.346397
vt 5.161188 -1.121997
vt 4.824589 -0.897598
vt 4.712389 -0.785398
vt 5.722187 -1.346397
vt 6.283185 -1.570796
vt 5.385587 -1.121997
vt 5.048988 -0.897598
vt 5.946586 -1.346397
vt 5.609987 -1.121997
vt 5.273387 -0.897598
vt 4.936789 -0.673198
vt 4.712389 -0.523599
vt 6.170986 -1.346397
vt 6.283185 -1.308997
vt 5.834386 -1.121997
vt 5.497787 -0.897598
vt 5.161188 -0.673198
vt 4.824589 -0.448799
vt 4.712389 -0.261799
vt 6.058786 -1.121997
vt 6.283185 -1.047198
vt 5.722187 -0.897598
vt 5.385587 -0.673198
vt 5.048988 -0.448799
vt 5.946586 -0.897598
vt 5.609987 -0.673198
vt 5.273387 -0.448799
vt 4.936789 -0.224399
vt 6.170986 -0.897598
vt 6.283185 -0.785398
vt 5.834386 -0.673198
vt 5.497787 -0.448799
vt 5.161188 -0.224399
vt 6.058786 -0.673198
vt 6.283185 -0.523599
vt 5.722187 -0.448799
vt 5.385587 -0.224399
vt 5.946586 -0.448799
vt 5.609987 -0.224399
vt 6.170986 -0.448799
vt 6.283185 -0.261799
vt 5.834386 -0.224399
vt 6.058786 -0.224399
vt 3.253792 -1.346397
vt 3.478192 -1.346397
vt 3.702591 -1.346397
vt 3.365992 -1.121997
vt 3.926991 -1.346397
vt 3.590392 -1.121997
vt 3.253792 -0.897598
vt 4.151390 -1.346397
vt 3.814791 -1.121997
vt 3.478192 -0.897598
vt 4.375790 -1.346397
vt 4.039191 -1.121997
vt 3.702591 -0.897598
vt 3.365992 -0.673198
vt 4.600189 -1.346397
vt 4.263590 -1.121997
vt 3.926991 -0.897598
vt 3.590392 -0.673198
vt 3.253792 -0.448799
vt 4.487989 -1.121997
vt 4.151390 -0.897598
vt 3.814791 -0.673198
vt 3.478192 -0.448799
vt 4.375790 -0.897598
vt 4.039191 -0.673198
vt 3.702591 -0.448799
vt 3.365992 -0.224399
vt 4.600189 -0.897598
vt 4.263590 -0.673198
vt 3.926991 -0.448799
vt 3.590392 -0.224399
vt 4.487989 -0.673198
vt 4.151390 -0.448799
vt 3.814791 -0.224399
vt 4.375790 -0.448799
vt 4.039191 -0.224399
vt 4.600189 -0.448799
vt 4.263590 -0.224399
vt 4.487989 -0.224399
vt 4.974188 21.512033
vt 4.712389 -21.512032
vt 4.974188 -21.512032
vt 5.235988 -21.512032
vt 4.712389 21.512033
vt 5.235988 21.512033
vt 5.497787 -21.512032
vt 5.497787 21.512033
vt 5.759586 21.512033
vt 5.759586 -21.512032
vt 6.021386 21.512033
vt 6.021386 -21.512032
vt 6.283185 -21.512032
vt 6.283185 21.512033
s 1
usemtl mat_3.001
f 1/1/1 2013/2/2 557/3/2
f 1/1/1 439/4/1 2013/2/2
f 2/5/3 440/6/3 439/4/1
f 2/5/3 439/4/1 1/1/1
f 3/7/4 441/8/4 440/6/3
f 3/7/4 442/9/5 441/8/4
f 3/7/4 440/6/3 2/5/3
f 4/10/5 442/9/5 3/7/4
f 5/11/6 443/12/6 442/9/5
f 5/11/6 442/9/5 4/10/5
f 6/13/7 444/14/7 443/12/6
f 6/13/7 445/15/8 444/14/7
f 6/13/7 443/12/6 5/11/6
f 7/16/8 445/15/8 6/13/7
f 8/17/9 446/18/9 445/15/8
f 8/17/9 445/15/8 7/16/8
f 558/19/10 10/20/10 446/18/9
f 558/19/10 446/18/9 8/17/9
f 559/21/11 11/22/11 10/20/10
f 559/21/11 10/20/10 558/19/10
f 560/23/12 12/24/12 11/22/11
f 560/23/12 11/22/11 559/21/11
f 561/25/13 13/26/13 12/24/12
f 561/25/13 12/24/12 560/23/12
f 562/27/14 14/28/14 13/26/13
f 562/27/14 13/26/13 561/25/13
f 9/29/15 15/30/15 14/28/14
f 9/29/15 14/28/14 562/27/14
f 563/31/16 15/30/15 9/29/15
f 563/31/16 16/32/16 15/30/15
f 564/33/17 16/32/16 563/31/16
f 564/33/17 17/34/17 16/32/16
f 565/35/18 17/34/17 564/33/17
f 565/35/18 18/36/19 17/34/17
f 544/37/20 18/36/19 565/35/18
f 544/37/20 447/38/20 18/36/19
f 567/1/1 1990/2/2 566/3/2
f 567/1/1 29/4/1 1990/2/2
f 568/5/3 448/6/3 29/4/1
f 568/5/3 29/4/1 567/1/1
f 569/7/4 449/8/4 448/6/3
f 569/7/4 450/9/5 449/8/4
f 569/7/4 448/6/3 568/5/3
f 19/10/5 450/9/5 569/7/4
f 20/11/6 451/12/6 450/9/5
f 20/11/6 450/9/5 19/10/5
f 570/13/7 30/14/7 451/12/6
f 570/13/7 452/15/8 30/14/7
f 570/13/7 451/12/6 20/11/6
f 571/16/8 452/15/8 570/13/7
f 21/17/9 31/18/9 452/15/8
f 21/17/9 452/15/8 571/16/8
f 22/19/10 32/20/10 31/18/9
f 22/19/10 31/18/9 21/17/9
f 23/21/11 453/22/11 32/20/10
f 23/21/11 32/20/10 22/19/10
f 24/23/12 454/24/12 453/22/11
f 24/23/12 453/22/11 23/21/11
f 572/25/13 33/26/13 454/24/12
f 572/25/13 454/24/12 24/23/12
f 25/27/14 455/28/14 33/26/13
f 25/27/14 33/26/13 572/25/13
f 26/29/15 34/30/15 455/28/14
f 26/29/15 455/28/14 25/27/14
f 27/31/16 34/30/15 26/29/15
f 27/31/16 35/32/16 34/30/15
f 28/33/17 35/32/16 27/31/16
f 28/33/17 36/34/17 35/32/16
f 573/35/18 36/34/17 28/33/17
f 573/35/18 456/36/19 36/34/17
f 1963/37/20 456/36/19 573/35/18
f 1963/37/20 457/38/20 456/36/19
f 38/1/1 1962/2/2 1954/3/2
f 38/1/1 46/4/1 1962/2/2
f 39/5/3 466/6/3 46/4/1
f 39/5/3 46/4/1 38/1/1
f 577/7/4 467/8/4 466/6/3
f 577/7/4 47/9/5 467/8/4
f 577/7/4 466/6/3 39/5/3
f 578/10/5 47/9/5 577/7/4
f 579/11/6 48/12/6 47/9/5
f 579/11/6 47/9/5 578/10/5
f 40/13/7 468/14/7 48/12/6
f 40/13/7 469/15/8 468/14/7
f 40/13/7 48/12/6 579/11/6
f 580/16/8 469/15/8 40/13/7
f 41/17/9 49/18/21 469/15/8
f 41/17/9 469/15/8 580/16/8
f 42/19/10 50/20/10 49/18/21
f 42/19/10 49/18/21 41/17/9
f 43/21/11 51/22/11 50/20/10
f 43/21/11 50/20/10 42/19/10
f 44/23/12 470/24/12 51/22/11
f 44/23/12 51/22/11 43/21/11
f 581/25/13 52/26/13 470/24/12
f 581/25/13 470/24/12 44/23/12
f 582/27/14 471/28/14 52/26/13
f 582/27/14 52/26/13 581/25/13
f 583/29/15 472/30/15 471/28/14
f 583/29/15 471/28/14 582/27/14
f 45/31/16 472/30/15 583/29/15
f 45/31/16 473/32/16 472/30/15
f 584/33/17 473/32/16 45/31/16
f 584/33/17 53/34/17 473/32/16
f 585/35/18 53/34/17 584/33/17
f 585/35/18 54/36/19 53/34/17
f 1939/37/20 54/36/19 585/35/18
f 1939/37/20 37/38/20 54/36/19
f 58/1/1 63/2/2 57/3/2
f 58/1/1 64/4/1 63/2/2
f 59/5/3 65/6/3 64/4/1
f 59/5/3 64/4/1 58/1/1
f 60/7/4 484/8/4 65/6/3
f 60/7/4 485/9/5 484/8/4
f 60/7/4 65/6/3 59/5/3
f 61/10/5 485/9/5 60/7/4
f 595/11/6 486/12/6 485/9/5
f 595/11/6 485/9/5 61/10/5
f 596/13/7 66/14/7 486/12/6
f 596/13/7 67/15/8 66/14/7
f 596/13/7 486/12/6 595/11/6
f 597/16/8 67/15/8 596/13/7
f 598/17/9 487/18/9 67/15/8
f 598/17/9 67/15/8 597/16/8
f 599/19/10 68/20/10 487/18/9
f 599/19/10 487/18/9 598/17/9
f 600/21/11 69/22/11 68/20/10
f 600/21/11 68/20/10 599/19/10
f 601/23/12 488/24/12 69/22/11
f 601/23/12 69/22/11 600/21/11
f 602/25/13 70/26/13 488/24/12
f 602/25/13 488/24/12 601/23/12
f 603/27/14 71/28/14 70/26/13
f 603/27/14 70/26/13 602/25/13
f 604/29/15 72/30/15 71/28/14
f 604/29/15 71/28/14 603/27/14
f 605/31/16 72/30/15 604/29/15
f 605/31/16 489/32/16 72/30/15
f 606/33/17 489/32/16 605/31/16
f 606/33/17 73/34/17 489/32/16
f 62/35/18 73/34/17 606/33/17
f 62/35/18 490/36/19 73/34/17
f 56/37/20 490/36/19 62/35/18
f 56/37/20 55/38/20 490/36/19
f 96/39/22 1869/40/23 86/41/24
f 96/39/22 94/42/25 1869/40/23
f 97/43/26 1477/44/27 1476/45/28
f 97/43/26 95/46/29 94/42/30
f 97/43/26 1476/45/28 95/46/29
f 97/43/26 94/42/30 96/39/31
f 98/47/32 86/41/24 85/48/33
f 98/47/32 96/39/22 86/41/24
f 99/49/34 96/39/31 98/47/35
f 99/49/34 1478/50/36 1477/44/27
f 99/49/34 1477/44/27 97/43/26
f 99/49/34 97/43/26 96/39/31
f 100/51/37 85/48/33 84/52/38
f 100/51/37 98/47/32 85/48/33
f 101/53/39 98/47/35 100/51/40
f 101/53/39 1479/54/41 1478/50/36
f 101/53/39 99/49/34 98/47/35
f 101/53/39 1478/50/36 99/49/34
f 102/55/42 84/52/38 83/56/43
f 102/55/44 101/53/39 100/51/40
f 102/55/42 100/51/37 84/52/38
f 103/57/45 1479/54/41 101/53/39
f 103/57/45 1480/58/46 1479/54/41
f 103/57/45 101/53/39 102/55/44
f 104/59/47 83/56/43 82/60/48
f 104/59/47 102/55/42 83/56/43
f 105/61/49 102/55/44 104/59/50
f 105/61/49 1481/62/51 1480/58/46
f 105/61/49 103/57/45 102/55/44
f 105/61/49 1480/58/46 103/57/45
f 106/63/52 82/60/48 81/64/53
f 106/63/52 104/59/47 82/60/48
f 107/65/54 1481/62/51 105/61/49
f 107/65/54 87/66/55 1481/62/51
f 107/65/54 105/61/49 104/59/50
f 107/65/54 104/59/50 106/63/56
f 108/67/57 81/64/53 80/68/58
f 108/67/57 106/63/52 81/64/53
f 108/67/59 107/65/54 106/63/56
f 109/69/60 1482/70/61 87/66/55
f 109/69/60 87/66/55 107/65/54
f 109/69/60 107/65/54 108/67/59
f 110/71/62 80/68/58 79/72/63
f 110/71/62 108/67/57 80/68/58
f 111/73/64 1483/74/65 1482/70/61
f 111/73/64 108/67/59 110/71/66
f 111/73/64 1482/70/61 109/69/60
f 111/73/64 109/69/60 108/67/59
f 112/75/67 79/72/63 78/76/68
f 112/75/69 111/73/64 110/71/66
f 112/75/67 110/71/62 79/72/63
f 113/77/70 88/78/71 1483/74/65
f 113/77/70 1483/74/65 111/73/64
f 113/77/70 111/73/64 112/75/69
f 114/79/72 78/76/68 1475/80/73
f 114/79/72 112/75/67 78/76/68
f 115/81/74 1484/82/75 88/78/71
f 115/81/74 113/77/70 112/75/69
f 115/81/74 112/75/69 114/79/76
f 115/81/74 88/78/71 113/77/70
f 116/83/77 1475/80/73 1474/84/78
f 116/83/77 114/79/72 1475/80/73
f 117/85/79 89/86/80 1484/82/75
f 117/85/79 1484/82/75 115/81/74
f 117/85/79 115/81/74 114/79/76
f 117/85/79 114/79/76 116/83/81
f 118/87/82 1474/84/78 77/88/83
f 118/87/82 116/83/77 1474/84/78
f 119/89/84 1485/90/85 89/86/80
f 119/89/84 89/86/80 117/85/79
f 119/89/84 117/85/79 116/83/81
f 119/89/84 116/83/81 118/87/86
f 120/91/87 77/88/83 76/92/88
f 120/91/87 118/87/82 77/88/83
f 121/93/89 1485/90/85 119/89/84
f 121/93/89 90/94/90 1485/90/85
f 121/93/89 119/89/84 118/87/86
f 121/93/89 118/87/86 120/91/91
f 122/95/92 76/92/88 1473/96/93
f 122/95/92 120/91/87 76/92/88
f 122/95/94 121/93/89 120/91/91
f 123/97/95 91/98/96 90/94/90
f 123/97/95 92/99/97 91/98/96
f 123/97/95 90/94/90 121/93/89
f 123/97/95 121/93/89 122/95/94
f 124/100/98 1473/96/93 75/101/99
f 124/100/98 122/95/92 1473/96/93
f 125/102/100 92/99/97 123/97/95
f 125/102/100 122/95/94 124/100/101
f 125/102/100 93/103/102 92/99/97
f 125/102/100 123/97/95 122/95/94
f 126/104/103 75/101/99 1472/105/104
f 126/104/103 124/100/98 75/101/99
f 126/104/105 125/102/100 124/100/101
f 127/106/106 93/103/102 125/102/100
f 127/106/106 125/102/100 126/104/105
f 128/107/107 74/108/108 1866/109/109
f 128/107/107 1472/105/104 74/108/108
f 128/107/107 1866/109/109 1867/110/110
f 128/107/107 126/104/103 1472/105/104
f 128/107/111 127/106/106 126/104/105
f 129/111/112 1867/110/113 1868/112/114
f 129/111/112 1868/112/114 195/113/115
f 129/111/112 128/107/111 1867/110/113
f 129/111/112 1486/114/116 93/103/102
f 129/111/112 195/113/115 1486/114/116
f 129/111/112 93/103/102 127/106/106
f 129/111/112 127/106/106 128/107/111
f 133/115/117 1381/116/118 137/117/119
f 1815/118/120 1444/119/121 1443/120/122
f 1818/121/123 136/122/124 1817/123/125
f 140/124/126 1447/125/127 132/126/128
f 140/124/126 139/127/129 1447/125/127
f 141/128/130 138/129/131 139/127/129
f 141/128/130 139/127/129 140/124/126
f 142/130/132 137/117/119 138/129/131
f 142/130/132 133/115/117 137/117/119
f 142/130/132 138/129/131 141/128/130
f 143/131/133 132/126/128 131/132/134
f 143/131/133 140/124/126 132/126/128
f 144/133/135 141/128/130 140/124/126
f 144/133/135 140/124/126 143/131/133
f 145/134/136 1382/135/137 133/115/117
f 145/134/136 142/130/132 141/128/130
f 145/134/136 133/115/117 142/130/132
f 145/134/136 141/128/130 144/133/135
f 146/136/138 131/132/134 1446/137/139
f 146/136/138 143/131/133 131/132/134
f 147/138/140 143/131/133 146/136/138
f 147/138/140 144/133/135 143/131/133
f 148/139/141 134/140/142 1382/135/137
f 148/139/141 1382/135/137 145/134/136
f 148/139/141 144/133/135 147/138/140
f 148/139/141 145/134/136 144/133/135
f 149/141/143 1446/137/139 1445/142/144
f 149/141/143 146/136/138 1446/137/139
f 150/143/145 147/138/140 146/136/138
f 150/143/145 146/136/138 149/141/143
f 151/144/146 1383/145/147 134/140/142
f 151/144/146 134/140/142 148/139/141
f 151/144/146 147/138/140 150/143/145
f 151/144/146 148/139/141 147/138/140
f 152/146/148 1445/142/144 130/147/149
f 152/146/148 149/141/143 1445/142/144
f 153/148/150 150/143/145 149/141/143
f 153/148/150 149/141/143 152/146/148
f 154/149/151 135/150/152 1383/145/147
f 154/149/151 1383/145/147 151/144/146
f 154/149/151 151/144/146 150/143/145
f 154/149/151 150/143/145 153/148/150
f 155/151/153 130/147/149 1444/119/121
f 155/151/153 1444/119/121 1815/118/120
f 155/151/153 152/146/148 130/147/149
f 156/152/154 1815/118/120 1816/153/155
f 156/152/154 1816/153/155 1817/123/125
f 156/152/154 155/151/153 1815/118/120
f 156/152/154 153/148/150 152/146/148
f 156/152/154 152/146/148 155/151/153
f 157/154/156 136/122/124 135/150/152
f 157/154/156 135/150/152 154/149/151
f 157/154/156 1817/123/125 136/122/124
f 157/154/156 154/149/151 153/148/150
f 157/154/156 156/152/154 1817/123/125
f 157/154/156 153/148/150 156/152/154
f 159/155/157 160/156/158 161/157/159
f 158/158/160 161/157/159 162/159/161
f 158/158/160 159/155/157 161/157/159
f 163/160/162 1708/161/163 158/158/160
f 163/160/162 162/159/161 1671/162/164
f 163/160/162 158/158/160 162/159/161
f 164/163/165 163/160/162 1671/162/164
f 164/163/165 1708/161/163 163/160/162
f 165/164/166 1427/165/167 1708/161/163
f 165/164/166 1671/162/164 211/166/168
f 165/164/166 211/166/168 1427/165/167
f 165/164/166 164/163/165 1671/162/164
f 165/164/166 1708/161/163 164/163/165
f 1577/167/18 1605/168/20 166/169/20
f 1577/167/18 1616/170/19 1605/168/20
f 1578/171/17 171/172/17 1616/170/19
f 1578/171/17 172/173/16 171/172/17
f 1578/171/17 1616/170/19 1577/167/18
f 167/174/16 172/173/16 1578/171/17
f 1579/175/15 1617/176/15 172/173/16
f 1579/175/15 172/173/16 167/174/16
f 1580/177/14 1618/178/14 1617/176/15
f 1580/177/14 1617/176/15 1579/175/15
f 1581/179/13 1619/180/13 1618/178/14
f 1581/179/13 1618/178/14 1580/177/14
f 1582/181/12 1620/182/12 1619/180/13
f 1582/181/12 1619/180/13 1581/179/13
f 168/183/169 1621/184/11 1620/182/12
f 168/183/169 1620/182/12 1582/181/12
f 1583/185/10 173/156/10 1621/184/11
f 1583/185/10 174/186/9 173/156/10
f 1583/185/10 1621/184/11 168/183/169
f 1584/187/21 174/186/9 1583/185/10
f 169/188/8 1622/189/8 174/186/9
f 169/188/8 1623/190/7 1622/189/8
f 169/188/8 174/186/9 1584/187/21
f 1585/191/7 1623/190/7 169/188/8
f 1586/192/6 175/193/6 1623/190/7
f 1586/192/6 1623/190/7 1585/191/7
f 1587/194/5 1624/195/5 175/193/6
f 1587/194/5 176/196/4 1624/195/5
f 1587/194/5 175/193/6 1586/192/6
f 170/197/4 176/196/4 1587/194/5
f 1588/198/3 176/196/4 170/197/4
f 1588/198/3 177/199/3 176/196/4
f 1588/198/3 1625/200/1 177/199/3
f 1589/201/1 1625/200/1 1588/198/3
f 1566/202/2 1625/200/1 1589/201/1
f 1566/202/2 1606/203/2 1625/200/1
f 179/204/18 1548/168/20 1536/205/20
f 179/204/18 1556/170/18 1548/168/20
f 180/206/17 1557/172/17 1556/170/18
f 180/206/17 1556/170/18 179/204/18
f 181/207/16 1558/173/16 1557/172/17
f 181/207/16 1557/172/17 180/206/17
f 182/208/15 187/176/15 1558/173/16
f 182/208/15 1558/173/16 181/207/16
f 183/209/14 188/178/14 187/176/15
f 183/209/14 187/176/15 182/208/15
f 184/210/13 1559/180/13 188/178/14
f 184/210/13 188/178/14 183/209/14
f 185/211/12 1560/182/12 1559/180/13
f 185/211/12 1559/180/13 184/210/13
f 1516/212/11 189/184/11 1560/182/12
f 1516/212/11 1560/182/12 185/211/12
f 1517/213/10 1561/156/10 189/184/11
f 1517/213/10 1562/186/9 1561/156/10
f 1517/213/10 189/184/11 1516/212/11
f 1518/214/9 1563/189/8 1562/186/9
f 1518/214/9 1562/186/9 1517/213/10
f 186/215/8 1563/189/8 1518/214/9
f 1519/216/7 190/190/7 1563/189/8
f 1519/216/7 1563/189/8 186/215/8
f 1520/217/6 1564/193/6 190/190/7
f 1520/217/6 1565/195/5 1564/193/6
f 1520/217/6 190/190/7 1519/216/7
f 1521/218/5 191/196/4 1565/195/5
f 1521/218/5 1565/195/5 1520/217/6
f 1522/219/4 191/196/4 1521/218/5
f 1523/220/3 191/196/4 1522/219/4
f 1523/220/3 192/199/3 191/196/4
f 1524/221/1 192/199/3 1523/220/3
f 1524/221/1 193/200/1 192/199/3
f 178/222/2 193/200/1 1524/221/1
f 178/222/2 1537/203/2 193/200/1
f 196/223/170 1492/168/20 195/224/115
f 196/223/170 1505/170/18 1492/168/20
f 1875/225/171 1506/172/17 1505/170/18
f 1875/225/171 1505/170/18 196/223/170
f 1876/226/172 199/173/16 1506/172/17
f 1876/226/172 1507/176/15 199/173/16
f 1876/226/172 1506/172/17 1875/225/171
f 1877/227/173 1507/176/15 1876/226/172
f 197/228/174 200/178/14 1507/176/15
f 197/228/174 1507/176/15 1877/227/173
f 1878/229/175 201/180/13 200/178/14
f 1878/229/175 200/178/14 197/228/174
f 1879/230/176 202/182/12 201/180/13
f 1879/230/176 203/184/11 202/182/12
f 1879/230/176 201/180/13 1878/229/175
f 1880/231/177 203/184/11 1879/230/176
f 1881/232/178 204/156/10 203/184/11
f 1881/232/178 203/184/11 1880/231/177
f 1882/233/179 1508/186/9 204/156/10
f 1882/233/179 204/156/10 1881/232/178
f 1883/234/180 205/189/8 1508/186/9
f 1883/234/180 1508/186/9 1882/233/179
f 1884/235/181 1509/190/7 205/189/8
f 1884/235/181 205/189/8 1883/234/180
f 198/236/182 206/193/6 1509/190/7
f 198/236/182 1509/190/7 1884/235/181
f 1885/237/183 207/195/5 206/193/6
f 1885/237/183 206/193/6 198/236/182
f 1886/238/184 207/195/5 1885/237/183
f 1886/238/184 208/196/4 207/195/5
f 1886/238/184 209/199/3 208/196/4
f 1887/239/185 209/199/3 1886/238/184
f 1888/240/186 209/199/3 1887/239/185
f 1888/240/186 210/200/1 209/199/3
f 1476/241/28 210/200/1 1888/240/186
f 1476/241/28 194/203/2 210/200/1
f 528/242/187 1670/243/188 1668/244/189
f 213/245/190 215/246/191 1670/243/188
f 213/245/190 1670/243/188 528/242/187
f 214/247/192 215/246/191 213/245/190
f 212/248/193 211/249/168 215/246/191
f 212/248/193 215/246/191 214/247/192
f 236/250/194 222/251/195 428/252/196
f 236/250/194 235/253/197 222/251/195
f 237/254/198 235/253/197 236/250/194
f 237/254/198 975/255/199 235/253/197
f 238/256/200 763/41/201 762/40/202
f 238/256/200 976/257/203 975/255/199
f 238/256/200 762/40/202 976/257/203
f 238/256/200 975/255/199 237/254/198
f 239/258/204 428/252/196 427/259/205
f 239/258/204 236/250/194 428/252/196
f 240/260/206 236/250/194 239/258/204
f 240/260/206 237/254/198 236/250/194
f 241/261/207 237/254/198 240/260/206
f 241/261/207 226/48/208 763/41/201
f 241/261/207 763/41/201 238/256/200
f 241/261/207 238/256/200 237/254/198
f 242/262/209 427/259/205 221/263/210
f 242/262/209 239/258/204 427/259/205
f 243/264/211 240/260/206 239/258/204
f 243/264/211 239/258/204 242/262/209
f 244/265/212 227/52/213 226/48/208
f 244/265/212 241/261/207 240/260/206
f 244/265/212 226/48/208 241/261/207
f 244/265/212 240/260/206 243/264/211
f 245/266/214 221/263/210 220/267/215
f 245/266/214 242/262/209 221/263/210
f 246/268/216 243/264/211 242/262/209
f 246/268/216 242/262/209 245/266/214
f 247/269/217 227/52/213 244/265/212
f 247/269/217 243/264/211 246/268/216
f 247/269/217 228/56/218 227/52/213
f 247/269/217 764/60/219 228/56/218
f 247/269/217 244/265/212 243/264/211
f 248/270/220 220/267/215 219/271/221
f 248/270/220 245/266/214 220/267/215
f 249/272/222 246/268/216 245/266/214
f 249/272/222 245/266/214 248/270/220
f 250/273/223 247/269/217 246/268/216
f 250/273/223 246/268/216 249/272/222
f 250/273/223 764/60/219 247/269/217
f 251/274/224 219/271/221 426/275/225
f 251/274/224 248/270/220 219/271/221
f 251/274/224 249/272/222 248/270/220
f 252/276/226 250/273/223 249/272/222
f 252/276/226 249/272/222 251/274/224
f 253/277/227 764/60/219 250/273/223
f 253/277/227 765/64/228 764/60/219
f 253/277/227 250/273/223 252/276/226
f 254/278/229 426/275/225 218/279/230
f 254/278/229 251/274/224 426/275/225
f 255/280/231 251/274/224 254/278/229
f 255/280/231 252/276/226 251/274/224
f 256/281/232 229/68/233 765/64/228
f 256/281/232 766/72/234 229/68/233
f 256/281/232 765/64/228 253/277/227
f 256/281/232 253/277/227 252/276/226
f 256/281/232 252/276/226 255/280/231
f 257/282/235 218/279/230 425/283/236
f 257/282/235 254/278/229 218/279/230
f 258/284/237 255/280/231 254/278/229
f 258/284/237 254/278/229 257/282/235
f 259/285/238 766/72/234 256/281/232
f 259/285/238 256/281/232 255/280/231
f 259/285/238 255/280/231 258/284/237
f 260/286/239 425/283/236 424/287/240
f 260/286/239 257/282/235 425/283/236
f 261/288/241 258/284/237 257/282/235
f 261/288/241 259/285/238 258/284/237
f 261/288/241 257/282/235 260/286/239
f 262/289/242 230/76/243 766/72/234
f 262/289/242 766/72/234 259/285/238
f 262/289/242 259/285/238 261/288/241
f 263/290/244 424/287/240 423/291/245
f 263/290/244 260/286/239 424/287/240
f 264/292/246 261/288/241 260/286/239
f 264/292/246 260/286/239 263/290/244
f 265/293/247 231/80/248 230/76/243
f 265/293/247 230/76/243 262/289/242
f 265/293/247 262/289/242 261/288/241
f 265/293/247 261/288/241 264/292/246
f 266/294/249 423/291/245 217/295/250
f 266/294/249 263/290/244 423/291/245
f 267/296/251 264/292/246 263/290/244
f 267/296/251 263/290/244 266/294/249
f 268/297/252 232/84/253 231/80/248
f 268/297/252 767/88/254 232/84/253
f 268/297/252 231/80/248 265/293/247
f 268/297/252 265/293/247 264/292/246
f 268/297/252 264/292/246 267/296/251
f 269/298/255 217/295/250 422/299/256
f 269/298/255 266/294/249 217/295/250
f 269/298/255 267/296/251 266/294/249
f 270/300/257 268/297/252 267/296/251
f 270/300/257 267/296/251 269/298/255
f 271/301/258 767/88/254 268/297/252
f 271/301/258 268/297/252 270/300/257
f 272/302/259 422/299/256 421/303/260
f 272/302/259 269/298/255 422/299/256
f 273/304/261 270/300/257 269/298/255
f 273/304/261 269/298/255 272/302/259
f 274/305/262 271/301/258 270/300/257
f 274/305/262 270/300/257 273/304/261
f 274/305/262 768/92/263 767/88/254
f 274/305/262 767/88/254 271/301/258
f 275/306/264 421/303/260 216/307/265
f 275/306/264 272/302/259 421/303/260
f 275/306/264 273/304/261 272/302/259
f 276/308/266 273/304/261 275/306/264
f 277/309/267 273/304/261 276/308/266
f 277/309/267 233/96/268 768/92/263
f 277/309/267 274/305/262 273/304/261
f 277/309/267 768/92/263 274/305/262
f 278/310/269 216/307/265 420/311/270
f 278/310/269 275/306/264 216/307/265
f 279/312/271 275/306/264 278/310/269
f 279/312/271 276/308/266 275/306/264
f 280/313/272 277/309/267 276/308/266
f 280/313/272 233/96/268 277/309/267
f 280/313/272 276/308/266 279/312/271
f 280/313/272 769/101/273 233/96/268
f 281/314/274 420/311/270 419/315/275
f 281/314/274 278/310/269 420/311/270
f 281/314/274 279/312/271 278/310/269
f 282/316/276 279/312/271 281/314/274
f 283/317/277 280/313/272 279/312/271
f 283/317/277 769/101/273 280/313/272
f 283/317/277 279/312/271 282/316/276
f 283/317/277 770/105/278 769/101/273
f 284/318/279 418/319/280 750/168/281
f 284/318/279 419/315/275 418/319/280
f 284/318/279 750/168/281 971/320/282
f 284/318/279 281/314/274 419/315/275
f 285/321/283 971/320/282 223/322/284
f 285/321/283 282/316/276 281/314/274
f 285/321/283 281/314/274 284/318/279
f 285/321/283 284/318/279 971/320/282
f 286/323/285 223/322/284 224/324/286
f 286/323/285 224/324/286 225/109/287
f 286/323/285 283/317/277 282/316/276
f 286/323/285 282/316/276 285/321/283
f 286/323/285 770/105/278 283/317/277
f 286/323/285 285/321/283 223/322/284
f 286/323/285 234/108/288 770/105/278
f 286/323/285 225/109/287 234/108/288
f 955/325/289 300/170/290 385/168/289
f 299/326/290 301/172/291 300/170/290
f 299/326/290 300/170/290 955/325/289
f 298/327/292 302/173/293 301/172/291
f 298/327/292 301/172/291 299/326/290
f 830/328/293 386/176/294 302/173/293
f 830/328/293 302/173/293 298/327/292
f 297/329/294 387/178/295 386/176/294
f 297/329/294 386/176/294 830/328/293
f 829/330/295 303/180/296 387/178/295
f 829/330/295 387/178/295 297/329/294
f 828/331/296 303/180/296 829/330/295
f 296/332/297 388/182/297 303/180/296
f 296/332/297 389/184/298 388/182/297
f 296/332/297 303/180/296 828/331/296
f 827/333/298 389/184/298 296/332/297
f 295/334/299 304/156/299 389/184/298
f 295/334/299 305/186/300 304/156/299
f 295/334/299 389/184/298 827/333/298
f 294/335/301 390/189/302 305/186/300
f 294/335/301 305/186/300 295/334/299
f 293/336/303 306/190/304 390/189/302
f 293/336/303 390/189/302 294/335/301
f 292/337/304 307/193/305 306/190/304
f 292/337/304 306/190/304 293/336/303
f 291/338/305 307/193/305 292/337/304
f 290/339/306 308/195/306 307/193/305
f 290/339/306 309/196/307 308/195/306
f 290/339/306 307/193/305 291/338/305
f 289/340/308 309/196/307 290/339/306
f 288/341/309 310/199/309 309/196/307
f 288/341/309 309/196/307 289/340/308
f 287/342/310 310/199/309 288/341/309
f 287/342/310 311/200/310 310/199/309
f 287/342/310 964/203/311 311/200/310
f 963/343/311 964/203/311 287/342/310
f 334/250/312 881/251/195 319/252/196
f 334/250/312 894/253/313 881/251/195
f 335/254/314 894/253/313 334/250/312
f 335/254/314 333/255/315 894/253/313
f 336/256/200 323/41/316 322/40/202
f 336/256/200 895/257/203 333/255/315
f 336/256/200 322/40/202 895/257/203
f 336/256/200 333/255/315 335/254/314
f 337/258/204 319/252/196 407/259/205
f 337/258/204 334/250/312 319/252/196
f 338/260/317 334/250/312 337/258/204
f 338/260/317 335/254/314 334/250/312
f 339/261/318 335/254/314 338/260/317
f 339/261/318 324/48/319 323/41/316
f 339/261/318 323/41/316 336/256/200
f 339/261/318 336/256/200 335/254/314
f 340/262/320 407/259/205 318/263/321
f 340/262/320 337/258/204 407/259/205
f 341/264/322 338/260/317 337/258/204
f 341/264/322 337/258/204 340/262/320
f 342/265/323 325/52/324 324/48/319
f 342/265/323 339/261/318 338/260/317
f 342/265/323 324/48/319 339/261/318
f 342/265/323 338/260/317 341/264/322
f 343/266/214 318/263/321 317/267/215
f 343/266/214 340/262/320 318/263/321
f 344/268/216 341/264/322 340/262/320
f 344/268/216 340/262/320 343/266/214
f 345/269/325 325/52/324 342/265/323
f 345/269/325 341/264/322 344/268/216
f 345/269/325 810/56/218 325/52/324
f 345/269/325 811/60/219 810/56/218
f 345/269/325 342/265/323 341/264/322
f 346/270/326 344/268/216 343/266/214
f 346/270/326 317/267/215 316/271/327
f 346/270/326 343/266/214 317/267/215
f 347/272/328 344/268/216 346/270/326
f 348/273/223 326/64/228 811/60/219
f 348/273/223 345/269/325 344/268/216
f 348/273/223 344/268/216 347/272/328
f 348/273/223 811/60/219 345/269/325
f 349/274/329 316/271/327 406/275/330
f 349/274/329 346/270/326 316/271/327
f 349/274/329 347/272/328 346/270/326
f 350/276/331 347/272/328 349/274/329
f 351/277/227 326/64/228 348/273/223
f 351/277/227 347/272/328 350/276/331
f 351/277/227 348/273/223 347/272/328
f 352/278/332 406/275/330 405/279/333
f 352/278/332 349/274/329 406/275/330
f 353/280/231 349/274/329 352/278/332
f 353/280/231 350/276/331 349/274/329
f 354/281/232 812/68/334 326/64/228
f 354/281/232 351/277/227 350/276/331
f 354/281/232 350/276/331 353/280/231
f 354/281/232 326/64/228 351/277/227
f 355/282/235 405/279/333 404/283/236
f 355/282/235 353/280/231 352/278/332
f 355/282/235 352/278/332 405/279/333
f 356/284/237 353/280/231 355/282/235
f 357/285/238 327/72/335 812/68/334
f 357/285/238 328/76/243 327/72/335
f 357/285/238 354/281/232 353/280/231
f 357/285/238 353/280/231 356/284/237
f 357/285/238 812/68/334 354/281/232
f 358/286/239 404/283/236 315/287/240
f 358/286/239 355/282/235 404/283/236
f 359/288/241 356/284/237 355/282/235
f 359/288/241 357/285/238 356/284/237
f 359/288/241 355/282/235 358/286/239
f 360/289/242 357/285/238 359/288/241
f 360/289/242 328/76/243 357/285/238
f 361/290/244 315/287/240 403/291/245
f 361/290/244 358/286/239 315/287/240
f 362/292/246 359/288/241 358/286/239
f 362/292/246 358/286/239 361/290/244
f 363/293/247 329/80/248 328/76/243
f 363/293/247 328/76/243 360/289/242
f 363/293/247 360/289/242 359/288/241
f 363/293/247 359/288/241 362/292/246
f 364/294/249 403/291/245 402/295/250
f 364/294/249 361/290/244 403/291/245
f 365/296/251 363/293/247 362/292/246
f 365/296/251 361/290/244 364/294/249
f 365/296/251 362/292/246 361/290/244
f 366/297/252 813/84/253 329/80/248
f 366/297/252 363/293/247 365/296/251
f 366/297/252 329/80/248 363/293/247
f 367/298/255 402/295/250 401/299/256
f 367/298/255 364/294/249 402/295/250
f 368/300/257 365/296/251 364/294/249
f 368/300/257 364/294/249 367/298/255
f 369/301/258 813/84/253 366/297/252
f 369/301/258 814/88/336 813/84/253
f 369/301/258 366/297/252 365/296/251
f 369/301/258 365/296/251 368/300/257
f 370/302/337 401/299/256 400/303/260
f 370/302/337 367/298/255 401/299/256
f 371/304/261 368/300/257 367/298/255
f 371/304/261 369/301/258 368/300/257
f 371/304/261 367/298/255 370/302/337
f 372/305/338 330/92/339 814/88/336
f 372/305/338 814/88/336 369/301/258
f 372/305/338 369/301/258 371/304/261
f 373/306/340 400/303/260 399/307/265
f 373/306/340 370/302/337 400/303/260
f 374/308/266 372/305/338 371/304/261
f 374/308/266 370/302/337 373/306/340
f 374/308/266 371/304/261 370/302/337
f 375/309/267 372/305/338 374/308/266
f 375/309/267 330/92/339 372/305/338
f 375/309/267 815/96/341 330/92/339
f 376/310/269 399/307/265 314/311/270
f 376/310/269 373/306/340 399/307/265
f 377/312/342 373/306/340 376/310/269
f 377/312/342 374/308/266 373/306/340
f 377/312/342 375/309/267 374/308/266
f 378/313/343 815/96/341 375/309/267
f 378/313/343 375/309/267 377/312/342
f 378/313/343 816/101/344 815/96/341
f 379/314/345 314/311/270 313/315/275
f 379/314/345 376/310/269 314/311/270
f 380/316/346 377/312/342 376/310/269
f 380/316/346 376/310/269 379/314/345
f 381/317/347 378/313/343 377/312/342
f 381/317/347 816/101/344 378/313/343
f 381/317/347 377/312/342 380/316/346
f 381/317/347 331/105/278 816/101/344
f 382/318/348 312/319/280 802/168/281
f 382/318/348 313/315/275 312/319/280
f 382/318/348 379/314/345 313/315/275
f 382/318/348 802/168/281 880/320/349
f 383/321/350 880/320/349 320/322/351
f 383/321/350 380/316/346 379/314/345
f 383/321/350 379/314/345 382/318/348
f 383/321/350 382/318/348 880/320/349
f 384/323/352 320/322/351 321/324/353
f 384/323/352 321/324/353 817/109/354
f 384/323/352 380/316/346 383/321/350
f 384/323/352 381/317/347 380/316/346
f 384/323/352 331/105/278 381/317/347
f 384/323/352 383/321/350 320/322/351
f 384/323/352 332/108/288 331/105/278
f 384/323/352 817/109/354 332/108/288
f 385/344/2 871/170/1 870/168/2
f 300/345/1 872/172/3 871/170/1
f 300/345/1 871/170/1 385/344/2
f 301/346/3 872/172/3 300/345/1
f 302/347/4 873/173/4 872/172/3
f 302/347/4 872/172/3 301/346/3
f 386/348/5 874/176/5 873/173/4
f 386/348/5 873/173/4 302/347/4
f 387/349/6 391/178/6 874/176/5
f 387/349/6 874/176/5 386/348/5
f 303/350/7 392/180/7 391/178/6
f 303/350/7 391/178/6 387/349/6
f 388/351/8 393/182/8 392/180/7
f 388/351/8 394/184/21 393/182/8
f 388/351/8 392/180/7 303/350/7
f 389/352/21 394/184/21 388/351/8
f 304/353/10 875/156/10 394/184/21
f 304/353/10 876/186/11 875/156/10
f 304/353/10 394/184/21 389/352/21
f 305/354/11 876/186/11 304/353/10
f 390/355/12 877/189/12 876/186/11
f 390/355/12 876/186/11 305/354/11
f 306/356/13 395/190/13 877/189/12
f 306/356/13 877/189/12 390/355/12
f 307/357/14 396/193/14 395/190/13
f 307/357/14 395/190/13 306/356/13
f 308/358/15 878/195/15 396/193/14
f 308/358/15 879/196/16 878/195/15
f 308/358/15 396/193/14 307/357/14
f 309/359/16 879/196/16 308/358/15
f 309/359/16 397/199/17 879/196/16
f 310/360/17 397/199/17 309/359/16
f 311/361/18 397/199/17 310/360/17
f 311/361/18 398/200/18 397/199/17
f 964/362/20 398/200/18 311/361/18
f 964/362/20 857/203/20 398/200/18
f 417/363/20 802/244/281 312/364/280
f 416/365/18 312/364/280 313/366/275
f 416/365/18 417/363/20 312/364/280
f 415/367/17 313/366/275 314/368/270
f 415/367/17 416/365/18 313/366/275
f 414/369/16 314/368/270 399/370/265
f 414/369/16 415/367/17 314/368/270
f 413/371/15 399/370/265 400/372/260
f 413/371/15 414/369/16 399/370/265
f 412/373/14 400/372/260 401/374/256
f 412/373/14 413/371/15 400/372/260
f 411/375/13 401/374/256 402/376/250
f 411/375/13 412/373/14 401/374/256
f 796/377/12 402/376/250 403/378/245
f 796/377/12 411/375/13 402/376/250
f 795/379/11 403/378/245 315/380/240
f 795/379/11 796/377/12 403/378/245
f 794/381/10 795/379/11 315/380/240
f 793/382/9 315/380/240 404/383/236
f 793/382/9 404/383/236 405/384/333
f 793/382/9 794/381/10 315/380/240
f 792/385/8 405/384/333 406/386/330
f 792/385/8 793/382/9 405/384/333
f 791/387/7 406/386/330 316/388/327
f 791/387/7 792/385/8 406/386/330
f 790/389/6 316/388/327 317/390/215
f 790/389/6 791/387/7 316/388/327
f 789/391/5 790/389/6 317/390/215
f 410/392/4 789/391/5 317/390/215
f 410/392/4 317/390/215 318/393/321
f 410/392/4 318/393/321 407/394/205
f 409/395/3 410/392/4 407/394/205
f 788/396/1 409/395/3 407/394/205
f 788/396/1 407/394/205 319/397/196
f 408/398/2 788/396/1 319/397/196
f 408/398/2 319/397/196 881/399/195
f 751/400/20 750/244/281 418/364/280
f 438/401/18 418/364/280 419/366/275
f 438/401/18 751/400/20 418/364/280
f 735/402/17 419/366/275 420/368/270
f 735/402/17 438/401/18 419/366/275
f 437/403/16 420/368/270 216/370/265
f 437/403/16 735/402/17 420/368/270
f 436/404/15 216/370/265 421/372/260
f 436/404/15 437/403/16 216/370/265
f 435/405/14 421/372/260 422/374/256
f 435/405/14 436/404/15 421/372/260
f 734/406/13 422/374/256 217/376/250
f 734/406/13 435/405/14 422/374/256
f 434/407/12 734/406/13 217/376/250
f 733/408/11 217/376/250 423/378/245
f 733/408/11 423/378/245 424/380/240
f 733/408/11 434/407/12 217/376/250
f 433/409/10 424/380/240 425/383/236
f 433/409/10 733/408/11 424/380/240
f 432/410/21 425/383/236 218/384/230
f 432/410/21 433/409/10 425/383/236
f 732/411/8 432/410/21 218/384/230
f 731/412/7 218/384/230 426/386/225
f 731/412/7 426/386/225 219/388/221
f 731/412/7 732/411/8 218/384/230
f 730/413/6 219/388/221 220/390/215
f 730/413/6 731/412/7 219/388/221
f 729/414/5 730/413/6 220/390/215
f 431/415/4 729/414/5 220/390/215
f 431/415/4 220/390/215 221/393/210
f 430/416/3 431/415/4 221/393/210
f 430/416/3 221/393/210 427/394/205
f 430/416/3 427/394/205 428/397/196
f 429/417/1 430/416/3 428/397/196
f 728/418/2 429/417/1 428/397/196
f 728/418/2 428/397/196 222/399/195
f 485/419/355 486/420/356 2147/421/357
f 484/422/355 485/419/355 2147/421/357
f 66/423/358 2147/421/357 486/420/356
f 67/424/356 2147/421/357 66/423/358
f 65/425/356 484/422/355 2147/421/357
f 487/426/358 2147/421/357 67/424/356
f 64/427/359 65/425/356 2147/421/357
f 68/428/356 2147/421/357 487/426/358
f 63/429/360 64/427/359 2147/421/357
f 69/430/356 2147/421/357 68/428/356
f 1938/431/358 63/429/360 2147/421/357
f 499/432/358 1938/431/358 2147/421/357
f 526/433/356 494/434/356 1935/435/356
f 526/433/356 1935/435/356 1936/436/356
f 1409/437/356 1936/436/356 495/438/358
f 1409/437/356 495/438/358 496/439/356
f 1409/437/356 526/433/356 1936/436/356
f 525/440/356 493/441/356 494/434/356
f 525/440/356 494/434/356 526/433/356
f 1407/442/356 496/439/356 497/443/358
f 1407/442/356 497/443/358 1937/444/361
f 1407/442/356 1937/444/361 498/445/362
f 1407/442/356 1409/437/356 496/439/356
f 1401/446/356 490/447/356 55/448/358
f 1401/446/356 55/448/358 1931/449/356
f 522/450/356 489/451/355 73/452/356
f 522/450/356 73/452/356 490/447/356
f 522/450/356 490/447/356 1401/446/356
f 523/453/356 1931/449/356 1932/454/356
f 523/453/356 1401/446/356 1931/449/356
f 521/455/356 71/456/356 72/457/360
f 521/455/356 72/457/360 489/451/355
f 521/455/356 489/451/355 522/450/356
f 1405/458/356 493/441/356 525/440/356
f 1405/458/356 1934/459/356 493/441/356
f 524/460/356 523/453/356 1932/454/356
f 524/460/356 1932/454/356 491/461/356
f 1404/462/356 1934/459/356 1405/458/356
f 1404/462/356 492/463/356 1934/459/356
f 1402/464/356 524/460/356 491/461/356
f 1402/464/356 491/461/356 1933/465/356
f 1403/466/356 492/463/356 1404/462/356
f 1403/466/356 1402/464/356 1933/465/356
f 1403/466/356 1933/465/356 492/463/356
f 1398/467/356 71/456/356 521/455/356
f 48/468/355 71/456/356 1398/467/356
f 47/469/363 48/468/355 1398/467/356
f 468/470/356 70/471/356 71/456/356
f 468/470/356 71/456/356 48/468/355
f 467/472/356 47/469/363 1398/467/356
f 469/473/356 488/474/356 70/471/356
f 469/473/356 70/471/356 468/470/356
f 466/475/356 467/472/356 1398/467/356
f 466/475/356 1398/467/356 520/476/356
f 49/477/356 69/430/356 488/474/356
f 49/477/356 488/474/356 469/473/356
f 46/478/356 466/475/356 520/476/356
f 1962/479/358 46/478/356 520/476/356
f 483/480/356 1962/479/358 520/476/356
f 483/480/356 520/476/356 1394/481/356
f 1961/482/356 483/480/356 1394/481/356
f 1961/482/356 1394/481/356 1393/483/356
f 482/484/355 1961/482/356 1393/483/356
f 482/484/355 1393/483/356 519/485/356
f 481/486/356 482/484/355 519/485/356
f 1392/487/356 481/486/356 519/485/356
f 480/488/356 481/486/356 1392/487/356
f 2069/489/364 69/430/356 49/477/356
f 2069/489/364 2147/421/357 69/430/356
f 2069/489/364 49/477/356 50/490/361
f 2069/489/364 50/490/361 51/491/355
f 2069/489/364 51/491/355 470/492/356
f 2069/489/364 470/492/356 52/493/355
f 2069/489/364 52/493/355 471/494/356
f 2069/489/364 471/494/356 472/495/356
f 2069/489/364 472/495/356 473/496/358
f 53/497/356 2069/489/364 473/496/358
f 54/498/360 2069/489/364 53/497/356
f 37/499/359 2069/489/364 54/498/360
f 518/500/356 479/501/356 480/488/356
f 518/500/356 480/488/356 1392/487/356
f 474/502/355 2069/489/364 37/499/359
f 475/503/356 2069/489/364 474/502/355
f 517/504/356 1960/505/356 479/501/356
f 517/504/356 479/501/356 518/500/356
f 516/506/356 478/507/356 1960/505/356
f 516/506/356 1960/505/356 517/504/356
f 515/508/356 478/507/356 516/506/356
f 515/508/356 477/509/356 1959/510/356
f 515/508/356 1959/510/356 478/507/356
f 514/511/356 1957/512/356 1958/513/355
f 514/511/356 1958/513/355 477/509/356
f 514/511/356 477/509/356 515/508/356
f 513/514/356 1957/512/356 514/511/356
f 513/514/356 476/515/358 1955/516/365
f 513/514/356 1955/516/365 1956/517/355
f 513/514/356 1956/517/355 1957/512/356
f 1385/518/366 476/515/358 513/514/356
f 1385/518/366 2069/489/364 475/503/356
f 1385/518/366 475/503/356 476/515/358
f 511/519/358 1374/520/360 1373/521/356
f 511/519/358 1375/522/363 1374/520/360
f 511/519/358 1376/523/358 1375/522/363
f 508/524/365 1376/523/358 511/519/358
f 508/524/365 510/525/367 509/526/356
f 508/524/365 511/519/358 510/525/367
f 1372/527/356 1376/523/358 508/524/365
f 1372/527/356 1384/528/361 1376/523/358
f 1371/529/365 1372/527/356 507/530/356
f 1410/531/358 1407/442/356 498/445/362
f 1410/531/358 498/445/362 499/432/358
f 1410/531/358 499/432/358 2147/421/357
f 1369/532/362 1372/527/356 1371/529/365
f 1369/532/362 1384/528/361 1372/527/356
f 1369/532/362 1371/529/365 506/533/368
f 505/534/355 1384/528/361 1369/532/362
f 505/534/355 512/535/361 1384/528/361
f 1367/536/355 512/535/361 505/534/355
f 1367/536/355 1386/537/358 512/535/361
f 1417/538/367 1416/539/369 1415/540/361
f 1418/541/356 1417/538/367 1415/540/361
f 528/542/356 1419/543/356 1418/541/356
f 214/544/356 213/545/356 528/542/356
f 214/544/356 528/542/356 1418/541/356
f 212/546/356 1413/547/356 527/548/356
f 212/546/356 1414/549/355 1413/547/356
f 212/546/356 1415/540/361 1414/549/355
f 212/546/356 1418/541/356 1415/540/361
f 212/546/356 214/544/356 1418/541/356
f 443/550/356 527/548/356 1411/551/368
f 443/550/356 1411/551/368 442/552/356
f 441/553/356 1411/551/368 1410/531/358
f 441/553/356 442/552/356 1411/551/368
f 444/554/356 527/548/356 443/550/356
f 445/555/356 527/548/356 444/554/356
f 440/556/355 441/553/356 1410/531/358
f 446/557/356 1425/558/355 212/546/356
f 446/557/356 212/546/356 527/548/356
f 446/557/356 527/548/356 445/555/356
f 10/559/356 1425/558/355 446/557/356
f 11/560/356 1425/558/355 10/559/356
f 12/561/358 1426/562/363 1425/558/355
f 12/561/358 1425/558/355 11/560/356
f 2116/563/370 440/556/355 1410/531/358
f 2116/563/370 2013/564/361 439/565/358
f 2116/563/370 439/565/358 440/556/355
f 2116/563/370 2011/566/355 2012/567/355
f 2116/563/370 2012/567/355 2013/564/361
f 13/568/358 1430/569/362 1426/562/363
f 13/568/358 1426/562/363 12/561/358
f 2010/570/365 2011/566/355 2116/563/370
f 14/571/356 1431/572/356 1430/569/362
f 14/571/356 1430/569/362 13/568/358
f 2009/573/356 2010/570/365 2116/563/370
f 2008/574/356 2009/573/356 2116/563/370
f 1432/575/356 14/571/356 15/576/355
f 1432/575/356 1431/572/356 14/571/356
f 2007/577/356 2008/574/356 2116/563/370
f 2006/578/356 2007/577/356 2116/563/370
f 2005/579/356 2006/578/356 2116/563/370
f 2004/580/356 2005/579/356 2116/563/370
f 529/581/356 15/576/355 16/582/356
f 529/581/356 1432/575/356 15/576/355
f 2003/583/356 2004/580/356 2116/563/370
f 530/584/356 16/582/356 17/585/356
f 530/584/356 529/581/356 16/582/356
f 1433/586/356 17/585/356 18/587/356
f 1433/586/356 530/584/356 17/585/356
f 531/588/355 18/587/356 447/589/358
f 531/588/355 447/589/358 1996/590/358
f 531/588/355 1433/586/356 18/587/356
f 532/591/355 1996/590/358 1997/592/356
f 532/591/355 1997/592/356 1998/593/355
f 532/591/355 531/588/355 1996/590/358
f 500/594/356 1998/593/355 1999/595/360
f 500/594/356 1999/595/360 2000/596/356
f 500/594/356 532/591/355 1998/593/355
f 450/597/355 1359/598/356 1358/599/356
f 451/600/356 1359/598/356 450/597/355
f 451/600/356 503/601/356 1359/598/356
f 449/602/355 450/597/355 1358/599/356
f 449/602/355 1358/599/356 1357/603/356
f 30/604/356 503/601/356 451/600/356
f 30/604/356 504/605/356 503/601/356
f 452/606/356 504/605/356 30/604/356
f 452/606/356 1363/607/358 504/605/356
f 448/608/356 449/602/355 1357/603/356
f 448/608/356 1357/603/356 1356/609/356
f 29/610/355 448/608/356 1356/609/356
f 29/610/355 1356/609/356 502/611/358
f 31/612/356 1363/607/358 452/606/356
f 31/612/356 1364/613/355 1363/607/358
f 1990/614/356 29/610/355 502/611/358
f 32/615/356 1364/613/355 31/612/356
f 453/616/356 1364/613/355 32/615/356
f 453/616/356 1365/617/365 1364/613/355
f 465/618/355 502/611/358 1355/619/358
f 465/618/355 1990/614/356 502/611/358
f 1989/620/356 465/618/355 1355/619/358
f 454/621/361 1365/617/365 453/616/356
f 33/622/358 1365/617/365 454/621/361
f 33/622/358 1362/623/356 1365/617/365
f 464/624/356 1989/620/356 1355/619/358
f 464/624/356 1355/619/358 501/625/356
f 455/626/356 1362/623/356 33/622/358
f 1988/627/363 464/624/356 501/625/356
f 34/628/356 1362/623/356 455/626/356
f 1987/629/355 500/594/356 2000/596/356
f 1987/629/355 501/625/356 500/594/356
f 1987/629/355 1988/627/363 501/625/356
f 35/630/356 1362/623/356 34/628/356
f 35/630/356 1366/631/371 1362/623/356
f 1986/632/356 2000/596/356 2001/633/356
f 1986/632/356 2001/633/356 2002/634/356
f 1986/632/356 1987/629/355 2000/596/356
f 1985/635/356 1986/632/356 2002/634/356
f 36/636/356 1366/631/371 35/630/356
f 2019/637/372 36/636/356 456/638/355
f 2019/637/372 456/638/355 457/639/365
f 2019/637/372 457/639/365 458/640/358
f 2019/637/372 458/640/358 1981/641/356
f 2019/637/372 1981/641/356 459/642/356
f 2019/637/372 459/642/356 460/643/355
f 2019/637/372 460/643/355 461/644/356
f 2019/637/372 461/644/356 462/645/356
f 2019/637/372 462/645/356 463/646/358
f 2019/637/372 463/646/358 1982/647/356
f 2019/637/372 1366/631/371 36/636/356
f 2019/637/372 1982/647/356 1983/648/356
f 2019/637/372 1983/648/356 1984/649/356
f 2069/489/364 1367/536/355 2019/637/372
f 1367/536/355 1366/631/371 2019/637/372
f 2069/489/364 1386/537/358 1367/536/355
f 2069/489/364 1385/518/366 1386/537/358
f 2019/637/372 1984/649/356 2116/563/370
f 1984/649/356 1985/635/356 2116/563/370
f 1985/635/356 2003/583/356 2116/563/370
f 1985/635/356 2002/634/356 2003/583/356
f 2116/563/370 1410/531/358 2147/421/357
f 534/650/373 533/651/374 610/652/375
f 1179/653/376 534/650/373 610/652/375
f 623/654/377 535/655/378 1156/656/379
f 623/654/377 1156/656/379 536/657/380
f 1211/658/381 542/659/382 1193/660/383
f 1211/658/381 1193/660/383 1192/661/384
f 1210/662/385 1211/658/381 1192/661/384
f 1209/663/386 1210/662/385 1192/661/384
f 1252/664/387 541/665/388 1207/666/389
f 537/667/390 1209/663/386 1192/661/384
f 1281/668/391 1209/663/386 537/667/390
f 1282/669/392 1208/670/393 1209/663/386
f 1282/669/392 1209/663/386 1281/668/391
f 1280/671/394 1281/668/391 537/667/390
f 538/672/395 1207/666/389 1208/670/393
f 538/672/395 1208/670/393 1282/669/392
f 1279/673/396 1280/671/394 537/667/390
f 540/674/397 1252/664/387 1207/666/389
f 540/674/397 1207/666/389 538/672/395
f 539/675/398 540/674/397 538/672/395
f 1323/676/399 1279/673/396 537/667/390
f 1322/677/400 1279/673/396 1323/676/399
f 595/420/401 61/419/401 2354/421/402
f 60/422/403 2354/421/402 61/419/401
f 596/423/401 595/420/401 2354/421/402
f 597/424/401 596/423/401 2354/421/402
f 59/425/401 2354/421/402 60/422/403
f 598/426/401 597/424/401 2354/421/402
f 58/427/401 2354/421/402 59/425/401
f 599/428/401 598/426/401 2354/421/402
f 57/429/401 2354/421/402 58/427/401
f 600/430/401 599/428/401 2354/421/402
f 594/431/401 2354/421/402 57/429/401
f 593/432/401 2354/421/402 594/431/401
f 685/678/401 589/435/401 1927/434/401
f 684/679/401 1928/436/401 589/435/401
f 684/679/401 1929/438/401 1928/436/401
f 684/679/401 589/435/401 685/678/401
f 692/680/404 1923/449/403 56/448/403
f 634/681/401 1927/434/401 1926/441/401
f 634/681/401 685/678/401 1927/434/401
f 693/682/404 692/680/404 56/448/403
f 693/682/404 56/448/403 62/447/401
f 638/683/405 1929/438/401 684/679/401
f 638/683/405 1930/439/406 1929/438/401
f 691/684/404 1923/449/403 692/680/404
f 691/684/404 586/454/401 1923/449/403
f 691/684/404 587/461/401 586/454/401
f 694/685/401 693/682/404 62/447/401
f 694/685/401 606/452/404 605/451/401
f 694/685/401 62/447/401 606/452/404
f 623/686/403 590/443/407 1930/439/406
f 623/686/403 591/444/408 590/443/407
f 623/686/403 592/445/409 591/444/408
f 623/686/403 1930/439/406 638/683/405
f 695/687/401 604/457/406 603/456/401
f 695/687/401 605/451/401 604/457/406
f 695/687/401 694/685/401 605/451/401
f 635/688/401 1926/441/401 1925/459/401
f 635/688/401 634/681/401 1926/441/401
f 688/689/401 588/465/401 587/461/401
f 688/689/401 587/461/401 691/684/404
f 636/690/401 1925/459/401 1924/463/401
f 636/690/401 635/688/401 1925/459/401
f 637/691/401 636/690/401 1924/463/401
f 637/691/401 1924/463/401 588/465/401
f 637/691/401 588/465/401 688/689/401
f 579/468/401 631/692/401 695/687/401
f 579/468/401 578/469/401 631/692/401
f 579/468/401 695/687/401 603/456/401
f 40/470/401 603/456/401 602/471/401
f 40/470/401 579/468/401 603/456/401
f 577/472/401 632/693/403 631/692/401
f 577/472/401 631/692/401 578/469/401
f 580/473/401 602/471/401 601/474/401
f 580/473/401 40/470/401 602/471/401
f 39/475/401 632/693/403 577/472/401
f 41/477/401 580/473/401 601/474/401
f 41/477/401 601/474/401 600/430/401
f 38/478/401 633/694/403 632/693/403
f 38/478/401 632/693/403 39/475/401
f 1954/479/401 699/695/401 633/694/403
f 1954/479/401 633/694/403 38/478/401
f 576/480/401 629/696/401 699/695/401
f 576/480/401 699/695/401 1954/479/401
f 1953/482/404 629/696/401 576/480/401
f 575/484/401 629/696/401 1953/482/404
f 575/484/401 702/697/401 629/696/401
f 1952/486/401 702/697/401 575/484/401
f 1952/486/401 630/698/401 702/697/401
f 1951/488/401 630/698/401 1952/486/401
f 2353/489/410 42/490/403 41/477/401
f 2353/489/410 43/491/401 42/490/403
f 2353/489/410 44/492/401 43/491/401
f 2353/489/410 581/493/401 44/492/401
f 2353/489/410 582/494/401 581/493/401
f 2353/489/410 583/495/401 582/494/401
f 2353/489/410 45/496/401 583/495/401
f 2353/489/410 600/430/401 2354/421/402
f 2353/489/410 41/477/401 600/430/401
f 703/699/401 630/698/401 1951/488/401
f 703/699/401 1951/488/401 1950/501/404
f 679/700/401 592/445/409 623/686/403
f 679/700/401 593/432/401 592/445/409
f 679/700/401 2354/421/402 593/432/401
f 679/700/401 623/686/403 536/701/403
f 584/497/401 45/496/401 2353/489/410
f 1173/702/401 679/700/401 536/701/403
f 585/498/401 584/497/401 2353/489/410
f 1939/499/401 585/498/401 2353/489/410
f 1174/703/401 679/700/401 1173/702/401
f 1940/502/401 1939/499/401 2353/489/410
f 1941/503/401 1940/502/401 2353/489/410
f 704/704/401 1950/501/404 1949/505/404
f 704/704/401 703/699/401 1950/501/404
f 705/705/401 704/704/401 1949/505/404
f 705/705/401 1949/505/404 1948/507/401
f 627/706/406 705/705/401 1948/507/401
f 627/706/406 1948/507/401 1947/510/401
f 708/707/404 627/706/406 1947/510/401
f 708/707/404 1946/509/401 1945/513/401
f 708/707/404 1947/510/401 1946/509/401
f 628/708/401 708/707/404 1945/513/401
f 628/708/401 1945/513/401 1944/512/411
f 713/709/401 628/708/401 1944/512/411
f 713/709/401 1942/516/412 574/515/413
f 713/709/401 1943/517/414 1942/516/412
f 713/709/401 1944/512/411 1943/517/414
f 607/710/415 608/711/401 681/712/401
f 609/713/401 681/712/401 608/711/401
f 1178/714/406 681/712/401 609/713/401
f 1179/715/401 681/712/401 1178/714/406
f 680/716/401 713/709/401 574/515/413
f 680/716/401 1941/503/401 2353/489/410
f 680/716/401 574/515/413 1941/503/401
f 680/716/401 624/717/401 625/718/403
f 680/716/401 625/718/403 626/719/401
f 680/716/401 626/719/401 713/709/401
f 610/720/401 681/712/401 1179/715/401
f 5/550/412 4/552/416 610/720/401
f 3/553/404 681/712/401 610/720/401
f 3/553/404 610/720/401 4/552/416
f 6/554/401 610/720/401 673/721/401
f 6/554/401 5/550/412 610/720/401
f 7/555/401 673/721/401 672/722/401
f 7/555/401 6/554/401 673/721/401
f 2/556/401 681/712/401 3/553/404
f 8/557/401 7/555/401 672/722/401
f 558/559/401 672/722/401 611/723/401
f 558/559/401 8/557/401 672/722/401
f 559/560/401 611/723/401 668/724/401
f 559/560/401 558/559/401 611/723/401
f 560/561/401 668/724/401 667/725/401
f 560/561/401 559/560/401 668/724/401
f 543/563/417 556/567/403 555/566/401
f 543/563/417 557/564/406 556/567/403
f 543/563/417 1/565/406 557/564/406
f 543/563/417 2/556/401 1/565/406
f 543/563/417 681/712/401 2/556/401
f 561/568/401 667/725/401 666/726/401
f 561/568/401 560/561/401 667/725/401
f 554/570/404 543/563/417 555/566/401
f 562/571/401 561/568/401 666/726/401
f 1995/573/404 543/563/417 554/570/404
f 613/727/401 562/571/401 666/726/401
f 9/576/403 562/571/401 613/727/401
f 553/574/401 543/563/417 1995/573/404
f 552/577/401 543/563/417 553/574/401
f 1994/578/401 543/563/417 552/577/401
f 665/728/401 9/576/403 613/727/401
f 665/728/401 563/582/403 9/576/403
f 1993/579/401 543/563/417 1994/578/401
f 1992/580/401 543/563/417 1993/579/401
f 551/583/401 543/563/417 1992/580/401
f 664/729/401 563/582/403 665/728/401
f 664/729/401 564/585/401 563/582/403
f 678/730/401 622/731/401 1351/732/418
f 678/730/401 1351/732/418 1349/733/419
f 621/734/411 622/731/401 678/730/401
f 1350/735/401 621/734/411 678/730/401
f 612/736/404 564/585/401 664/729/401
f 612/736/404 565/587/401 564/585/401
f 617/737/404 544/589/403 565/587/401
f 617/737/404 565/587/401 612/736/404
f 616/738/401 545/590/401 544/589/403
f 616/738/401 544/589/403 617/737/404
f 615/739/404 546/592/401 545/590/401
f 615/739/404 547/593/411 546/592/401
f 615/739/404 545/590/401 616/738/401
f 614/740/401 548/595/404 547/593/411
f 614/740/401 549/596/401 548/595/404
f 614/740/401 547/593/411 615/739/404
f 662/741/401 549/596/401 614/740/401
f 618/742/401 1350/735/401 678/730/401
f 20/600/401 650/743/401 649/744/401
f 19/597/404 651/745/401 650/743/401
f 19/597/404 650/743/401 20/600/401
f 570/604/401 649/744/401 648/746/401
f 570/604/401 20/600/401 649/744/401
f 569/602/406 652/747/401 651/745/401
f 569/602/406 651/745/401 19/597/404
f 571/606/401 570/604/401 648/746/401
f 571/606/401 648/746/401 647/748/401
f 568/608/401 652/747/401 569/602/406
f 568/608/401 657/749/401 652/747/401
f 21/612/403 571/606/401 647/748/401
f 21/612/403 647/748/401 646/750/406
f 567/610/401 658/751/401 657/749/401
f 567/610/401 657/749/401 568/608/401
f 22/615/403 21/612/403 646/750/406
f 22/615/403 646/750/406 620/752/401
f 566/614/404 658/751/401 567/610/401
f 566/614/404 659/753/403 658/751/401
f 23/616/401 22/615/403 620/752/401
f 1980/618/401 659/753/403 566/614/404
f 1980/618/401 660/754/401 659/753/403
f 24/621/401 23/616/401 620/752/401
f 24/621/401 620/752/401 619/755/401
f 1979/620/401 660/754/401 1980/618/401
f 572/622/405 24/621/401 619/755/401
f 572/622/405 619/755/401 618/742/401
f 1978/624/406 660/754/401 1979/620/401
f 1978/624/406 662/741/401 660/754/401
f 25/626/408 572/622/405 618/742/401
f 1977/627/401 662/741/401 1978/624/406
f 26/628/420 25/626/408 618/742/401
f 1976/629/401 662/741/401 1977/627/401
f 1976/629/401 549/596/401 662/741/401
f 27/630/403 26/628/420 618/742/401
f 27/630/403 618/742/401 678/730/401
f 1975/632/401 550/633/401 549/596/401
f 1975/632/401 549/596/401 1976/629/401
f 28/636/401 27/630/403 678/730/401
f 1974/635/401 1991/634/401 550/633/401
f 1974/635/401 550/633/401 1975/632/401
f 2134/637/421 1964/640/404 1963/639/411
f 2134/637/421 1965/641/401 1964/640/404
f 2134/637/421 1966/642/401 1965/641/401
f 2134/637/421 1967/643/403 1966/642/401
f 2134/637/421 1968/644/401 1967/643/403
f 2134/637/421 1969/645/401 1968/644/401
f 2134/637/421 1970/646/401 1969/645/401
f 2134/637/421 1971/647/401 1970/646/401
f 2134/637/421 1972/648/401 1971/647/401
f 2134/637/421 1973/649/401 1972/648/401
f 2134/637/421 28/636/401 678/730/401
f 2134/637/421 573/638/411 28/636/401
f 2134/637/421 1963/639/411 573/638/411
f 2353/489/410 2134/637/421 678/730/401
f 2353/489/410 678/730/401 680/716/401
f 2134/637/421 543/563/417 1973/649/401
f 1973/649/401 543/563/417 1974/635/401
f 1974/635/401 543/563/417 551/583/401
f 1974/635/401 551/583/401 1991/634/401
f 543/563/417 2354/421/402 679/700/401
f 543/563/417 679/700/401 681/712/401
f 681/712/401 678/730/401 1349/733/419
f 681/712/401 1349/733/419 607/710/415
f 680/716/401 679/700/401 1174/703/401
f 680/716/401 1174/703/401 624/717/401
f 640/756/422 639/757/423 2362/758/424
f 2298/759/425 640/756/422 2362/758/424
f 2151/760/426 641/761/427 2363/762/428
f 2151/760/426 2363/762/428 2372/763/429
f 642/761/430 2348/762/431 2202/764/432
f 2023/765/433 642/761/430 2202/764/432
f 643/759/434 2133/766/435 2246/758/436
f 643/759/434 2122/767/437 2133/766/435
f 618/768/438 644/244/439 645/769/440
f 618/768/438 645/769/440 1350/770/441
f 619/771/442 644/251/439 618/400/438
f 619/771/442 1328/772/443 644/251/439
f 620/773/444 1326/774/445 1327/775/446
f 620/773/444 1327/775/446 1328/772/443
f 620/773/444 1328/772/443 619/771/442
f 646/776/447 653/777/448 1326/774/445
f 646/776/447 1326/774/445 620/773/444
f 647/778/449 653/777/448 646/776/447
f 648/779/450 653/251/448 647/400/449
f 648/779/450 1285/780/451 653/251/448
f 649/781/452 656/782/453 1285/780/451
f 649/781/452 1285/780/451 648/779/450
f 650/773/454 1284/783/455 656/782/453
f 650/773/454 656/782/453 649/781/452
f 651/784/456 1283/785/457 655/786/458
f 651/784/456 655/786/458 1284/783/455
f 651/784/456 1284/783/455 650/773/454
f 652/787/459 654/777/460 1283/785/457
f 652/787/459 1283/785/457 651/784/456
f 657/778/461 654/777/460 652/787/459
f 657/400/461 1270/788/462 654/251/460
f 658/771/463 1269/789/464 1270/788/462
f 658/771/463 1270/788/462 657/400/461
f 659/773/465 1268/790/466 1269/789/464
f 659/773/465 1269/789/464 658/771/463
f 660/776/467 1268/790/466 659/773/465
f 662/778/468 661/777/469 1268/790/466
f 662/778/468 1268/790/466 660/776/467
f 614/768/470 661/791/469 662/792/468
f 614/768/470 663/244/471 661/791/469
f 614/400/470 1257/793/472 663/251/471
f 615/771/473 1256/794/474 1257/793/472
f 615/771/473 1257/793/472 614/400/470
f 616/773/475 1255/795/476 1256/794/474
f 616/773/475 1256/794/474 615/771/473
f 617/776/477 1255/795/476 616/773/475
f 612/778/478 1212/777/479 1255/795/476
f 612/778/478 1255/795/476 617/776/477
f 664/779/480 1212/251/479 612/400/478
f 664/779/480 1217/780/481 1212/251/479
f 665/781/482 1216/796/483 1217/780/481
f 665/781/482 1217/780/481 664/779/480
f 613/773/484 671/783/485 1216/796/483
f 613/773/484 1216/796/483 665/781/482
f 666/784/486 670/797/487 1215/798/488
f 666/784/486 1215/798/488 671/783/485
f 666/784/486 671/783/485 613/773/484
f 667/787/489 669/777/490 670/797/487
f 667/787/489 670/797/487 666/784/486
f 668/778/491 669/777/490 667/787/489
f 611/771/492 669/251/490 668/400/491
f 611/771/492 1199/799/493 669/251/490
f 672/773/494 674/800/495 675/801/496
f 672/773/494 675/801/496 1199/799/493
f 672/773/494 1199/799/493 611/771/492
f 673/776/497 533/777/374 674/800/495
f 673/776/497 674/800/495 672/773/494
f 610/778/375 533/777/374 673/776/497
f 682/802/498 681/803/498 676/251/498
f 682/802/498 678/804/498 681/803/498
f 677/805/20 678/803/20 682/251/20
f 677/805/20 680/806/20 678/803/20
f 683/251/10 680/807/10 677/808/10
f 683/251/10 679/803/10 680/807/10
f 676/251/2 679/809/2 683/810/2
f 676/251/2 681/803/2 679/809/2
f 676/730/401 677/700/401 682/712/401
f 676/730/401 683/716/401 677/700/401
f 638/771/499 535/251/378 623/400/377
f 638/771/499 687/772/500 535/251/378
f 684/773/501 1146/774/502 686/775/503
f 684/773/501 686/775/503 687/772/500
f 684/773/501 687/772/500 638/771/499
f 685/776/504 689/777/505 1146/774/502
f 685/776/504 1146/774/502 684/773/501
f 634/778/506 689/777/505 685/776/504
f 635/811/507 689/812/505 634/813/506
f 635/811/507 1132/814/508 689/812/505
f 636/815/509 1131/816/510 1132/814/508
f 636/815/509 1132/814/508 635/811/507
f 637/817/511 1130/818/512 1131/816/510
f 637/817/511 1131/816/510 636/815/509
f 688/819/513 690/820/514 1130/818/512
f 688/819/513 1130/818/512 637/817/511
f 691/821/515 696/822/516 690/820/514
f 691/821/515 690/820/514 688/819/513
f 691/400/515 697/788/517 696/251/516
f 692/771/518 1119/823/519 697/788/517
f 692/771/518 697/788/517 691/400/515
f 693/773/520 1118/824/521 1119/823/519
f 693/773/520 1119/823/519 692/771/518
f 694/776/522 1118/824/521 693/773/520
f 695/778/523 1112/777/524 1118/824/521
f 695/778/523 1118/824/521 694/776/522
f 631/825/525 1112/244/524 695/768/523
f 631/825/525 698/826/526 1112/244/524
f 631/400/525 701/793/527 698/251/526
f 632/771/528 700/794/529 701/793/527
f 632/771/528 701/793/527 631/400/525
f 633/773/530 1100/795/531 700/794/529
f 633/773/530 700/794/529 632/771/528
f 699/776/532 1100/795/531 633/773/530
f 629/778/533 1096/777/534 1100/795/531
f 629/778/533 1100/795/531 699/776/532
f 702/827/535 1096/828/534 629/829/533
f 702/827/535 707/830/536 1096/828/534
f 630/831/537 1077/832/538 707/830/536
f 630/831/537 707/830/536 702/827/535
f 703/833/539 706/834/540 1077/832/538
f 703/833/539 1077/832/538 630/831/537
f 704/835/541 1076/836/542 706/834/540
f 704/835/541 706/834/540 703/833/539
f 705/837/543 709/838/544 1076/836/542
f 705/837/543 1076/836/542 704/835/541
f 627/771/545 709/251/544 705/400/543
f 627/771/545 1067/799/546 709/251/544
f 708/773/547 711/800/548 712/801/549
f 708/773/547 712/801/549 1067/799/546
f 708/773/547 1067/799/546 627/771/545
f 628/776/550 710/777/551 711/800/548
f 628/776/550 711/800/548 708/773/547
f 713/778/552 710/777/551 628/776/550
f 714/839/553 710/840/551 713/841/552
f 626/842/554 714/839/553 713/841/552
f 716/843/555 715/844/556 1127/845/557
f 719/846/558 1115/847/559 1110/848/560
f 753/849/401 717/850/561 718/851/562
f 723/852/401 718/851/562 719/846/558
f 723/852/401 753/849/401 718/851/562
f 724/853/401 719/846/558 1110/848/560
f 724/853/401 723/852/401 719/846/558
f 752/854/401 716/843/555 717/850/561
f 752/854/401 717/850/561 753/849/401
f 754/855/401 724/853/401 1110/848/560
f 722/856/401 715/844/556 716/843/555
f 722/856/401 716/843/555 752/854/401
f 755/857/401 754/855/401 1110/848/560
f 721/858/401 715/844/556 722/856/401
f 756/859/401 755/857/401 1110/848/560
f 751/860/401 715/844/556 721/858/401
f 438/861/401 715/844/556 751/860/401
f 1109/862/563 757/863/401 756/859/401
f 1109/862/563 756/859/401 1110/848/560
f 758/864/401 757/863/401 1109/862/563
f 725/865/401 758/864/401 1109/862/563
f 1160/866/564 735/867/401 437/868/401
f 1160/866/564 438/861/401 735/867/401
f 1160/866/564 715/844/556 438/861/401
f 1080/869/565 725/865/401 1109/862/563
f 1080/869/565 1109/862/563 1075/870/566
f 759/871/401 725/865/401 1080/869/565
f 436/872/401 1160/866/564 437/868/401
f 1081/873/567 759/871/401 1080/869/565
f 760/874/401 759/871/401 1081/873/567
f 435/875/401 1160/866/564 436/872/401
f 1082/876/568 760/874/401 1081/873/567
f 761/877/401 760/874/401 1082/876/568
f 734/878/401 1160/866/564 435/875/401
f 1083/879/569 761/877/401 1082/876/568
f 726/880/401 761/877/401 1083/879/569
f 434/881/401 1160/866/564 734/878/401
f 733/882/401 1160/866/564 434/881/401
f 1065/883/570 1083/879/569 720/884/571
f 1065/883/570 726/880/401 1083/879/569
f 1065/883/570 727/885/401 726/880/401
f 728/886/401 727/885/401 1065/883/570
f 429/887/401 728/886/401 1065/883/570
f 1047/888/572 430/889/401 429/887/401
f 1047/888/572 431/890/401 430/889/401
f 1047/888/572 729/891/401 431/890/401
f 1047/888/572 730/892/401 729/891/401
f 1047/888/572 731/893/401 730/892/401
f 1047/888/572 732/894/401 731/893/401
f 1047/888/572 432/895/401 732/894/401
f 1047/888/572 429/887/401 1065/883/570
f 1047/888/572 1160/866/564 433/896/401
f 433/896/401 1160/866/564 733/882/401
f 1047/888/572 433/896/401 432/895/401
f 728/418/2 222/399/195 736/897/573
f 727/898/574 736/897/573 737/899/575
f 727/898/574 728/418/2 736/897/573
f 726/900/576 737/899/575 738/901/577
f 726/900/576 727/898/574 737/899/575
f 761/902/578 738/901/577 739/903/579
f 761/902/578 726/900/576 738/901/577
f 760/904/580 739/903/579 740/905/581
f 760/904/580 761/902/578 739/903/579
f 759/906/582 740/905/581 741/907/583
f 759/906/582 760/904/580 740/905/581
f 725/908/584 741/907/583 972/909/585
f 725/908/584 759/906/582 741/907/583
f 758/910/586 972/909/585 742/911/587
f 758/910/586 725/908/584 972/909/585
f 757/912/588 742/911/587 743/913/589
f 757/912/588 758/910/586 742/911/587
f 756/914/498 743/913/589 744/915/590
f 756/914/498 757/912/588 743/913/589
f 755/916/591 756/914/498 744/915/590
f 754/917/592 744/915/590 745/918/593
f 754/917/592 745/918/593 746/919/594
f 754/917/592 755/916/591 744/915/590
f 724/920/595 746/919/594 747/921/596
f 724/920/595 754/917/592 746/919/594
f 723/922/597 724/920/595 747/921/596
f 753/923/598 747/921/596 973/924/599
f 753/923/598 723/922/597 747/921/596
f 752/925/600 753/923/598 973/924/599
f 752/925/600 973/924/599 748/926/601
f 752/925/600 748/926/601 749/927/602
f 722/928/603 752/925/600 749/927/602
f 721/929/604 722/928/603 749/927/602
f 721/929/604 749/927/602 974/930/605
f 751/931/20 721/929/604 974/930/605
f 751/931/20 974/930/605 750/932/281
f 780/933/401 978/934/606 979/935/607
f 804/936/401 977/937/608 978/934/606
f 804/936/401 978/934/606 780/933/401
f 781/938/401 979/935/607 773/939/609
f 781/938/401 780/933/401 979/935/607
f 803/940/401 772/941/610 977/937/608
f 803/940/401 977/937/608 804/936/401
f 782/942/401 773/939/609 980/943/611
f 782/942/401 781/938/401 773/939/609
f 779/944/401 771/945/612 772/941/610
f 779/944/401 772/941/610 803/940/401
f 805/946/401 980/943/611 981/947/613
f 805/946/401 782/942/401 980/943/611
f 778/948/401 771/945/612 779/944/401
f 778/948/401 225/949/287 771/945/612
f 783/950/401 805/946/401 981/947/613
f 783/950/401 981/947/613 982/951/614
f 417/952/401 234/953/288 225/949/287
f 417/952/401 225/949/287 778/948/401
f 806/954/401 783/950/401 982/951/614
f 806/954/401 982/951/614 774/955/615
f 416/956/401 234/953/288 417/952/401
f 770/957/278 234/953/288 416/956/401
f 784/958/404 806/954/401 774/955/615
f 784/958/404 774/955/615 983/959/616
f 415/960/401 770/957/278 416/956/401
f 769/961/273 770/957/278 415/960/401
f 785/962/404 784/958/404 983/959/616
f 785/962/404 983/959/616 984/963/617
f 414/964/401 769/961/273 415/960/401
f 233/965/268 769/961/273 414/964/401
f 807/966/401 984/963/617 985/967/618
f 807/966/401 785/962/404 984/963/617
f 413/968/401 233/965/268 414/964/401
f 775/969/619 807/966/401 985/967/618
f 775/969/619 786/970/401 807/966/401
f 768/971/263 233/965/268 413/968/401
f 768/971/263 413/968/401 412/972/401
f 411/973/401 768/971/263 412/972/401
f 986/974/620 787/975/401 786/970/401
f 986/974/620 786/970/401 775/969/619
f 767/976/254 768/971/263 411/973/401
f 796/977/401 767/976/254 411/973/401
f 776/978/621 808/979/401 787/975/401
f 776/978/621 787/975/401 986/974/620
f 232/980/253 767/976/254 796/977/401
f 795/981/401 232/980/253 796/977/401
f 777/982/622 808/979/401 776/978/621
f 777/982/622 809/983/401 808/979/401
f 231/984/248 795/981/401 794/985/401
f 231/984/248 232/980/253 795/981/401
f 230/986/243 794/985/401 793/987/401
f 230/986/243 231/984/248 794/985/401
f 762/988/202 408/989/401 809/983/401
f 762/988/202 809/983/401 777/982/622
f 766/990/234 793/987/401 792/991/401
f 766/990/234 230/986/243 793/987/401
f 763/992/201 788/993/401 408/989/401
f 763/992/201 408/989/401 762/988/202
f 229/994/233 792/991/401 791/995/401
f 229/994/233 766/990/234 792/991/401
f 226/996/208 409/997/401 788/993/401
f 226/996/208 788/993/401 763/992/201
f 227/998/213 409/997/401 226/996/208
f 227/998/213 410/999/401 409/997/401
f 765/1000/228 229/994/233 791/995/401
f 765/1000/228 791/995/401 790/1001/401
f 228/1002/218 410/999/401 227/998/213
f 228/1002/218 789/1003/401 410/999/401
f 764/1004/219 765/1000/228 790/1001/401
f 764/1004/219 789/1003/401 228/1002/218
f 764/1004/219 790/1001/401 789/1003/401
f 408/398/2 881/399/195 882/897/573
f 809/1005/623 882/897/573 883/899/575
f 809/1005/623 408/398/2 882/897/573
f 808/1006/576 883/899/575 884/901/624
f 808/1006/576 809/1005/623 883/899/575
f 787/1007/578 884/901/624 885/903/579
f 787/1007/578 808/1006/576 884/901/624
f 786/1008/580 885/903/579 886/905/625
f 786/1008/580 787/1007/578 885/903/579
f 807/1009/582 886/905/625 887/907/583
f 807/1009/582 786/1008/580 886/905/625
f 785/1010/584 887/907/583 888/909/585
f 785/1010/584 807/1009/582 887/907/583
f 784/1011/586 888/909/585 797/911/587
f 784/1011/586 785/1010/584 888/909/585
f 806/1012/588 797/911/587 798/913/589
f 806/1012/588 784/1011/586 797/911/587
f 783/1013/498 806/1012/588 798/913/589
f 805/1014/626 798/913/589 799/915/590
f 805/1014/626 799/915/590 889/918/593
f 805/1014/626 783/1013/498 798/913/589
f 782/1015/592 805/1014/626 889/918/593
f 781/1016/595 889/918/593 890/919/594
f 781/1016/595 890/919/594 891/921/627
f 781/1016/595 782/1015/592 889/918/593
f 780/1017/597 781/1016/595 891/921/627
f 804/1018/598 891/921/627 800/924/628
f 804/1018/598 800/924/628 892/926/601
f 804/1018/598 780/1017/597 891/921/627
f 803/1019/600 804/1018/598 892/926/601
f 803/1019/600 892/926/601 801/927/602
f 779/1020/603 803/1019/600 801/927/602
f 778/1021/604 779/1020/603 801/927/602
f 778/1021/604 801/927/602 893/930/605
f 417/1022/20 778/1021/604 893/930/605
f 417/1022/20 893/930/605 802/932/281
f 829/1023/404 897/1024/629 821/1025/609
f 297/1026/404 896/1027/606 897/1024/629
f 297/1026/404 897/1024/629 829/1023/404
f 828/1028/401 821/1025/609 822/1029/611
f 828/1028/401 829/1023/404 821/1025/609
f 830/1030/401 896/1027/606 297/1026/404
f 830/1030/401 820/1031/630 896/1027/606
f 296/1032/401 828/1028/401 822/1029/611
f 296/1032/401 822/1029/611 898/1033/613
f 298/1034/401 820/1031/630 830/1030/401
f 298/1034/401 819/1035/631 820/1031/630
f 827/1036/401 898/1033/613 899/1037/614
f 827/1036/401 296/1032/401 898/1033/613
f 299/1038/403 819/1035/631 298/1034/401
f 299/1038/403 818/1039/632 819/1035/631
f 295/1040/401 827/1036/401 899/1037/614
f 295/1040/401 899/1037/614 900/1041/633
f 955/1042/401 817/1043/354 818/1039/632
f 955/1042/401 818/1039/632 299/1038/403
f 294/1044/401 295/1040/401 900/1041/633
f 294/1044/401 900/1041/633 901/1045/616
f 831/1046/401 332/1047/288 817/1043/354
f 831/1046/401 817/1043/354 955/1042/401
f 293/1048/401 294/1044/401 901/1045/616
f 293/1048/401 901/1045/616 823/1049/617
f 832/1050/401 331/1051/278 332/1047/288
f 832/1050/401 332/1047/288 831/1046/401
f 292/1052/401 293/1048/401 823/1049/617
f 833/1053/401 816/1054/344 331/1051/278
f 833/1053/401 331/1051/278 832/1050/401
f 902/1055/634 292/1052/401 823/1049/617
f 291/1056/403 292/1052/401 902/1055/634
f 834/1057/401 816/1054/344 833/1053/401
f 834/1057/401 815/1058/341 816/1054/344
f 290/1059/403 291/1056/403 902/1055/634
f 835/1060/401 815/1058/341 834/1057/401
f 824/1061/635 290/1059/403 902/1055/634
f 330/1062/339 815/1058/341 835/1060/401
f 289/1063/401 290/1059/403 824/1061/635
f 825/1064/636 288/1065/401 289/1063/401
f 825/1064/636 289/1063/401 824/1061/635
f 814/1066/336 330/1062/339 835/1060/401
f 814/1066/336 835/1060/401 956/1067/401
f 903/1068/637 287/1069/401 288/1065/401
f 903/1068/637 288/1065/401 825/1064/636
f 813/1070/253 956/1067/401 836/1071/401
f 813/1070/253 814/1066/336 956/1067/401
f 826/1072/638 963/1073/401 287/1069/401
f 826/1072/638 287/1069/401 903/1068/637
f 329/1074/248 836/1071/401 837/1075/401
f 329/1074/248 813/1070/253 836/1071/401
f 322/1076/202 962/1077/401 963/1073/401
f 322/1076/202 963/1073/401 826/1072/638
f 328/1078/243 837/1075/401 838/1079/404
f 328/1078/243 329/1074/248 837/1075/401
f 323/1080/316 961/1081/401 962/1077/401
f 323/1080/316 962/1077/401 322/1076/202
f 327/1082/335 838/1079/404 957/1083/404
f 327/1082/335 328/1078/243 838/1079/404
f 324/1084/319 961/1081/401 323/1080/316
f 324/1084/319 960/1085/401 961/1081/401
f 812/1086/334 957/1083/404 839/1087/401
f 812/1086/334 327/1082/335 957/1083/404
f 325/1088/324 960/1085/401 324/1084/319
f 325/1088/324 959/1089/401 960/1085/401
f 326/1090/228 839/1087/401 840/1091/403
f 326/1090/228 812/1086/334 839/1087/401
f 810/1092/218 959/1089/401 325/1088/324
f 810/1092/218 958/1093/403 959/1089/401
f 811/1094/219 958/1093/403 810/1092/218
f 811/1094/219 326/1090/228 840/1091/403
f 811/1094/219 840/1091/403 958/1093/403
f 841/1095/604 857/251/20 964/1096/20
f 841/1095/604 852/252/604 857/251/20
f 965/1097/603 853/259/603 852/252/604
f 965/1097/603 852/252/604 841/1095/604
f 842/1098/600 858/263/600 853/259/603
f 842/1098/600 853/259/603 965/1097/603
f 966/1099/598 859/267/598 858/263/600
f 966/1099/598 858/263/600 842/1098/600
f 843/1100/597 860/271/597 859/267/598
f 843/1100/597 859/267/598 966/1099/598
f 844/1101/595 861/275/595 860/271/597
f 844/1101/595 860/271/597 843/1100/597
f 967/1102/592 854/279/592 861/275/595
f 967/1102/592 862/283/591 854/279/592
f 967/1102/592 861/275/595 844/1101/595
f 845/1103/591 862/283/591 967/1102/592
f 846/1104/498 863/287/498 862/283/591
f 846/1104/498 862/283/591 845/1103/591
f 847/1105/588 864/291/588 863/287/498
f 847/1105/588 865/295/586 864/291/588
f 847/1105/588 863/287/498 846/1104/498
f 968/1106/586 865/295/586 847/1105/588
f 969/1107/584 855/299/584 865/295/586
f 969/1107/584 865/295/586 968/1106/586
f 848/1108/582 856/303/582 855/299/584
f 848/1108/582 855/299/584 969/1107/584
f 970/1109/580 866/307/580 856/303/582
f 970/1109/580 867/311/578 866/307/580
f 970/1109/580 856/303/582 848/1108/582
f 849/1110/578 867/311/578 970/1109/580
f 850/1111/576 867/311/578 849/1110/578
f 850/1111/576 868/315/576 867/311/578
f 850/1111/576 869/319/623 868/315/576
f 851/1112/623 869/319/623 850/1111/576
f 385/344/2 869/319/623 851/1112/623
f 385/344/2 870/168/2 869/319/623
f 872/1113/401 873/1114/639 874/1115/401
f 856/1116/401 866/1117/401 867/1118/401
f 856/1116/401 867/1118/401 868/1119/401
f 879/1120/401 396/1121/640 878/1122/641
f 397/1123/401 875/1124/406 876/1125/404
f 397/1123/401 876/1125/404 877/1126/403
f 397/1123/401 877/1126/403 395/1127/403
f 397/1123/401 395/1127/403 396/1121/640
f 397/1123/401 396/1121/640 879/1120/401
f 865/1128/401 855/1129/640 856/1116/401
f 863/400/401 864/1130/642 865/1128/401
f 857/777/403 397/1123/401 398/1131/401
f 854/1132/404 862/1133/643 863/400/401
f 853/1134/411 857/777/403 852/1135/401
f 860/1136/401 853/1134/411 858/1137/401
f 860/1136/401 858/1137/401 859/1138/401
f 860/1136/401 861/1139/644 854/1132/404
f 860/1136/401 868/1119/401 869/1140/401
f 860/1136/401 869/1140/401 870/1141/401
f 860/1136/401 870/1141/401 871/1142/401
f 860/1136/401 871/1142/401 872/1113/401
f 860/1136/401 874/1115/401 391/1143/401
f 860/1136/401 391/1143/401 392/1144/401
f 860/1136/401 392/1144/401 393/1145/403
f 860/1136/401 393/1145/403 394/1146/401
f 860/1136/401 394/1146/401 875/1124/406
f 860/1136/401 872/1113/401 874/1115/401
f 860/1136/401 397/1123/401 857/777/403
f 860/1136/401 875/1124/406 397/1123/401
f 860/1136/401 857/777/403 853/1134/411
f 860/1136/401 856/1116/401 868/1119/401
f 860/1136/401 865/1128/401 856/1116/401
f 860/1136/401 863/400/401 865/1128/401
f 860/1136/401 854/1132/404 863/400/401
f 894/1147/313 882/200/573 881/203/195
f 322/120/202 826/1148/638 895/1149/203
f 904/1150/645 880/320/349 802/168/281
f 904/1150/645 802/168/281 893/170/605
f 905/1151/646 320/322/351 880/320/349
f 905/1151/646 880/320/349 904/1150/645
f 906/1152/647 320/322/351 905/1151/646
f 906/1152/647 321/324/353 320/322/351
f 906/1152/647 817/109/354 321/324/353
f 906/1152/647 818/1153/632 817/109/354
f 907/1154/648 904/1150/645 893/170/605
f 907/1154/648 893/170/605 801/172/602
f 908/1155/649 904/1150/645 907/1154/648
f 908/1155/649 905/1151/646 904/1150/645
f 909/1156/650 905/1151/646 908/1155/649
f 909/1156/650 819/1157/631 818/1153/632
f 909/1156/650 818/1153/632 906/1152/647
f 909/1156/650 906/1152/647 905/1151/646
f 910/1158/651 801/172/602 892/173/601
f 910/1158/651 907/1154/648 801/172/602
f 911/1159/652 907/1154/648 910/1158/651
f 911/1159/652 908/1155/649 907/1154/648
f 912/1160/653 909/1156/650 908/1155/649
f 912/1160/653 819/1157/631 909/1156/650
f 912/1160/653 820/1161/630 819/1157/631
f 912/1160/653 908/1155/649 911/1159/652
f 913/1162/654 892/173/601 800/176/628
f 913/1162/654 910/1158/651 892/173/601
f 914/1163/655 911/1159/652 910/1158/651
f 914/1163/655 910/1158/651 913/1162/654
f 915/1164/656 896/1165/606 820/1161/630
f 915/1164/656 912/1160/653 911/1159/652
f 915/1164/656 820/1161/630 912/1160/653
f 915/1164/656 911/1159/652 914/1163/655
f 916/1166/657 800/176/628 891/178/627
f 916/1166/657 914/1163/655 913/1162/654
f 916/1166/657 913/1162/654 800/176/628
f 917/1167/658 914/1163/655 916/1166/657
f 918/1168/659 897/1169/629 896/1165/606
f 918/1168/659 915/1164/656 914/1163/655
f 918/1168/659 896/1165/606 915/1164/656
f 918/1168/659 914/1163/655 917/1167/658
f 919/1170/660 891/178/627 890/180/594
f 919/1170/660 917/1167/658 916/1166/657
f 919/1170/660 916/1166/657 891/178/627
f 920/1171/661 917/1167/658 919/1170/660
f 921/1172/662 821/1173/609 897/1169/629
f 921/1172/662 918/1168/659 917/1167/658
f 921/1172/662 917/1167/658 920/1171/661
f 921/1172/662 897/1169/629 918/1168/659
f 922/1174/663 890/180/594 889/182/593
f 922/1174/663 919/1170/660 890/180/594
f 923/1175/664 919/1170/660 922/1174/663
f 923/1175/664 920/1171/661 919/1170/660
f 924/1176/665 822/1177/611 821/1173/609
f 924/1176/665 921/1172/662 920/1171/661
f 924/1176/665 920/1171/661 923/1175/664
f 924/1176/665 821/1173/609 921/1172/662
f 925/1178/666 889/182/593 799/184/590
f 925/1178/666 922/1174/663 889/182/593
f 925/1178/666 923/1175/664 922/1174/663
f 926/1179/667 923/1175/664 925/1178/666
f 927/1180/668 898/1181/613 822/1177/611
f 927/1180/668 822/1177/611 924/1176/665
f 927/1180/668 924/1176/665 923/1175/664
f 927/1180/668 923/1175/664 926/1179/667
f 928/1182/669 799/184/590 798/156/589
f 928/1182/669 925/1178/666 799/184/590
f 929/1183/670 926/1179/667 925/1178/666
f 929/1183/670 925/1178/666 928/1182/669
f 930/1184/671 899/1185/614 898/1181/613
f 930/1184/671 927/1180/668 926/1179/667
f 930/1184/671 898/1181/613 927/1180/668
f 930/1184/671 926/1179/667 929/1183/670
f 931/1186/672 798/156/589 797/186/587
f 931/1186/672 928/1182/669 798/156/589
f 932/1187/673 929/1183/670 928/1182/669
f 932/1187/673 930/1184/671 929/1183/670
f 932/1187/673 928/1182/669 931/1186/672
f 933/1188/674 900/1189/633 899/1185/614
f 933/1188/674 899/1185/614 930/1184/671
f 933/1188/674 930/1184/671 932/1187/673
f 934/1190/675 797/186/587 888/189/585
f 934/1190/675 931/1186/672 797/186/587
f 935/1191/676 932/1187/673 931/1186/672
f 935/1191/676 933/1188/674 932/1187/673
f 935/1191/676 931/1186/672 934/1190/675
f 936/1192/677 901/1193/616 900/1189/633
f 936/1192/677 900/1189/633 933/1188/674
f 936/1192/677 933/1188/674 935/1191/676
f 937/1194/678 888/189/585 887/190/583
f 937/1194/678 934/1190/675 888/189/585
f 938/1195/679 935/1191/676 934/1190/675
f 938/1195/679 936/1192/677 935/1191/676
f 938/1195/679 934/1190/675 937/1194/678
f 939/1196/680 901/1193/616 936/1192/677
f 939/1196/680 823/1197/617 901/1193/616
f 939/1196/680 902/1198/634 823/1197/617
f 939/1196/680 936/1192/677 938/1195/679
f 940/1199/681 887/190/583 886/193/625
f 940/1199/681 937/1194/678 887/190/583
f 941/1200/682 938/1195/679 937/1194/678
f 941/1200/682 937/1194/678 940/1199/681
f 942/1201/683 902/1198/634 939/1196/680
f 942/1201/683 939/1196/680 938/1195/679
f 942/1201/683 938/1195/679 941/1200/682
f 943/1202/684 886/193/625 885/195/579
f 943/1202/684 940/1199/681 886/193/625
f 944/1203/685 942/1201/683 941/1200/682
f 944/1203/685 941/1200/682 940/1199/681
f 944/1203/685 940/1199/681 943/1202/684
f 945/1204/686 942/1201/683 944/1203/685
f 945/1204/686 902/1198/634 942/1201/683
f 945/1204/686 824/1205/635 902/1198/634
f 946/1206/687 885/195/579 884/196/624
f 946/1206/687 943/1202/684 885/195/579
f 947/1207/688 943/1202/684 946/1206/687
f 947/1207/688 944/1203/685 943/1202/684
f 947/1207/688 945/1204/686 944/1203/685
f 948/1208/689 824/1205/635 945/1204/686
f 948/1208/689 945/1204/686 947/1207/688
f 948/1208/689 825/1209/636 824/1205/635
f 948/1208/689 903/1210/637 825/1209/636
f 949/1211/690 946/1206/687 884/196/624
f 949/1211/690 884/196/624 883/199/575
f 949/1211/690 947/1207/688 946/1206/687
f 950/1212/691 948/1208/689 947/1207/688
f 950/1212/691 947/1207/688 949/1211/690
f 951/1213/692 903/1210/637 948/1208/689
f 951/1213/692 948/1208/689 950/1212/691
f 951/1213/692 826/1148/638 903/1210/637
f 952/1214/693 949/1211/690 883/199/575
f 952/1214/693 883/199/575 882/200/573
f 952/1214/693 882/200/573 894/1147/313
f 953/1215/694 950/1212/691 949/1211/690
f 953/1215/694 949/1211/690 952/1214/693
f 953/1215/694 894/1147/313 333/1216/315
f 953/1215/694 952/1214/693 894/1147/313
f 954/1217/695 333/1216/315 895/1149/203
f 954/1217/695 951/1213/692 950/1212/691
f 954/1217/695 826/1148/638 951/1213/692
f 954/1217/695 953/1215/694 333/1216/315
f 954/1217/695 950/1212/691 953/1215/694
f 954/1217/695 895/1149/203 826/1148/638
f 963/1218/311 841/252/696 964/251/311
f 962/1219/696 965/259/697 841/252/696
f 962/1219/696 841/252/696 963/1218/311
f 961/1220/697 842/263/698 965/259/697
f 961/1220/697 965/259/697 962/1219/696
f 960/1221/698 966/267/699 842/263/698
f 960/1221/698 842/263/698 961/1220/697
f 959/1222/699 843/271/700 966/267/699
f 959/1222/699 966/267/699 960/1221/698
f 958/1223/700 844/275/701 843/271/700
f 958/1223/700 843/271/700 959/1222/699
f 840/1224/702 967/279/703 844/275/701
f 840/1224/702 844/275/701 958/1223/700
f 839/1225/703 845/283/704 967/279/703
f 839/1225/703 967/279/703 840/1224/702
f 957/1226/705 846/287/706 845/283/704
f 957/1226/705 845/283/704 839/1225/703
f 838/1227/706 847/291/707 846/287/706
f 838/1227/706 846/287/706 957/1226/705
f 837/1228/708 968/295/709 847/291/707
f 837/1228/708 847/291/707 838/1227/706
f 836/1229/710 968/295/709 837/1228/708
f 956/1230/711 969/299/712 968/295/709
f 956/1230/711 848/303/713 969/299/712
f 956/1230/711 968/295/709 836/1229/710
f 835/1231/713 970/307/714 848/303/713
f 835/1231/713 848/303/713 956/1230/711
f 834/1232/715 970/307/714 835/1231/713
f 833/1233/716 970/307/714 834/1232/715
f 833/1233/716 849/311/717 970/307/714
f 833/1233/716 850/315/718 849/311/717
f 832/1234/719 850/315/718 833/1233/716
f 831/1235/720 850/315/718 832/1234/719
f 831/1235/720 851/319/721 850/315/718
f 955/325/289 851/319/721 831/1235/720
f 955/325/289 385/168/289 851/319/721
f 235/1147/197 736/200/573 222/203/195
f 987/1150/645 971/320/282 750/168/281
f 987/1150/645 750/168/281 974/170/605
f 988/1151/722 223/322/284 971/320/282
f 988/1151/722 971/320/282 987/1150/645
f 989/1152/723 223/322/284 988/1151/722
f 989/1152/723 224/324/286 223/322/284
f 989/1152/723 225/109/287 224/324/286
f 989/1152/723 771/1153/612 225/109/287
f 990/1154/724 987/1150/645 974/170/605
f 990/1154/724 974/170/605 749/172/602
f 991/1155/725 987/1150/645 990/1154/724
f 991/1155/725 988/1151/722 987/1150/645
f 992/1156/726 988/1151/722 991/1155/725
f 992/1156/726 772/1157/610 771/1153/612
f 992/1156/726 771/1153/612 989/1152/723
f 992/1156/726 989/1152/723 988/1151/722
f 993/1158/651 749/172/602 748/173/601
f 993/1158/651 990/1154/724 749/172/602
f 994/1159/727 990/1154/724 993/1158/651
f 994/1159/727 991/1155/725 990/1154/724
f 995/1160/728 992/1156/726 991/1155/725
f 995/1160/728 772/1157/610 992/1156/726
f 995/1160/728 977/1161/608 772/1157/610
f 995/1160/728 978/1165/606 977/1161/608
f 995/1160/728 991/1155/725 994/1159/727
f 996/1162/729 748/173/601 973/176/599
f 996/1162/729 993/1158/651 748/173/601
f 997/1163/730 994/1159/727 993/1158/651
f 997/1163/730 993/1158/651 996/1162/729
f 998/1164/731 994/1159/727 997/1163/730
f 998/1164/731 978/1165/606 995/1160/728
f 998/1164/731 995/1160/728 994/1159/727
f 999/1166/732 973/176/599 747/178/596
f 999/1166/732 996/1162/729 973/176/599
f 1000/1167/733 996/1162/729 999/1166/732
f 1000/1167/733 997/1163/730 996/1162/729
f 1001/1168/734 979/1169/607 978/1165/606
f 1001/1168/734 978/1165/606 998/1164/731
f 1001/1168/734 998/1164/731 997/1163/730
f 1001/1168/734 997/1163/730 1000/1167/733
f 1002/1170/735 747/178/596 746/180/594
f 1002/1170/735 999/1166/732 747/178/596
f 1003/1171/661 1000/1167/733 999/1166/732
f 1003/1171/661 1001/1168/734 1000/1167/733
f 1003/1171/661 999/1166/732 1002/1170/735
f 1004/1172/662 773/1173/609 979/1169/607
f 1004/1172/662 980/1177/611 773/1173/609
f 1004/1172/662 1001/1168/734 1003/1171/661
f 1004/1172/662 979/1169/607 1001/1168/734
f 1005/1174/663 1002/1170/735 746/180/594
f 1005/1174/663 746/180/594 745/182/593
f 1006/1175/664 1003/1171/661 1002/1170/735
f 1006/1175/664 1002/1170/735 1005/1174/663
f 1007/1176/665 980/1177/611 1004/1172/662
f 1007/1176/665 1004/1172/662 1003/1171/661
f 1007/1176/665 1003/1171/661 1006/1175/664
f 1008/1178/666 745/182/593 744/184/590
f 1008/1178/666 1005/1174/663 745/182/593
f 1009/1179/667 1006/1175/664 1005/1174/663
f 1009/1179/667 1005/1174/663 1008/1178/666
f 1010/1180/736 981/1181/613 980/1177/611
f 1010/1180/736 1006/1175/664 1009/1179/667
f 1010/1180/736 980/1177/611 1007/1176/665
f 1010/1180/736 1007/1176/665 1006/1175/664
f 1011/1182/669 744/184/590 743/156/589
f 1011/1182/669 1008/1178/666 744/184/590
f 1011/1182/669 1009/1179/667 1008/1178/666
f 1012/1183/670 1009/1179/667 1011/1182/669
f 1013/1184/671 982/1185/614 981/1181/613
f 1013/1184/671 1010/1180/736 1009/1179/667
f 1013/1184/671 1009/1179/667 1012/1183/670
f 1013/1184/671 981/1181/613 1010/1180/736
f 1014/1186/672 743/156/589 742/186/587
f 1014/1186/672 1011/1182/669 743/156/589
f 1015/1187/673 1012/1183/670 1011/1182/669
f 1015/1187/673 1011/1182/669 1014/1186/672
f 1016/1188/674 774/1189/615 982/1185/614
f 1016/1188/674 982/1185/614 1013/1184/671
f 1016/1188/674 1013/1184/671 1012/1183/670
f 1016/1188/674 1012/1183/670 1015/1187/673
f 1017/1190/675 742/186/587 972/189/585
f 1017/1190/675 1014/1186/672 742/186/587
f 1017/1190/675 1015/1187/673 1014/1186/672
f 1018/1191/737 1015/1187/673 1017/1190/675
f 1019/1192/738 983/1193/616 774/1189/615
f 1019/1192/738 984/1197/617 983/1193/616
f 1019/1192/738 1016/1188/674 1015/1187/673
f 1019/1192/738 1015/1187/673 1018/1191/737
f 1019/1192/738 774/1189/615 1016/1188/674
f 1020/1194/678 972/189/585 741/190/583
f 1020/1194/678 1017/1190/675 972/189/585
f 1021/1195/739 1019/1192/738 1018/1191/737
f 1021/1195/739 1018/1191/737 1017/1190/675
f 1021/1195/739 1017/1190/675 1020/1194/678
f 1022/1196/740 984/1197/617 1019/1192/738
f 1022/1196/740 1019/1192/738 1021/1195/739
f 1023/1199/681 741/190/583 740/193/581
f 1023/1199/681 1020/1194/678 741/190/583
f 1024/1200/741 1021/1195/739 1020/1194/678
f 1024/1200/741 1020/1194/678 1023/1199/681
f 1025/1201/742 985/1198/618 984/1197/617
f 1025/1201/742 1022/1196/740 1021/1195/739
f 1025/1201/742 984/1197/617 1022/1196/740
f 1025/1201/742 1021/1195/739 1024/1200/741
f 1026/1202/743 1023/1199/681 740/193/581
f 1026/1202/743 740/193/581 739/195/579
f 1027/1203/685 1023/1199/681 1026/1202/743
f 1027/1203/685 1024/1200/741 1023/1199/681
f 1028/1204/744 1024/1200/741 1027/1203/685
f 1028/1204/744 775/1205/619 985/1198/618
f 1028/1204/744 985/1198/618 1025/1201/742
f 1028/1204/744 1025/1201/742 1024/1200/741
f 1029/1206/745 739/195/579 738/196/577
f 1029/1206/745 1026/1202/743 739/195/579
f 1029/1206/745 1027/1203/685 1026/1202/743
f 1030/1207/688 1027/1203/685 1029/1206/745
f 1031/1208/689 1027/1203/685 1030/1207/688
f 1031/1208/689 775/1205/619 1028/1204/744
f 1031/1208/689 1028/1204/744 1027/1203/685
f 1031/1208/689 986/1209/620 775/1205/619
f 1032/1211/746 738/196/577 737/199/575
f 1032/1211/746 1029/1206/745 738/196/577
f 1033/1212/691 1030/1207/688 1029/1206/745
f 1033/1212/691 1029/1206/745 1032/1211/746
f 1034/1213/747 1031/1208/689 1030/1207/688
f 1034/1213/747 986/1209/620 1031/1208/689
f 1034/1213/747 1030/1207/688 1033/1212/691
f 1034/1213/747 776/1210/621 986/1209/620
f 1035/1214/693 737/199/575 736/200/573
f 1035/1214/693 1032/1211/746 737/199/575
f 1035/1214/693 1033/1212/691 1032/1211/746
f 1035/1214/693 736/200/573 235/1147/197
f 1036/1215/748 235/1147/197 975/1216/199
f 1036/1215/748 1035/1214/693 235/1147/197
f 1036/1215/748 975/1216/199 976/1149/203
f 1036/1215/748 1033/1212/691 1035/1214/693
f 1037/1217/749 1033/1212/691 1036/1215/748
f 1037/1217/749 1034/1213/747 1033/1212/691
f 1037/1217/749 976/1149/203 762/120/202
f 1037/1217/749 776/1210/621 1034/1213/747
f 1037/1217/749 1036/1215/748 976/1149/203
f 1037/1217/749 777/1148/622 776/1210/621
f 1037/1217/749 762/120/202 777/1148/622
f 1039/1236/750 1046/1237/751 1038/1238/752
f 1177/1239/753 1046/1237/751 1039/1236/750
f 1174/1240/754 1039/1241/754 624/1242/754
f 1039/1241/754 1038/1243/754 624/1242/754
f 1160/1244/564 1047/1245/572 1041/1246/755
f 1161/1247/756 1041/1246/755 1048/1248/757
f 1161/1247/756 1160/1244/564 1041/1246/755
f 1040/1249/758 1048/1248/757 1046/1250/751
f 1040/1249/758 1161/1247/756 1048/1248/757
f 1177/1251/753 1040/1249/758 1046/1250/751
f 1181/1252/759 1349/1253/419 1042/1254/760
f 607/1255/415 1349/1253/419 1181/1252/759
f 1192/400/384 1042/777/760 537/251/390
f 1181/778/759 1042/777/760 1192/400/384
f 1043/1256/761 714/1257/553 626/1258/554
f 1043/1256/761 626/1258/554 625/1259/762
f 1045/1260/763 625/1259/762 624/1261/764
f 1045/1260/763 1043/1256/761 625/1259/762
f 1044/1262/765 624/1261/764 1038/1263/752
f 1044/1262/765 1045/1260/763 624/1261/764
f 1046/1264/751 1044/1262/765 1038/1263/752
f 1061/1265/766 1043/1266/761 1045/1267/763
f 714/287/553 1043/1266/761 1061/1265/766
f 1049/1268/767 1048/1269/757 1041/1270/755
f 1049/1268/767 1046/1271/751 1048/1269/757
f 1050/1272/768 1041/1270/755 1047/1273/572
f 1050/1272/768 1049/1268/767 1041/1270/755
f 1050/1272/768 1046/1271/751 1049/1268/767
f 1051/1274/769 1050/1272/768 1047/1273/572
f 1052/1275/770 1051/1274/769 1047/1273/572
f 1053/1276/771 1047/1277/572 1063/1278/772
f 1053/1276/771 1052/1275/770 1047/1277/572
f 1054/1279/773 1044/1280/765 1046/1271/751
f 1054/1279/773 1046/1271/751 1050/1272/768
f 1054/1279/773 1051/1274/769 1052/1275/770
f 1054/1279/773 1050/1272/768 1051/1274/769
f 1055/1281/774 1052/1275/770 1053/1276/771
f 1055/1281/774 1044/1280/765 1054/1279/773
f 1055/1281/774 1054/1279/773 1052/1275/770
f 1056/1282/775 1063/1278/772 1062/1283/776
f 1056/1282/775 1053/1276/771 1063/1278/772
f 1056/1282/775 1055/1281/774 1053/1276/771
f 1057/1284/777 1045/1267/763 1044/1280/765
f 1057/1284/777 1044/1280/765 1055/1281/774
f 1057/1284/777 1055/1281/774 1056/1282/775
f 1058/1285/778 1062/1283/776 1061/1265/766
f 1058/1285/778 1056/1282/775 1062/1283/776
f 1058/1285/778 1061/1265/766 1045/1267/763
f 1058/1285/778 1045/1267/763 1057/1284/777
f 1058/1285/778 1057/1284/777 1056/1282/775
f 1059/1286/779 710/1287/551 714/1288/553
f 1059/1286/779 714/1288/553 1061/1289/766
f 1064/1290/780 1061/1289/766 1062/1291/776
f 1064/1290/780 1059/1286/779 1061/1289/766
f 1060/1292/781 1062/1291/776 1063/1293/772
f 1060/1292/781 1064/1290/780 1062/1291/776
f 1065/1294/570 1063/1293/772 1047/1295/572
f 1065/1294/570 1060/1292/781 1063/1293/772
f 1068/1296/782 1064/1297/780 1060/1298/781
f 1068/1296/782 1060/1298/781 1065/251/570
f 1068/1296/782 1065/251/570 720/1299/571
f 1068/1296/782 1066/1300/783 1079/1301/784
f 1068/1296/782 720/1299/571 1066/1300/783
f 1069/1302/785 1064/1297/780 1068/1296/782
f 1069/1302/785 1068/1296/782 1079/1301/784
f 1070/1303/786 1059/1304/779 1064/1297/780
f 1070/1303/786 1064/1297/780 1069/1302/785
f 1071/1305/787 710/400/551 1059/1304/779
f 1071/1305/787 711/1306/548 710/400/551
f 1071/1305/787 712/1307/549 711/1306/548
f 1071/1305/787 1070/1303/786 712/1307/549
f 1071/1305/787 1059/1304/779 1070/1303/786
f 1072/1308/788 1079/1301/784 1078/1309/789
f 1072/1308/788 1069/1302/785 1079/1301/784
f 1072/1308/788 1070/1303/786 1069/1302/785
f 1072/1308/788 712/1307/549 1070/1303/786
f 1073/1310/790 1078/1309/789 709/1311/544
f 1073/1310/790 1067/1312/546 712/1307/549
f 1073/1310/790 709/1311/544 1067/1312/546
f 1073/1310/790 712/1307/549 1072/1308/788
f 1073/1310/790 1072/1308/788 1078/1309/789
f 1083/1313/569 1066/1314/783 720/1315/571
f 1096/1316/534 707/1317/536 1097/1318/791
f 1084/1319/792 1079/1320/784 1066/1314/783
f 1084/1319/792 1066/1314/783 1083/1313/569
f 1085/1321/793 1078/1322/789 1079/1320/784
f 1085/1321/793 1079/1320/784 1084/1319/792
f 1086/1323/794 1076/1324/542 709/1325/544
f 1086/1323/794 709/1325/544 1078/1322/789
f 1086/1323/794 1078/1322/789 1085/1321/793
f 1087/1326/795 1083/1313/569 1082/1327/568
f 1087/1326/795 1084/1319/792 1083/1313/569
f 1088/1328/796 1084/1319/792 1087/1326/795
f 1088/1328/796 1085/1321/793 1084/1319/792
f 1089/1329/797 706/1330/540 1076/1324/542
f 1089/1329/797 1086/1323/794 1085/1321/793
f 1089/1329/797 1076/1324/542 1086/1323/794
f 1089/1329/797 1085/1321/793 1088/1328/796
f 1090/1331/798 1082/1327/568 1081/1332/567
f 1090/1331/798 1087/1326/795 1082/1327/568
f 1091/1333/799 1087/1326/795 1090/1331/798
f 1091/1333/799 1088/1328/796 1087/1326/795
f 1092/1334/800 1077/1335/538 706/1330/540
f 1092/1334/800 706/1330/540 1089/1329/797
f 1092/1334/800 1088/1328/796 1091/1333/799
f 1092/1334/800 1089/1329/797 1088/1328/796
f 1093/1336/801 1075/1337/566 1098/1338/802
f 1093/1336/801 1080/1339/565 1075/1337/566
f 1093/1336/801 1081/1332/567 1080/1339/565
f 1093/1336/801 1090/1331/798 1081/1332/567
f 1094/1340/803 1098/1338/802 1074/1341/804
f 1094/1340/803 1091/1333/799 1090/1331/798
f 1094/1340/803 1093/1336/801 1098/1338/802
f 1094/1340/803 1090/1331/798 1093/1336/801
f 1094/1340/803 1092/1334/800 1091/1333/799
f 1095/1342/805 1074/1341/804 1097/1318/791
f 1095/1342/805 707/1317/536 1077/1335/538
f 1095/1342/805 1077/1335/538 1092/1334/800
f 1095/1342/805 1097/1318/791 707/1317/536
f 1095/1342/805 1094/1340/803 1074/1341/804
f 1095/1342/805 1092/1334/800 1094/1340/803
f 1101/1343/806 1074/1344/804 1098/1345/802
f 1101/1343/806 1098/1345/802 1075/251/566
f 1101/1343/806 1075/251/566 1109/1346/563
f 1101/1343/806 1108/1347/807 1099/1348/808
f 1101/1343/806 1109/1346/563 1108/1347/807
f 1102/1349/809 1074/1344/804 1101/1343/806
f 1102/1349/809 1101/1343/806 1099/1348/808
f 1103/1350/810 1097/1351/791 1074/1344/804
f 1103/1350/810 1074/1344/804 1102/1349/809
f 1104/1352/811 1096/400/534 1097/1351/791
f 1104/1352/811 1100/1353/531 1096/400/534
f 1104/1352/811 700/1354/529 1100/1353/531
f 1104/1352/811 1103/1350/810 700/1354/529
f 1104/1352/811 1097/1351/791 1103/1350/810
f 1105/1355/812 1099/1348/808 1107/1356/813
f 1105/1355/812 1102/1349/809 1099/1348/808
f 1105/1355/812 1103/1350/810 1102/1349/809
f 1105/1355/812 700/1354/529 1103/1350/810
f 1106/1357/814 1107/1356/813 698/1358/526
f 1106/1357/814 701/1359/527 700/1354/529
f 1106/1357/814 698/1358/526 701/1359/527
f 1106/1357/814 700/1354/529 1105/1355/812
f 1106/1357/814 1105/1355/812 1107/1356/813
f 1112/1360/524 698/1361/526 1107/1362/813
f 1113/1363/815 1107/1362/813 1099/1364/808
f 1113/1363/815 1112/1360/524 1107/1362/813
f 1114/1365/816 1099/1364/808 1108/1366/807
f 1114/1365/816 1113/1363/815 1099/1364/808
f 1111/1367/817 1108/1366/807 1109/1368/563
f 1111/1367/817 1114/1365/816 1108/1366/807
f 1110/1369/560 1111/1367/817 1109/1368/563
f 1120/1343/818 1114/1344/816 1111/1345/817
f 1120/1343/818 1111/1345/817 1110/251/560
f 1120/1343/818 1110/251/560 1115/1346/559
f 1120/1343/818 1117/1347/819 1126/1348/820
f 1120/1343/818 1115/1346/559 1117/1347/819
f 1121/1349/821 1114/1344/816 1120/1343/818
f 1121/1349/821 1120/1343/818 1126/1348/820
f 1122/1350/822 1113/1351/815 1114/1344/816
f 1122/1350/822 1114/1344/816 1121/1349/821
f 1123/1352/823 1112/400/524 1113/1351/815
f 1123/1352/823 1118/1353/521 1112/400/524
f 1123/1352/823 1119/1354/519 1118/1353/521
f 1123/1352/823 1122/1350/822 1119/1354/519
f 1123/1352/823 1113/1351/815 1122/1350/822
f 1124/1355/824 1126/1348/820 1116/1356/825
f 1124/1355/824 1121/1349/821 1126/1348/820
f 1124/1355/824 1122/1350/822 1121/1349/821
f 1124/1355/824 1119/1354/519 1122/1350/822
f 1125/1357/826 1116/1356/825 696/1358/516
f 1125/1357/826 697/1359/517 1119/1354/519
f 1125/1357/826 696/1358/516 697/1359/517
f 1125/1357/826 1119/1354/519 1124/1355/824
f 1125/1357/826 1124/1355/824 1116/1356/825
f 690/1370/514 696/1371/516 1116/1372/825
f 1129/1373/827 716/1374/555 1127/1375/557
f 1133/1376/828 1117/1377/819 1115/1378/559
f 1133/1376/828 1115/1378/559 719/1379/558
f 1134/1380/829 1126/1381/820 1117/1377/819
f 1134/1380/829 1117/1377/819 1133/1376/828
f 1135/1382/830 1116/1372/825 1126/1381/820
f 1135/1382/830 690/1370/514 1116/1372/825
f 1135/1382/830 1126/1381/820 1134/1380/829
f 1136/1383/831 719/1379/558 718/1384/562
f 1136/1383/831 1133/1376/828 719/1379/558
f 1137/1385/832 1133/1376/828 1136/1383/831
f 1137/1385/832 1134/1380/829 1133/1376/828
f 1138/1386/833 1130/1387/512 690/1370/514
f 1138/1386/833 690/1370/514 1135/1382/830
f 1138/1386/833 1135/1382/830 1134/1380/829
f 1138/1386/833 1134/1380/829 1137/1385/832
f 1139/1388/834 718/1384/562 717/1389/561
f 1139/1388/834 1136/1383/831 718/1384/562
f 1140/1390/835 1136/1383/831 1139/1388/834
f 1140/1390/835 1137/1385/832 1136/1383/831
f 1141/1391/836 1131/1392/510 1130/1387/512
f 1141/1391/836 1137/1385/832 1140/1390/835
f 1141/1391/836 1138/1386/833 1137/1385/832
f 1141/1391/836 1130/1387/512 1138/1386/833
f 1142/1393/837 717/1389/561 716/1374/555
f 1142/1393/837 1129/1373/827 1145/1394/838
f 1142/1393/837 1139/1388/834 717/1389/561
f 1142/1393/837 716/1374/555 1129/1373/827
f 1143/1395/839 1145/1394/838 1128/1396/840
f 1143/1395/839 1140/1390/835 1139/1388/834
f 1143/1395/839 1142/1393/837 1145/1394/838
f 1143/1395/839 1141/1391/836 1140/1390/835
f 1143/1395/839 1139/1388/834 1142/1393/837
f 1144/1397/841 1128/1396/840 689/1398/505
f 1144/1397/841 1132/1399/508 1131/1392/510
f 1144/1397/841 689/1398/505 1132/1399/508
f 1144/1397/841 1131/1392/510 1141/1391/836
f 1144/1397/841 1141/1391/836 1143/1395/839
f 1144/1397/841 1143/1395/839 1128/1396/840
f 1147/1400/842 1145/1344/838 1129/1345/827
f 1147/1400/842 1129/1345/827 1127/251/557
f 1147/1400/842 1127/251/557 715/1401/556
f 1147/1400/842 1155/1300/843 1154/1301/844
f 1147/1400/842 715/1401/556 1155/1300/843
f 1148/1402/845 1145/1344/838 1147/1400/842
f 1148/1402/845 1147/1400/842 1154/1301/844
f 1149/1403/846 1128/1351/840 1145/1344/838
f 1149/1403/846 1145/1344/838 1148/1402/845
f 1150/1305/847 689/400/505 1128/1351/840
f 1150/1305/847 1146/1306/502 689/400/505
f 1150/1305/847 686/1307/503 1146/1306/502
f 1150/1305/847 1149/1403/846 686/1307/503
f 1150/1305/847 1128/1351/840 1149/1403/846
f 1151/1308/848 1154/1301/844 1153/1309/849
f 1151/1308/848 1148/1402/845 1154/1301/844
f 1151/1308/848 686/1307/503 1149/1403/846
f 1151/1308/848 1149/1403/846 1148/1402/845
f 1152/1310/850 1153/1309/849 535/1311/378
f 1152/1310/850 687/1312/500 686/1307/503
f 1152/1310/850 535/1311/378 687/1312/500
f 1152/1310/850 686/1307/503 1151/1308/848
f 1152/1310/850 1151/1308/848 1153/1309/849
f 1157/1404/851 535/1405/378 1153/1406/849
f 1157/1404/851 1156/1407/379 535/1405/378
f 1158/1408/852 1153/1406/849 1154/1409/844
f 1158/1408/852 1157/1404/851 1153/1406/849
f 1159/1410/853 1154/1409/844 1155/1411/843
f 1159/1410/853 1158/1408/852 1154/1409/844
f 1160/1412/564 1155/1411/843 715/1413/556
f 1160/1412/564 1159/1410/853 1155/1411/843
f 1175/1414/854 1157/1265/851 1162/1415/855
f 1156/287/379 1157/1265/851 1175/1414/854
f 1163/1416/856 1159/1278/853 1160/1277/564
f 1164/1417/857 1163/1416/856 1160/1277/564
f 1165/1418/858 1158/1283/852 1159/1278/853
f 1165/1418/858 1159/1278/853 1163/1416/856
f 1166/1419/859 1164/1417/857 1160/1277/564
f 1167/1420/860 1163/1416/856 1164/1417/857
f 1167/1420/860 1165/1418/858 1163/1416/856
f 1168/1421/861 1157/1265/851 1158/1283/852
f 1168/1421/861 1158/1283/852 1165/1418/858
f 1168/1421/861 1162/1415/855 1157/1265/851
f 1169/1422/862 1160/1423/564 1161/1424/756
f 1169/1422/862 1166/1419/859 1160/1423/564
f 1170/1425/863 1177/1426/753 1176/1427/864
f 1170/1425/863 1167/1420/860 1164/1417/857
f 1170/1425/863 1164/1417/857 1166/1419/859
f 1170/1425/863 1176/1427/864 1167/1420/860
f 1170/1425/863 1169/1422/862 1177/1426/753
f 1170/1425/863 1166/1419/859 1169/1422/862
f 1171/1428/865 1176/1427/864 1162/1415/855
f 1171/1428/865 1165/1418/858 1167/1420/860
f 1171/1428/865 1167/1420/860 1176/1427/864
f 1171/1428/865 1168/1421/861 1165/1418/858
f 1171/1428/865 1162/1415/855 1168/1421/861
f 1172/1429/866 1040/1430/758 1177/1426/753
f 1172/1429/866 1161/1424/756 1040/1430/758
f 1172/1429/866 1169/1422/862 1161/1424/756
f 1172/1429/866 1177/1426/753 1169/1422/862
f 1176/1431/864 1177/1432/753 1039/1433/750
f 1176/1431/864 1039/1433/750 1174/1434/867
f 1162/1435/855 1174/1434/867 1173/1436/868
f 1162/1435/855 1176/1431/864 1174/1434/867
f 1175/1437/854 1162/1435/855 1173/1436/868
f 536/1438/380 1175/1437/854 1173/1436/868
f 1156/1439/379 1175/1437/854 536/1438/380
f 608/1440/869 607/1441/415 1181/1442/759
f 608/1440/869 1181/1442/759 1180/1443/870
f 609/1444/871 608/1440/869 1180/1443/870
f 1178/1445/872 1180/1443/870 534/1446/373
f 1178/1445/872 609/1444/871 1180/1443/870
f 1179/1447/376 1178/1445/872 534/1446/373
f 534/287/373 1180/1267/870 1182/1448/873
f 1183/1449/874 1181/1450/759 1192/1451/384
f 1184/1452/875 1183/1449/874 1192/1451/384
f 1185/1453/876 1184/1452/875 1192/1451/384
f 1186/1454/877 1185/1453/876 1192/1455/384
f 1187/1456/878 1180/1267/878 1181/1450/878
f 1187/1456/879 1184/1452/875 1185/1453/876
f 1187/1456/879 1181/1450/759 1183/1449/874
f 1187/1456/879 1183/1449/874 1184/1452/875
f 1188/1457/880 1187/1456/879 1185/1453/876
f 1188/1457/880 1185/1453/876 1186/1454/877
f 1189/1458/881 1192/1455/384 1182/1448/873
f 1189/1458/881 1186/1454/882 1192/1455/384
f 1189/1458/883 1188/1457/880 1186/1454/877
f 1190/1459/884 1180/1267/870 1187/1456/879
f 1190/1459/884 1187/1456/879 1188/1457/880
f 1190/1459/884 1188/1457/880 1189/1458/883
f 1191/1460/885 1189/1458/883 1182/1448/886
f 1191/1460/885 1182/1448/873 1180/1267/870
f 1191/1460/885 1180/1267/870 1190/1459/884
f 1191/1460/885 1190/1459/884 1189/1458/883
f 1194/1461/887 534/1462/373 1182/1463/873
f 1194/1461/887 533/1464/374 534/1462/373
f 1196/1465/888 1194/1461/887 1182/1463/873
f 1195/1466/889 1182/1463/873 1192/1467/384
f 1195/1466/889 1196/1465/888 1182/1463/873
f 1193/1468/383 1195/1466/889 1192/1467/384
f 1200/1469/890 1196/1344/888 1195/1345/889
f 1200/1469/890 1195/1345/889 1193/251/383
f 1200/1469/890 1193/251/383 542/1470/382
f 1200/1469/890 1198/1471/891 1197/1472/892
f 1200/1469/890 542/1470/382 1198/1471/891
f 1201/1473/893 1196/1344/888 1200/1469/890
f 1201/1473/893 1200/1469/890 1197/1472/892
f 1202/1403/894 1194/1351/887 1196/1344/888
f 1202/1403/894 1196/1344/888 1201/1473/893
f 1203/1305/895 533/400/374 1194/1351/887
f 1203/1305/895 674/1306/495 533/400/374
f 1203/1305/895 675/1307/496 674/1306/495
f 1203/1305/895 1202/1403/894 675/1307/496
f 1203/1305/895 1194/1351/887 1202/1403/894
f 1204/1474/896 1197/1472/892 1206/1475/897
f 1204/1474/896 1201/1473/893 1197/1472/892
f 1204/1474/896 1202/1403/894 1201/1473/893
f 1204/1474/896 675/1307/496 1202/1403/894
f 1205/1476/898 1206/1475/897 669/1477/490
f 1205/1476/898 1199/1312/493 675/1307/496
f 1205/1476/898 669/1477/490 1199/1312/493
f 1205/1476/898 675/1307/496 1204/1474/896
f 1205/1476/898 1204/1474/896 1206/1475/897
f 1218/1478/899 1198/1479/891 542/251/382
f 1218/1478/899 542/251/382 1211/1480/381
f 1219/1481/900 1218/1478/899 1211/1480/381
f 1220/1482/901 1207/1483/389 541/1484/388
f 1220/1482/901 541/1484/388 1214/1485/902
f 1220/1482/901 1221/1486/903 1207/1483/389
f 1222/1487/904 1197/1488/892 1198/1479/891
f 1222/1487/904 1198/1479/891 1218/1478/899
f 1223/1489/905 669/400/490 1206/1351/897
f 1223/1489/905 1206/1351/897 1197/1488/892
f 1223/1489/905 670/1490/487 669/400/490
f 1223/1489/905 1197/1488/892 1222/1487/904
f 1223/1489/905 1222/1487/904 1218/1478/899
f 1224/1491/906 670/1490/487 1223/1489/905
f 1224/1491/906 1219/1481/900 670/1490/487
f 1224/1491/906 1218/1478/899 1219/1481/900
f 1224/1491/906 1223/1489/905 1218/1478/899
f 1225/1492/907 1219/1481/900 1211/1480/381
f 1226/1493/908 1215/1494/488 670/1490/487
f 1226/1493/908 670/1490/487 1219/1481/900
f 1226/1493/908 1219/1481/900 1225/1492/907
f 1226/1493/908 1225/1492/907 1227/1495/909
f 1228/1496/910 1211/1480/381 1210/1497/385
f 1228/1496/910 1210/1497/385 1229/1498/911
f 1228/1496/910 1225/1492/907 1211/1480/381
f 1228/1496/910 1227/1495/909 1225/1492/907
f 1230/1499/912 1229/1498/911 1215/1494/488
f 1230/1499/912 1215/1494/488 1226/1493/908
f 1230/1499/912 1226/1493/908 1227/1495/909
f 1230/1499/912 1228/1496/910 1229/1498/911
f 1230/1499/912 1227/1495/909 1228/1496/910
f 1231/1500/913 1229/1498/911 1210/1497/385
f 1232/1501/914 671/1502/485 1215/1494/488
f 1232/1501/914 1215/1494/488 1229/1498/911
f 1232/1501/914 1229/1498/911 1231/1500/913
f 1232/1501/914 1231/1500/913 1233/1503/915
f 1234/1504/916 1210/1497/385 1209/1505/386
f 1234/1504/916 1209/1505/386 1235/1506/917
f 1234/1504/916 1231/1500/913 1210/1497/385
f 1234/1504/916 1233/1503/915 1231/1500/913
f 1236/1507/918 671/1502/485 1232/1501/914
f 1236/1507/918 1235/1506/917 671/1502/485
f 1236/1507/918 1232/1501/914 1233/1503/915
f 1236/1507/918 1234/1504/916 1235/1506/917
f 1236/1507/918 1233/1503/915 1234/1504/916
f 1237/1508/919 1235/1506/917 1209/1505/386
f 1238/1509/920 1237/1508/919 1239/1510/921
f 1238/1509/920 1235/1506/917 1237/1508/919
f 1238/1509/920 1216/1511/483 671/1502/485
f 1238/1509/920 671/1502/485 1235/1506/917
f 1240/1512/922 1239/1510/921 1237/1508/919
f 1240/1512/922 1209/1505/386 1208/1513/393
f 1240/1512/922 1208/1513/393 1241/1514/923
f 1240/1512/922 1237/1508/919 1209/1505/386
f 1242/1515/924 1239/1510/921 1240/1512/922
f 1242/1515/924 1216/1511/483 1238/1509/920
f 1242/1515/924 1240/1512/922 1241/1514/923
f 1242/1515/924 1241/1514/923 1216/1511/483
f 1242/1515/924 1238/1509/920 1239/1510/921
f 1243/1516/925 1241/1514/923 1208/1513/393
f 1244/1517/926 1241/1514/923 1243/1516/925
f 1244/1517/926 1243/1516/925 1245/1518/927
f 1244/1517/926 1217/1519/481 1216/1511/483
f 1244/1517/926 1216/1511/483 1241/1514/923
f 1246/1520/928 1208/1513/393 1207/1483/389
f 1246/1520/928 1245/1518/927 1243/1516/925
f 1246/1520/928 1243/1516/925 1208/1513/393
f 1246/1520/928 1207/1483/389 1221/1486/903
f 1247/1521/929 1244/1517/926 1245/1518/927
f 1247/1521/929 1217/1519/481 1244/1517/926
f 1247/1521/929 1245/1518/927 1246/1520/928
f 1247/1521/929 1246/1520/928 1221/1486/903
f 1247/1521/929 1221/1486/903 1217/1519/481
f 1248/1522/930 1212/1523/479 1217/1519/481
f 1248/1522/930 1217/1519/481 1221/1486/903
f 1248/1522/930 1221/1486/903 1220/1482/901
f 1249/1524/931 1214/1485/902 1213/1525/932
f 1249/1524/931 1220/1482/901 1214/1485/902
f 1250/1526/933 1251/1527/934 1212/1523/479
f 1250/1526/933 1213/1525/932 1251/1527/934
f 1250/1526/933 1248/1522/930 1220/1482/901
f 1250/1526/933 1220/1482/901 1249/1524/931
f 1250/1526/933 1249/1524/931 1213/1525/932
f 1250/1526/933 1212/1523/479 1248/1522/930
f 1258/1343/935 1213/1528/932 1214/1345/902
f 1258/1343/935 1214/1345/902 541/251/388
f 1258/1343/935 541/251/388 1252/1346/387
f 1258/1343/935 1254/1347/936 1253/1348/937
f 1258/1343/935 1252/1346/387 1254/1347/936
f 1259/1349/938 1213/1528/932 1258/1343/935
f 1259/1349/938 1258/1343/935 1253/1348/937
f 1260/1350/939 1251/1529/934 1213/1528/932
f 1260/1350/939 1213/1528/932 1259/1349/938
f 1261/1530/940 1212/400/479 1251/1529/934
f 1261/1530/940 1255/1353/476 1212/400/479
f 1261/1530/940 1256/1354/474 1255/1353/476
f 1261/1530/940 1260/1350/939 1256/1354/474
f 1261/1530/940 1251/1529/934 1260/1350/939
f 1262/1355/941 1253/1348/937 1264/1356/942
f 1262/1355/941 1259/1349/938 1253/1348/937
f 1262/1355/941 1256/1354/474 1260/1350/939
f 1262/1355/941 1260/1350/939 1259/1349/938
f 1263/1357/943 1264/1356/942 663/1358/471
f 1263/1357/943 1257/1359/472 1256/1354/474
f 1263/1357/943 663/1358/471 1257/1359/472
f 1263/1357/943 1256/1354/474 1262/1355/941
f 1263/1357/943 1262/1355/941 1264/1356/942
f 661/1531/469 663/1532/471 1264/1533/942
f 1265/1534/944 1264/1533/942 1253/1535/937
f 1265/1534/944 661/1531/469 1264/1533/942
f 1266/1536/945 1253/1535/937 1254/1537/936
f 1266/1536/945 1265/1534/944 1253/1535/937
f 1267/1538/946 1254/1537/936 1252/1539/387
f 1267/1538/946 1266/1536/945 1254/1537/936
f 540/1540/397 1267/1538/946 1252/1539/387
f 1268/1353/466 661/400/469 1265/1351/944
f 1271/1541/947 1265/1351/944 1266/1344/945
f 1271/1541/947 1266/1344/945 1267/1345/946
f 1272/1542/948 1267/1345/946 540/251/397
f 1272/1542/948 540/251/397 539/1543/398
f 1272/1542/948 1278/1347/949 1277/1348/950
f 1272/1542/948 539/1543/398 1278/1347/949
f 1272/1542/948 1271/1541/947 1267/1345/946
f 1273/1544/951 1269/1354/464 1268/1353/466
f 1273/1544/951 1268/1353/466 1265/1351/944
f 1273/1544/951 1265/1351/944 1271/1541/947
f 1274/1545/952 1277/1348/950 1276/1356/953
f 1274/1545/952 1272/1542/948 1277/1348/950
f 1274/1545/952 1273/1544/951 1271/1541/947
f 1274/1545/952 1271/1541/947 1272/1542/948
f 1275/1357/954 1276/1356/953 654/1358/460
f 1275/1357/954 1270/1359/462 1269/1354/464
f 1275/1357/954 654/1358/460 1270/1359/462
f 1275/1357/954 1269/1354/464 1273/1544/951
f 1275/1357/954 1273/1544/951 1274/1545/952
f 1275/1357/954 1274/1545/952 1276/1356/953
f 1286/1546/955 1278/1547/949 539/1548/398
f 1286/1546/955 539/1548/398 538/1549/395
f 1287/1550/956 1286/1546/955 538/1549/395
f 1288/1551/957 1287/1550/956 538/1549/395
f 1289/1552/958 655/1494/458 1283/1490/457
f 1289/1552/958 1287/1550/956 1288/1551/957
f 1289/1552/958 1288/1551/957 1290/1553/959
f 1289/1552/958 1283/1490/457 1287/1550/956
f 1291/1554/960 538/1549/395 1282/1555/392
f 1291/1554/960 1288/1551/957 538/1549/395
f 1291/1554/960 1290/1553/959 1288/1551/957
f 1292/1556/961 655/1494/458 1289/1552/958
f 1292/1556/961 1290/1553/959 1291/1554/960
f 1292/1556/961 1289/1552/958 1290/1553/959
f 1293/1557/962 655/1494/458 1292/1556/961
f 1293/1557/962 1292/1556/961 1291/1554/960
f 1293/1557/962 1291/1554/960 1282/1555/392
f 1294/1558/963 1279/1483/396 1322/1559/400
f 1294/1558/963 1322/1559/400 1321/1560/964
f 1294/1558/963 1295/1486/965 1279/1483/396
f 1296/1561/966 1277/1562/950 1278/1547/949
f 1296/1561/966 1278/1547/949 1286/1546/955
f 1297/1563/967 654/400/460 1276/1304/953
f 1297/1563/967 1276/1304/953 1277/1562/950
f 1297/1563/967 1283/1490/457 654/400/460
f 1297/1563/967 1277/1562/950 1296/1561/966
f 1297/1563/967 1296/1561/966 1286/1546/955
f 1298/1564/968 1283/1490/457 1297/1563/967
f 1298/1564/968 1286/1546/955 1287/1550/956
f 1298/1564/968 1287/1550/956 1283/1490/457
f 1298/1564/968 1297/1563/967 1286/1546/955
f 1299/1565/969 1293/1557/962 1282/1555/392
f 1300/1501/970 1284/1502/455 655/1494/458
f 1300/1501/970 655/1494/458 1293/1557/962
f 1300/1501/970 1293/1557/962 1299/1565/969
f 1300/1501/970 1299/1565/969 1301/1566/971
f 1302/1567/972 1282/1555/392 1281/1568/391
f 1302/1567/972 1299/1565/969 1282/1555/392
f 1302/1567/972 1281/1568/391 1303/1569/973
f 1302/1567/972 1301/1566/971 1299/1565/969
f 1304/1507/974 1284/1502/455 1300/1501/970
f 1304/1507/974 1303/1569/973 1284/1502/455
f 1304/1507/974 1300/1501/970 1301/1566/971
f 1304/1507/974 1302/1567/972 1303/1569/973
f 1304/1507/974 1301/1566/971 1302/1567/972
f 1305/1570/975 1303/1569/973 1281/1568/391
f 1306/1509/976 1303/1569/973 1305/1570/975
f 1306/1509/976 1305/1570/975 1307/1571/977
f 1306/1509/976 656/1511/453 1284/1502/455
f 1306/1509/976 1284/1502/455 1303/1569/973
f 1308/1572/978 1307/1571/977 1305/1570/975
f 1308/1572/978 1281/1568/391 1280/1573/394
f 1308/1572/978 1280/1573/394 1309/1514/979
f 1308/1572/978 1305/1570/975 1281/1568/391
f 1310/1515/980 1306/1509/976 1307/1571/977
f 1310/1515/980 656/1511/453 1306/1509/976
f 1310/1515/980 1308/1572/978 1309/1514/979
f 1310/1515/980 1307/1571/977 1308/1572/978
f 1310/1515/980 1309/1514/979 656/1511/453
f 1311/1574/981 1309/1514/979 1280/1573/394
f 1312/1517/982 1309/1514/979 1311/1574/981
f 1312/1517/982 1311/1574/981 1313/1575/983
f 1312/1517/982 1285/1519/451 656/1511/453
f 1312/1517/982 656/1511/453 1309/1514/979
f 1314/1520/984 1280/1573/394 1279/1483/396
f 1314/1520/984 1313/1575/983 1311/1574/981
f 1314/1520/984 1311/1574/981 1280/1573/394
f 1314/1520/984 1279/1483/396 1295/1486/965
f 1315/1576/985 1312/1517/982 1313/1575/983
f 1315/1576/985 1285/1519/451 1312/1517/982
f 1315/1576/985 1313/1575/983 1314/1520/984
f 1315/1576/985 1314/1520/984 1295/1486/965
f 1315/1576/985 1295/1486/965 1285/1519/451
f 1316/1577/986 653/1523/448 1285/1519/451
f 1316/1577/986 1285/1519/451 1295/1486/965
f 1316/1577/986 1295/1486/965 1294/1558/963
f 1317/1578/987 1321/1560/964 1320/1579/988
f 1317/1578/987 1294/1558/963 1321/1560/964
f 1318/1580/989 1319/1581/990 653/1523/448
f 1318/1580/989 1320/1579/988 1319/1581/990
f 1318/1580/989 1316/1577/986 1294/1558/963
f 1318/1580/989 1294/1558/963 1317/1578/987
f 1318/1580/989 1317/1578/987 1320/1579/988
f 1318/1580/989 653/1523/448 1316/1577/986
f 1329/1469/991 1320/1582/988 1321/1583/964
f 1329/1469/991 1321/1583/964 1322/1433/400
f 1329/1469/991 1322/1433/400 1323/1401/399
f 1329/1469/991 1325/1300/992 1324/1301/993
f 1329/1469/991 1323/1401/399 1325/1300/992
f 1330/1584/994 1320/1582/988 1329/1469/991
f 1330/1584/994 1329/1469/991 1324/1301/993
f 1331/1585/995 1319/1586/990 1320/1582/988
f 1331/1585/995 1320/1582/988 1330/1584/994
f 1332/1587/996 653/400/448 1319/1586/990
f 1332/1587/996 1326/1306/445 653/400/448
f 1332/1587/996 1327/1307/446 1326/1306/445
f 1332/1587/996 1331/1585/995 1327/1307/446
f 1332/1587/996 1319/1586/990 1331/1585/995
f 1333/1308/997 1324/1301/993 1335/1309/998
f 1333/1308/997 1330/1584/994 1324/1301/993
f 1333/1308/997 1331/1585/995 1330/1584/994
f 1333/1308/997 1327/1307/446 1331/1585/995
f 1334/1310/999 1335/1309/998 644/1311/439
f 1334/1310/999 1328/1312/443 1327/1307/446
f 1334/1310/999 644/1311/439 1328/1312/443
f 1334/1310/999 1327/1307/446 1333/1308/997
f 1334/1310/999 1333/1308/997 1335/1309/998
f 645/1588/440 644/1589/439 1335/1590/998
f 1336/1591/1000 1335/1590/998 1324/1592/993
f 1336/1591/1000 1324/1592/993 1325/1593/992
f 1336/1591/1000 645/1588/440 1335/1590/998
f 537/1594/390 1325/1593/992 1323/1595/399
f 537/1594/390 1336/1591/1000 1325/1593/992
f 645/287/440 1336/1596/1000 1337/1597/1001
f 1338/1598/1002 1336/1596/1002 537/1599/1002
f 1339/1600/1003 1338/1598/1004 537/1599/390
f 1340/1601/1005 1339/1600/1003 537/1599/390
f 1341/1602/1006 1336/1596/1007 1338/1598/1004
f 1341/1602/1006 1338/1598/1004 1339/1600/1003
f 1342/1603/1008 1340/1601/1005 537/1604/390
f 1343/1605/1009 1339/1600/1003 1340/1601/1005
f 1343/1605/1009 1341/1602/1006 1339/1600/1003
f 1344/1606/1010 1336/1596/1007 1341/1602/1006
f 1344/1606/1010 1337/1597/1001 1336/1596/1000
f 1345/1607/1011 537/1604/390 1042/1608/760
f 1345/1607/1011 1342/1603/1008 537/1604/390
f 1346/1609/1012 1340/1601/1005 1342/1603/1008
f 1346/1609/1012 1343/1605/1009 1340/1601/1005
f 1347/1610/1013 1341/1602/1006 1343/1605/1009
f 1347/1610/1013 1343/1605/1009 1346/1609/1012
f 1347/1610/1013 1344/1606/1010 1341/1602/1006
f 1347/1610/1013 1337/1597/1001 1344/1606/1010
f 1348/1611/1014 1042/1608/1014 1337/1597/1014
f 1348/1611/1015 1345/1607/1011 1042/1608/760
f 1348/1611/1015 1342/1603/1008 1345/1607/1011
f 1348/1611/1015 1346/1609/1012 1342/1603/1008
f 1348/1611/1016 1347/1610/1013 1346/1609/1012
f 1348/1611/1016 1337/1597/1001 1347/1610/1013
f 621/1612/1017 1350/1613/441 645/1614/440
f 1337/1615/1001 621/1612/1017 645/1614/440
f 622/1616/1018 621/1612/1017 1337/1615/1001
f 1351/1617/418 622/1616/1018 1337/1615/1001
f 1042/1618/760 1351/1617/418 1337/1615/1001
f 1349/1619/419 1351/1617/418 1042/1618/760
f 532/1620/1019 500/1621/1020 1352/380/1021
f 532/1620/1019 1352/380/1021 1768/1622/1022
f 531/1623/1023 1768/1622/1022 1769/1624/1024
f 531/1623/1023 532/1620/1019 1768/1622/1022
f 1433/1625/1025 1769/1624/1024 1732/1626/1026
f 1433/1625/1025 531/1623/1023 1769/1624/1024
f 1352/1627/1021 500/1628/1020 501/1629/1027
f 1352/1627/1021 501/1629/1027 1353/1630/1028
f 502/1631/1029 1356/1632/1030 1777/1633/1031
f 502/1631/1029 1777/1633/1031 1354/1634/1032
f 1355/1635/1033 1354/1634/1032 1778/1636/1034
f 1355/1635/1033 502/1631/1029 1354/1634/1032
f 501/1621/1027 1778/1636/1034 1353/380/1028
f 501/1621/1027 1355/1635/1033 1778/1636/1034
f 1356/1637/1030 1786/1638/1035 1777/1639/1031
f 1357/1640/1036 1361/1641/1037 1786/1638/1035
f 1357/1640/1036 1786/1638/1035 1356/1637/1030
f 1358/1642/1038 1785/1643/1039 1361/1641/1037
f 1358/1642/1038 1361/1641/1037 1357/1640/1036
f 1359/1644/1040 1360/1645/1041 1785/1643/1039
f 1359/1644/1040 1785/1643/1039 1358/1642/1038
f 503/1646/1042 1360/1645/1041 1359/1644/1040
f 504/1647/1043 1784/1648/1044 1360/1645/1041
f 504/1647/1043 1360/1645/1041 503/1646/1042
f 1363/1649/1045 1812/1650/1046 1784/1648/1044
f 1363/1649/1045 1784/1648/1044 504/1647/1043
f 1362/242/1047 1811/244/1048 1813/1651/1049
f 1365/1652/1050 1813/1651/1049 1814/1653/1051
f 1365/1652/1050 1362/242/1047 1813/1651/1049
f 1364/1654/6 1814/1653/1051 1812/1655/1046
f 1364/1654/6 1365/1652/1050 1814/1653/1051
f 1363/1656/1045 1364/1654/6 1812/1655/1046
f 1370/1657/1052 1366/1628/2 1367/1658/1053
f 1368/1627/1054 1366/1628/2 1370/1657/1052
f 1362/1659/1047 1366/1628/2 1368/1627/1054
f 1811/1660/1048 1362/1659/1047 1368/1627/1054
f 1367/400/1053 1847/1661/1055 1370/251/1052
f 505/1662/1056 1846/777/1057 1847/1661/1055
f 505/1662/1058 1847/1661/1055 1367/400/1053
f 1369/778/1059 1846/777/1057 505/1662/1056
f 1369/1663/1059 1380/1664/1060 1846/1665/1057
f 506/1666/1061 1823/1667/1062 1380/1664/1060
f 506/1666/1061 1380/1664/1060 1369/1663/1059
f 1371/1668/1063 1379/1669/1064 1823/1667/1062
f 1371/1668/1063 1823/1667/1062 506/1666/1061
f 507/1670/1065 1378/1671/1066 1379/1669/1064
f 507/1670/1065 1379/1669/1064 1371/1668/1063
f 1372/1672/1067 1822/1673/1068 1378/1671/1066
f 1372/1672/1067 1378/1671/1066 507/1670/1065
f 508/1674/1069 1377/1675/1070 1822/1673/1068
f 508/1674/1069 1822/1673/1068 1372/1672/1067
f 509/1676/1071 1818/399/123 1377/1675/1070
f 509/1676/1071 1377/1675/1070 508/1674/1069
f 510/1677/1072 136/1678/124 1818/399/123
f 510/1677/1072 1818/399/123 509/1676/1071
f 511/1679/1073 135/1680/152 136/1678/124
f 511/1679/1073 136/1678/124 510/1677/1072
f 1373/1681/1074 1383/1682/147 135/1680/152
f 1373/1681/1074 135/1680/152 511/1679/1073
f 1374/1683/1075 134/1684/142 1383/1682/147
f 1374/1683/1075 1383/1682/147 1373/1681/1074
f 1375/1685/1076 1382/1686/137 134/1684/142
f 1375/1685/1076 134/1684/142 1374/1683/1075
f 1376/1687/1077 133/1688/117 1382/1686/137
f 1376/1687/1077 1382/1686/137 1375/1685/1076
f 1384/1689/1078 1381/1690/118 133/1688/117
f 1384/1689/1078 133/1688/117 1376/1687/1077
f 512/1691/1079 1381/251/118 1384/400/1078
f 512/1691/1079 1797/1692/1080 1381/251/118
f 1386/778/1081 1387/777/1082 1797/1692/1080
f 1386/778/1081 1797/1692/1080 512/1691/1083
f 1385/1628/2 513/1693/1084 1391/1694/1085
f 1388/1627/1054 1386/1695/1081 1385/1628/2
f 1388/1627/1054 1385/1628/2 1391/1694/1085
f 1387/1696/1082 1386/1695/1081 1388/1627/1054
f 515/1697/582 516/1698/1086 1389/1699/1087
f 515/1697/582 1389/1699/1087 1390/1700/1088
f 514/1701/1089 1390/1700/1088 1770/1702/1090
f 514/1701/1089 515/1697/582 1390/1700/1088
f 513/1703/1084 1770/1702/1090 1391/932/1085
f 513/1703/1084 514/1701/1089 1770/1702/1090
f 517/1704/1091 1389/1705/1087 516/1706/1086
f 517/1704/1091 1397/1707/1092 1389/1705/1087
f 518/1708/1093 1396/1709/1094 1397/1707/1092
f 518/1708/1093 1397/1707/1092 517/1704/1091
f 1392/1710/1095 1395/1711/1096 1396/1709/1094
f 1392/1710/1095 1396/1709/1094 518/1708/1093
f 519/1712/1097 1761/1713/1098 1395/1711/1096
f 519/1712/1097 1395/1711/1096 1392/1710/1095
f 1393/1714/1099 1760/1715/1100 1761/1713/1098
f 1393/1714/1099 1761/1713/1098 519/1712/1097
f 1394/1625/1101 1752/1626/1102 1760/1715/1100
f 1394/1625/1101 1760/1715/1100 1393/1714/1099
f 1394/400/1101 1728/1716/1103 1752/251/1102
f 520/1717/1104 1399/777/1105 1728/1716/1103
f 520/1717/1106 1728/1716/1103 1394/400/1101
f 1398/778/1107 1399/777/1105 520/1717/1104
f 1399/1627/1105 1398/1628/1107 521/1629/1108
f 1399/1627/1105 521/1629/1108 1721/1630/1109
f 1401/1718/1110 523/1637/1111 1400/1639/1112
f 1401/1718/1110 1400/1639/1112 1705/1719/1113
f 522/1720/1114 1705/1719/1113 1706/1721/1115
f 522/1720/1114 1401/1718/1110 1705/1719/1113
f 521/1722/1108 1706/1721/1115 1721/913/1109
f 521/1722/1108 522/1720/1114 1706/1721/1115
f 524/1723/1116 1400/1633/1112 523/1632/1111
f 524/1723/1116 1659/1724/1117 1400/1633/1112
f 1402/1725/1118 1658/1726/1119 1659/1724/1117
f 1402/1725/1118 1659/1724/1117 524/1723/1116
f 1403/1727/1120 1406/1728/1121 1658/1726/1119
f 1403/1727/1120 1658/1726/1119 1402/1725/1118
f 1404/1729/1122 1657/1730/1123 1406/1728/1121
f 1404/1729/1122 1406/1728/1121 1403/1727/1120
f 1405/1731/1124 1637/1655/1125 1656/1732/1126
f 1405/1731/1124 1656/1732/1126 1657/1730/1123
f 1405/1731/1124 1657/1730/1123 1404/1729/1122
f 525/1656/1127 1637/1655/1125 1405/1731/1124
f 1409/1733/1128 1407/1734/1129 1626/399/1130
f 1409/1733/1128 1626/399/1130 1636/1735/1131
f 526/1736/597 1636/1735/1131 1408/1737/1132
f 526/1736/597 1409/1733/1128 1636/1735/1131
f 525/1649/1127 1408/1737/1132 1637/1650/1125
f 525/1649/1127 526/1736/597 1408/1737/1132
f 1412/1738/1133 1410/1628/20 1411/1739/1134
f 1632/1627/1135 1410/1628/20 1412/1738/1133
f 1407/1740/1129 1410/1628/20 1632/1627/1135
f 1626/1741/1130 1407/1740/1129 1632/1627/1135
f 527/1742/1136 1412/251/1133 1411/400/1134
f 527/1742/1136 1640/1743/1137 1412/251/1133
f 1413/778/1138 1639/777/1139 1640/1743/1137
f 1413/778/1138 1640/1743/1137 527/1742/1140
f 1414/1744/1141 1639/1745/1139 1413/1746/1138
f 1414/1744/1141 1424/1747/1142 1639/1745/1139
f 1415/1748/1143 1423/1749/1144 1424/1747/1142
f 1415/1748/1143 1424/1747/1142 1414/1744/1141
f 1416/1750/1145 1422/1751/1146 1423/1749/1144
f 1416/1750/1145 1423/1749/1144 1415/1748/1143
f 1417/1752/1147 1669/1753/1148 1422/1751/1146
f 1417/1752/1147 1422/1751/1146 1416/1750/1145
f 1418/1754/1149 1421/1755/1150 1669/1753/1148
f 1418/1754/1149 1669/1753/1148 1417/1752/1147
f 1419/1756/1151 1420/1757/1152 1421/1755/1150
f 1419/1756/1151 1421/1755/1150 1418/1754/1149
f 528/1703/187 1668/932/189 1420/1757/1152
f 528/1703/187 1420/1757/1152 1419/1756/1151
f 212/400/193 1427/1758/167 211/251/168
f 1425/1759/1153 1428/1760/1154 1427/1758/167
f 1425/1759/1153 1427/1758/167 212/400/193
f 1426/778/1155 1726/777/1156 1428/1760/1154
f 1426/778/1155 1428/1760/1154 1425/1759/1153
f 1726/1627/1156 1426/1628/1155 1430/1761/1157
f 1726/1627/1156 1430/1761/1157 1429/1762/1158
f 1430/1763/1157 1736/1764/1159 1429/1765/1158
f 1431/1766/1160 1735/1767/1161 1736/1764/1159
f 1431/1766/1160 1736/1764/1159 1430/1763/1157
f 1432/1768/1162 1734/1769/1163 1735/1767/1161
f 1432/1768/1162 1735/1767/1161 1431/1766/1160
f 529/1770/1164 1733/1771/1165 1734/1769/1163
f 529/1770/1164 1734/1769/1163 1432/1768/1162
f 530/1772/1166 1732/1773/1026 1733/1771/1165
f 530/1772/1166 1733/1771/1165 529/1770/1164
f 1433/1774/1025 1732/1773/1026 530/1772/1166
f 1468/1775/1167 1449/1776/1168 1757/1777/1169
f 1468/1775/1167 1757/1777/1169 1758/1778/1170
f 1469/1779/1171 1449/1776/1168 1468/1775/1167
f 1469/1779/1171 1756/1780/1172 1449/1776/1168
f 1873/1781/1173 1468/1775/1167 1758/1778/1170
f 1873/1781/1173 1758/1778/1170 1754/1782/1174
f 1874/1783/1175 1756/1780/1172 1469/1779/1171
f 1874/1783/1175 1755/1784/1176 1756/1780/1172
f 1467/1785/1177 1873/1781/1173 1754/1782/1174
f 1470/1786/1178 1755/1784/1176 1874/1783/1175
f 1470/1786/1178 1771/1787/1179 1755/1784/1176
f 1471/1788/1180 1771/1787/1179 1470/1786/1178
f 1466/1789/1181 1467/1785/1177 1754/1782/1174
f 1465/1790/1182 1466/1789/1181 1754/1782/1174
f 1866/1791/109 1771/1787/1179 1471/1788/1180
f 1448/1792/1183 1771/1787/1179 1866/1791/109
f 1448/1792/1183 1866/1791/109 74/1793/108
f 1448/1792/1183 74/1793/108 1472/1794/104
f 1450/1795/1184 1465/1790/1182 1754/1782/1174
f 1450/1795/1184 1872/1796/1185 1464/1797/1186
f 1450/1795/1184 1464/1797/1186 1465/1790/1182
f 132/1798/128 1447/1799/127 1448/1792/1183
f 75/1800/99 132/1798/128 1448/1792/1183
f 75/1800/99 1448/1792/1183 1472/1794/104
f 1463/1801/1187 1872/1796/1185 1450/1795/1184
f 1451/1802/1188 1463/1801/1187 1450/1795/1184
f 131/1803/134 132/1798/128 75/1800/99
f 1462/1804/1189 1463/1801/1187 1451/1802/1188
f 1473/1805/93 1446/1806/139 131/1803/134
f 1473/1805/93 131/1803/134 75/1800/99
f 1452/1807/1190 1462/1804/1189 1451/1802/1188
f 1445/1808/144 1446/1806/139 1473/1805/93
f 1453/1809/1191 1462/1804/1189 1452/1807/1190
f 76/1810/88 130/1811/149 1445/1808/144
f 76/1810/88 1445/1808/144 1473/1805/93
f 1871/1812/1192 1462/1804/1189 1453/1809/1191
f 1654/1813/1193 1871/1812/1192 1453/1809/1191
f 1844/1814/1194 1438/1815/1195 1439/1816/1196
f 1440/1817/1197 1844/1814/1194 1439/1816/1196
f 77/1818/83 1443/1819/122 1444/1820/121
f 77/1818/83 1444/1820/121 130/1811/149
f 77/1818/83 130/1811/149 76/1810/88
f 1461/1821/1198 1871/1812/1192 1654/1813/1193
f 1655/1822/1199 1461/1821/1198 1654/1813/1193
f 1474/1823/78 1820/1824/1200 1442/1825/1201
f 1474/1823/78 1442/1825/1201 1443/1819/122
f 1474/1823/78 1443/1819/122 77/1818/83
f 1870/1826/1202 1461/1821/1198 1655/1822/1199
f 1653/1827/1203 1870/1826/1202 1655/1822/1199
f 1475/1828/73 1441/1829/1204 1819/1830/1205
f 1475/1828/73 1819/1830/1205 1820/1824/1200
f 1475/1828/73 1820/1824/1200 1474/1823/78
f 1460/1831/1206 1870/1826/1202 1653/1827/1203
f 78/1832/68 1440/1817/1197 1441/1829/1204
f 78/1832/68 1441/1829/1204 1475/1828/73
f 1869/1833/23 1460/1831/1206 1653/1827/1203
f 86/1834/24 1869/1833/23 1653/1827/1203
f 85/1835/33 86/1834/24 1653/1827/1203
f 1791/1836/1207 1842/1837/1208 1844/1814/1194
f 1790/1838/1209 1791/1836/1207 1844/1814/1194
f 1672/1839/1210 1790/1838/1209 1844/1814/1194
f 1455/1840/1211 1440/1817/1197 78/1832/68
f 1455/1840/1211 1672/1839/1210 1844/1814/1194
f 1455/1840/1211 1844/1814/1194 1440/1817/1197
f 1456/1841/1212 1789/1842/1213 1790/1838/1209
f 1456/1841/1212 1790/1838/1209 1672/1839/1210
f 1628/1843/1214 1455/1840/1211 78/1832/68
f 1628/1843/1214 1454/1844/1215 1455/1840/1211
f 1628/1843/1214 78/1832/68 79/1845/63
f 1628/1843/1214 79/1845/63 80/1846/58
f 1628/1843/1214 80/1846/58 81/1847/53
f 1628/1843/1214 81/1847/53 82/1848/48
f 1628/1843/1214 82/1848/48 83/1849/43
f 1628/1843/1214 83/1849/43 84/1850/38
f 1628/1843/1214 84/1850/38 85/1835/33
f 1628/1843/1214 85/1835/33 1653/1827/1203
f 1673/1851/1216 1437/1852/1217 1789/1842/1213
f 1673/1851/1216 1789/1842/1213 1456/1841/1212
f 1633/1853/1218 1454/1844/1215 1628/1843/1214
f 1457/1854/1219 1437/1852/1217 1673/1851/1216
f 1738/1855/1220 1458/1856/1221 1459/1857/1222
f 1738/1855/1220 1459/1857/1222 1674/1858/1223
f 1435/1859/1224 1457/1854/1219 1458/1856/1221
f 1435/1859/1224 1437/1852/1217 1457/1854/1219
f 1435/1859/1224 1458/1856/1221 1738/1855/1220
f 1434/1860/1225 1738/1855/1220 1674/1858/1223
f 160/1861/158 1434/1860/1225 1674/1858/1223
f 1436/1862/1226 1788/1863/1227 1437/1852/1217
f 1436/1862/1226 1437/1852/1217 1435/1859/1224
f 1767/1864/1228 1775/1865/1229 1788/1863/1227
f 1767/1864/1228 1788/1863/1227 1436/1862/1226
f 1477/1866/27 194/251/2 1476/1867/28
f 1477/1866/27 1493/252/574 194/251/2
f 1478/1868/36 1487/259/576 1493/252/574
f 1478/1868/36 1493/252/574 1477/1866/27
f 1479/1869/41 1494/263/578 1487/259/576
f 1479/1869/41 1487/259/576 1478/1868/36
f 1480/1870/46 1495/267/580 1494/263/578
f 1480/1870/46 1494/263/578 1479/1869/41
f 1481/1871/51 1496/271/582 1495/267/580
f 1481/1871/51 1488/275/584 1496/271/582
f 1481/1871/51 1495/267/580 1480/1870/46
f 87/1872/55 1488/275/584 1481/1871/51
f 1482/1873/61 1497/279/586 1488/275/584
f 1482/1873/61 1488/275/584 87/1872/55
f 1483/1874/65 1498/283/588 1497/279/586
f 1483/1874/65 1497/279/586 1482/1873/61
f 88/1875/71 1489/287/498 1498/283/588
f 88/1875/71 1498/283/588 1483/1874/65
f 1484/1876/75 1499/291/626 1489/287/498
f 1484/1876/75 1489/287/498 88/1875/71
f 89/1877/80 1490/295/592 1499/291/626
f 89/1877/80 1499/291/626 1484/1876/75
f 1485/1878/85 1500/299/595 1490/295/592
f 1485/1878/85 1490/295/592 89/1877/80
f 90/1879/90 1501/303/597 1500/299/595
f 90/1879/90 1500/299/595 1485/1878/85
f 91/1880/96 1502/307/598 1501/303/597
f 91/1880/96 1501/303/597 90/1879/90
f 92/1881/97 1502/307/598 91/1880/96
f 92/1881/97 1503/311/600 1502/307/598
f 93/1882/102 1503/311/600 92/1881/97
f 93/1882/102 1491/315/603 1503/311/600
f 93/1882/102 1504/319/604 1491/315/603
f 1486/1883/116 1504/319/604 93/1882/102
f 195/224/115 1504/319/604 1486/1883/116
f 195/224/115 1492/168/20 1504/319/604
f 183/1884/356 1507/1885/356 200/1886/356
f 182/1887/356 199/1888/356 1507/1885/356
f 182/1887/356 1507/1885/356 183/1884/356
f 184/1889/356 200/1886/356 201/1890/356
f 184/1889/356 183/1884/356 200/1886/356
f 181/1891/356 1506/1892/356 199/1888/356
f 181/1891/356 199/1888/356 182/1887/356
f 185/1893/356 201/1890/356 202/1894/356
f 185/1893/356 184/1889/356 201/1890/356
f 180/1895/356 1506/1892/356 181/1891/356
f 1516/1896/358 202/1894/356 203/1897/356
f 1516/1896/358 185/1893/356 202/1894/356
f 179/1898/356 1505/1899/356 1506/1892/356
f 179/1898/356 1506/1892/356 180/1895/356
f 1517/1900/356 1516/1896/358 203/1897/356
f 1517/1900/356 203/1897/356 204/803/356
f 1536/1901/356 1505/1899/356 179/1898/356
f 1536/1901/356 1492/1902/356 1505/1899/356
f 1518/1903/356 1517/1900/356 204/803/356
f 1518/1903/356 204/803/356 1508/1904/356
f 1535/1905/356 1504/1906/356 1492/1902/356
f 1535/1905/356 1492/1902/356 1536/1901/356
f 186/1907/356 1518/1903/356 1508/1904/356
f 186/1907/356 1508/1904/356 205/1908/356
f 1515/1909/356 1504/1906/356 1535/1905/356
f 1515/1909/356 1491/1910/356 1504/1906/356
f 1519/1911/356 186/1907/356 205/1908/356
f 1519/1911/356 205/1908/356 1509/1912/356
f 1534/1913/356 1503/1914/356 1491/1910/356
f 1534/1913/356 1491/1910/356 1515/1909/356
f 1520/1915/356 1509/1912/356 206/1916/356
f 1520/1915/356 1519/1911/356 1509/1912/356
f 1514/1917/356 1502/1918/356 1503/1914/356
f 1514/1917/356 1503/1914/356 1534/1913/356
f 1521/1919/356 1520/1915/356 206/1916/356
f 1533/1920/356 1502/1918/356 1514/1917/356
f 207/1921/356 1521/1919/356 206/1916/356
f 1501/1922/356 1502/1918/356 1533/1920/356
f 1522/1923/356 1521/1919/356 207/1921/356
f 208/1924/356 1522/1923/356 207/1921/356
f 1500/1925/356 1533/1920/356 1532/1926/356
f 1500/1925/356 1501/1922/356 1533/1920/356
f 1523/1927/356 1522/1923/356 208/1924/356
f 1513/1928/356 1500/1925/356 1532/1926/356
f 209/1929/356 1523/1927/356 208/1924/356
f 209/1929/356 1524/1930/356 1523/1927/356
f 1490/1931/356 1500/1925/356 1513/1928/356
f 210/1932/356 1524/1930/356 209/1929/356
f 1499/1933/356 1513/1928/356 1531/1934/356
f 1499/1933/356 1490/1931/356 1513/1928/356
f 194/1935/356 178/1936/356 1524/1930/356
f 194/1935/356 1524/1930/356 210/1932/356
f 1489/1937/356 1531/1934/356 1512/1938/356
f 1489/1937/356 1499/1933/356 1531/1934/356
f 1493/1939/356 1525/1940/356 178/1936/356
f 1493/1939/356 178/1936/356 194/1935/356
f 1498/1941/356 1512/1938/356 1511/1942/356
f 1498/1941/356 1489/1937/356 1512/1938/356
f 1497/1943/356 1498/1941/356 1511/1942/356
f 1497/1943/356 1511/1942/356 1530/1944/356
f 1487/1945/356 1526/1946/356 1525/1940/356
f 1487/1945/356 1525/1940/356 1493/1939/356
f 1494/1947/356 1510/1948/356 1526/1946/356
f 1494/1947/356 1527/1949/356 1510/1948/356
f 1494/1947/356 1526/1946/356 1487/1945/356
f 1488/1950/356 1497/1943/356 1530/1944/356
f 1488/1950/356 1530/1944/356 1529/1951/356
f 1495/1952/356 1527/1949/356 1494/1947/356
f 1496/1953/356 1488/1950/356 1529/1951/356
f 1496/1953/356 1527/1949/356 1495/1952/356
f 1496/1953/356 1528/1954/356 1527/1949/356
f 1496/1953/356 1529/1951/356 1528/1954/356
f 1525/1955/574 1537/251/2 178/1956/2
f 1525/1955/574 1538/252/623 1537/251/2
f 1526/1957/576 1539/259/576 1538/252/623
f 1526/1957/576 1538/252/623 1525/1955/574
f 1510/1958/578 1540/263/578 1539/259/576
f 1510/1958/578 1539/259/576 1526/1957/576
f 1527/1959/580 1549/267/580 1540/263/578
f 1527/1959/580 1540/263/578 1510/1958/578
f 1528/1960/582 1541/271/1230 1549/267/580
f 1528/1960/582 1549/267/580 1527/1959/580
f 1529/1961/584 1542/275/584 1541/271/1230
f 1529/1961/584 1541/271/1230 1528/1960/582
f 1530/1962/586 1543/279/586 1542/275/584
f 1530/1962/586 1542/275/584 1529/1961/584
f 1511/1963/588 1550/283/588 1543/279/586
f 1511/1963/588 1543/279/586 1530/1962/586
f 1512/1964/498 1551/287/498 1550/283/588
f 1512/1964/498 1550/283/588 1511/1963/588
f 1531/1965/626 1552/291/626 1551/287/498
f 1531/1965/626 1553/295/592 1552/291/626
f 1531/1965/626 1551/287/498 1512/1964/498
f 1513/1966/592 1553/295/592 1531/1965/626
f 1532/1967/595 1554/299/595 1553/295/592
f 1532/1967/595 1553/295/592 1513/1966/592
f 1533/1968/597 1555/303/597 1554/299/595
f 1533/1968/597 1554/299/595 1532/1967/595
f 1514/1969/598 1544/307/598 1555/303/597
f 1514/1969/598 1555/303/597 1533/1968/597
f 1534/1970/600 1544/307/598 1514/1969/598
f 1534/1970/600 1545/311/600 1544/307/598
f 1515/1971/603 1545/311/600 1534/1970/600
f 1515/1971/603 1546/315/603 1545/311/600
f 1535/1972/604 1546/315/603 1515/1971/603
f 1535/1972/604 1547/319/604 1546/315/603
f 1536/205/20 1547/319/604 1535/1972/604
f 1536/205/20 1548/168/20 1547/319/604
f 1580/1973/355 188/1884/356 1559/1889/356
f 1579/1974/356 187/1887/356 188/1884/356
f 1579/1974/356 188/1884/356 1580/1973/355
f 1581/1975/356 1580/1973/355 1559/1889/356
f 167/1976/356 187/1887/356 1579/1974/356
f 167/1976/356 1558/1891/356 187/1887/356
f 1582/1977/356 1581/1975/356 1559/1889/356
f 1582/1977/356 1559/1889/356 1560/1893/356
f 1578/1978/355 1558/1891/356 167/1976/356
f 1578/1978/355 1557/1895/356 1558/1891/356
f 168/1979/356 1582/1977/356 1560/1893/356
f 168/1979/356 1560/1893/356 189/1896/356
f 1577/1980/356 1557/1895/356 1578/1978/355
f 1577/1980/356 1556/1898/356 1557/1895/356
f 1583/1628/356 168/1979/356 189/1896/356
f 1583/1628/356 189/1896/356 1561/1900/356
f 166/1981/356 1556/1898/356 1577/1980/356
f 166/1981/356 1548/1901/356 1556/1898/356
f 1584/1982/356 1561/1900/356 1562/1903/356
f 1584/1982/356 1583/1628/356 1561/1900/356
f 1576/1983/356 1547/1905/356 1548/1901/356
f 1576/1983/356 1548/1901/356 166/1981/356
f 169/1984/356 1562/1903/356 1563/1907/356
f 169/1984/356 1584/1982/356 1562/1903/356
f 1575/1985/356 1546/1909/356 1547/1905/356
f 1575/1985/356 1547/1905/356 1576/1983/356
f 1585/1986/356 169/1984/356 1563/1907/356
f 1585/1986/356 1563/1907/356 190/1911/356
f 1574/1987/356 1546/1909/356 1575/1985/356
f 1574/1987/356 1545/1913/356 1546/1909/356
f 1586/1988/358 190/1911/356 1564/1915/356
f 1586/1988/358 1585/1986/356 190/1911/356
f 1596/1989/356 1544/1917/356 1545/1913/356
f 1596/1989/356 1545/1913/356 1574/1987/356
f 1587/1990/356 1586/1988/358 1564/1915/356
f 1565/1919/356 1587/1990/356 1564/1915/356
f 1555/1920/355 1596/1989/356 1573/1991/356
f 1555/1920/355 1544/1917/356 1596/1989/356
f 191/1923/356 1587/1990/356 1565/1919/356
f 191/1923/356 170/1992/356 1587/1990/356
f 191/1923/356 1588/1993/356 170/1992/356
f 1554/1926/355 1573/1991/356 1572/1994/358
f 1554/1926/355 1555/1920/355 1573/1991/356
f 192/1927/356 1588/1993/356 191/1923/356
f 1553/1928/356 1571/1995/356 1595/1996/356
f 1553/1928/356 1572/1994/358 1571/1995/356
f 1553/1928/356 1554/1926/355 1572/1994/358
f 193/1930/356 1588/1993/356 192/1927/356
f 193/1930/356 1589/1997/356 1588/1993/356
f 193/1930/356 1566/1998/356 1589/1997/356
f 1552/1934/356 1553/1928/356 1595/1996/356
f 1537/1936/356 1567/1999/356 1566/1998/356
f 1537/1936/356 1566/1998/356 193/1930/356
f 1551/1938/356 1595/1996/356 1570/242/356
f 1551/1938/356 1552/1934/356 1595/1996/356
f 1538/1940/356 1567/1999/356 1537/1936/356
f 1550/1942/356 1570/242/356 1594/2000/356
f 1550/1942/356 1551/1938/356 1570/242/356
f 1539/1946/356 1590/2001/356 1567/1999/356
f 1539/1946/356 1568/2002/356 1590/2001/356
f 1539/1946/356 1567/1999/356 1538/1940/356
f 1543/1944/356 1550/1942/356 1594/2000/356
f 1543/1944/356 1569/2003/356 1593/2004/355
f 1543/1944/356 1594/2000/356 1569/2003/356
f 1540/1948/356 1568/2002/356 1539/1946/356
f 1540/1948/356 1591/2005/356 1568/2002/356
f 1542/1951/356 1543/1944/356 1593/2004/355
f 1549/1949/356 1592/2006/356 1591/2005/356
f 1549/1949/356 1591/2005/356 1540/1948/356
f 1541/1954/356 1542/1951/356 1593/2004/355
f 1541/1954/356 1592/2006/356 1549/1949/356
f 1541/1954/356 1593/2004/355 1592/2006/356
f 1567/2007/623 1606/251/2 1566/2008/2
f 1567/2007/623 1607/252/623 1606/251/2
f 1590/2009/576 1608/259/576 1607/252/623
f 1590/2009/576 1607/252/623 1567/2007/623
f 1568/2010/578 1609/263/578 1608/259/576
f 1568/2010/578 1608/259/576 1590/2009/576
f 1591/2011/580 1610/267/580 1609/263/578
f 1591/2011/580 1609/263/578 1568/2010/578
f 1592/2012/582 1597/271/582 1610/267/580
f 1592/2012/582 1610/267/580 1591/2011/580
f 1593/2013/584 1598/275/584 1597/271/582
f 1593/2013/584 1597/271/582 1592/2012/582
f 1569/2014/586 1611/279/586 1598/275/584
f 1569/2014/586 1598/275/584 1593/2013/584
f 1594/2015/1231 1599/283/588 1611/279/586
f 1594/2015/1231 1600/287/498 1599/283/588
f 1594/2015/1231 1611/279/586 1569/2014/586
f 1570/2016/498 1601/291/626 1600/287/498
f 1570/2016/498 1600/287/498 1594/2015/1231
f 1595/2017/591 1601/291/626 1570/2016/498
f 1571/2018/592 1612/295/592 1601/291/626
f 1571/2018/592 1601/291/626 1595/2017/591
f 1572/2019/595 1613/299/595 1612/295/592
f 1572/2019/595 1612/295/592 1571/2018/592
f 1573/2020/597 1614/303/597 1613/299/595
f 1573/2020/597 1613/299/595 1572/2019/595
f 1596/2021/598 1602/307/598 1614/303/597
f 1596/2021/598 1614/303/597 1573/2020/597
f 1574/2022/600 1602/307/598 1596/2021/598
f 1574/2022/600 1603/311/600 1602/307/598
f 1574/2022/600 1615/315/603 1603/311/600
f 1575/2023/603 1615/315/603 1574/2022/600
f 1576/2024/604 1615/315/603 1575/2023/603
f 1576/2024/604 1604/319/604 1615/315/603
f 166/169/20 1604/319/604 1576/2024/604
f 166/169/20 1605/168/20 1604/319/604
f 1619/1975/356 1617/1974/355 1618/1973/1232
f 174/1982/356 1619/1975/356 1620/1977/358
f 174/1982/356 1620/1977/358 1621/1979/356
f 174/1982/356 1621/1979/356 173/1628/356
f 1602/1989/355 1603/1987/356 1615/1985/361
f 1613/1994/356 1614/1991/1232 1602/1989/355
f 177/1993/356 1623/1986/356 175/1988/356
f 177/1993/356 175/1988/356 1624/1990/361
f 177/1993/356 1624/1990/361 176/1992/356
f 1612/1995/356 1613/1994/356 1602/1989/355
f 1601/1996/358 1615/1985/361 1604/1983/356
f 1601/1996/358 1604/1983/356 1605/1981/358
f 1601/1996/358 1605/1981/358 1616/1980/355
f 1601/1996/358 1616/1980/355 171/1978/355
f 1601/1996/358 171/1978/355 172/1976/355
f 1601/1996/358 172/1976/355 1617/1974/355
f 1601/1996/358 1617/1974/355 1619/1975/356
f 1601/1996/358 1612/1995/356 1602/1989/355
f 1601/1996/358 1602/1989/355 1615/1985/361
f 1611/2003/356 1599/2000/355 1600/242/356
f 1611/2003/356 1600/242/356 1601/1996/358
f 1611/2003/356 174/1982/356 1622/1984/356
f 1611/2003/356 1622/1984/356 1623/1986/356
f 1611/2003/356 1619/1975/356 174/1982/356
f 1611/2003/356 1601/1996/358 1619/1975/356
f 1609/2002/356 1606/2025/361 1607/1999/356
f 1609/2002/356 1607/1999/356 1608/2001/1233
f 1610/2005/365 177/1993/356 1625/1997/356
f 1610/2005/365 1625/1997/356 1606/2025/361
f 1610/2005/365 1606/2025/361 1609/2002/356
f 1597/2006/355 177/1993/356 1610/2005/365
f 1597/2006/355 1598/2004/367 1611/2003/356
f 1597/2006/355 1623/1986/356 177/1993/356
f 1597/2006/355 1611/2003/356 1623/1986/356
f 1626/2026/1130 1632/2027/1135 1631/2028/1234
f 1627/2029/1235 1630/2030/1236 1629/2031/1237
f 1627/2029/1235 1631/2028/1234 1630/2030/1236
f 1627/2029/1235 1626/2026/1130 1631/2028/1234
f 1653/2032/1203 1629/2031/1237 1628/2033/1214
f 1653/2032/1203 1627/2029/1235 1629/2031/1237
f 1632/2027/1135 1412/2034/1133 1635/2035/1238
f 1631/2028/1234 1635/2035/1238 1634/2036/1239
f 1631/2028/1234 1632/2027/1135 1635/2035/1238
f 1630/2030/1236 1634/2036/1239 1638/2037/1240
f 1630/2030/1236 1631/2028/1234 1634/2036/1239
f 1629/2031/1237 1638/2037/1240 1633/2038/1218
f 1629/2031/1237 1630/2030/1236 1638/2037/1240
f 1628/2033/1214 1629/2031/1237 1633/2038/1218
f 1627/2039/1235 1636/2040/1131 1626/251/1130
f 1627/2039/1235 1408/2041/1132 1636/2040/1131
f 1652/2042/1241 1637/2043/1125 1408/2041/1132
f 1652/2042/1241 1408/2041/1132 1627/2039/1235
f 1653/2044/1203 1652/2042/1242 1627/2039/1235
f 1641/2045/1243 1633/156/1218 1638/155/1240
f 1641/2045/1243 1665/2046/1244 1633/156/1218
f 1642/2047/1245 1638/155/1240 1634/158/1239
f 1642/2047/1245 1641/2045/1243 1638/155/1240
f 1643/2048/1246 1634/158/1239 1635/161/1238
f 1643/2048/1246 1642/2047/1245 1634/158/1239
f 1644/2049/1247 1666/2050/1248 1665/2046/1244
f 1644/2049/1247 1665/2046/1244 1641/2045/1243
f 1644/2049/1247 1641/2045/1243 1642/2047/1245
f 1645/2051/1249 1635/161/1238 1412/203/1133
f 1645/2051/1249 1412/203/1133 1640/2052/1137
f 1645/2051/1249 1643/2048/1246 1635/161/1238
f 1646/2053/1250 1644/2049/1247 1642/2047/1245
f 1646/2053/1250 1642/2047/1245 1643/2048/1246
f 1647/2054/1251 1643/2048/1246 1645/2051/1249
f 1647/2054/1251 1646/2053/1250 1643/2048/1246
f 1648/2055/1252 1667/2056/1253 1666/2050/1248
f 1648/2055/1252 1644/2049/1247 1646/2053/1250
f 1648/2055/1252 1666/2050/1248 1644/2049/1247
f 1649/2057/1254 1645/2051/1249 1640/2052/1137
f 1649/2057/1254 1647/2054/1251 1645/2051/1249
f 1650/2058/1255 1667/2056/1253 1648/2055/1252
f 1650/2058/1255 1646/2053/1250 1647/2054/1251
f 1650/2058/1255 1648/2055/1252 1646/2053/1250
f 1651/2059/1256 1640/2052/1137 1639/2060/1139
f 1651/2059/1256 1639/2060/1139 1667/2056/1253
f 1651/2059/1256 1667/2056/1253 1650/2058/1255
f 1651/2059/1256 1649/2057/1254 1640/2052/1137
f 1651/2059/1256 1647/2054/1251 1649/2057/1254
f 1651/2059/1256 1650/2058/1255 1647/2054/1251
f 1656/2061/1126 1637/2062/1125 1652/2063/1241
f 1400/2064/1112 1659/2065/1117 1707/2066/1257
f 1660/2067/1258 1652/2063/1242 1653/2068/1203
f 1660/2067/1258 1653/2068/1203 1655/2069/1199
f 1660/2067/1259 1656/2061/1126 1652/2063/1241
f 1661/2070/1260 1655/2069/1199 1654/2071/1193
f 1661/2070/1261 1657/2072/1123 1656/2061/1126
f 1661/2070/1261 1656/2061/1126 1660/2067/1259
f 1661/2070/1260 1660/2067/1258 1655/2069/1199
f 1662/2073/1262 1654/2071/1193 1453/2074/1191
f 1662/2073/1263 1406/2075/1121 1657/2072/1123
f 1662/2073/1263 1657/2072/1123 1661/2070/1261
f 1662/2073/1262 1661/2070/1260 1654/2071/1193
f 1663/2076/1264 1453/2074/1191 1452/2077/1190
f 1663/2076/1265 1658/2078/1119 1406/2075/1121
f 1663/2076/1264 1662/2073/1262 1453/2074/1191
f 1663/2076/1265 1406/2075/1121 1662/2073/1263
f 1664/2079/1266 1451/2080/1188 1450/2081/1184
f 1664/2079/1266 1452/2077/1190 1451/2080/1188
f 1664/2079/1266 1450/2081/1184 1707/2066/1267
f 1664/2079/1268 1659/2065/1117 1658/2078/1119
f 1664/2079/1268 1658/2078/1119 1663/2076/1265
f 1664/2079/1266 1663/2076/1264 1452/2077/1190
f 1664/2079/1268 1707/2066/1257 1659/2065/1117
f 215/2082/191 211/2083/168 1671/2084/164
f 1665/2085/1244 1454/2086/1215 1633/2087/1218
f 1639/2088/1139 1424/2089/1142 1667/2090/1253
f 1675/2091/1269 161/2092/159 160/2093/158
f 1675/2091/1269 160/2093/158 1674/2094/1223
f 1676/2095/1270 162/2096/161 161/2092/159
f 1676/2095/1270 161/2092/159 1675/2091/1269
f 1677/2097/1271 1671/2084/164 162/2096/161
f 1677/2097/1271 215/2082/191 1671/2084/164
f 1677/2097/1271 162/2096/161 1676/2095/1270
f 1678/2098/1272 1674/2094/1223 1459/2099/1222
f 1678/2098/1272 1675/2091/1269 1674/2094/1223
f 1679/2100/1273 1675/2091/1269 1678/2098/1272
f 1679/2100/1273 1676/2095/1270 1675/2091/1269
f 1680/2101/1274 1670/2102/188 215/2082/191
f 1680/2101/1274 1677/2097/1271 1676/2095/1270
f 1680/2101/1274 215/2082/191 1677/2097/1271
f 1680/2101/1274 1676/2095/1270 1679/2100/1273
f 1681/2103/1275 1459/2099/1222 1458/2104/1221
f 1681/2103/1275 1678/2098/1272 1459/2099/1222
f 1682/2105/1276 1678/2098/1272 1681/2103/1275
f 1682/2105/1276 1679/2100/1273 1678/2098/1272
f 1683/2106/1277 1681/2103/1275 1458/2104/1221
f 1684/2107/1278 1668/113/189 1670/2102/188
f 1684/2107/1278 1670/2102/188 1680/2101/1274
f 1684/2107/1278 1679/2100/1273 1682/2105/1276
f 1684/2107/1278 1680/2101/1274 1679/2100/1273
f 1685/2108/1279 1682/2105/1276 1681/2103/1275
f 1685/2108/1279 1681/2103/1275 1683/2106/1277
f 1686/2109/1280 1458/2104/1221 1457/2110/1219
f 1686/2109/1280 1683/2106/1277 1458/2104/1221
f 1687/2111/1281 1420/2112/1152 1668/113/189
f 1687/2111/1281 1668/113/189 1684/2107/1278
f 1687/2111/1281 1684/2107/1278 1682/2105/1276
f 1687/2111/1281 1682/2105/1276 1685/2108/1279
f 1688/2113/1282 1685/2108/1279 1683/2106/1277
f 1688/2113/1282 1683/2106/1277 1686/2109/1280
f 1689/2114/1283 1420/2112/1152 1687/2111/1281
f 1689/2114/1283 1685/2108/1279 1688/2113/1282
f 1689/2114/1283 1687/2111/1281 1685/2108/1279
f 1690/2115/1284 1457/2110/1219 1673/2116/1216
f 1690/2115/1284 1686/2109/1280 1457/2110/1219
f 1691/2117/1285 1688/2113/1282 1686/2109/1280
f 1691/2117/1285 1686/2109/1280 1690/2115/1284
f 1692/2118/1286 1688/2113/1282 1691/2117/1285
f 1692/2118/1286 1421/2119/1150 1420/2112/1152
f 1692/2118/1286 1420/2112/1152 1689/2114/1283
f 1692/2118/1286 1689/2114/1283 1688/2113/1282
f 1693/2120/1287 1673/2116/1216 1456/2121/1212
f 1693/2120/1287 1690/2115/1284 1673/2116/1216
f 1694/2122/1288 1690/2115/1284 1693/2120/1287
f 1694/2122/1288 1691/2117/1285 1690/2115/1284
f 1695/2123/1289 1692/2118/1286 1691/2117/1285
f 1695/2123/1289 1669/2124/1148 1421/2119/1150
f 1695/2123/1289 1691/2117/1285 1694/2122/1288
f 1695/2123/1289 1421/2119/1150 1692/2118/1286
f 1696/2125/1290 1456/2121/1212 1672/2126/1210
f 1696/2125/1290 1693/2120/1287 1456/2121/1212
f 1697/2127/1291 1693/2120/1287 1696/2125/1290
f 1697/2127/1291 1694/2122/1288 1693/2120/1287
f 1698/2128/1292 1669/2124/1148 1695/2123/1289
f 1698/2128/1292 1422/2129/1146 1669/2124/1148
f 1698/2128/1292 1423/2130/1144 1422/2129/1146
f 1698/2128/1292 1694/2122/1288 1697/2127/1291
f 1698/2128/1292 1695/2123/1289 1694/2122/1288
f 1699/2131/1293 1672/2126/1210 1455/2132/1211
f 1699/2131/1293 1696/2125/1290 1672/2126/1210
f 1700/2133/1294 1698/2128/1292 1697/2127/1291
f 1700/2133/1294 1697/2127/1291 1696/2125/1290
f 1700/2133/1294 1696/2125/1290 1699/2131/1293
f 1701/2134/1295 1698/2128/1292 1700/2133/1294
f 1701/2134/1295 1423/2130/1144 1698/2128/1292
f 1702/2135/1296 1455/2132/1211 1454/2086/1215
f 1702/2135/1296 1699/2131/1293 1455/2132/1211
f 1702/2135/1296 1700/2133/1294 1699/2131/1293
f 1702/2135/1296 1454/2086/1215 1665/2085/1244
f 1703/2136/1297 1665/2085/1244 1666/2137/1248
f 1703/2136/1297 1702/2135/1296 1665/2085/1244
f 1703/2136/1297 1700/2133/1294 1702/2135/1296
f 1704/2138/1298 1666/2137/1248 1667/2090/1253
f 1704/2138/1298 1424/2089/1142 1423/2130/1144
f 1704/2138/1298 1423/2130/1144 1701/2134/1295
f 1704/2138/1298 1701/2134/1295 1700/2133/1294
f 1704/2138/1298 1703/2136/1297 1666/2137/1248
f 1704/2138/1298 1700/2133/1294 1703/2136/1297
f 1704/2138/1298 1667/2090/1253 1424/2089/1142
f 1707/2039/1257 1705/2139/1113 1400/251/1112
f 1707/2039/1257 1706/2140/1115 1705/2139/1113
f 1722/2141/1299 1721/400/1109 1706/2140/1115
f 1722/2141/1299 1706/2140/1115 1707/2039/1257
f 1450/2142/1184 1722/2141/1300 1707/2039/1267
f 1709/2143/1301 1723/2144/1302 160/156/158
f 1709/2143/1301 160/156/158 159/155/157
f 1710/2145/1303 159/155/157 158/158/160
f 1710/2145/1303 1709/2143/1301 159/155/157
f 1711/2146/1304 1724/2147/1305 1723/2144/1302
f 1711/2146/1304 1709/2143/1301 1710/2145/1303
f 1711/2146/1304 1723/2144/1302 1709/2143/1301
f 1712/2148/1306 158/158/160 1708/161/163
f 1712/2148/1306 1710/2145/1303 158/158/160
f 1713/2149/1307 1724/2147/1305 1711/2146/1304
f 1713/2149/1307 1710/2145/1303 1712/2148/1306
f 1713/2149/1307 1711/2146/1304 1710/2145/1303
f 1714/2150/1308 1712/2148/1306 1708/161/163
f 1715/2151/1309 1713/2149/1307 1712/2148/1306
f 1715/2151/1309 1712/2148/1306 1714/2150/1308
f 1716/2152/1310 1427/203/167 1428/2153/1154
f 1716/2152/1310 1708/161/163 1427/203/167
f 1716/2152/1310 1714/2150/1308 1708/161/163
f 1717/2154/1311 1725/2155/1312 1724/2147/1305
f 1717/2154/1311 1724/2147/1305 1713/2149/1307
f 1717/2154/1311 1713/2149/1307 1715/2151/1309
f 1718/2156/1313 1715/2151/1309 1714/2150/1308
f 1718/2156/1313 1716/2152/1310 1428/2153/1154
f 1718/2156/1313 1714/2150/1308 1716/2152/1310
f 1719/2157/1314 1726/2158/1156 1725/2155/1312
f 1719/2157/1314 1725/2155/1312 1717/2154/1311
f 1719/2157/1314 1717/2154/1311 1715/2151/1309
f 1719/2157/1314 1715/2151/1309 1718/2156/1313
f 1720/2159/1315 1428/2153/1154 1726/2158/1156
f 1720/2159/1315 1718/2156/1313 1428/2153/1154
f 1720/2159/1315 1726/2158/1156 1719/2157/1314
f 1720/2159/1315 1719/2157/1314 1718/2156/1313
f 1729/2160/1316 1721/251/1109 1722/2161/1299
f 1729/2160/1316 1399/2162/1105 1721/251/1109
f 1754/2163/1174 1722/2161/1300 1450/2164/1184
f 1754/2163/1174 1729/2160/1317 1722/2161/1300
f 1725/2165/1312 1726/2166/1156 1429/2167/1158
f 1725/2165/1312 1429/2167/1158 1731/2168/1318
f 1724/2169/1305 1731/2168/1318 1727/2170/1319
f 1724/2169/1305 1725/2165/1312 1731/2168/1318
f 1723/2171/1302 1730/2172/1320 1434/2173/1225
f 1723/2171/1302 1727/2170/1319 1730/2172/1320
f 1723/2171/1302 1724/2169/1305 1727/2170/1319
f 160/2174/158 1723/2171/1302 1434/2173/1225
f 1729/2039/1316 1728/2175/1103 1399/251/1105
f 1753/2141/1321 1752/400/1102 1728/2175/1103
f 1753/2141/1321 1728/2175/1103 1729/2039/1316
f 1754/2176/1174 1753/2141/1322 1729/2039/1317
f 1730/2177/1320 1738/2178/1220 1434/2179/1225
f 1731/2180/1318 1736/2181/1159 1727/2182/1319
f 1429/2183/1158 1736/2181/1159 1731/2180/1318
f 1739/2184/1323 1737/2185/1324 1767/2186/1228
f 1739/2184/1323 1767/2186/1228 1436/2187/1226
f 1740/2188/1325 1733/2189/1165 1732/2190/1026
f 1740/2188/1325 1732/2190/1026 1737/2185/1326
f 1740/2188/1325 1737/2185/1326 1739/2184/1327
f 1741/2191/1328 1436/2187/1226 1435/2192/1224
f 1741/2191/1328 1739/2184/1323 1436/2187/1226
f 1742/2193/1329 1734/2194/1163 1733/2189/1165
f 1742/2193/1329 1739/2184/1327 1741/2191/1328
f 1742/2193/1329 1740/2188/1325 1739/2184/1327
f 1742/2193/1329 1733/2189/1165 1740/2188/1325
f 1743/2195/1330 1741/2191/1328 1435/2192/1224
f 1744/2196/1331 1741/2191/1328 1743/2195/1330
f 1745/2197/1332 1735/2198/1161 1734/2194/1163
f 1745/2197/1332 1734/2194/1163 1742/2193/1329
f 1745/2197/1332 1742/2193/1329 1741/2191/1328
f 1745/2197/1332 1741/2191/1328 1744/2196/1331
f 1746/2199/1333 1435/2192/1224 1738/2178/1220
f 1746/2199/1333 1743/2195/1330 1435/2192/1224
f 1747/2200/1334 1744/2196/1331 1743/2195/1330
f 1747/2200/1334 1743/2195/1330 1746/2199/1333
f 1748/2201/1335 1745/2197/1332 1744/2196/1331
f 1748/2201/1335 1735/2198/1161 1745/2197/1332
f 1748/2201/1335 1744/2196/1331 1747/2200/1334
f 1749/2202/1336 1730/2177/1320 1727/2182/1319
f 1749/2202/1336 1746/2199/1333 1738/2178/1220
f 1749/2202/1336 1738/2178/1220 1730/2177/1320
f 1750/2203/1337 1746/2199/1333 1749/2202/1336
f 1750/2203/1337 1727/2182/1319 1736/2181/1159
f 1750/2203/1337 1747/2200/1334 1746/2199/1333
f 1750/2203/1337 1749/2202/1336 1727/2182/1319
f 1750/2203/1337 1748/2201/1335 1747/2200/1334
f 1751/2204/1338 1736/2181/1159 1735/2198/1161
f 1751/2204/1338 1735/2198/1161 1748/2201/1335
f 1751/2204/1338 1750/2203/1337 1736/2181/1159
f 1751/2204/1338 1748/2201/1335 1750/2203/1337
f 1760/2205/1100 1752/2206/1102 1753/2207/1321
f 1389/2208/1087 1397/2209/1092 1759/2210/1339
f 1762/2211/1340 1753/2207/1322 1754/2212/1174
f 1762/2211/1340 1754/2212/1174 1758/2213/1170
f 1762/2211/1341 1760/2205/1100 1753/2207/1321
f 1763/2214/1342 1758/2213/1170 1757/2215/1169
f 1763/2214/1343 1761/2216/1098 1760/2205/1100
f 1763/2214/1343 1760/2205/1100 1762/2211/1341
f 1763/2214/1342 1762/2211/1340 1758/2213/1170
f 1764/2217/1344 1757/2215/1169 1449/2218/1168
f 1764/2217/1345 1395/2219/1096 1761/2216/1098
f 1764/2217/1345 1761/2216/1098 1763/2214/1343
f 1764/2217/1344 1763/2214/1342 1757/2215/1169
f 1765/2220/1346 1449/2218/1168 1756/2221/1172
f 1765/2220/1347 1396/2222/1094 1395/2219/1096
f 1765/2220/1346 1764/2217/1344 1449/2218/1168
f 1765/2220/1347 1395/2219/1096 1764/2217/1345
f 1766/2223/1348 1755/2224/1176 1771/2225/1179
f 1766/2223/1348 1756/2221/1172 1755/2224/1176
f 1766/2223/1348 1771/2225/1179 1759/2210/1349
f 1766/2223/1350 1397/2209/1092 1396/2222/1094
f 1766/2223/1350 1396/2222/1094 1765/2220/1347
f 1766/2223/1348 1765/2220/1346 1756/2221/1172
f 1766/2223/1350 1759/2210/1339 1397/2209/1092
f 1773/2039/1351 1768/2139/1022 1352/251/1021
f 1773/2039/1351 1769/2140/1024 1768/2139/1022
f 1737/2141/1326 1732/400/1026 1769/2140/1024
f 1737/2141/1326 1769/2140/1024 1773/2039/1351
f 1767/2226/1228 1737/2141/1324 1773/2039/1352
f 1759/2227/1339 1390/2040/1088 1389/251/1087
f 1772/2141/1353 1770/2228/1090 1390/2040/1088
f 1772/2141/1353 1391/400/1085 1770/2228/1090
f 1772/2141/1353 1390/2040/1088 1759/2227/1339
f 1771/2229/1179 1772/2141/1353 1759/2227/1349
f 1773/2230/1351 1352/251/1021 1353/2231/1028
f 1773/2230/1351 1353/2231/1028 1776/2232/1354
f 1775/2233/1229 1773/2230/1352 1776/2232/1355
f 1767/2234/1228 1773/2230/1352 1775/2233/1229
f 1774/2235/1356 1391/2236/1085 1772/2237/1353
f 1774/2235/1356 1388/2238/1054 1391/2236/1085
f 1780/2239/30 1774/2235/1356 1772/2237/1353
f 1781/2240/1357 1772/2237/1353 1771/2241/1179
f 1781/2240/1357 1780/2239/30 1772/2237/1353
f 1448/2242/1183 1781/2240/1357 1771/2241/1179
f 1779/2039/1358 1354/2139/1032 1777/251/1031
f 1776/2141/1354 1778/2140/1034 1354/2139/1032
f 1776/2141/1354 1353/400/1028 1778/2140/1034
f 1776/2141/1354 1354/2139/1032 1779/2039/1358
f 1775/2243/1229 1776/2141/1355 1779/2039/1359
f 1782/2244/1360 1388/2238/1054 1774/2235/1356
f 1782/2244/1360 1387/2245/1082 1388/2238/1054
f 1798/2246/1361 1774/2235/1356 1780/2239/30
f 1798/2246/1361 1782/2244/1360 1774/2235/1356
f 1783/2247/1362 1780/2239/30 1781/2240/1357
f 1783/2247/1362 1798/2246/1361 1780/2239/30
f 1447/2248/127 1781/2240/1357 1448/2242/1183
f 1447/2248/127 1783/2247/1362 1781/2240/1357
f 1784/2249/1044 1812/2250/1046 1787/2251/1363
f 1777/2252/1031 1786/2253/1035 1779/2254/1358
f 1792/2255/1364 1787/2251/1365 1842/2256/1208
f 1792/2255/1364 1842/2256/1208 1791/2257/1207
f 1792/2255/1366 1784/2249/1044 1787/2251/1363
f 1793/2258/1367 1360/2259/1041 1784/2249/1044
f 1793/2258/1368 1791/2257/1207 1790/2260/1209
f 1793/2258/1367 1784/2249/1044 1792/2255/1366
f 1793/2258/1368 1792/2255/1364 1791/2257/1207
f 1794/2261/1369 1785/2262/1039 1360/2259/1041
f 1794/2261/1370 1790/2260/1209 1789/2263/1213
f 1794/2261/1369 1360/2259/1041 1793/2258/1367
f 1794/2261/1370 1793/2258/1368 1790/2260/1209
f 1795/2264/1371 1361/2265/1037 1785/2262/1039
f 1795/2264/1372 1789/2263/1213 1437/2266/1217
f 1795/2264/1371 1785/2262/1039 1794/2261/1369
f 1795/2264/1372 1794/2261/1370 1789/2263/1213
f 1796/2267/1373 1775/2268/1229 1779/2254/1359
f 1796/2267/1374 1786/2253/1035 1361/2265/1037
f 1796/2267/1373 1788/2269/1227 1775/2268/1229
f 1796/2267/1373 1437/2266/1217 1788/2269/1227
f 1796/2267/1373 1795/2264/1372 1437/2266/1217
f 1796/2267/1374 1361/2265/1037 1795/2264/1371
f 1796/2267/1374 1779/2254/1358 1786/2253/1035
f 1799/2270/1375 1797/2271/1080 1387/168/1082
f 1799/2270/1375 1387/168/1082 1782/2272/1360
f 1800/2273/1376 1799/2270/1375 1782/2272/1360
f 1801/2274/1377 1799/2270/1375 1800/2273/1376
f 1801/2274/1377 1797/2271/1080 1799/2270/1375
f 1802/2275/1378 1782/2272/1360 1798/2276/1361
f 1802/2275/1378 1800/2273/1376 1782/2272/1360
f 1803/2277/1379 1381/2278/118 1797/2271/1080
f 1803/2277/1379 1797/2271/1080 1801/2274/1377
f 1804/2279/1380 1801/2274/1377 1800/2273/1376
f 1804/2279/1380 1800/2273/1376 1802/2275/1378
f 1805/2280/1381 1798/2276/1361 1783/2281/1362
f 1805/2280/1381 1802/2275/1378 1798/2276/1361
f 1806/2282/1382 137/2283/119 1381/2278/118
f 1806/2282/1382 1381/2278/118 1803/2277/1379
f 1806/2282/1382 1803/2277/1379 1801/2274/1377
f 1806/2282/1382 1801/2274/1377 1804/2279/1380
f 1807/2284/1383 1804/2279/1380 1802/2275/1378
f 1807/2284/1383 1802/2275/1378 1805/2280/1381
f 1808/2285/1384 1783/2281/1362 1447/156/127
f 1808/2285/1384 1447/156/127 139/2286/129
f 1808/2285/1384 1805/2280/1381 1783/2281/1362
f 1809/2287/1385 138/2288/131 137/2283/119
f 1809/2287/1385 1804/2279/1380 1807/2284/1383
f 1809/2287/1385 137/2283/119 1806/2282/1382
f 1809/2287/1385 1807/2284/1383 138/2288/131
f 1809/2287/1385 1806/2282/1382 1804/2279/1380
f 1810/2289/1386 139/2286/129 138/2288/131
f 1810/2289/1386 1808/2285/1384 139/2286/129
f 1810/2289/1386 138/2288/131 1807/2284/1383
f 1810/2289/1386 1807/2284/1383 1805/2280/1381
f 1810/2289/1386 1805/2280/1381 1808/2285/1384
f 1843/2039/1387 1813/2040/1049 1811/251/1048
f 1843/2039/1387 1814/2041/1051 1813/2040/1049
f 1787/2042/1363 1812/2043/1046 1814/2041/1051
f 1787/2042/1363 1814/2041/1051 1843/2039/1387
f 1842/2044/1208 1787/2042/1365 1843/2039/1387
f 1821/2290/1388 1439/2291/1196 1438/2292/1195
f 1824/2293/1389 1815/2294/120 1443/40/122
f 1824/2293/1389 1443/40/122 1442/2295/1201
f 1825/2296/1390 1816/2297/155 1815/2294/120
f 1825/2296/1390 1815/2294/120 1824/2293/1389
f 1826/2298/1391 1817/2299/125 1816/2297/155
f 1826/2298/1391 1818/45/123 1817/2299/125
f 1826/2298/1391 1377/2300/1070 1818/45/123
f 1826/2298/1391 1816/2297/155 1825/2296/1390
f 1827/2301/1392 1442/2295/1201 1820/2302/1200
f 1827/2301/1392 1824/2293/1389 1442/2295/1201
f 1828/2303/1393 1824/2293/1389 1827/2301/1392
f 1828/2303/1393 1825/2296/1390 1824/2293/1389
f 1829/2304/1394 1822/2305/1068 1377/2300/1070
f 1829/2304/1394 1826/2298/1391 1825/2296/1390
f 1829/2304/1394 1825/2296/1390 1828/2303/1393
f 1829/2304/1394 1377/2300/1070 1826/2298/1391
f 1830/2306/1395 1820/2302/1200 1819/2307/1205
f 1830/2306/1395 1827/2301/1392 1820/2302/1200
f 1831/2308/1396 1828/2303/1393 1827/2301/1392
f 1831/2308/1396 1827/2301/1392 1830/2306/1395
f 1832/2309/1397 1378/2310/1066 1822/2305/1068
f 1832/2309/1397 1828/2303/1393 1831/2308/1396
f 1832/2309/1397 1822/2305/1068 1829/2304/1394
f 1832/2309/1397 1829/2304/1394 1828/2303/1393
f 1833/2311/1398 1819/2307/1205 1441/2312/1204
f 1833/2311/1398 1830/2306/1395 1819/2307/1205
f 1834/2313/1399 1831/2308/1396 1830/2306/1395
f 1834/2313/1399 1830/2306/1395 1833/2311/1398
f 1835/2314/1400 1379/2315/1064 1378/2310/1066
f 1835/2314/1400 1378/2310/1066 1832/2309/1397
f 1835/2314/1400 1832/2309/1397 1831/2308/1396
f 1835/2314/1400 1831/2308/1396 1834/2313/1399
f 1836/2316/1401 1441/2312/1204 1440/2317/1197
f 1836/2316/1401 1833/2311/1398 1441/2312/1204
f 1837/2318/1402 1834/2313/1399 1833/2311/1398
f 1837/2318/1402 1833/2311/1398 1836/2316/1401
f 1838/2319/1403 1823/2320/1062 1379/2315/1064
f 1838/2319/1403 1379/2315/1064 1835/2314/1400
f 1838/2319/1403 1835/2314/1400 1834/2313/1399
f 1838/2319/1403 1834/2313/1399 1837/2318/1402
f 1839/2321/1404 1440/2317/1197 1439/2291/1196
f 1839/2321/1404 1821/2290/1388 1849/2322/1405
f 1839/2321/1404 1439/2291/1196 1821/2290/1388
f 1839/2321/1404 1836/2316/1401 1440/2317/1197
f 1840/2323/1406 1849/2322/1405 1848/2324/1407
f 1840/2323/1406 1839/2321/1404 1849/2322/1405
f 1840/2323/1406 1837/2318/1402 1836/2316/1401
f 1840/2323/1406 1838/2319/1403 1837/2318/1402
f 1840/2323/1406 1836/2316/1401 1839/2321/1404
f 1841/2325/1408 1848/2324/1407 1846/2326/1057
f 1841/2325/1408 1380/2327/1060 1823/2320/1062
f 1841/2325/1408 1846/2326/1057 1380/2327/1060
f 1841/2325/1408 1823/2320/1062 1838/2319/1403
f 1841/2325/1408 1838/2319/1403 1840/2323/1406
f 1841/2325/1408 1840/2323/1406 1848/2324/1407
f 1811/2328/1048 1368/2329/1054 1845/2330/1356
f 1843/2331/1387 1865/2332/1409 1864/2333/1410
f 1843/2331/1387 1845/2330/1356 1865/2332/1409
f 1843/2331/1387 1811/2328/1048 1845/2330/1356
f 1842/2334/1208 1864/2333/1410 1844/2335/1194
f 1842/2334/1208 1843/2331/1387 1864/2333/1410
f 1853/2336/1411 1847/2337/1055 1846/2338/1057
f 1853/2336/1411 1846/2338/1057 1848/2339/1407
f 1854/2340/1412 1847/2337/1055 1853/2336/1411
f 1855/2341/1413 1848/2339/1407 1849/2342/1405
f 1855/2341/1413 1853/2336/1411 1848/2339/1407
f 1856/2343/1414 1370/168/1052 1847/2337/1055
f 1856/2343/1414 1850/2272/1415 1370/168/1052
f 1856/2343/1414 1847/2337/1055 1854/2340/1412
f 1857/2344/1416 1854/2340/1412 1853/2336/1411
f 1857/2344/1416 1853/2336/1411 1855/2341/1413
f 1858/2345/1417 1854/2340/1412 1857/2344/1416
f 1858/2345/1417 1850/2272/1415 1856/2343/1414
f 1858/2345/1417 1856/2343/1414 1854/2340/1412
f 1859/2346/1418 1857/2344/1416 1855/2341/1413
f 1859/2346/1418 1855/2341/1413 1849/2342/1405
f 1860/2347/1419 1851/2276/1420 1850/2272/1415
f 1860/2347/1419 1850/2272/1415 1858/2345/1417
f 1860/2347/1419 1858/2345/1417 1857/2344/1416
f 1860/2347/1419 1857/2344/1416 1859/2346/1418
f 1861/2348/1421 1849/2342/1405 1821/2349/1388
f 1861/2348/1421 1859/2346/1418 1849/2342/1405
f 1862/2350/1422 1852/2281/1423 1851/2276/1420
f 1862/2350/1422 1851/2276/1420 1860/2347/1419
f 1862/2350/1422 1860/2347/1419 1859/2346/1418
f 1862/2350/1422 1859/2346/1418 1861/2348/1421
f 1863/2351/1424 1821/2349/1388 1438/156/1195
f 1863/2351/1424 1438/156/1195 1852/2281/1423
f 1863/2351/1424 1852/2281/1423 1862/2350/1422
f 1863/2351/1424 1861/2348/1421 1821/2349/1388
f 1863/2351/1424 1862/2350/1422 1861/2348/1421
f 1368/2329/1054 1370/2352/1052 1850/2353/1415
f 1845/2330/1356 1850/2353/1415 1851/2354/1420
f 1845/2330/1356 1368/2329/1054 1850/2353/1415
f 1865/2332/1409 1851/2354/1420 1852/2355/1423
f 1865/2332/1409 1845/2330/1356 1851/2354/1420
f 1864/2333/1410 1852/2355/1423 1438/2356/1195
f 1864/2333/1410 1865/2332/1409 1852/2355/1423
f 1844/2335/1194 1864/2333/1410 1438/2356/1195
f 94/2357/25 1460/1148/1206 1869/120/23
f 1889/2358/1425 1867/110/110 1866/109/109
f 1889/2358/1425 1866/109/109 1471/1153/1180
f 1890/2359/1426 1868/112/114 1867/110/113
f 1890/2359/1426 195/113/115 1868/112/114
f 1890/2359/1426 196/2360/170 195/113/115
f 1890/2359/1426 1867/110/113 1889/2358/1427
f 1891/2361/1428 1889/2358/1425 1471/1153/1180
f 1891/2361/1428 1471/1153/1180 1470/1157/1178
f 1892/2362/1429 1875/2363/171 196/2360/170
f 1892/2362/1429 1889/2358/1427 1891/2361/1430
f 1892/2362/1429 196/2360/170 1890/2359/1426
f 1892/2362/1429 1890/2359/1426 1889/2358/1427
f 1893/2364/1431 1470/1157/1178 1874/1161/1175
f 1893/2364/1431 1891/2361/1428 1470/1157/1178
f 1894/2365/1432 1875/2363/171 1892/2362/1429
f 1894/2365/1432 1876/2366/172 1875/2363/171
f 1894/2365/1432 1892/2362/1429 1891/2361/1430
f 1894/2365/1432 1891/2361/1430 1893/2364/1433
f 1895/2367/1434 1874/1161/1175 1469/1165/1171
f 1895/2367/1434 1893/2364/1431 1874/1161/1175
f 1896/2368/1435 1876/2366/172 1894/2365/1432
f 1896/2368/1435 1894/2365/1432 1893/2364/1433
f 1896/2368/1435 1877/2369/173 1876/2366/172
f 1896/2368/1435 1893/2364/1433 1895/2367/1436
f 1897/2370/1437 1469/1165/1171 1468/1169/1167
f 1897/2370/1437 1895/2367/1434 1469/1165/1171
f 1898/2371/1438 197/2372/174 1877/2369/173
f 1898/2371/1438 1896/2368/1435 1895/2367/1436
f 1898/2371/1438 1877/2369/173 1896/2368/1435
f 1898/2371/1438 1895/2367/1436 1897/2370/1439
f 1899/2373/1440 1468/1169/1167 1873/1173/1173
f 1899/2373/1440 1897/2370/1437 1468/1169/1167
f 1899/2373/1441 1898/2371/1438 1897/2370/1439
f 1900/2374/1442 1878/2375/175 197/2372/174
f 1900/2374/1442 1879/2376/176 1878/2375/175
f 1900/2374/1442 197/2372/174 1898/2371/1438
f 1900/2374/1442 1898/2371/1438 1899/2373/1441
f 1901/2377/1443 1873/1173/1173 1467/1177/1177
f 1901/2377/1444 1900/2374/1442 1899/2373/1441
f 1901/2377/1443 1899/2373/1440 1873/1173/1173
f 1902/2378/1445 1879/2376/176 1900/2374/1442
f 1902/2378/1445 1900/2374/1442 1901/2377/1444
f 1903/2379/1446 1467/1177/1177 1466/1181/1181
f 1903/2379/1446 1901/2377/1443 1467/1177/1177
f 1903/2379/1447 1902/2378/1445 1901/2377/1444
f 1904/2380/1448 1880/2381/177 1879/2376/176
f 1904/2380/1448 1879/2376/176 1902/2378/1445
f 1904/2380/1448 1902/2378/1445 1903/2379/1447
f 1905/2382/1449 1466/1181/1181 1465/1185/1182
f 1905/2382/1449 1903/2379/1446 1466/1181/1181
f 1906/2383/1450 1880/2381/177 1904/2380/1448
f 1906/2383/1450 1903/2379/1447 1905/2382/1451
f 1906/2383/1450 1881/2384/178 1880/2381/177
f 1906/2383/1450 1904/2380/1448 1903/2379/1447
f 1907/2385/1452 1465/1185/1182 1464/1189/1186
f 1907/2385/1453 1906/2383/1450 1905/2382/1451
f 1907/2385/1452 1905/2382/1449 1465/1185/1182
f 1908/2386/1454 1881/2384/178 1906/2383/1450
f 1908/2386/1454 1882/2387/179 1881/2384/178
f 1908/2386/1454 1906/2383/1450 1907/2385/1453
f 1909/2388/1455 1464/1189/1186 1872/1193/1185
f 1909/2388/1455 1907/2385/1452 1464/1189/1186
f 1910/2389/1456 1882/2387/179 1908/2386/1454
f 1910/2389/1456 1883/2390/180 1882/2387/179
f 1910/2389/1456 1908/2386/1454 1907/2385/1453
f 1910/2389/1456 1907/2385/1453 1909/2388/1457
f 1911/2391/1458 1872/1193/1185 1463/1197/1187
f 1911/2391/1458 1909/2388/1455 1872/1193/1185
f 1912/2392/1459 1884/2393/181 1883/2390/180
f 1912/2392/1459 1910/2389/1456 1909/2388/1457
f 1912/2392/1459 1909/2388/1457 1911/2391/1460
f 1912/2392/1459 1883/2390/180 1910/2389/1456
f 1913/2394/1461 1463/1197/1187 1462/1198/1189
f 1913/2394/1461 1911/2391/1458 1463/1197/1187
f 1914/2395/1462 198/2396/182 1884/2393/181
f 1914/2395/1462 1912/2392/1459 1911/2391/1460
f 1914/2395/1462 1911/2391/1460 1913/2394/1463
f 1914/2395/1462 1884/2393/181 1912/2392/1459
f 1915/2397/1464 1913/2394/1461 1462/1198/1189
f 1915/2397/1464 1462/1198/1189 1871/1205/1192
f 1916/2398/1465 1885/2399/183 198/2396/182
f 1916/2398/1465 198/2396/182 1914/2395/1462
f 1916/2398/1465 1913/2394/1463 1915/2397/1466
f 1916/2398/1465 1914/2395/1462 1913/2394/1463
f 1917/2400/1467 1871/1205/1192 1461/1209/1198
f 1917/2400/1467 1915/2397/1464 1871/1205/1192
f 1918/2401/1468 1915/2397/1466 1917/2400/1469
f 1918/2401/1468 1886/2402/184 1885/2399/183
f 1918/2401/1468 1885/2399/183 1916/2398/1465
f 1918/2401/1468 1916/2398/1465 1915/2397/1466
f 1919/2403/1470 1461/1209/1198 1870/1210/1202
f 1919/2403/1470 1917/2400/1467 1461/1209/1198
f 1919/2403/1471 1918/2401/1468 1917/2400/1469
f 1920/2404/1472 1887/2405/185 1886/2402/184
f 1920/2404/1472 1886/2402/184 1918/2401/1468
f 1920/2404/1472 1918/2401/1468 1919/2403/1471
f 1921/2406/1473 1870/1210/1202 1460/1148/1206
f 1921/2406/1473 1460/1148/1206 94/2357/25
f 1921/2406/1473 1919/2403/1470 1870/1210/1202
f 1921/2406/1474 1920/2404/1472 1919/2403/1471
f 1922/2407/1475 1921/2406/1474 94/2357/30
f 1922/2407/1475 94/2357/30 95/2408/29
f 1922/2407/1475 95/2408/29 1476/121/28
f 1922/2407/1475 1888/2409/186 1887/2405/185
f 1922/2407/1475 1476/121/28 1888/2409/186
f 1922/2407/1475 1887/2405/185 1920/2404/1472
f 1922/2407/1475 1920/2404/1472 1921/2406/1474
f 56/2410/20 1931/2411/604 55/2412/20
f 1923/2413/604 1932/2414/603 1931/2411/604
f 1923/2413/604 1931/2411/604 56/2410/20
f 586/2415/603 491/2416/600 1932/2414/603
f 586/2415/603 1932/2414/603 1923/2413/604
f 587/2417/600 1933/2418/598 491/2416/600
f 587/2417/600 491/2416/600 586/2415/603
f 588/2419/598 1933/2418/598 587/2417/600
f 1924/2420/597 492/2421/597 1933/2418/598
f 1924/2420/597 1934/2422/595 492/2421/597
f 1924/2420/597 1933/2418/598 588/2419/598
f 1925/2423/595 493/2424/592 1934/2422/595
f 1925/2423/595 1934/2422/595 1924/2420/597
f 1926/2425/592 494/2426/626 493/2424/592
f 1926/2425/592 493/2424/592 1925/2423/595
f 1927/2427/626 494/2426/626 1926/2425/592
f 589/2428/498 1935/2429/498 494/2426/626
f 589/2428/498 494/2426/626 1927/2427/626
f 1928/2430/588 1936/2431/588 1935/2429/498
f 1928/2430/588 495/2432/586 1936/2431/588
f 1928/2430/588 1935/2429/498 589/2428/498
f 1929/2433/586 496/2434/584 495/2432/586
f 1929/2433/586 495/2432/586 1928/2430/588
f 1930/2435/584 497/2436/582 496/2434/584
f 1930/2435/584 496/2434/584 1929/2433/586
f 590/2437/582 497/2436/582 1930/2435/584
f 591/2438/580 1937/2439/580 497/2436/582
f 591/2438/580 497/2436/582 590/2437/582
f 592/2440/578 1937/2439/580 591/2438/580
f 592/2440/578 498/2441/578 1937/2439/580
f 593/2442/576 498/2441/578 592/2440/578
f 593/2442/576 499/2443/576 498/2441/578
f 594/2444/574 499/2443/576 593/2442/576
f 594/2444/574 1938/2445/574 499/2443/576
f 594/2444/574 63/2/2 1938/2445/574
f 57/3/2 63/2/2 594/2444/574
f 1939/2410/20 474/2411/604 37/2412/20
f 1940/2413/604 475/2414/603 474/2411/604
f 1940/2413/604 474/2411/604 1939/2410/20
f 1941/2415/603 476/2416/600 475/2414/603
f 1941/2415/603 475/2414/603 1940/2413/604
f 574/2417/600 1955/2418/598 476/2416/600
f 574/2417/600 476/2416/600 1941/2415/603
f 1942/2419/598 1955/2418/598 574/2417/600
f 1943/2420/597 1956/2421/597 1955/2418/598
f 1943/2420/597 1957/2422/595 1956/2421/597
f 1943/2420/597 1955/2418/598 1942/2419/598
f 1944/2423/595 1958/2424/592 1957/2422/595
f 1944/2423/595 1957/2422/595 1943/2420/597
f 1945/2425/592 477/2426/626 1958/2424/592
f 1945/2425/592 1958/2424/592 1944/2423/595
f 1946/2427/626 477/2426/626 1945/2425/592
f 1947/2428/498 1959/2429/498 477/2426/626
f 1947/2428/498 477/2426/626 1946/2427/626
f 1948/2430/588 478/2431/588 1959/2429/498
f 1948/2430/588 1960/2432/586 478/2431/588
f 1948/2430/588 1959/2429/498 1947/2428/498
f 1949/2433/586 479/2434/584 1960/2432/586
f 1949/2433/586 1960/2432/586 1948/2430/588
f 1950/2435/584 480/2436/582 479/2434/584
f 1950/2435/584 479/2434/584 1949/2433/586
f 1951/2437/582 480/2436/582 1950/2435/584
f 1952/2438/580 481/2439/580 480/2436/582
f 1952/2438/580 480/2436/582 1951/2437/582
f 575/2440/578 481/2439/580 1952/2438/580
f 575/2440/578 482/2441/578 481/2439/580
f 1953/2442/576 482/2441/578 575/2440/578
f 1953/2442/576 1961/2443/576 482/2441/578
f 576/2444/623 1961/2443/576 1953/2442/576
f 576/2444/623 483/2445/623 1961/2443/576
f 576/2444/623 1962/2/2 483/2445/623
f 1954/3/2 1962/2/2 576/2444/623
f 1963/2410/20 458/2411/604 457/2412/20
f 1964/2413/604 1981/2414/603 458/2411/604
f 1964/2413/604 458/2411/604 1963/2410/20
f 1965/2415/603 459/2416/600 1981/2414/603
f 1965/2415/603 1981/2414/603 1964/2413/604
f 1966/2417/600 460/2418/598 459/2416/600
f 1966/2417/600 459/2416/600 1965/2415/603
f 1967/2419/598 460/2418/598 1966/2417/600
f 1968/2420/597 461/2421/597 460/2418/598
f 1968/2420/597 462/2422/595 461/2421/597
f 1968/2420/597 460/2418/598 1967/2419/598
f 1969/2423/595 463/2424/592 462/2422/595
f 1969/2423/595 462/2422/595 1968/2420/597
f 1970/2425/592 1982/2426/626 463/2424/592
f 1970/2425/592 463/2424/592 1969/2423/595
f 1971/2427/626 1982/2426/626 1970/2425/592
f 1972/2428/498 1983/2429/498 1982/2426/626
f 1972/2428/498 1982/2426/626 1971/2427/626
f 1973/2430/588 1984/2431/588 1983/2429/498
f 1973/2430/588 1985/2432/586 1984/2431/588
f 1973/2430/588 1983/2429/498 1972/2428/498
f 1974/2433/586 1986/2434/584 1985/2432/586
f 1974/2433/586 1985/2432/586 1973/2430/588
f 1975/2435/584 1987/2436/582 1986/2434/584
f 1975/2435/584 1986/2434/584 1974/2433/586
f 1976/2437/582 1987/2436/582 1975/2435/584
f 1977/2438/580 1988/2439/580 1987/2436/582
f 1977/2438/580 1987/2436/582 1976/2437/582
f 1978/2440/578 1988/2439/580 1977/2438/580
f 1978/2440/578 464/2441/578 1988/2439/580
f 1979/2442/576 464/2441/578 1978/2440/578
f 1979/2442/576 1989/2443/576 464/2441/578
f 1980/2444/623 1989/2443/576 1979/2442/576
f 1980/2444/623 465/2445/623 1989/2443/576
f 1980/2444/623 1990/2/2 465/2445/623
f 566/3/2 1990/2/2 1980/2444/623
f 544/2410/20 1996/2411/604 447/2412/20
f 545/2413/604 1997/2414/603 1996/2411/604
f 545/2413/604 1996/2411/604 544/2410/20
f 546/2415/603 1998/2416/600 1997/2414/603
f 546/2415/603 1997/2414/603 545/2413/604
f 547/2417/600 1999/2418/598 1998/2416/600
f 547/2417/600 1998/2416/600 546/2415/603
f 548/2419/598 1999/2418/598 547/2417/600
f 549/2420/597 2000/2421/597 1999/2418/598
f 549/2420/597 2001/2422/595 2000/2421/597
f 549/2420/597 1999/2418/598 548/2419/598
f 550/2423/595 2002/2424/592 2001/2422/595
f 550/2423/595 2001/2422/595 549/2420/597
f 1991/2425/592 2003/2426/626 2002/2424/592
f 1991/2425/592 2002/2424/592 550/2423/595
f 551/2427/626 2003/2426/626 1991/2425/592
f 1992/2428/498 2004/2429/498 2003/2426/626
f 1992/2428/498 2003/2426/626 551/2427/626
f 1993/2430/588 2005/2431/588 2004/2429/498
f 1993/2430/588 2006/2432/586 2005/2431/588
f 1993/2430/588 2004/2429/498 1992/2428/498
f 1994/2433/586 2007/2434/584 2006/2432/586
f 1994/2433/586 2006/2432/586 1993/2430/588
f 552/2435/584 2008/2436/582 2007/2434/584
f 552/2435/584 2007/2434/584 1994/2433/586
f 553/2437/582 2008/2436/582 552/2435/584
f 1995/2438/580 2009/2439/580 2008/2436/582
f 1995/2438/580 2008/2436/582 553/2437/582
f 554/2440/578 2009/2439/580 1995/2438/580
f 554/2440/578 2010/2441/578 2009/2439/580
f 555/2442/576 2010/2441/578 554/2440/578
f 555/2442/576 2011/2443/576 2010/2441/578
f 556/2444/574 2011/2443/576 555/2442/576
f 556/2444/574 2012/2445/574 2011/2443/576
f 556/2444/574 2013/2/2 2012/2445/574
f 557/3/2 2013/2/2 556/2444/574
f 2069/2446/364 2019/2447/372 2018/2448/1476
f 2020/2449/1477 2069/2446/364 2018/2448/1476
f 2070/2450/1478 2018/2448/1476 2017/2451/1479
f 2070/2450/1478 2020/2449/1477 2018/2448/1476
f 2071/2452/1480 2017/2451/1479 2016/2453/1481
f 2071/2452/1480 2070/2450/1478 2017/2451/1479
f 2072/2454/1482 2015/2455/1483 2014/2456/1484
f 2072/2454/1482 2016/2453/1481 2015/2455/1483
f 2072/2454/1482 2071/2452/1480 2016/2453/1481
f 2021/2457/1485 2072/2454/1482 2014/2456/1484
f 643/2458/434 2014/2456/1484 2122/2459/437
f 643/2458/434 2021/2457/1485 2014/2456/1484
f 2028/2460/1486 2023/251/433 2126/2461/1487
f 2028/2460/1486 2024/2462/1488 2023/251/433
f 2029/2463/1489 2126/2461/1487 2022/263/1490
f 2029/2463/1489 2028/2460/1486 2126/2461/1487
f 2030/2464/1491 2022/263/1490 2125/2465/1492
f 2030/2464/1491 2029/2463/1489 2022/263/1490
f 2031/2466/1493 2115/2467/1494 2024/2462/1488
f 2031/2466/1493 2024/2462/1488 2028/2460/1486
f 2031/2466/1493 2028/2460/1486 2029/2463/1489
f 2032/2468/1495 2030/2464/1491 2125/2465/1492
f 2033/2469/1496 2031/2466/1493 2029/2463/1489
f 2033/2469/1496 2029/2463/1489 2030/2464/1491
f 2034/2470/1497 2025/255/1498 2115/2467/1494
f 2034/2470/1497 2115/2467/1494 2031/2466/1493
f 2035/2471/1499 2125/2465/1492 2124/275/1500
f 2035/2471/1499 2032/2468/1495 2125/2465/1492
f 2036/2472/1501 2033/2469/1496 2030/2464/1491
f 2036/2472/1501 2030/2464/1491 2032/2468/1495
f 2037/2473/1502 2031/2466/1493 2033/2469/1496
f 2037/2473/1502 2034/2470/1497 2031/2466/1493
f 2038/2474/1503 2124/275/1500 2123/2475/1504
f 2038/2474/1503 2035/2471/1499 2124/275/1500
f 2039/2476/1505 2032/2468/1495 2035/2471/1499
f 2039/2476/1505 2036/2472/1501 2032/2468/1495
f 2040/2477/1506 2033/2469/1496 2036/2472/1501
f 2040/2477/1506 2037/2473/1502 2033/2469/1496
f 2041/2478/1507 2026/2479/1508 2025/255/1498
f 2041/2478/1507 2025/255/1498 2034/2470/1497
f 2041/2478/1507 2034/2470/1497 2037/2473/1502
f 2042/2480/1509 2123/2475/1504 2122/287/437
f 2042/2480/1509 2122/287/437 2014/2481/1484
f 2042/2480/1509 2038/2474/1503 2123/2475/1504
f 2043/2482/1510 2035/2471/1499 2038/2474/1503
f 2043/2482/1510 2039/2476/1505 2035/2471/1499
f 2044/2483/1511 2036/2472/1501 2039/2476/1505
f 2044/2483/1511 2040/2477/1506 2036/2472/1501
f 2045/2484/1512 2037/2473/1502 2040/2477/1506
f 2045/2484/1512 2041/2478/1507 2037/2473/1502
f 2046/2485/1513 2027/2486/1514 2026/2479/1508
f 2046/2485/1513 2026/2479/1508 2041/2478/1507
f 2047/2487/1515 2014/2481/1484 2015/2488/1483
f 2047/2487/1515 2042/2480/1509 2014/2481/1484
f 2047/2487/1515 2038/2474/1503 2042/2480/1509
f 2047/2487/1515 2043/2482/1510 2038/2474/1503
f 2048/2489/1516 2039/2476/1505 2043/2482/1510
f 2048/2489/1516 2044/2483/1511 2039/2476/1505
f 2049/2490/1517 2040/2477/1506 2044/2483/1511
f 2049/2490/1517 2045/2484/1512 2040/2477/1506
f 2050/2491/1518 2041/2478/1507 2045/2484/1512
f 2050/2491/1518 2046/2485/1513 2041/2478/1507
f 2051/2492/1519 2043/2482/1510 2047/2487/1515
f 2051/2492/1519 2048/2489/1516 2043/2482/1510
f 2052/2493/1520 2044/2483/1511 2048/2489/1516
f 2052/2493/1520 2049/2490/1517 2044/2483/1511
f 2053/2494/1521 2050/2491/1518 2045/2484/1512
f 2053/2494/1521 2045/2484/1512 2049/2490/1517
f 2054/2495/1522 2019/40/372 2027/2486/1514
f 2054/2495/1522 2027/2486/1514 2046/2485/1513
f 2054/2495/1522 2046/2485/1513 2050/2491/1518
f 2055/2496/1523 2051/2492/1519 2047/2487/1515
f 2055/2496/1523 2015/2488/1483 2016/288/1481
f 2055/2496/1523 2047/2487/1515 2015/2488/1483
f 2056/2497/1524 2048/2489/1516 2051/2492/1519
f 2056/2497/1524 2052/2493/1520 2048/2489/1516
f 2057/2498/1525 2053/2494/1521 2049/2490/1517
f 2057/2498/1525 2049/2490/1517 2052/2493/1520
f 2058/2499/1526 2054/2495/1522 2050/2491/1518
f 2058/2499/1526 2050/2491/1518 2053/2494/1521
f 2058/2499/1526 2019/40/372 2054/2495/1522
f 2059/2500/1527 2016/288/1481 2017/2501/1479
f 2059/2500/1527 2055/2496/1523 2016/288/1481
f 2059/2500/1527 2051/2492/1519 2055/2496/1523
f 2059/2500/1527 2056/2497/1524 2051/2492/1519
f 2060/2502/1528 2052/2493/1520 2056/2497/1524
f 2060/2502/1528 2057/2498/1525 2052/2493/1520
f 2061/2503/1529 2053/2494/1521 2057/2498/1525
f 2061/2503/1529 2058/2499/1526 2053/2494/1521
f 2061/2503/1529 2019/40/372 2058/2499/1526
f 2062/2504/1530 2056/2497/1524 2059/2500/1527
f 2062/2504/1530 2060/2502/1528 2056/2497/1524
f 2063/2505/1531 2061/2503/1529 2057/2498/1525
f 2063/2505/1531 2019/40/372 2061/2503/1529
f 2063/2505/1531 2057/2498/1525 2060/2502/1528
f 2064/2506/1532 2017/2501/1479 2018/2507/1476
f 2064/2506/1532 2062/2504/1530 2059/2500/1527
f 2064/2506/1532 2059/2500/1527 2017/2501/1479
f 2065/2508/1533 2019/76/372 2063/2505/1531
f 2065/2508/1533 2060/2502/1528 2062/2504/1530
f 2065/2508/1533 2063/2505/1531 2060/2502/1528
f 2066/2509/1534 2018/2507/1476 2019/76/372
f 2066/2509/1534 2019/76/372 2065/2508/1533
f 2066/2509/1534 2064/2506/1532 2018/2507/1476
f 2066/2509/1534 2062/2504/1530 2064/2506/1532
f 2066/2509/1534 2065/2508/1533 2062/2504/1530
f 2076/2510/1535 2021/2481/1485 643/287/434
f 2076/2510/1535 643/287/434 2139/2511/1536
f 2077/2512/1537 2139/2511/1536 2075/299/1538
f 2077/2512/1537 2076/2510/1535 2139/2511/1536
f 2078/2513/1539 2075/299/1538 2138/2514/1540
f 2078/2513/1539 2077/2512/1537 2075/299/1538
f 2079/2515/1541 2072/2488/1482 2021/2481/1485
f 2079/2515/1541 2076/2510/1535 2077/2512/1537
f 2079/2515/1541 2021/2481/1485 2076/2510/1535
f 2080/2516/1542 2078/2513/1539 2138/2514/1540
f 2081/2517/1543 2079/2515/1541 2077/2512/1537
f 2081/2517/1543 2077/2512/1537 2078/2513/1539
f 2082/2518/1544 2071/288/1480 2072/2488/1482
f 2082/2518/1544 2072/2488/1482 2079/2515/1541
f 2083/2519/1545 2138/2514/1540 2074/311/1546
f 2083/2519/1545 2080/2516/1542 2138/2514/1540
f 2084/2520/1547 2081/2517/1543 2078/2513/1539
f 2084/2520/1547 2078/2513/1539 2080/2516/1542
f 2085/2521/1548 2079/2515/1541 2081/2517/1543
f 2085/2521/1548 2082/2518/1544 2079/2515/1541
f 2086/2522/1549 2074/311/1546 2073/2523/1550
f 2086/2522/1549 2083/2519/1545 2074/311/1546
f 2087/2524/1551 2080/2516/1542 2083/2519/1545
f 2087/2524/1551 2084/2520/1547 2080/2516/1542
f 2088/2525/1552 2081/2517/1543 2084/2520/1547
f 2088/2525/1552 2085/2521/1548 2081/2517/1543
f 2089/2526/1553 2070/2501/1478 2071/288/1480
f 2089/2526/1553 2071/288/1480 2082/2518/1544
f 2089/2526/1553 2082/2518/1544 2085/2521/1548
f 2090/2527/1554 640/168/422 2068/2528/1555
f 2090/2527/1554 2073/2523/1550 640/168/422
f 2090/2527/1554 2086/2522/1549 2073/2523/1550
f 2091/2529/1556 2083/2519/1545 2086/2522/1549
f 2091/2529/1556 2087/2524/1551 2083/2519/1545
f 2092/2530/1557 2084/2520/1547 2087/2524/1551
f 2092/2530/1557 2088/2525/1552 2084/2520/1547
f 2093/2531/1558 2085/2521/1548 2088/2525/1552
f 2093/2531/1558 2089/2526/1553 2085/2521/1548
f 2094/2532/1559 2020/2507/1477 2070/2501/1478
f 2094/2532/1559 2070/2501/1478 2089/2526/1553
f 2095/2533/1560 2068/2528/1555 2146/2534/1561
f 2095/2533/1560 2090/2527/1554 2068/2528/1555
f 2095/2533/1560 2086/2522/1549 2090/2527/1554
f 2095/2533/1560 2091/2529/1556 2086/2522/1549
f 2096/2535/1562 2087/2524/1551 2091/2529/1556
f 2096/2535/1562 2092/2530/1557 2087/2524/1551
f 2097/2536/1563 2088/2525/1552 2092/2530/1557
f 2097/2536/1563 2093/2531/1558 2088/2525/1552
f 2098/2537/1564 2089/2526/1553 2093/2531/1558
f 2098/2537/1564 2094/2532/1559 2089/2526/1553
f 2099/2538/1565 2091/2529/1556 2095/2533/1560
f 2099/2538/1565 2096/2535/1562 2091/2529/1556
f 2100/2539/1566 2092/2530/1557 2096/2535/1562
f 2100/2539/1566 2097/2536/1563 2092/2530/1557
f 2101/2540/1567 2098/2537/1564 2093/2531/1558
f 2101/2540/1567 2093/2531/1558 2097/2536/1563
f 2102/2541/1568 2069/76/364 2020/2507/1477
f 2102/2541/1568 2020/2507/1477 2094/2532/1559
f 2102/2541/1568 2094/2532/1559 2098/2537/1564
f 2103/2542/1569 2146/2534/1561 2067/322/1570
f 2103/2542/1569 2095/2533/1560 2146/2534/1561
f 2103/2542/1569 2099/2538/1565 2095/2533/1560
f 2104/2543/1571 2096/2535/1562 2099/2538/1565
f 2104/2543/1571 2100/2539/1566 2096/2535/1562
f 2105/2544/1572 2101/2540/1567 2097/2536/1563
f 2105/2544/1572 2097/2536/1563 2100/2539/1566
f 2106/2545/1573 2098/2537/1564 2101/2540/1567
f 2106/2545/1573 2102/2541/1568 2098/2537/1564
f 2106/2545/1573 2069/76/364 2102/2541/1568
f 2107/2546/1574 2067/322/1570 2145/2547/1575
f 2107/2546/1574 2103/2542/1569 2067/322/1570
f 2107/2546/1574 2099/2538/1565 2103/2542/1569
f 2107/2546/1574 2104/2543/1571 2099/2538/1565
f 2108/2548/1576 2100/2539/1566 2104/2543/1571
f 2108/2548/1576 2105/2544/1572 2100/2539/1566
f 2109/2549/1577 2101/2540/1567 2105/2544/1572
f 2109/2549/1577 2106/2545/1573 2101/2540/1567
f 2109/2549/1577 2069/76/364 2106/2545/1573
f 2110/2550/1578 2104/2543/1571 2107/2546/1574
f 2110/2550/1578 2108/2548/1576 2104/2543/1571
f 2111/2551/1579 2109/2549/1577 2105/2544/1572
f 2111/2551/1579 2105/2544/1572 2108/2548/1576
f 2111/2551/1579 2069/76/364 2109/2549/1577
f 2112/2552/1580 2145/2547/1575 2144/2553/1581
f 2112/2552/1580 2110/2550/1578 2107/2546/1574
f 2112/2552/1580 2107/2546/1574 2145/2547/1575
f 2113/2554/1582 2108/2548/1576 2110/2550/1578
f 2113/2554/1582 2069/109/364 2111/2551/1579
f 2113/2554/1582 2111/2551/1579 2108/2548/1576
f 2114/2555/1583 2144/2553/1581 2069/109/364
f 2114/2555/1583 2069/109/364 2113/2554/1582
f 2114/2555/1583 2112/2552/1580 2144/2553/1581
f 2114/2555/1583 2110/2550/1578 2112/2552/1580
f 2114/2555/1583 2113/2554/1582 2110/2550/1578
f 2027/2556/1514 2019/2557/372 2116/2558/370
f 2027/2556/1514 2116/2558/370 2121/2559/1584
f 2026/2560/1508 2121/2559/1584 2120/2561/1585
f 2026/2560/1508 2027/2556/1514 2121/2559/1584
f 2025/2562/1498 2120/2561/1585 2119/2563/1586
f 2025/2562/1498 2026/2560/1508 2120/2561/1585
f 2115/2564/1494 2119/2563/1586 2118/2565/1587
f 2115/2564/1494 2025/2562/1498 2119/2563/1586
f 2024/2566/1488 2118/2565/1587 2117/2567/1588
f 2024/2566/1488 2115/2564/1494 2118/2565/1587
f 2023/2568/433 2117/2567/1588 642/2569/430
f 2023/2568/433 2024/2566/1488 2117/2567/1588
f 2200/2570/1589 2122/1344/437 2123/2571/1504
f 2200/2570/1589 2133/2572/435 2122/1344/437
f 2127/2573/1590 2123/2571/1504 2124/2574/1500
f 2127/2573/1590 2200/2570/1589 2123/2571/1504
f 2201/2575/1591 2124/2574/1500 2125/2576/1492
f 2201/2575/1591 2127/2573/1590 2124/2574/1500
f 2128/2577/1592 2125/2576/1492 2022/2578/1490
f 2128/2577/1592 2201/2575/1591 2125/2576/1492
f 2129/2579/1593 2022/2578/1490 2126/2580/1487
f 2129/2579/1593 2128/2577/1592 2022/2578/1490
f 2202/2581/432 2126/2580/1487 2023/2558/433
f 2202/2581/432 2129/2579/1593 2126/2580/1487
f 2198/2582/1594 2353/2583/410 2248/2584/1595
f 2198/2582/1594 2134/2585/421 2353/2583/410
f 2135/2586/1596 2132/2587/1597 2247/2588/1598
f 2135/2586/1596 2248/2584/1595 2132/2587/1597
f 2135/2586/1596 2198/2582/1594 2248/2584/1595
f 2199/2589/1599 2135/2586/1596 2247/2588/1598
f 2136/2590/1600 2247/2588/1598 2131/2591/1601
f 2136/2590/1600 2199/2589/1599 2247/2588/1598
f 2137/2592/1602 2131/2591/1601 2130/2593/1603
f 2137/2592/1602 2136/2590/1600 2131/2591/1601
f 2133/2594/435 2130/2593/1603 2246/2595/436
f 2133/2594/435 2137/2592/1602 2130/2593/1603
f 2140/2596/1604 640/2597/422 2073/2598/1550
f 2140/2596/1604 2073/2598/1550 2074/2599/1546
f 2140/2596/1604 639/2600/423 640/2597/422
f 2141/2601/1605 2140/2596/1604 2074/2599/1546
f 2142/2602/1606 2074/2599/1546 2138/2603/1540
f 2142/2602/1606 2141/2601/1605 2074/2599/1546
f 2245/2604/1607 2138/2603/1540 2075/2605/1538
f 2245/2604/1607 2142/2602/1606 2138/2603/1540
f 2143/2606/1608 2075/2605/1538 2139/2607/1536
f 2143/2606/1608 2245/2604/1607 2075/2605/1538
f 2246/2608/436 2139/2607/1536 643/2609/434
f 2246/2608/436 2143/2606/1608 2139/2607/1536
f 2147/2446/357 2069/2610/364 2144/2611/1581
f 2148/2449/1609 2144/2611/1581 2145/2612/1575
f 2148/2449/1609 2147/2446/357 2144/2611/1581
f 2295/2450/1610 2145/2612/1575 2067/2613/1570
f 2295/2450/1610 2148/2449/1609 2145/2612/1575
f 2296/2452/1611 2067/2613/1570 2146/2614/1561
f 2296/2452/1611 2295/2450/1610 2067/2613/1570
f 2297/2454/1612 2146/2614/1561 2068/2615/1555
f 2297/2454/1612 2296/2452/1611 2146/2614/1561
f 2149/2457/1613 2068/2615/1555 640/2616/422
f 2149/2457/1613 2297/2454/1612 2068/2615/1555
f 2298/2458/425 2149/2457/1613 640/2616/422
f 2116/2617/370 2147/2558/357 2294/2559/1614
f 2150/2618/1615 2294/2559/1614 2293/2561/1616
f 2150/2618/1615 2116/2617/370 2294/2559/1614
f 2152/2619/1617 2293/2561/1616 2292/2563/1618
f 2152/2619/1617 2150/2618/1615 2293/2561/1616
f 2153/2620/1619 2292/2563/1618 2291/2565/1620
f 2153/2620/1619 2152/2619/1617 2292/2563/1618
f 2154/2621/1621 2291/2565/1620 2290/2567/1622
f 2154/2621/1621 2153/2620/1619 2291/2565/1620
f 2155/2622/1623 2290/2567/1622 641/2569/427
f 2155/2622/1623 2154/2621/1621 2290/2567/1622
f 2151/2623/426 2155/2622/1623 641/2569/427
f 2159/2624/1624 2155/2625/1623 2151/156/426
f 2159/2624/1624 2151/156/426 2158/2626/1625
f 2160/2627/1626 2158/2626/1625 2342/190/1627
f 2160/2627/1626 2159/2624/1624 2158/2626/1625
f 2161/2628/1628 2342/190/1627 2157/158/1629
f 2161/2628/1628 2160/2627/1626 2342/190/1627
f 2162/2629/1630 2154/2630/1621 2155/2625/1623
f 2162/2629/1630 2159/2624/1624 2160/2627/1626
f 2162/2629/1630 2155/2625/1623 2159/2624/1624
f 2163/2631/1631 2161/2628/1628 2157/158/1629
f 2164/2632/1632 2162/2629/1630 2160/2627/1626
f 2164/2632/1632 2160/2627/1626 2161/2628/1628
f 2165/2633/1633 2153/1183/1619 2154/2630/1621
f 2165/2633/1633 2154/2630/1621 2162/2629/1630
f 2166/2634/1634 2157/158/1629 2156/196/1635
f 2166/2634/1634 2163/2631/1631 2157/158/1629
f 2167/2635/1636 2164/2632/1632 2161/2628/1628
f 2167/2635/1636 2161/2628/1628 2163/2631/1631
f 2168/2636/1637 2165/2633/1633 2162/2629/1630
f 2168/2636/1637 2162/2629/1630 2164/2632/1632
f 2169/2637/1638 2156/196/1635 2341/2638/1639
f 2169/2637/1638 2166/2634/1634 2156/196/1635
f 2170/2639/1640 2163/2631/1631 2166/2634/1634
f 2170/2639/1640 2167/2635/1636 2163/2631/1631
f 2171/2640/1641 2164/2632/1632 2167/2635/1636
f 2171/2640/1641 2168/2636/1637 2164/2632/1632
f 2172/2641/1642 2152/2642/1617 2153/1183/1619
f 2172/2641/1642 2165/2633/1633 2168/2636/1637
f 2172/2641/1642 2153/1183/1619 2165/2633/1633
f 2173/2643/1643 642/203/430 2117/2644/1588
f 2173/2643/1643 2341/2638/1639 642/203/430
f 2173/2643/1643 2169/2637/1638 2341/2638/1639
f 2174/2645/1644 2166/2634/1634 2169/2637/1638
f 2174/2645/1644 2170/2639/1640 2166/2634/1634
f 2175/2646/1645 2167/2635/1636 2170/2639/1640
f 2175/2646/1645 2171/2640/1641 2167/2635/1636
f 2176/2647/1646 2168/2636/1637 2171/2640/1641
f 2176/2647/1646 2172/2641/1642 2168/2636/1637
f 2177/2648/1647 2150/2649/1615 2152/2642/1617
f 2177/2648/1647 2152/2642/1617 2172/2641/1642
f 2178/2650/1648 2117/2644/1588 2118/2651/1587
f 2178/2650/1648 2173/2643/1643 2117/2644/1588
f 2178/2650/1648 2169/2637/1638 2173/2643/1643
f 2178/2650/1648 2174/2645/1644 2169/2637/1638
f 2179/2652/1649 2170/2639/1640 2174/2645/1644
f 2179/2652/1649 2175/2646/1645 2170/2639/1640
f 2180/2653/1650 2171/2640/1641 2175/2646/1645
f 2180/2653/1650 2176/2647/1646 2171/2640/1641
f 2181/2654/1651 2172/2641/1642 2176/2647/1646
f 2181/2654/1651 2177/2648/1647 2172/2641/1642
f 2182/2655/1652 2174/2645/1644 2178/2650/1648
f 2182/2655/1652 2179/2652/1649 2174/2645/1644
f 2183/2656/1653 2175/2646/1645 2179/2652/1649
f 2183/2656/1653 2180/2653/1650 2175/2646/1645
f 2184/2657/1654 2181/2654/1651 2176/2647/1646
f 2184/2657/1654 2176/2647/1646 2180/2653/1650
f 2185/2658/1655 2177/2648/1647 2181/2654/1651
f 2185/2658/1655 2116/1185/370 2150/2649/1615
f 2185/2658/1655 2150/2649/1615 2177/2648/1647
f 2186/2659/1656 2118/2651/1587 2119/1216/1586
f 2186/2659/1656 2182/2655/1652 2178/2650/1648
f 2186/2659/1656 2178/2650/1648 2118/2651/1587
f 2187/2660/1657 2179/2652/1649 2182/2655/1652
f 2187/2660/1657 2183/2656/1653 2179/2652/1649
f 2188/2661/1658 2184/2657/1654 2180/2653/1650
f 2188/2661/1658 2180/2653/1650 2183/2656/1653
f 2189/2662/1659 2116/1185/370 2185/2658/1655
f 2189/2662/1659 2181/2654/1651 2184/2657/1654
f 2189/2662/1659 2185/2658/1655 2181/2654/1651
f 2190/2663/1660 2119/1216/1586 2120/2664/1585
f 2190/2663/1660 2187/2660/1657 2182/2655/1652
f 2190/2663/1660 2186/2659/1656 2119/1216/1586
f 2190/2663/1660 2182/2655/1652 2186/2659/1656
f 2191/2665/1661 2183/2656/1653 2187/2660/1657
f 2191/2665/1661 2188/2661/1658 2183/2656/1653
f 2192/2666/1662 2184/2657/1654 2188/2661/1658
f 2192/2666/1662 2189/2662/1659 2184/2657/1654
f 2192/2666/1662 2116/1185/370 2189/2662/1659
f 2193/2667/1663 2187/2660/1657 2190/2663/1660
f 2193/2667/1663 2191/2665/1661 2187/2660/1657
f 2194/2668/1664 2188/2661/1658 2191/2665/1661
f 2194/2668/1664 2116/1185/370 2192/2666/1662
f 2194/2668/1664 2192/2666/1662 2188/2661/1658
f 2195/2669/1665 2120/2664/1585 2121/2670/1584
f 2195/2669/1665 2193/2667/1663 2190/2663/1660
f 2195/2669/1665 2190/2663/1660 2120/2664/1585
f 2196/2671/1666 2191/2665/1661 2193/2667/1663
f 2196/2671/1666 2116/120/370 2194/2668/1664
f 2196/2671/1666 2194/2668/1664 2191/2665/1661
f 2197/2672/1667 2121/2670/1584 2116/120/370
f 2197/2672/1667 2116/120/370 2196/2671/1666
f 2197/2672/1667 2195/2669/1665 2121/2670/1584
f 2197/2672/1667 2193/2667/1663 2195/2669/1665
f 2197/2672/1667 2196/2671/1666 2193/2667/1663
f 2206/2673/1668 2346/2674/1669 2134/1273/421
f 2207/2675/1670 2206/2673/1668 2134/1273/421
f 2208/2676/1671 2207/2675/1670 2134/1273/421
f 2209/2677/1672 2347/2678/1673 2346/2674/1669
f 2209/2677/1672 2206/2673/1668 2207/2675/1670
f 2209/2677/1672 2346/2674/1669 2206/2673/1668
f 2210/2679/1674 2208/2676/1671 2134/1273/421
f 2211/2680/1675 2207/2675/1670 2208/2676/1671
f 2211/2680/1675 2209/2677/1672 2207/2675/1670
f 2212/2681/1676 2203/2682/1677 2347/2678/1673
f 2212/2681/1676 2347/2678/1673 2209/2677/1672
f 2213/2683/1678 2210/2679/1674 2134/1277/421
f 2214/2684/1679 2211/2680/1675 2208/2676/1671
f 2214/2684/1679 2208/2676/1671 2210/2679/1674
f 2215/2685/1680 2209/2677/1672 2211/2680/1675
f 2215/2685/1680 2212/2681/1676 2209/2677/1672
f 2216/2686/1681 2213/2683/1678 2134/1277/421
f 2217/2687/1682 2210/2679/1674 2213/2683/1678
f 2217/2687/1682 2214/2684/1679 2210/2679/1674
f 2218/2688/1683 2211/2680/1675 2214/2684/1679
f 2218/2688/1683 2215/2685/1680 2211/2680/1675
f 2219/2689/1684 2204/2690/1685 2203/2682/1677
f 2219/2689/1684 2203/2682/1677 2212/2681/1676
f 2219/2689/1684 2212/2681/1676 2215/2685/1680
f 2220/2691/1686 2134/1277/421 2198/2692/1594
f 2220/2691/1686 2216/2686/1681 2134/1277/421
f 2221/2693/1687 2213/2683/1678 2216/2686/1681
f 2221/2693/1687 2217/2687/1682 2213/2683/1678
f 2222/2694/1688 2214/2684/1679 2217/2687/1682
f 2222/2694/1688 2218/2688/1683 2214/2684/1679
f 2223/2695/1689 2215/2685/1680 2218/2688/1683
f 2223/2695/1689 2219/2689/1684 2215/2685/1680
f 2224/2696/1690 2205/2697/1691 2204/2690/1685
f 2224/2696/1690 2204/2690/1685 2219/2689/1684
f 2225/2698/1692 2198/2692/1594 2135/2699/1596
f 2225/2698/1692 2220/2691/1686 2198/2692/1594
f 2225/2698/1692 2216/2686/1681 2220/2691/1686
f 2225/2698/1692 2221/2693/1687 2216/2686/1681
f 2226/2700/1693 2222/2694/1688 2217/2687/1682
f 2226/2700/1693 2217/2687/1682 2221/2693/1687
f 2227/2701/1694 2218/2688/1683 2222/2694/1688
f 2227/2701/1694 2223/2695/1689 2218/2688/1683
f 2228/2702/1695 2219/2689/1684 2223/2695/1689
f 2228/2702/1695 2224/2696/1690 2219/2689/1684
f 2229/2703/1696 2221/2693/1687 2225/2698/1692
f 2229/2703/1696 2226/2700/1693 2221/2693/1687
f 2230/2704/1697 2227/2701/1694 2222/2694/1688
f 2230/2704/1697 2222/2694/1688 2226/2700/1693
f 2231/2705/1698 2223/2695/1689 2227/2701/1694
f 2231/2705/1698 2228/2702/1695 2223/2695/1689
f 2232/2706/1699 2224/2696/1690 2228/2702/1695
f 2232/2706/1699 2129/2461/1593 2202/251/432
f 2232/2706/1699 2202/251/432 2205/2697/1691
f 2232/2706/1699 2205/2697/1691 2224/2696/1690
f 2233/2707/1700 2135/2699/1596 2199/1283/1599
f 2233/2707/1700 2225/2698/1692 2135/2699/1596
f 2233/2707/1700 2229/2703/1696 2225/2698/1692
f 2234/2708/1701 2226/2700/1693 2229/2703/1696
f 2234/2708/1701 2230/2704/1697 2226/2700/1693
f 2235/2709/1702 2227/2701/1694 2230/2704/1697
f 2235/2709/1702 2231/2705/1698 2227/2701/1694
f 2236/2710/1703 2232/2706/1699 2228/2702/1695
f 2236/2710/1703 2128/263/1592 2129/2461/1593
f 2236/2710/1703 2228/2702/1695 2231/2705/1698
f 2236/2710/1703 2129/2461/1593 2232/2706/1699
f 2237/2711/1704 2199/1283/1599 2136/2712/1600
f 2237/2711/1704 2233/2707/1700 2199/1283/1599
f 2237/2711/1704 2229/2703/1696 2233/2707/1700
f 2237/2711/1704 2234/2708/1701 2229/2703/1696
f 2238/2713/1705 2230/2704/1697 2234/2708/1701
f 2238/2713/1705 2235/2709/1702 2230/2704/1697
f 2239/2714/1706 2201/2465/1591 2128/263/1592
f 2239/2714/1706 2231/2705/1698 2235/2709/1702
f 2239/2714/1706 2236/2710/1703 2231/2705/1698
f 2239/2714/1706 2128/263/1592 2236/2710/1703
f 2240/2715/1707 2234/2708/1701 2237/2711/1704
f 2240/2715/1707 2238/2713/1705 2234/2708/1701
f 2241/2716/1708 2127/275/1590 2201/2465/1591
f 2241/2716/1708 2201/2465/1591 2239/2714/1706
f 2241/2716/1708 2235/2709/1702 2238/2713/1705
f 2241/2716/1708 2239/2714/1706 2235/2709/1702
f 2242/2717/1709 2136/2712/1600 2137/2718/1602
f 2242/2717/1709 2240/2715/1707 2237/2711/1704
f 2242/2717/1709 2237/2711/1704 2136/2712/1600
f 2243/2719/1710 2200/2475/1589 2127/275/1590
f 2243/2719/1710 2127/275/1590 2241/2716/1708
f 2243/2719/1710 2238/2713/1705 2240/2715/1707
f 2243/2719/1710 2241/2716/1708 2238/2713/1705
f 2244/2720/1711 2137/2718/1602 2133/287/435
f 2244/2720/1711 2133/287/435 2200/2475/1589
f 2244/2720/1711 2200/2475/1589 2243/2719/1710
f 2244/2720/1711 2242/2717/1709 2137/2718/1602
f 2244/2720/1711 2240/2715/1707 2242/2717/1709
f 2244/2720/1711 2243/2719/1710 2240/2715/1707
f 2251/2721/1712 2248/2692/1595 2353/1277/410
f 2252/2722/1713 2251/2721/1712 2353/1277/410
f 2253/2723/1714 2252/2722/1713 2353/1277/410
f 2254/2724/1715 2132/2699/1597 2248/2692/1595
f 2254/2724/1715 2248/2692/1595 2251/2721/1712
f 2254/2724/1715 2251/2721/1712 2252/2722/1713
f 2255/2725/1716 2253/2723/1714 2353/1277/410
f 2256/2726/1717 2252/2722/1713 2253/2723/1714
f 2256/2726/1717 2254/2724/1715 2252/2722/1713
f 2257/2727/1718 2247/1283/1598 2132/2699/1597
f 2257/2727/1718 2132/2699/1597 2254/2724/1715
f 2258/2728/1719 2255/2725/1716 2353/2729/410
f 2259/2730/1720 2253/2723/1714 2255/2725/1716
f 2259/2730/1720 2256/2726/1717 2253/2723/1714
f 2260/2731/1721 2254/2724/1715 2256/2726/1717
f 2260/2731/1721 2257/2727/1718 2254/2724/1715
f 2261/2732/1722 2258/2728/1719 2353/2729/410
f 2262/2733/1723 2255/2725/1716 2258/2728/1719
f 2262/2733/1723 2259/2730/1720 2255/2725/1716
f 2263/2734/1724 2256/2726/1717 2259/2730/1720
f 2263/2734/1724 2260/2731/1721 2256/2726/1717
f 2264/2735/1725 2131/2712/1601 2247/1283/1598
f 2264/2735/1725 2247/1283/1598 2257/2727/1718
f 2264/2735/1725 2257/2727/1718 2260/2731/1721
f 2265/2736/1726 2353/2729/410 2352/2737/1727
f 2265/2736/1726 2261/2732/1722 2353/2729/410
f 2266/2738/1728 2258/2728/1719 2261/2732/1722
f 2266/2738/1728 2262/2733/1723 2258/2728/1719
f 2267/2739/1729 2259/2730/1720 2262/2733/1723
f 2267/2739/1729 2263/2734/1724 2259/2730/1720
f 2268/2740/1730 2260/2731/1721 2263/2734/1724
f 2268/2740/1730 2264/2735/1725 2260/2731/1721
f 2269/2741/1731 2130/2718/1603 2131/2712/1601
f 2269/2741/1731 2131/2712/1601 2264/2735/1725
f 2270/2742/1732 2352/2737/1727 2351/2743/1733
f 2270/2742/1732 2265/2736/1726 2352/2737/1727
f 2270/2742/1732 2261/2732/1722 2265/2736/1726
f 2270/2742/1732 2266/2738/1728 2261/2732/1722
f 2271/2744/1734 2267/2739/1729 2262/2733/1723
f 2271/2744/1734 2262/2733/1723 2266/2738/1728
f 2272/2745/1735 2263/2734/1724 2267/2739/1729
f 2272/2745/1735 2268/2740/1730 2263/2734/1724
f 2273/2746/1736 2264/2735/1725 2268/2740/1730
f 2273/2746/1736 2269/2741/1731 2264/2735/1725
f 2274/2747/1737 2266/2738/1728 2270/2742/1732
f 2274/2747/1737 2271/2744/1734 2266/2738/1728
f 2275/2748/1738 2267/2739/1729 2271/2744/1734
f 2275/2748/1738 2272/2745/1735 2267/2739/1729
f 2276/2749/1739 2268/2740/1730 2272/2745/1735
f 2276/2749/1739 2273/2746/1736 2268/2740/1730
f 2277/2750/1740 2269/2741/1731 2273/2746/1736
f 2277/2750/1740 2143/2511/1608 2246/287/436
f 2277/2750/1740 2246/287/436 2130/2718/1603
f 2277/2750/1740 2130/2718/1603 2269/2741/1731
f 2278/2751/1741 2351/2743/1733 2250/2752/1742
f 2278/2751/1741 2270/2742/1732 2351/2743/1733
f 2278/2751/1741 2274/2747/1737 2270/2742/1732
f 2279/2753/1743 2271/2744/1734 2274/2747/1737
f 2279/2753/1743 2275/2748/1738 2271/2744/1734
f 2280/2754/1744 2272/2745/1735 2275/2748/1738
f 2280/2754/1744 2276/2749/1739 2272/2745/1735
f 2281/2755/1745 2277/2750/1740 2273/2746/1736
f 2281/2755/1745 2245/299/1607 2143/2511/1608
f 2281/2755/1745 2273/2746/1736 2276/2749/1739
f 2281/2755/1745 2143/2511/1608 2277/2750/1740
f 2282/2756/1746 2278/2751/1741 2250/2752/1742
f 2282/2756/1746 2250/2752/1742 2350/2757/1747
f 2282/2756/1746 2274/2747/1737 2278/2751/1741
f 2282/2756/1746 2279/2753/1743 2274/2747/1737
f 2283/2758/1748 2280/2754/1744 2275/2748/1738
f 2283/2758/1748 2275/2748/1738 2279/2753/1743
f 2284/2759/1749 2142/2514/1606 2245/299/1607
f 2284/2759/1749 2276/2749/1739 2280/2754/1744
f 2284/2759/1749 2245/299/1607 2281/2755/1745
f 2284/2759/1749 2281/2755/1745 2276/2749/1739
f 2285/2760/1750 2279/2753/1743 2282/2756/1746
f 2285/2760/1750 2283/2758/1748 2279/2753/1743
f 2286/2761/1751 2141/311/1605 2142/2514/1606
f 2286/2761/1751 2142/2514/1606 2284/2759/1749
f 2286/2761/1751 2280/2754/1744 2283/2758/1748
f 2286/2761/1751 2284/2759/1749 2280/2754/1744
f 2287/2762/1752 2350/2757/1747 2249/2763/1753
f 2287/2762/1752 2282/2756/1746 2350/2757/1747
f 2287/2762/1752 2285/2760/1750 2282/2756/1746
f 2288/2764/1754 2140/2523/1604 2141/311/1605
f 2288/2764/1754 2141/311/1605 2286/2761/1751
f 2288/2764/1754 2283/2758/1748 2285/2760/1750
f 2288/2764/1754 2286/2761/1751 2283/2758/1748
f 2289/2765/1755 639/168/423 2140/2523/1604
f 2289/2765/1755 2249/2763/1753 639/168/423
f 2289/2765/1755 2288/2764/1754 2285/2760/1750
f 2289/2765/1755 2140/2523/1604 2288/2764/1754
f 2289/2765/1755 2287/2762/1752 2249/2763/1753
f 2289/2765/1755 2285/2760/1750 2287/2762/1752
f 2302/2766/1756 2149/2528/1613 2298/168/425
f 2302/2766/1756 2298/168/425 2361/2767/1757
f 2303/2768/1758 2361/2767/1757 2301/173/1759
f 2303/2768/1758 2302/2766/1756 2361/2767/1757
f 2304/2769/1760 2301/173/1759 2300/2276/1761
f 2304/2769/1760 2303/2768/1758 2301/173/1759
f 2305/2770/1762 2297/2534/1612 2149/2528/1613
f 2305/2770/1762 2302/2766/1756 2303/2768/1758
f 2305/2770/1762 2149/2528/1613 2302/2766/1756
f 2306/2771/1763 2304/2769/1760 2300/2276/1761
f 2307/2772/1764 2305/2770/1762 2303/2768/1758
f 2307/2772/1764 2303/2768/1758 2304/2769/1760
f 2308/2773/1765 2296/322/1611 2297/2534/1612
f 2308/2773/1765 2297/2534/1612 2305/2770/1762
f 2309/2774/1766 2300/2276/1761 2360/180/1767
f 2309/2774/1766 2306/2771/1763 2300/2276/1761
f 2310/2775/1768 2307/2772/1764 2304/2769/1760
f 2310/2775/1768 2304/2769/1760 2306/2771/1763
f 2311/2776/1769 2308/2773/1765 2305/2770/1762
f 2311/2776/1769 2305/2770/1762 2307/2772/1764
f 2312/2777/1770 2360/180/1767 2299/2778/1771
f 2312/2777/1770 2309/2774/1766 2360/180/1767
f 2313/2779/1772 2306/2771/1763 2309/2774/1766
f 2313/2779/1772 2310/2775/1768 2306/2771/1763
f 2314/2780/1773 2307/2772/1764 2310/2775/1768
f 2314/2780/1773 2311/2776/1769 2307/2772/1764
f 2315/2781/1774 2295/2547/1610 2296/322/1611
f 2315/2781/1774 2308/2773/1765 2311/2776/1769
f 2315/2781/1774 2296/322/1611 2308/2773/1765
f 2316/2782/1775 641/156/427 2290/2625/1622
f 2316/2782/1775 2299/2778/1771 641/156/427
f 2316/2782/1775 2312/2777/1770 2299/2778/1771
f 2317/2783/1776 2309/2774/1766 2312/2777/1770
f 2317/2783/1776 2313/2779/1772 2309/2774/1766
f 2318/2784/1777 2310/2775/1768 2313/2779/1772
f 2318/2784/1777 2314/2780/1773 2310/2775/1768
f 2319/2785/1778 2311/2776/1769 2314/2780/1773
f 2319/2785/1778 2315/2781/1774 2311/2776/1769
f 2320/2786/1779 2148/2553/1609 2295/2547/1610
f 2320/2786/1779 2295/2547/1610 2315/2781/1774
f 2321/2787/1780 2290/2625/1622 2291/2630/1620
f 2321/2787/1780 2316/2782/1775 2290/2625/1622
f 2321/2787/1780 2312/2777/1770 2316/2782/1775
f 2321/2787/1780 2317/2783/1776 2312/2777/1770
f 2322/2788/1781 2313/2779/1772 2317/2783/1776
f 2322/2788/1781 2318/2784/1777 2313/2779/1772
f 2323/2789/1782 2314/2780/1773 2318/2784/1777
f 2323/2789/1782 2319/2785/1778 2314/2780/1773
f 2324/2790/1783 2315/2781/1774 2319/2785/1778
f 2324/2790/1783 2320/2786/1779 2315/2781/1774
f 2325/2791/1784 2317/2783/1776 2321/2787/1780
f 2325/2791/1784 2322/2788/1781 2317/2783/1776
f 2326/2792/1785 2318/2784/1777 2322/2788/1781
f 2326/2792/1785 2323/2789/1782 2318/2784/1777
f 2327/2793/1786 2324/2790/1783 2319/2785/1778
f 2327/2793/1786 2319/2785/1778 2323/2789/1782
f 2328/2794/1787 2320/2786/1779 2324/2790/1783
f 2328/2794/1787 2147/109/357 2148/2553/1609
f 2328/2794/1787 2148/2553/1609 2320/2786/1779
f 2329/2795/1788 2291/2630/1620 2292/1183/1618
f 2329/2795/1788 2325/2791/1784 2321/2787/1780
f 2329/2795/1788 2321/2787/1780 2291/2630/1620
f 2330/2796/1789 2322/2788/1781 2325/2791/1784
f 2330/2796/1789 2326/2792/1785 2322/2788/1781
f 2331/2797/1790 2327/2793/1786 2323/2789/1782
f 2331/2797/1790 2323/2789/1782 2326/2792/1785
f 2332/2798/1791 2147/109/357 2328/2794/1787
f 2332/2798/1791 2324/2790/1783 2327/2793/1786
f 2332/2798/1791 2328/2794/1787 2324/2790/1783
f 2333/2799/1792 2292/1183/1618 2293/2642/1616
f 2333/2799/1792 2330/2796/1789 2325/2791/1784
f 2333/2799/1792 2329/2795/1788 2292/1183/1618
f 2333/2799/1792 2325/2791/1784 2329/2795/1788
f 2334/2800/1793 2326/2792/1785 2330/2796/1789
f 2334/2800/1793 2331/2797/1790 2326/2792/1785
f 2335/2801/1794 2327/2793/1786 2331/2797/1790
f 2335/2801/1794 2332/2798/1791 2327/2793/1786
f 2335/2801/1794 2147/109/357 2332/2798/1791
f 2336/2802/1795 2330/2796/1789 2333/2799/1792
f 2336/2802/1795 2334/2800/1793 2330/2796/1789
f 2337/2803/1796 2331/2797/1790 2334/2800/1793
f 2337/2803/1796 2147/109/357 2335/2801/1794
f 2337/2803/1796 2335/2801/1794 2331/2797/1790
f 2338/2804/1797 2293/2642/1616 2294/2649/1614
f 2338/2804/1797 2336/2802/1795 2333/2799/1792
f 2338/2804/1797 2333/2799/1792 2293/2642/1616
f 2339/2805/1798 2334/2800/1793 2336/2802/1795
f 2339/2805/1798 2147/1185/357 2337/2803/1796
f 2339/2805/1798 2337/2803/1796 2334/2800/1793
f 2340/2806/1799 2294/2649/1614 2147/1185/357
f 2340/2806/1799 2147/1185/357 2339/2805/1798
f 2340/2806/1799 2338/2804/1797 2294/2649/1614
f 2340/2806/1799 2336/2802/1795 2338/2804/1797
f 2340/2806/1799 2339/2805/1798 2336/2802/1795
f 2348/2581/431 642/2558/430 2341/2559/1639
f 2343/2807/1800 2341/2559/1639 2156/2561/1635
f 2343/2807/1800 2348/2581/431 2341/2559/1639
f 2344/2808/1801 2156/2561/1635 2157/2563/1629
f 2344/2808/1801 2343/2807/1800 2156/2561/1635
f 2370/2809/1802 2157/2563/1629 2342/2565/1627
f 2370/2809/1802 2344/2808/1801 2157/2563/1629
f 2345/2810/1803 2342/2565/1627 2158/2567/1625
f 2345/2810/1803 2370/2809/1802 2342/2565/1627
f 2371/2811/1804 2158/2567/1625 2151/2569/426
f 2371/2811/1804 2345/2810/1803 2158/2567/1625
f 2372/2812/429 2371/2811/1804 2151/2569/426
f 2349/2813/1805 2134/2814/421 2346/2815/1669
f 2349/2813/1805 543/2816/417 2134/2814/421
f 2366/2817/1806 2346/2815/1669 2347/2818/1673
f 2366/2817/1806 2349/2813/1805 2346/2815/1669
f 2367/2819/1807 2347/2818/1673 2203/2820/1677
f 2367/2819/1807 2366/2817/1806 2347/2818/1673
f 2368/2821/1808 2203/2820/1677 2204/2822/1685
f 2368/2821/1808 2367/2819/1807 2203/2820/1677
f 2369/2823/1809 2204/2822/1685 2205/2824/1691
f 2369/2823/1809 2368/2821/1808 2204/2822/1685
f 2348/2825/431 2205/2824/1691 2202/2826/432
f 2348/2825/431 2369/2823/1809 2205/2824/1691
f 2352/2813/1727 2353/2816/410 2354/2814/402
f 2352/2813/1727 2359/2815/1810 2358/2818/1811
f 2352/2813/1727 2354/2814/402 2359/2815/1810
f 2351/2817/1733 2358/2818/1811 2357/2820/1812
f 2351/2817/1733 2352/2813/1727 2358/2818/1811
f 2250/2819/1742 2357/2820/1812 2356/2822/1813
f 2250/2819/1742 2351/2817/1733 2357/2820/1812
f 2350/2821/1747 2356/2822/1813 2355/2824/1814
f 2350/2821/1747 2250/2819/1742 2356/2822/1813
f 2249/2823/1753 2350/2821/1747 2355/2824/1814
f 639/2825/423 2355/2824/1814 2362/2826/424
f 639/2825/423 2249/2823/1753 2355/2824/1814
f 2415/2827/1815 641/2569/427 2299/2828/1771
f 2415/2827/1815 2299/2828/1771 2360/2829/1767
f 2415/2827/1815 2363/2812/428 641/2569/427
f 2364/2830/1816 2360/2829/1767 2300/2831/1761
f 2364/2830/1816 2415/2827/1815 2360/2829/1767
f 2416/2832/1817 2300/2831/1761 2301/2833/1759
f 2416/2832/1817 2364/2830/1816 2300/2831/1761
f 2365/2834/1818 2301/2833/1759 2361/2835/1757
f 2365/2834/1818 2416/2832/1817 2301/2833/1759
f 2417/2836/1819 2365/2834/1818 2361/2835/1757
f 2362/2600/424 2361/2835/1757 2298/2597/425
f 2362/2600/424 2417/2836/1819 2361/2835/1757
f 2376/2837/1820 2373/2838/1821 543/2839/417
f 2377/2840/1822 2376/2837/1820 543/2839/417
f 2378/2841/1823 2377/2840/1822 543/2839/417
f 2379/2842/1824 2461/2843/1825 2373/2838/1821
f 2379/2842/1824 2376/2837/1820 2377/2840/1822
f 2379/2842/1824 2373/2838/1821 2376/2837/1820
f 2380/2844/1826 2378/2841/1823 543/2839/417
f 2381/2845/1827 2377/2840/1822 2378/2841/1823
f 2381/2845/1827 2379/2842/1824 2377/2840/1822
f 2382/2846/1828 2374/2847/1829 2461/2843/1825
f 2382/2846/1828 2461/2843/1825 2379/2842/1824
f 2383/2848/1830 2380/2844/1826 543/2849/417
f 2384/2850/1831 2381/2845/1827 2378/2841/1823
f 2384/2850/1831 2378/2841/1823 2380/2844/1826
f 2385/2851/1832 2379/2842/1824 2381/2845/1827
f 2385/2851/1832 2382/2846/1828 2379/2842/1824
f 2386/2852/1833 2383/2848/1830 543/2849/417
f 2387/2853/1834 2380/2844/1826 2383/2848/1830
f 2387/2853/1834 2384/2850/1831 2380/2844/1826
f 2388/2854/1835 2381/2845/1827 2384/2850/1831
f 2388/2854/1835 2385/2851/1832 2381/2845/1827
f 2389/2855/1836 2462/2856/1837 2374/2847/1829
f 2389/2855/1836 2374/2847/1829 2382/2846/1828
f 2389/2855/1836 2382/2846/1828 2385/2851/1832
f 2390/2857/1838 543/2849/417 2349/2858/1805
f 2390/2857/1838 2386/2852/1833 543/2849/417
f 2391/2859/1839 2383/2848/1830 2386/2852/1833
f 2391/2859/1839 2387/2853/1834 2383/2848/1830
f 2392/2860/1840 2384/2850/1831 2387/2853/1834
f 2392/2860/1840 2388/2854/1835 2384/2850/1831
f 2393/2861/1841 2385/2851/1832 2388/2854/1835
f 2393/2861/1841 2389/2855/1836 2385/2851/1832
f 2394/2862/1842 2375/2863/1843 2462/2856/1837
f 2394/2862/1842 2462/2856/1837 2389/2855/1836
f 2395/2864/1844 2349/2858/1805 2366/2865/1806
f 2395/2864/1844 2390/2857/1838 2349/2858/1805
f 2395/2864/1844 2386/2852/1833 2390/2857/1838
f 2395/2864/1844 2391/2859/1839 2386/2852/1833
f 2396/2866/1845 2392/2860/1840 2387/2853/1834
f 2396/2866/1845 2387/2853/1834 2391/2859/1839
f 2397/2867/1846 2388/2854/1835 2392/2860/1840
f 2397/2867/1846 2393/2861/1841 2388/2854/1835
f 2398/2868/1847 2389/2855/1836 2393/2861/1841
f 2398/2868/1847 2394/2862/1842 2389/2855/1836
f 2399/2869/1848 2391/2859/1839 2395/2864/1844
f 2399/2869/1848 2396/2866/1845 2391/2859/1839
f 2400/2870/1849 2397/2867/1846 2392/2860/1840
f 2400/2870/1849 2392/2860/1840 2396/2866/1845
f 2401/2871/1850 2393/2861/1841 2397/2867/1846
f 2401/2871/1850 2398/2868/1847 2393/2861/1841
f 2402/2872/1851 2394/2862/1842 2398/2868/1847
f 2402/2872/1851 2371/2626/1804 2372/156/429
f 2402/2872/1851 2372/156/429 2375/2863/1843
f 2402/2872/1851 2375/2863/1843 2394/2862/1842
f 2403/2873/1852 2366/2865/1806 2367/2874/1807
f 2403/2873/1852 2395/2864/1844 2366/2865/1806
f 2403/2873/1852 2399/2869/1848 2395/2864/1844
f 2404/2875/1853 2396/2866/1845 2399/2869/1848
f 2404/2875/1853 2400/2870/1849 2396/2866/1845
f 2405/2876/1854 2397/2867/1846 2400/2870/1849
f 2405/2876/1854 2401/2871/1850 2397/2867/1846
f 2406/2877/1855 2402/2872/1851 2398/2868/1847
f 2406/2877/1855 2345/190/1803 2371/2626/1804
f 2406/2877/1855 2398/2868/1847 2401/2871/1850
f 2406/2877/1855 2371/2626/1804 2402/2872/1851
f 2407/2878/1856 2367/2874/1807 2368/2879/1808
f 2407/2878/1856 2403/2873/1852 2367/2874/1807
f 2407/2878/1856 2399/2869/1848 2403/2873/1852
f 2407/2878/1856 2404/2875/1853 2399/2869/1848
f 2408/2880/1857 2400/2870/1849 2404/2875/1853
f 2408/2880/1857 2405/2876/1854 2400/2870/1849
f 2409/2881/1858 2370/158/1802 2345/190/1803
f 2409/2881/1858 2401/2871/1850 2405/2876/1854
f 2409/2881/1858 2406/2877/1855 2401/2871/1850
f 2409/2881/1858 2345/190/1803 2406/2877/1855
f 2410/2882/1859 2404/2875/1853 2407/2878/1856
f 2410/2882/1859 2408/2880/1857 2404/2875/1853
f 2411/2883/1860 2344/196/1801 2370/158/1802
f 2411/2883/1860 2370/158/1802 2409/2881/1858
f 2411/2883/1860 2405/2876/1854 2408/2880/1857
f 2411/2883/1860 2409/2881/1858 2405/2876/1854
f 2412/2884/1861 2368/2879/1808 2369/2885/1809
f 2412/2884/1861 2410/2882/1859 2407/2878/1856
f 2412/2884/1861 2407/2878/1856 2368/2879/1808
f 2413/2886/1862 2343/2638/1800 2344/196/1801
f 2413/2886/1862 2344/196/1801 2411/2883/1860
f 2413/2886/1862 2408/2880/1857 2410/2882/1859
f 2413/2886/1862 2411/2883/1860 2408/2880/1857
f 2414/2887/1863 2369/2885/1809 2348/203/431
f 2414/2887/1863 2348/203/431 2343/2638/1800
f 2414/2887/1863 2343/2638/1800 2413/2886/1862
f 2414/2887/1863 2412/2884/1861 2369/2885/1809
f 2414/2887/1863 2410/2882/1859 2412/2884/1861
f 2414/2887/1863 2413/2886/1862 2410/2882/1859
f 2422/2888/1864 2359/2737/1810 2354/2729/402
f 2423/2889/1865 2422/2888/1864 2354/2729/402
f 2424/2890/1866 2423/2889/1865 2354/2729/402
f 2425/2891/1867 2358/2743/1811 2359/2737/1810
f 2425/2891/1867 2359/2737/1810 2422/2888/1864
f 2425/2891/1867 2422/2888/1864 2423/2889/1865
f 2426/2892/1868 2424/2890/1866 2354/2729/402
f 2427/2893/1869 2423/2889/1865 2424/2890/1866
f 2427/2893/1869 2425/2891/1867 2423/2889/1865
f 2428/2894/1870 2357/2752/1812 2358/2743/1811
f 2428/2894/1870 2358/2743/1811 2425/2891/1867
f 2429/2895/1871 2426/2892/1868 2354/2839/402
f 2430/2896/1872 2424/2890/1866 2426/2892/1868
f 2430/2896/1872 2427/2893/1869 2424/2890/1866
f 2431/2897/1873 2425/2891/1867 2427/2893/1869
f 2431/2897/1873 2428/2894/1870 2425/2891/1867
f 2432/2898/1874 2429/2895/1871 2354/2839/402
f 2433/2899/1875 2426/2892/1868 2429/2895/1871
f 2433/2899/1875 2430/2896/1872 2426/2892/1868
f 2434/2900/1876 2427/2893/1869 2430/2896/1872
f 2434/2900/1876 2431/2897/1873 2427/2893/1869
f 2435/2901/1877 2356/2757/1813 2357/2752/1812
f 2435/2901/1877 2357/2752/1812 2428/2894/1870
f 2435/2901/1877 2428/2894/1870 2431/2897/1873
f 2436/2902/1878 2354/2839/402 2421/2838/1879
f 2436/2902/1878 2432/2898/1874 2354/2839/402
f 2437/2903/1880 2429/2895/1871 2432/2898/1874
f 2437/2903/1880 2433/2899/1875 2429/2895/1871
f 2438/2904/1881 2430/2896/1872 2433/2899/1875
f 2438/2904/1881 2434/2900/1876 2430/2896/1872
f 2439/2905/1882 2431/2897/1873 2434/2900/1876
f 2439/2905/1882 2435/2901/1877 2431/2897/1873
f 2440/2906/1883 2355/2763/1814 2356/2757/1813
f 2440/2906/1883 2356/2757/1813 2435/2901/1877
f 2441/2907/1884 2421/2838/1879 2420/2843/1885
f 2441/2907/1884 2436/2902/1878 2421/2838/1879
f 2441/2907/1884 2432/2898/1874 2436/2902/1878
f 2441/2907/1884 2437/2903/1880 2432/2898/1874
f 2442/2908/1886 2438/2904/1881 2433/2899/1875
f 2442/2908/1886 2433/2899/1875 2437/2903/1880
f 2443/2909/1887 2434/2900/1876 2438/2904/1881
f 2443/2909/1887 2439/2905/1882 2434/2900/1876
f 2444/2910/1888 2435/2901/1877 2439/2905/1882
f 2444/2910/1888 2440/2906/1883 2435/2901/1877
f 2445/2911/1889 2437/2903/1880 2441/2907/1884
f 2445/2911/1889 2442/2908/1886 2437/2903/1880
f 2446/2912/1890 2438/2904/1881 2442/2908/1886
f 2446/2912/1890 2443/2909/1887 2438/2904/1881
f 2447/2913/1891 2439/2905/1882 2443/2909/1887
f 2447/2913/1891 2444/2910/1888 2439/2905/1882
f 2448/2914/1892 2440/2906/1883 2444/2910/1888
f 2448/2914/1892 2417/2767/1819 2362/168/424
f 2448/2914/1892 2362/168/424 2355/2763/1814
f 2448/2914/1892 2355/2763/1814 2440/2906/1883
f 2449/2915/1893 2420/2843/1885 2419/2847/1894
f 2449/2915/1893 2441/2907/1884 2420/2843/1885
f 2449/2915/1893 2445/2911/1889 2441/2907/1884
f 2450/2916/1895 2442/2908/1886 2445/2911/1889
f 2450/2916/1895 2446/2912/1890 2442/2908/1886
f 2451/2917/1896 2443/2909/1887 2446/2912/1890
f 2451/2917/1896 2447/2913/1891 2443/2909/1887
f 2452/2918/1897 2448/2914/1892 2444/2910/1888
f 2452/2918/1897 2365/173/1818 2417/2767/1819
f 2452/2918/1897 2444/2910/1888 2447/2913/1891
f 2452/2918/1897 2417/2767/1819 2448/2914/1892
f 2453/2919/1898 2449/2915/1893 2419/2847/1894
f 2453/2919/1898 2419/2847/1894 2418/2856/1899
f 2453/2919/1898 2445/2911/1889 2449/2915/1893
f 2453/2919/1898 2450/2916/1895 2445/2911/1889
f 2454/2920/1900 2451/2917/1896 2446/2912/1890
f 2454/2920/1900 2446/2912/1890 2450/2916/1895
f 2455/2921/1901 2416/2276/1817 2365/173/1818
f 2455/2921/1901 2447/2913/1891 2451/2917/1896
f 2455/2921/1901 2452/2918/1897 2447/2913/1891
f 2455/2921/1901 2365/173/1818 2452/2918/1897
f 2456/2922/1902 2450/2916/1895 2453/2919/1898
f 2456/2922/1902 2454/2920/1900 2450/2916/1895
f 2457/2923/1903 2364/180/1816 2416/2276/1817
f 2457/2923/1903 2416/2276/1817 2455/2921/1901
f 2457/2923/1903 2451/2917/1896 2454/2920/1900
f 2457/2923/1903 2455/2921/1901 2451/2917/1896
f 2458/2924/1904 2418/2856/1899 2463/2863/1905
f 2458/2924/1904 2453/2919/1898 2418/2856/1899
f 2458/2924/1904 2456/2922/1902 2453/2919/1898
f 2459/2925/1906 2415/2778/1815 2364/180/1816
f 2459/2925/1906 2364/180/1816 2457/2923/1903
f 2459/2925/1906 2454/2920/1900 2456/2922/1902
f 2459/2925/1906 2457/2923/1903 2454/2920/1900
f 2460/2926/1907 2363/156/428 2415/2778/1815
f 2460/2926/1907 2463/2863/1905 2363/156/428
f 2460/2926/1907 2459/2925/1906 2456/2922/1902
f 2460/2926/1907 2415/2778/1815 2459/2925/1906
f 2460/2926/1907 2458/2924/1904 2463/2863/1905
f 2460/2926/1907 2456/2922/1902 2458/2924/1904
f 2421/2927/1879 543/2928/417 2373/2929/1821
f 2421/2927/1879 2373/2929/1821 2461/2930/1825
f 2421/2927/1879 2354/2931/402 543/2928/417
f 2420/2932/1885 2461/2930/1825 2374/2933/1829
f 2420/2932/1885 2421/2927/1879 2461/2930/1825
f 2419/2934/1894 2420/2932/1885 2374/2933/1829
f 2418/2935/1899 2374/2933/1829 2462/2936/1837
f 2418/2935/1899 2419/2934/1894 2374/2933/1829
f 2463/2937/1905 2462/2936/1837 2375/2938/1843
f 2463/2937/1905 2375/2938/1843 2372/2939/429
f 2463/2937/1905 2418/2935/1899 2462/2936/1837
f 2363/2940/428 2463/2937/1905 2372/2939/429
o Servo_3_to_Servo_2
v 3.721788 -21.287476 -4.913452
v 6.221787 -19.699976 -4.913452
v 6.146403 -19.699976 -5.341003
v 6.054319 -19.699976 -5.538452
v 5.399312 -19.699976 -6.088074
v 4.544262 -19.699976 -6.088074
v 4.346787 -19.699976 -5.996002
v 4.168303 -19.699976 -5.871033
v 4.014232 -19.699976 -5.716949
v 3.889256 -19.699976 -5.538452
v 3.797172 -19.699976 -5.341003
v 6.202799 -21.287476 -5.130524
v 6.146404 -21.287476 -5.341003
v 6.054320 -21.287476 -5.538452
v 5.775273 -21.287476 -5.871033
v 5.399313 -21.287476 -6.088074
v 3.889257 -21.287476 -5.538452
v 3.740778 -21.287476 -5.130524
v -6.177703 -21.287481 -4.913452
v -3.696694 -19.699982 -5.130524
v -3.753088 -19.699982 -5.340973
v -4.124219 -19.699982 -5.871002
v -4.302704 -19.699982 -5.996002
v -5.355228 -19.699982 -6.088074
v -6.102320 -19.699982 -5.340973
v -3.753087 -21.287481 -5.340973
v -3.845171 -21.287481 -5.538452
v -3.970147 -21.287481 -5.716949
v -4.302703 -21.287481 -5.996002
v -4.500178 -21.287481 -6.088074
v -4.710643 -21.287481 -6.144470
v -4.927703 -21.287481 -6.163452
v -5.144763 -21.287481 -6.144470
v -5.355228 -21.287481 -6.088074
v -5.552703 -21.287481 -5.996002
v -5.731188 -21.287481 -5.871002
v -6.102319 -21.287481 -5.340973
v -8.478083 -19.699982 18.518402
v -6.013901 -19.699980 17.369354
v -6.228083 -19.699982 17.219360
v -6.465053 -19.699982 17.108887
v -6.717610 -19.699982 17.041199
v -8.277121 -19.699982 17.768402
v -8.387622 -19.699982 18.005371
v -8.455296 -19.699982 18.257935
v -5.478082 -21.287479 18.518402
v -5.500870 -21.287479 18.257935
v -5.679044 -21.287479 17.768402
v -6.228082 -21.287481 17.219360
v -7.238554 -21.287481 17.041199
v -7.942263 -21.287481 17.369354
v -8.387621 -21.287481 18.005371
v 5.522170 -19.699976 0.018402
v 8.522170 -19.699974 0.018402
v 8.321209 -19.699974 -0.731598
v 7.986351 -19.699974 -1.130646
v 6.509140 -19.699976 -1.391113
v 6.272170 -19.699976 -1.280640
v 5.612632 -19.699976 -0.494629
v 5.544959 -19.699976 -0.242065
v 8.499383 -21.287474 -0.242065
v 8.431710 -21.287474 -0.494629
v 8.321210 -21.287474 -0.731598
v 8.171239 -21.287474 -0.945770
v 7.772171 -21.287474 -1.280640
v 6.509141 -21.287476 -1.391113
v 6.272171 -21.287476 -1.280640
v -1.477956 -19.699980 -6.981720
v 1.499255 -19.699978 -7.242188
v 1.431582 -19.699978 -7.494751
v 1.321082 -19.699978 -7.731720
v -0.490987 -19.699980 -8.391266
v -1.276995 -19.699980 -7.731720
v 1.522045 -21.287477 -6.981720
v 1.499256 -21.287477 -7.242188
v 1.431583 -21.287477 -7.494751
v -0.238428 -21.287479 -8.458923
v -0.727955 -21.287479 -8.280762
v -0.942137 -21.287479 -8.130768
v -1.127022 -21.287479 -7.945892
v -1.276994 -21.287479 -7.731720
v -8.478083 -19.699984 0.018402
v -5.500871 -19.699982 -0.242065
v -5.679045 -19.699982 -0.731598
v -6.228083 -19.699982 -1.280640
v -6.978083 -19.699984 -1.481598
v -8.127150 -19.699984 -0.945770
v -8.277121 -19.699984 -0.731598
v -8.387622 -19.699984 -0.494629
v -8.455296 -19.699984 -0.242065
v -5.568543 -21.287481 -0.494629
v -5.679044 -21.287481 -0.731598
v -5.829015 -21.287481 -0.945770
v -6.978082 -21.287483 -1.481598
v -7.238554 -21.287483 -1.458801
v -7.491112 -21.287483 -1.391113
v -7.728082 -21.287483 -1.280640
v -8.127150 -21.287483 -0.945770
v -8.277121 -21.287483 -0.731598
v -8.387621 -21.287483 -0.494629
v -6.177699 -21.287481 4.986023
v -3.677700 -19.699980 4.986023
v -3.696691 -19.699980 4.768982
v -3.970145 -19.699980 4.182556
v -4.124216 -19.699980 4.028473
v -4.500175 -19.699982 3.811401
v -4.927700 -19.699982 3.736023
v -5.552700 -19.699982 3.903503
v -5.731185 -19.699982 4.028473
v -6.010232 -19.699982 4.361023
v -3.696690 -21.287479 4.768982
v -4.124215 -21.287479 4.028473
v -4.710639 -21.287481 3.755035
v -5.355225 -21.287481 3.811401
v -5.552699 -21.287481 3.903503
v -5.731184 -21.287481 4.028473
v -5.885255 -21.287481 4.182556
v -6.158709 -21.287481 4.768982
v -1.477955 -21.287479 7.018524
v -1.477956 -19.699980 7.018524
v 1.522044 -19.699978 7.018524
v 1.499255 -19.699978 6.758057
v 0.986225 -19.699978 5.869476
v 0.535074 -19.699978 5.609009
v 0.282516 -19.699978 5.541321
v 0.022043 -19.699978 5.518524
v -0.238429 -19.699978 5.541321
v -0.942138 -19.699978 5.869476
v -1.276995 -19.699980 6.268524
v 1.431583 -21.287477 6.505493
v 1.321083 -21.287477 6.268524
v 0.986226 -21.287477 5.869476
v 0.772044 -21.287477 5.719513
v 0.282517 -21.287477 5.541321
v -0.238428 -21.287477 5.541321
v -0.490986 -21.287477 5.609009
v -0.727955 -21.287477 5.719513
v -0.942137 -21.287477 5.869476
v -1.387494 -21.287479 6.505493
v 6.221791 -19.699974 4.986023
v 6.202801 -19.699974 4.768982
v 6.146407 -19.699974 4.558502
v 5.929347 -19.699974 4.182556
v 5.596791 -19.699976 3.903503
v 5.188851 -19.699976 3.755005
v 4.754731 -19.699976 3.755005
v 3.797175 -19.699976 4.558502
v 3.740781 -19.699976 4.768982
v 6.202802 -21.287474 4.768982
v 6.054324 -21.287474 4.361023
v 5.929348 -21.287474 4.182556
v 5.775277 -21.287476 4.028473
v 5.399317 -21.287476 3.811401
v 5.188852 -21.287476 3.755005
v 4.971792 -21.287476 3.736023
v 4.168307 -21.287476 4.028473
v 4.014236 -21.287476 4.182556
v 3.797176 -21.287476 4.558502
v 5.522170 -19.699974 18.518402
v 8.499382 -19.699972 18.257935
v 7.986351 -19.699972 17.369354
v 7.772170 -19.699972 17.219360
v 6.761698 -19.699974 17.041199
v 6.509140 -19.699974 17.108887
v 5.873104 -19.699974 17.554230
v 5.723132 -19.699974 17.768402
v 5.544959 -19.699974 18.257935
v 8.431710 -21.287472 18.005371
v 8.321210 -21.287472 17.768402
v 7.986352 -21.287472 17.369354
v 7.772171 -21.287472 17.219360
v 7.535201 -21.287472 17.108887
v 7.282643 -21.287474 17.041199
v 6.761699 -21.287474 17.041199
v 6.272171 -21.287474 17.219360
v 6.057990 -21.287474 17.369354
v 5.723133 -21.287474 17.768402
v 5.612633 -21.287474 18.005371
v 5.544960 -21.287474 18.257935
v 3.780814 -19.699976 -1.392822
v 3.486145 -19.699976 -2.024750
v 2.593194 -19.699978 -3.088928
v 1.390124 -19.699978 -3.783508
v 0.716636 -19.699978 -3.963989
v 0.022043 -19.699980 -4.024750
v -0.672549 -19.699980 -3.963989
v -1.346037 -19.699980 -3.783508
v -1.977956 -19.699980 -3.488861
v -2.549107 -19.699980 -3.088928
v -3.442058 -19.699980 -2.024750
v -3.917187 -19.699982 -0.719360
v 3.961276 -21.287476 -0.719360
v 2.022045 -21.287477 -3.488861
v 0.716637 -21.287477 -3.963989
v 0.022044 -21.287479 -4.024750
v -0.672548 -21.287479 -3.963989
v -1.346036 -21.287479 -3.783508
v -1.977955 -21.287479 -3.488861
v -3.042133 -21.287479 -2.595917
v -3.736726 -21.287481 -1.392822
v -3.917186 -21.287481 -0.719360
v 3.721765 19.725025 -4.913452
v 6.146379 21.312525 -5.341003
v 6.054296 21.312525 -5.538452
v 5.596764 21.312525 -5.996002
v 5.399289 21.312525 -6.088074
v 4.754704 21.312525 -6.144470
v 4.544239 21.312525 -6.088074
v 4.168280 21.312525 -5.871033
v 3.740755 19.725025 -5.130524
v 3.797150 19.725025 -5.341003
v 3.889234 19.725025 -5.538452
v 4.168281 19.725025 -5.871033
v 4.346765 19.725025 -5.996002
v 4.544240 19.725025 -6.088074
v 4.971765 19.725025 -6.163452
v 5.188826 19.725025 -6.144470
v 5.399290 19.725025 -6.088074
v 5.596765 19.725025 -5.996002
v 5.775249 19.725025 -5.871033
v 6.054296 19.725025 -5.538452
v 6.202775 19.725025 -5.130524
v -6.177726 19.725019 -4.913452
v -6.177727 21.312519 -4.913452
v -3.696717 21.312519 -5.130524
v -3.753111 21.312519 -5.340973
v -4.124242 21.312519 -5.871002
v -4.500202 21.312519 -6.088074
v -5.144787 21.312519 -6.144470
v -5.355252 21.312519 -6.088074
v -5.552727 21.312519 -5.996002
v -5.731212 21.312519 -5.871002
v -3.677726 19.725019 -4.913452
v -6.010258 19.725019 -5.538452
v -5.885281 19.725019 -5.716949
v -5.552726 19.725019 -5.996002
v -5.355251 19.725019 -6.088074
v -4.500201 19.725019 -6.088074
v -4.124241 19.725019 -5.871002
v -3.845194 19.725019 -5.538452
v -3.696716 19.725019 -5.130524
v -5.478106 21.312521 18.518402
v -5.500894 21.312521 18.257935
v -5.829039 21.312521 17.554230
v -6.717633 21.312519 17.041199
v -6.978106 21.312519 17.018402
v -7.238578 21.312519 17.041199
v -7.491136 21.312519 17.108887
v -8.127172 21.312519 17.554230
v -8.277143 21.312519 17.768402
v -8.455318 21.312519 18.257935
v -8.277143 19.725019 17.768402
v -7.728105 19.725019 17.219360
v -7.238577 19.725019 17.041199
v -6.717632 19.725019 17.041199
v -6.465075 19.725019 17.108887
v -6.228105 19.725019 17.219360
v -6.013923 19.725021 17.369354
v -5.829038 19.725021 17.554230
v -5.679067 19.725021 17.768402
v -5.568566 19.725021 18.005371
v 5.522147 19.725025 0.018402
v 5.522146 21.312525 0.018402
v 8.171214 21.312527 -0.945770
v 7.772146 21.312527 -1.280640
v 7.535176 21.312527 -1.391113
v 7.282619 21.312527 -1.458801
v 6.272146 21.312525 -1.280640
v 5.723108 21.312525 -0.731598
v 5.544935 21.312525 -0.242065
v 5.544936 19.725025 -0.242065
v 6.509117 19.725025 -1.391113
v 6.761675 19.725027 -1.458801
v 7.282619 19.725027 -1.458801
v 8.499359 19.725027 -0.242065
v 1.499232 21.312523 -7.242188
v 1.431559 21.312523 -7.494751
v 0.986202 21.312523 -8.130768
v -0.238452 21.312521 -8.458923
v -0.491010 21.312521 -8.391266
v -0.727979 21.312521 -8.280762
v -0.942161 21.312521 -8.130768
v -1.277018 21.312521 -7.731720
v -1.387518 21.312521 -7.494751
v -1.455190 19.725021 -7.242188
v -1.387517 19.725021 -7.494751
v -1.277017 19.725021 -7.731720
v -1.127045 19.725021 -7.945892
v -0.727978 19.725021 -8.280762
v -0.491009 19.725021 -8.391266
v 0.022021 19.725021 -8.481720
v 0.282494 19.725021 -8.458923
v 1.171088 19.725023 -7.945892
v 1.321060 19.725023 -7.731720
v 1.431560 19.725023 -7.494751
v 1.499233 19.725023 -7.242188
v -6.013924 21.312519 -1.130646
v -6.228106 21.312519 -1.280640
v -6.465076 21.312519 -1.391113
v -6.717633 21.312519 -1.458801
v -7.238578 21.312517 -1.458801
v -7.491136 21.312517 -1.391113
v -7.942287 21.312517 -1.130646
v -8.277143 21.312517 -0.731598
v -5.478105 19.725019 0.018402
v -8.277143 19.725018 -0.731598
v -7.728105 19.725018 -1.280640
v -7.491135 19.725018 -1.391113
v -7.238577 19.725018 -1.458801
v -6.978105 19.725018 -1.481598
v -6.228105 19.725019 -1.280640
v -6.013923 19.725019 -1.130646
v -5.829038 19.725019 -0.945770
v -5.500893 19.725019 -0.242065
v -6.177722 19.725019 4.986023
v -3.677723 21.312521 4.986023
v -3.696714 21.312521 4.768982
v -3.753108 21.312521 4.558502
v -3.970168 21.312521 4.182556
v -4.124239 21.312521 4.028473
v -4.302723 21.312519 3.903503
v -5.144784 21.312519 3.755035
v -5.355249 21.312519 3.811401
v -5.552723 21.312519 3.903503
v -5.731208 21.312519 4.028473
v -6.158732 19.725019 4.768982
v -6.102338 19.725019 4.558502
v -6.010254 19.725019 4.361023
v -5.731207 19.725019 4.028473
v -5.552722 19.725019 3.903503
v -5.144783 19.725019 3.755035
v -4.927722 19.725019 3.736023
v -4.302722 19.725019 3.903503
v -3.753107 19.725021 4.558502
v -3.696713 19.725021 4.768982
v -1.477978 19.725021 7.018524
v 1.499232 21.312523 6.758057
v 1.321059 21.312523 6.268524
v 1.171087 21.312523 6.054352
v 0.986202 21.312523 5.869476
v 0.772020 21.312523 5.719513
v 0.535051 21.312523 5.609009
v -0.238452 21.312523 5.541321
v -0.727979 21.312523 5.719513
v -1.455191 21.312521 6.758057
v 1.522022 19.725023 7.018524
v -1.277017 19.725021 6.268524
v -1.127045 19.725023 6.054352
v -0.942160 19.725023 5.869476
v -0.727978 19.725023 5.719513
v -0.491009 19.725023 5.609009
v -0.238451 19.725023 5.541321
v 0.282494 19.725023 5.541321
v 0.535052 19.725023 5.609009
v 1.171088 19.725023 6.054352
v 1.431560 19.725023 6.505493
v 3.721769 19.725025 4.986023
v 6.146383 21.312527 4.558502
v 6.054299 21.312527 4.361023
v 5.596767 21.312525 3.903503
v 5.399293 21.312525 3.811401
v 4.754708 21.312525 3.755005
v 4.346768 21.312525 3.903503
v 4.014212 21.312525 4.182556
v 3.797152 21.312525 4.558502
v 3.740758 21.312525 4.768982
v 6.221768 19.725027 4.986023
v 3.797153 19.725025 4.558502
v 3.889237 19.725025 4.361023
v 4.346769 19.725025 3.903503
v 4.544244 19.725025 3.811401
v 4.754709 19.725025 3.755005
v 4.971769 19.725025 3.736023
v 5.188829 19.725025 3.755005
v 5.399294 19.725025 3.811401
v 5.775253 19.725025 4.028473
v 5.929324 19.725027 4.182556
v 6.146384 19.725027 4.558502
v 5.522147 19.725027 18.518402
v 8.522146 21.312529 18.518402
v 8.499358 21.312529 18.257935
v 8.431685 21.312529 18.005371
v 7.535176 21.312529 17.108887
v 6.272146 21.312527 17.219360
v 5.873080 21.312527 17.554230
v 5.723108 21.312527 17.768402
v 5.544935 21.312527 18.257935
v 5.612609 19.725027 18.005371
v 5.873081 19.725027 17.554230
v 6.057966 19.725027 17.369354
v 6.272147 19.725027 17.219360
v 7.022147 19.725027 17.018402
v 7.282619 19.725027 17.041199
v 7.535177 19.725029 17.108887
v 7.772147 19.725029 17.219360
v 7.986328 19.725029 17.369354
v 8.171215 19.725029 17.554230
v 8.321186 19.725029 17.768402
v 8.431686 19.725029 18.005371
v 8.499359 19.725029 18.257935
v 4.022021 21.312525 -0.024750
v 3.961252 21.312525 -0.719360
v 1.390101 21.312523 -3.783508
v 0.022020 21.312521 -4.024750
v -0.672572 21.312521 -3.963989
v -2.549130 21.312521 -3.088928
v -3.442081 21.312521 -2.024750
v -3.917210 21.312519 -0.719360
v -2.549129 19.725021 -3.088928
v -1.977978 19.725021 -3.488861
v 0.022021 19.725021 -4.024750
v 0.716614 19.725023 -3.963989
v 3.486123 19.725025 -2.024750
v 3.961253 19.725025 -0.719360
v -28.291786 -12.802159 51.086273
v -28.126137 -12.845737 51.086273
v -27.829010 -13.013694 51.086273
v -27.706249 -13.133144 51.086273
v -34.477962 -11.787494 51.086273
v -34.462769 -11.961142 51.086273
v -33.977959 -12.653519 51.086273
v -33.651608 -12.772301 51.086273
v -34.477974 11.812507 51.086273
v -33.651623 12.797315 51.086273
v -34.244019 12.455295 51.086273
v -34.417667 12.154527 51.086273
v -27.605686 13.296815 51.086273
v -27.970371 12.941966 51.086273
v -28.126152 12.870758 51.086273
v 12.522021 19.722532 51.086273
v 12.522044 -19.697468 51.086273
v -25.095249 -19.697489 51.086273
v -26.978439 -8.114067 51.086273
v -26.872784 -8.137489 51.086273
v 5.386531 -7.319210 51.086273
v 6.648191 -5.768019 51.086273
v 7.221403 -5.415674 51.086273
v 7.972522 -5.074807 51.086273
v 7.999884 5.053383 51.086273
v 7.221397 5.440734 51.086273
v 6.648186 5.793078 51.086273
v 5.717582 6.758504 51.086273
v 5.386523 7.344268 51.086273
v 4.916848 8.162529 51.086273
v -26.978447 8.139088 51.086273
v -27.342464 7.344250 51.086273
v -27.673523 6.758485 51.086273
v -29.801502 5.189432 51.086273
v -29.893311 5.138009 51.086273
v -29.977970 4.950490 51.086273
v -29.177330 -5.415694 51.086273
v -28.604118 -5.768039 51.086273
v -27.342457 -7.319229 51.086273
v 12.522022 18.135033 49.498779
v -24.477959 -18.109989 49.498779
v -24.477955 -21.287489 49.498779
v -27.706249 -13.133144 49.498779
v -27.829010 -13.013694 49.498779
v -27.970356 -12.916945 49.498779
v -28.126137 -12.845737 49.498779
v -33.977959 -12.653519 49.498779
v -34.120747 -12.553537 49.498779
v -34.244003 -12.430281 49.498779
v -34.343987 -12.287494 49.498779
v -34.417652 -12.129514 49.498779
v -34.462769 -11.961142 49.498779
v -34.477962 -11.787494 49.498779
v -34.417667 12.154527 49.498779
v -34.344002 12.312507 49.498779
v -34.244019 12.455295 49.498779
v -34.120762 12.578551 49.498779
v -33.977974 12.678532 49.498779
v -33.819996 12.752198 49.498779
v -28.462460 12.812510 49.498779
v -27.970371 12.941966 49.498779
v -27.706264 13.158166 49.498779
v -27.530251 13.450594 49.498779
v -29.801495 -5.164414 49.498779
v -29.977966 -4.925472 49.498779
v -27.114265 -7.952196 49.498779
v -27.342457 -7.319229 49.498779
v -27.673515 -6.733465 49.498779
v -28.098076 -6.211478 49.498779
v -28.604118 -5.768039 49.498779
v -29.177330 -5.415694 49.498779
v -27.064293 -8.048187 49.498779
v 5.108369 -8.048169 49.498779
v 5.022512 -8.114049 49.498779
v 7.845565 -5.164392 49.498779
v 7.221403 -5.415674 49.498779
v 6.142148 -6.211458 49.498779
v 5.386531 -7.319210 49.498779
v 5.158330 7.977235 49.498779
v 5.386523 7.344268 49.498779
v 6.142140 6.236517 49.498779
v 4.916848 8.162529 49.498779
v -29.177338 5.440713 49.498779
v -28.604126 5.793058 49.498779
v -28.098083 6.236498 49.498779
v -27.673523 6.758485 49.498779
v -27.342464 7.344250 49.498779
v -29.955822 5.053362 49.498779
v 12.229152 -21.287472 -6.856598
v 12.413052 -21.287472 -6.603485
v 12.509733 -21.287472 -6.305939
v 12.522045 -21.287472 -6.149506
v 6.264266 -21.287476 -12.551422
v -6.770849 -21.287483 -12.270813
v -6.517732 -21.287483 -12.454712
v -6.220176 -21.287483 -12.551422
v -12.477955 -21.287485 -6.149506
v -12.368961 -21.287485 -6.603485
v -12.286971 -21.287485 -6.737305
v -12.564143 -21.287483 22.692719
v 6.221788 -21.287476 -4.913452
v 5.929344 -21.287476 -5.716949
v 5.596788 -21.287476 -5.996002
v 5.188849 -21.287476 -6.144470
v 4.971788 -21.287476 -6.163452
v 4.754728 -21.287476 -6.144470
v 4.544263 -21.287476 -6.088074
v 4.346788 -21.287476 -5.996002
v 4.168304 -21.287476 -5.871033
v 4.014233 -21.287476 -5.716949
v 3.797173 -21.287476 -5.341003
v 3.797173 -21.287476 -4.485931
v 3.889257 -21.287476 -4.288452
v 4.346788 -21.287476 -3.830933
v 4.754728 -21.287476 -3.682465
v 5.596788 -21.287476 -3.830933
v 5.929344 -21.287476 -4.109985
v 6.054320 -21.287476 -4.288452
v 6.202799 -21.287476 -4.696411
v -3.696693 -21.287481 -5.130524
v -4.124218 -21.287481 -5.871002
v -5.885258 -21.287481 -5.716949
v -6.010235 -21.287481 -5.538452
v -6.158713 -21.287481 -5.130524
v -6.010235 -21.287481 -4.288452
v -5.885258 -21.287481 -4.109985
v -5.731188 -21.287481 -3.955902
v -5.552703 -21.287481 -3.830933
v -4.710643 -21.287481 -3.682465
v -4.302703 -21.287481 -3.830933
v -4.124218 -21.287481 -3.955902
v -3.970147 -21.287481 -4.109985
v -5.568543 -21.287479 18.005371
v -5.829015 -21.287479 17.554230
v -6.013900 -21.287479 17.369354
v -6.465052 -21.287481 17.108887
v -6.717609 -21.287481 17.041199
v -6.978082 -21.287481 17.018402
v -7.491112 -21.287481 17.108887
v -7.728082 -21.287481 17.219360
v -8.127150 -21.287481 17.554230
v -8.277121 -21.287481 17.768402
v -8.455294 -21.287481 18.257935
v -8.478083 -21.287481 18.518402
v -7.728082 -21.287481 19.817444
v -7.491112 -21.287481 19.927948
v -7.238554 -21.287481 19.995636
v -6.978082 -21.287481 20.018402
v -6.717609 -21.287481 19.995636
v -6.228082 -21.287479 19.817444
v -6.013900 -21.287479 19.667480
v -5.829015 -21.287479 19.482605
v -5.568543 -21.287479 19.031433
v 7.986352 -21.287474 -1.130646
v 7.535201 -21.287474 -1.391113
v 7.282643 -21.287474 -1.458801
v 7.022171 -21.287474 -1.481598
v 6.761699 -21.287474 -1.458801
v 6.057990 -21.287476 -1.130646
v 5.873105 -21.287476 -0.945770
v 5.723133 -21.287476 -0.731598
v 5.612633 -21.287476 -0.494629
v 5.544960 -21.287476 -0.242065
v 5.522171 -21.287476 0.018402
v 5.723133 -21.287476 0.768402
v 5.873105 -21.287476 0.982605
v 7.022171 -21.287474 1.518402
v 7.535201 -21.287474 1.427948
v 7.772171 -21.287474 1.317444
v 7.986352 -21.287474 1.167480
v 8.171239 -21.287474 0.982605
v 8.431710 -21.287474 0.531433
v 1.321083 -21.287477 -7.731720
v 1.171111 -21.287477 -7.945892
v 0.986226 -21.287477 -8.130768
v 0.772044 -21.287477 -8.280762
v 0.535075 -21.287479 -8.391266
v 0.282517 -21.287479 -8.458923
v 0.022044 -21.287479 -8.481720
v -0.490986 -21.287479 -8.391266
v -1.387494 -21.287479 -7.494751
v -1.455167 -21.287479 -7.242188
v -1.477955 -21.287479 -6.981720
v -1.455167 -21.287479 -6.721252
v -1.387494 -21.287479 -6.468689
v -1.127022 -21.287479 -6.017548
v -0.942137 -21.287479 -5.832642
v -0.490986 -21.287479 -5.572174
v -0.238428 -21.287479 -5.504517
v 0.022044 -21.287479 -5.481720
v 0.282517 -21.287479 -5.504517
v 0.986226 -21.287477 -5.832642
v 1.171111 -21.287477 -6.017548
v 1.431583 -21.287477 -6.468689
v -5.500870 -21.287481 -0.242065
v -6.013900 -21.287481 -1.130646
v -6.228082 -21.287481 -1.280640
v -6.465052 -21.287481 -1.391113
v -6.717609 -21.287481 -1.458801
v -7.942263 -21.287483 -1.130646
v -8.455294 -21.287483 -0.242065
v -8.277121 -21.287483 0.768402
v -8.127150 -21.287483 0.982605
v -7.942263 -21.287483 1.167480
v -7.491112 -21.287483 1.427948
v -6.978082 -21.287481 1.518402
v -6.717609 -21.287481 1.495636
v -6.013900 -21.287481 1.167480
v -5.829015 -21.287481 0.982605
v -5.500870 -21.287481 0.278870
v -3.753084 -21.287479 4.558502
v -3.845168 -21.287479 4.361023
v -3.970144 -21.287479 4.182556
v -4.302699 -21.287481 3.903503
v -4.500174 -21.287481 3.811401
v -4.927699 -21.287481 3.736023
v -5.144760 -21.287481 3.755035
v -6.010231 -21.287481 4.361023
v -6.102315 -21.287481 4.558502
v -6.158709 -21.287481 5.203094
v -6.102315 -21.287481 5.413544
v -6.010231 -21.287481 5.611023
v -5.885255 -21.287481 5.789520
v -5.731184 -21.287481 5.943573
v -5.355225 -21.287481 6.160645
v -5.144760 -21.287481 6.217041
v -4.927699 -21.287481 6.236023
v -4.710639 -21.287481 6.217041
v -4.124215 -21.287479 5.943573
v -3.970144 -21.287479 5.789520
v -3.845168 -21.287479 5.611023
v -3.753084 -21.287479 5.413544
v -3.696690 -21.287479 5.203094
v 1.522045 -21.287477 7.018524
v 1.499256 -21.287477 6.758057
v 1.171111 -21.287477 6.054352
v 0.535075 -21.287477 5.609009
v 0.022044 -21.287477 5.518524
v -1.127022 -21.287477 6.054352
v -1.276994 -21.287479 6.268524
v -1.455167 -21.287479 6.758057
v -1.276994 -21.287477 7.768524
v -0.942137 -21.287477 8.167603
v -0.490986 -21.287477 8.428070
v -0.238428 -21.287477 8.495758
v 0.022044 -21.287477 8.518524
v 0.282517 -21.287477 8.495758
v 0.535075 -21.287477 8.428070
v 0.772044 -21.287477 8.317566
v 0.986226 -21.287477 8.167603
v 6.146408 -21.287474 4.558502
v 5.596792 -21.287476 3.903503
v 4.754732 -21.287476 3.755005
v 4.544267 -21.287476 3.811401
v 4.346792 -21.287476 3.903503
v 3.889260 -21.287476 4.361023
v 3.740782 -21.287476 4.768982
v 3.797176 -21.287476 5.413544
v 3.889260 -21.287476 5.611023
v 4.168307 -21.287476 5.943573
v 4.346792 -21.287476 6.068573
v 5.775277 -21.287474 5.943573
v 5.929348 -21.287474 5.789520
v 6.146408 -21.287474 5.413544
v 6.202802 -21.287474 5.203094
v 8.499383 -21.287472 18.257935
v 8.171239 -21.287472 17.554230
v 7.022171 -21.287474 17.018402
v 6.509141 -21.287474 17.108887
v 5.873105 -21.287474 17.554230
v 5.522171 -21.287474 18.518402
v 5.612633 -21.287474 19.031433
v 5.873105 -21.287474 19.482605
v 6.057990 -21.287474 19.667480
v 7.022171 -21.287474 20.018402
v 7.772171 -21.287472 19.817444
v 8.321210 -21.287472 19.268402
v 4.022045 -21.287476 -0.024750
v 3.780815 -21.287476 -1.392822
v 3.486146 -21.287476 -2.024750
v 3.086222 -21.287477 -2.595917
v 2.593195 -21.287477 -3.088928
v 1.390125 -21.287477 -3.783508
v -2.549106 -21.287479 -3.088928
v -3.442057 -21.287479 -2.024750
v -3.977955 -21.287481 -0.024750
v -2.549106 -21.287479 3.039429
v 0.022044 -21.287477 3.975250
v 1.390125 -21.287477 3.734009
v 2.022045 -21.287477 3.439362
v 3.780815 -21.287476 1.343323
v 3.961276 -21.287476 0.669830
v 12.522020 21.288376 49.772369
v 12.522020 21.216644 50.040100
v 12.522021 20.940542 50.518311
v 12.522021 19.998632 51.062134
v 12.522020 21.312529 -6.149506
v 12.522021 19.725033 47.908783
v 12.522022 18.678844 49.402893
v 12.522022 18.930033 49.285767
v 12.522022 19.353043 48.930817
v 12.522021 19.512012 48.703766
v 12.522021 19.700876 48.184875
v 12.522044 -19.675812 48.184875
v 12.522044 -19.604078 48.452606
v 12.522044 -19.486948 48.703766
v 12.522043 -19.327978 48.930817
v 12.522043 -18.386068 49.474640
v 12.522044 -19.699972 -6.149506
v 12.522045 -21.287468 49.496277
v 12.522044 -20.492468 50.873260
v 12.522045 -21.263311 49.772369
v -12.564168 21.312517 22.692719
v -12.429036 21.312515 -6.458527
v -12.465668 21.312515 -6.305939
v -6.063766 21.312517 -12.563721
v -6.517756 21.312517 -12.454712
v -6.651551 21.312517 -12.372742
v 12.509708 21.312529 -6.305939
v 12.473077 21.312529 -6.458527
v 12.413027 21.312529 -6.603485
v 12.331038 21.312529 -6.737305
v 12.522020 21.312532 49.496277
v 6.202774 21.312525 -5.130524
v 5.929319 21.312525 -5.716949
v 5.775249 21.312525 -5.871033
v 5.188825 21.312525 -6.144470
v 4.971764 21.312525 -6.163452
v 4.346764 21.312525 -5.996002
v 4.014209 21.312525 -5.716949
v 3.889233 21.312525 -5.538452
v 3.797149 21.312525 -5.341003
v 3.740754 21.312525 -5.130524
v 4.544239 21.312525 -3.738861
v 4.754704 21.312525 -3.682465
v 5.188825 21.312525 -3.682465
v 5.596764 21.312525 -3.830933
v 6.054296 21.312525 -4.288452
v 6.146379 21.312525 -4.485931
v 6.202774 21.312525 -4.696411
v -3.845195 21.312519 -5.538452
v -3.970171 21.312519 -5.716949
v -4.302727 21.312519 -5.996002
v -4.710667 21.312519 -6.144470
v -4.927727 21.312519 -6.163452
v -5.885282 21.312519 -5.716949
v -6.010259 21.312519 -5.538452
v -6.102343 21.312519 -5.340973
v -6.158737 21.312519 -5.130524
v -6.158737 21.312519 -4.696411
v -5.885282 21.312519 -4.109985
v -5.731212 21.312519 -3.955902
v -5.552727 21.312519 -3.830933
v -5.355252 21.312519 -3.738831
v -5.144787 21.312519 -3.682465
v -4.927727 21.312519 -3.663452
v -4.710667 21.312519 -3.682465
v -4.500202 21.312519 -3.738831
v -5.568567 21.312521 18.005371
v -5.679068 21.312521 17.768402
v -6.013924 21.312521 17.369354
v -6.228106 21.312519 17.219360
v -6.465076 21.312519 17.108887
v -7.728106 21.312519 17.219360
v -7.942287 21.312519 17.369354
v -8.387645 21.312519 18.005371
v -8.478106 21.312519 18.518402
v -8.455318 21.312519 18.778870
v -8.277143 21.312519 19.268402
v -8.127172 21.312519 19.482605
v -7.942287 21.312519 19.667480
v -7.728106 21.312519 19.817444
v -7.491136 21.312519 19.927948
v -7.238578 21.312519 19.995636
v -6.978106 21.312519 20.018402
v -6.717633 21.312519 19.995636
v -6.465076 21.312519 19.927948
v -6.013924 21.312521 19.667480
v -5.829039 21.312521 19.482605
v -5.679068 21.312521 19.268402
v -5.568567 21.312521 19.031433
v -5.500894 21.312521 18.778870
v 8.522146 21.312527 0.018402
v 8.499358 21.312527 -0.242065
v 8.431685 21.312527 -0.494629
v 8.321185 21.312527 -0.731598
v 7.986327 21.312527 -1.130646
v 7.022146 21.312527 -1.481598
v 6.761674 21.312527 -1.458801
v 6.509116 21.312525 -1.391113
v 6.057965 21.312525 -1.130646
v 5.873080 21.312525 -0.945770
v 5.612608 21.312525 -0.494629
v 5.612608 21.312525 0.531433
v 5.723108 21.312525 0.768402
v 5.873080 21.312525 0.982605
v 6.057965 21.312525 1.167480
v 6.272146 21.312527 1.317444
v 6.509116 21.312527 1.427948
v 6.761674 21.312527 1.495636
v 7.022146 21.312527 1.518402
v 7.282619 21.312527 1.495636
v 7.772146 21.312527 1.317444
v 8.171214 21.312527 0.982605
v 8.431685 21.312527 0.531433
v 8.499358 21.312527 0.278870
v 1.321059 21.312523 -7.731720
v 1.171087 21.312523 -7.945892
v 0.772020 21.312523 -8.280762
v 0.535051 21.312521 -8.391266
v 0.282493 21.312521 -8.458923
v 0.022020 21.312521 -8.481720
v -1.127046 21.312521 -7.945892
v -1.455191 21.312521 -7.242188
v -1.477979 21.312521 -6.981720
v -1.277018 21.312521 -6.231720
v -1.127046 21.312521 -6.017548
v -0.942161 21.312521 -5.832642
v -0.727979 21.312521 -5.682678
v -0.491010 21.312521 -5.572174
v -0.238452 21.312521 -5.504517
v 0.022020 21.312521 -5.481720
v 0.282493 21.312521 -5.504517
v 0.772020 21.312523 -5.682678
v 1.171087 21.312523 -6.017548
v 1.321059 21.312523 -6.231720
v 1.431559 21.312523 -6.468689
v -5.500894 21.312519 -0.242065
v -5.568567 21.312519 -0.494629
v -5.679068 21.312519 -0.731598
v -5.829039 21.312519 -0.945770
v -6.978106 21.312517 -1.481598
v -7.728106 21.312517 -1.280640
v -8.127172 21.312517 -0.945770
v -8.387645 21.312517 -0.494629
v -8.455318 21.312517 -0.242065
v -8.478106 21.312517 0.018402
v -8.455318 21.312517 0.278870
v -8.387645 21.312517 0.531433
v -8.127172 21.312517 0.982605
v -7.491136 21.312517 1.427948
v -7.238578 21.312519 1.495636
v -6.717633 21.312519 1.495636
v -6.465076 21.312519 1.427948
v -6.228106 21.312519 1.317444
v -5.568567 21.312519 0.531433
v -3.845192 21.312521 4.361023
v -4.500198 21.312519 3.811401
v -4.710663 21.312519 3.755035
v -4.927723 21.312519 3.736023
v -5.885279 21.312519 4.182556
v -6.010255 21.312519 4.361023
v -6.102339 21.312519 4.558502
v -6.158733 21.312519 4.768982
v -6.158733 21.312519 5.203094
v -5.552723 21.312519 6.068573
v -5.355249 21.312519 6.160645
v -4.927723 21.312519 6.236023
v -4.302723 21.312521 6.068573
v -3.970168 21.312521 5.789520
v -3.696714 21.312521 5.203094
v 1.522021 21.312523 7.018524
v 1.431559 21.312523 6.505493
v 0.282493 21.312523 5.541321
v 0.022020 21.312523 5.518524
v -0.491010 21.312523 5.609009
v -0.942161 21.312523 5.869476
v -1.127046 21.312523 6.054352
v -1.277018 21.312521 6.268524
v -1.387518 21.312521 6.505493
v -0.727979 21.312523 8.317566
v -0.491010 21.312523 8.428070
v 0.022020 21.312523 8.518524
v 0.282493 21.312523 8.495758
v 0.535051 21.312523 8.428070
v 0.772020 21.312523 8.317566
v 0.986202 21.312523 8.167603
v 1.171087 21.312523 7.982727
v 1.431559 21.312523 7.531555
v 1.499232 21.312523 7.279022
v 6.221767 21.312527 4.986023
v 6.202777 21.312527 4.768982
v 5.929323 21.312527 4.182556
v 5.775252 21.312525 4.028473
v 5.188828 21.312525 3.755005
v 4.971768 21.312525 3.736023
v 4.544243 21.312525 3.811401
v 4.168283 21.312525 4.028473
v 3.889236 21.312525 4.361023
v 3.721768 21.312525 4.986023
v 3.889236 21.312525 5.611023
v 4.014212 21.312525 5.789520
v 4.168283 21.312525 5.943573
v 4.544243 21.312525 6.160645
v 5.775252 21.312527 5.943573
v 6.146383 21.312527 5.413544
v 6.202777 21.312527 5.203094
v 8.321185 21.312529 17.768402
v 8.171214 21.312529 17.554230
v 7.986327 21.312529 17.369354
v 7.772146 21.312529 17.219360
v 7.282619 21.312527 17.041199
v 7.022146 21.312527 17.018402
v 6.761674 21.312527 17.041199
v 6.509116 21.312527 17.108887
v 6.057965 21.312527 17.369354
v 5.612608 21.312527 18.005371
v 5.522146 21.312527 18.518402
v 5.873080 21.312527 19.482605
v 7.282619 21.312529 19.995636
v 7.535176 21.312529 19.927948
v 8.321185 21.312529 19.268402
v 8.499358 21.312529 18.778870
v 3.780791 21.312525 -1.392822
v 3.486122 21.312525 -2.024750
v 3.086198 21.312523 -2.595917
v 2.593171 21.312523 -3.088928
v 2.022021 21.312523 -3.488861
v 0.716613 21.312523 -3.963989
v -1.346060 21.312521 -3.783508
v -1.977979 21.312521 -3.488861
v -3.042157 21.312521 -2.595917
v -3.736750 21.312519 -1.392822
v -3.977979 21.312519 -0.024750
v -3.736750 21.312521 1.343323
v -3.042157 21.312521 2.546387
v -1.346060 21.312521 3.734009
v 0.022020 21.312523 3.975250
v 2.022021 21.312523 3.439362
v 2.593171 21.312523 3.039429
v 3.486122 21.312525 1.975250
v 3.961252 21.312525 0.669830
v -12.477980 21.312515 -6.149506
v -12.477979 19.725016 -6.149506
v -12.564144 -19.699984 22.692719
v -23.771290 -19.699989 47.908783
v 12.522044 -19.699968 47.908783
v 12.509732 -19.699972 -6.305939
v 12.413051 -19.699972 -6.603485
v 6.416847 -19.699976 -12.514771
v 6.107830 -19.699976 -12.563721
v -6.220177 -19.699984 -12.551422
v -6.372760 -19.699984 -12.514771
v -6.770850 -19.699984 -12.270813
v -12.286972 -19.699986 -6.737305
v -12.368962 -19.699986 -6.603485
v -12.487658 -19.699984 22.425537
v -12.516574 -19.699984 22.561798
v 3.740777 -19.699976 -4.696411
v 4.014232 -19.699976 -4.109985
v 4.168303 -19.699976 -3.955902
v 4.346787 -19.699976 -3.830933
v 4.754727 -19.699976 -3.682465
v 4.971787 -19.699976 -3.663452
v 5.399312 -19.699976 -3.738861
v 5.596787 -19.699976 -3.830933
v 6.054319 -19.699976 -4.288452
v 6.146403 -19.699976 -4.485931
v 6.202798 -19.699976 -4.696411
v 6.202798 -19.699976 -5.130524
v 5.929343 -19.699976 -5.716949
v 5.775272 -19.699976 -5.871033
v 5.596787 -19.699976 -5.996002
v 5.188848 -19.699976 -6.144470
v 4.971787 -19.699976 -6.163452
v 4.754727 -19.699976 -6.144470
v 3.740777 -19.699976 -5.130524
v -6.158714 -19.699982 -4.696411
v -6.102320 -19.699982 -4.485931
v -5.552704 -19.699982 -3.830933
v -5.355228 -19.699982 -3.738831
v -4.710644 -19.699982 -3.682465
v -4.500179 -19.699982 -3.738831
v -4.302704 -19.699982 -3.830933
v -3.845172 -19.699982 -5.538452
v -3.970148 -19.699982 -5.716949
v -4.500179 -19.699982 -6.088074
v -4.710644 -19.699982 -6.144470
v -4.927704 -19.699982 -6.163452
v -5.144764 -19.699982 -6.144470
v -5.552704 -19.699982 -5.996002
v -5.731189 -19.699982 -5.871002
v -5.885259 -19.699982 -5.716949
v -6.010236 -19.699982 -5.538452
v -6.158714 -19.699982 -5.130524
v -7.728083 -19.699982 19.817444
v -7.491113 -19.699982 19.927948
v -7.238555 -19.699982 19.995636
v -6.978083 -19.699982 20.018402
v -6.465053 -19.699982 19.927948
v -6.228083 -19.699980 19.817444
v -5.679045 -19.699980 19.268402
v -5.500871 -19.699980 18.257935
v -5.568543 -19.699980 18.005371
v -5.679045 -19.699980 17.768402
v -5.829016 -19.699980 17.554230
v -6.978083 -19.699982 17.018402
v -7.238555 -19.699982 17.041199
v -7.491113 -19.699982 17.108887
v -7.728083 -19.699982 17.219360
v -7.942264 -19.699982 17.369354
v -8.127150 -19.699982 17.554230
v 5.544959 -19.699976 0.278870
v 5.612632 -19.699976 0.531433
v 6.057989 -19.699976 1.167480
v 6.272170 -19.699974 1.317444
v 7.022170 -19.699974 1.518402
v 7.535200 -19.699974 1.427948
v 7.986351 -19.699974 1.167480
v 8.499382 -19.699974 -0.242065
v 8.431709 -19.699974 -0.494629
v 8.171238 -19.699974 -0.945770
v 7.772170 -19.699974 -1.280640
v 7.535200 -19.699974 -1.391113
v 7.282642 -19.699974 -1.458801
v 7.022170 -19.699974 -1.481598
v 6.761698 -19.699974 -1.458801
v 6.057989 -19.699976 -1.130646
v 5.873104 -19.699976 -0.945770
v 5.723132 -19.699976 -0.731598
v -1.455168 -19.699980 -6.721252
v -1.387495 -19.699980 -6.468689
v -1.276995 -19.699980 -6.231720
v -1.127023 -19.699980 -6.017548
v -0.942138 -19.699980 -5.832642
v -0.727956 -19.699980 -5.682678
v -0.490987 -19.699980 -5.572174
v 0.022043 -19.699980 -5.481720
v 0.282516 -19.699980 -5.504517
v 0.535074 -19.699978 -5.572174
v 0.986225 -19.699978 -5.832642
v 1.171110 -19.699978 -6.017548
v 1.499255 -19.699978 -6.721252
v 1.171110 -19.699978 -7.945892
v 0.986225 -19.699978 -8.130768
v 0.772043 -19.699978 -8.280762
v 0.535074 -19.699980 -8.391266
v 0.282516 -19.699980 -8.458923
v 0.022043 -19.699980 -8.481720
v -0.238429 -19.699980 -8.458923
v -0.727956 -19.699980 -8.280762
v -0.942138 -19.699980 -8.130768
v -1.127023 -19.699980 -7.945892
v -1.387495 -19.699980 -7.494751
v -1.455168 -19.699980 -7.242188
v -8.277121 -19.699984 0.768402
v -8.127150 -19.699984 0.982605
v -7.728083 -19.699984 1.317444
v -7.238555 -19.699982 1.495636
v -6.978083 -19.699982 1.518402
v -6.717610 -19.699982 1.495636
v -6.465053 -19.699982 1.427948
v -6.013901 -19.699982 1.167480
v -5.568543 -19.699982 0.531433
v -5.568543 -19.699982 -0.494629
v -5.829016 -19.699982 -0.945770
v -6.013901 -19.699982 -1.130646
v -6.465053 -19.699982 -1.391113
v -6.717610 -19.699982 -1.458801
v -7.238555 -19.699984 -1.458801
v -7.491113 -19.699984 -1.391113
v -7.728083 -19.699984 -1.280640
v -7.942264 -19.699984 -1.130646
v -6.102316 -19.699982 5.413544
v -6.010232 -19.699982 5.611023
v -5.144761 -19.699982 6.217041
v -4.927700 -19.699982 6.236023
v -4.710640 -19.699982 6.217041
v -4.302700 -19.699980 6.068573
v -3.845169 -19.699980 5.611023
v -3.753085 -19.699980 5.413544
v -3.753085 -19.699980 4.558502
v -3.845169 -19.699980 4.361023
v -4.302700 -19.699982 3.903503
v -4.710640 -19.699982 3.755035
v -5.144761 -19.699982 3.755035
v -5.355226 -19.699982 3.811401
v -5.885256 -19.699982 4.182556
v -6.102316 -19.699982 4.558502
v -6.158710 -19.699982 4.768982
v -1.127023 -19.699978 7.982727
v -0.727956 -19.699978 8.317566
v 0.022043 -19.699978 8.518524
v 0.282516 -19.699978 8.495758
v 0.535074 -19.699978 8.428070
v 0.772043 -19.699978 8.317566
v 0.986225 -19.699978 8.167603
v 1.431582 -19.699978 7.531555
v 1.431582 -19.699978 6.505493
v 1.321082 -19.699978 6.268524
v 1.171110 -19.699978 6.054352
v 0.772043 -19.699978 5.719513
v -0.490987 -19.699978 5.609009
v -0.727956 -19.699978 5.719513
v -1.127023 -19.699978 6.054352
v -1.387495 -19.699980 6.505493
v -1.455168 -19.699980 6.758057
v 3.721791 -19.699976 4.986023
v 3.797175 -19.699976 5.413544
v 3.889259 -19.699976 5.611023
v 4.346791 -19.699976 6.068573
v 4.544266 -19.699976 6.160645
v 5.188851 -19.699976 6.217041
v 5.399316 -19.699976 6.160645
v 5.596791 -19.699974 6.068573
v 5.775276 -19.699974 5.943573
v 6.054323 -19.699974 5.611023
v 6.054323 -19.699974 4.361023
v 5.775276 -19.699976 4.028473
v 5.399316 -19.699976 3.811401
v 4.971791 -19.699976 3.736023
v 4.544266 -19.699976 3.811401
v 4.346791 -19.699976 3.903503
v 4.168306 -19.699976 4.028473
v 4.014235 -19.699976 4.182556
v 3.889259 -19.699976 4.361023
v 5.544959 -19.699974 18.778870
v 5.612632 -19.699974 19.031433
v 5.723132 -19.699974 19.268402
v 5.873104 -19.699974 19.482605
v 6.057989 -19.699974 19.667480
v 6.509140 -19.699974 19.927948
v 6.761698 -19.699974 19.995636
v 7.772170 -19.699972 19.817444
v 7.986351 -19.699972 19.667480
v 8.171238 -19.699972 19.482605
v 8.321209 -19.699972 19.268402
v 8.431709 -19.699972 19.031433
v 8.431709 -19.699972 18.005371
v 8.321209 -19.699972 17.768402
v 8.171238 -19.699972 17.554230
v 7.535200 -19.699972 17.108887
v 7.282642 -19.699974 17.041199
v 7.022170 -19.699974 17.018402
v 6.272170 -19.699974 17.219360
v 6.057989 -19.699974 17.369354
v 5.612632 -19.699974 18.005371
v -1.977956 -19.699980 3.439362
v 2.022044 -19.699978 3.439362
v 2.593194 -19.699978 3.039429
v 3.086221 -19.699976 2.546387
v 3.961275 -19.699976 -0.719360
v 3.086221 -19.699978 -2.595917
v 2.022044 -19.699978 -3.488861
v -3.042134 -19.699980 -2.595917
v -3.736727 -19.699982 -1.392822
v -6.063743 -19.699984 -12.563721
v -6.063742 -21.287483 -12.563721
v -12.516597 19.725018 22.561798
v -12.477979 19.725018 22.286560
v -12.465667 19.725016 -6.305939
v -12.368985 19.725016 -6.603485
v -12.286995 19.725016 -6.737305
v -6.651550 19.725018 -12.372742
v -6.517756 19.725018 -12.454712
v -6.220199 19.725018 -12.551422
v 6.416824 19.725025 -12.514771
v 6.695593 19.725025 -12.372742
v 12.229128 19.725029 -6.856598
v 12.413028 19.725029 -6.603485
v 4.014210 19.725025 -5.716949
v 4.754705 19.725025 -6.144470
v 5.929320 19.725025 -5.716949
v 6.146380 19.725025 -5.341003
v 6.221765 19.725025 -4.913452
v 5.775249 19.725025 -3.955902
v 5.596765 19.725025 -3.830933
v 4.544240 19.725025 -3.738861
v 4.168281 19.725025 -3.955902
v 4.014210 19.725025 -4.109985
v 3.797150 19.725025 -4.485931
v -6.158736 19.725019 -5.130524
v -6.102342 19.725019 -5.340973
v -5.731211 19.725019 -5.871002
v -5.144786 19.725019 -6.144470
v -4.927726 19.725019 -6.163452
v -4.710666 19.725019 -6.144470
v -4.302726 19.725019 -5.996002
v -3.970170 19.725019 -5.716949
v -3.753110 19.725019 -5.340973
v -3.845194 19.725019 -4.288452
v -4.124241 19.725019 -3.955902
v -4.500201 19.725019 -3.738831
v -4.710666 19.725019 -3.682465
v -4.927726 19.725019 -3.663452
v -6.102342 19.725019 -4.485931
v -6.158736 19.725019 -4.696411
v -8.455317 19.725019 18.257935
v -8.387644 19.725019 18.005371
v -8.127172 19.725019 17.554230
v -7.942286 19.725019 17.369354
v -7.491135 19.725019 17.108887
v -6.978105 19.725019 17.018402
v -5.500893 19.725021 18.257935
v -5.568566 19.725021 19.031433
v -5.679067 19.725021 19.268402
v -6.228105 19.725021 19.817444
v -6.465075 19.725019 19.927948
v -7.238577 19.725019 19.995636
v -7.491135 19.725019 19.927948
v -8.127172 19.725019 19.482605
v -8.277143 19.725019 19.268402
v -8.455317 19.725019 18.778870
v 5.612609 19.725025 -0.494629
v 5.723109 19.725025 -0.731598
v 5.873081 19.725025 -0.945770
v 6.057966 19.725025 -1.130646
v 6.272147 19.725025 -1.280640
v 7.022147 19.725027 -1.481598
v 7.535177 19.725027 -1.391113
v 7.772147 19.725027 -1.280640
v 7.986328 19.725027 -1.130646
v 8.171215 19.725027 -0.945770
v 8.321186 19.725027 -0.731598
v 8.431686 19.725027 -0.494629
v 8.522147 19.725027 0.018402
v 8.499359 19.725027 0.278870
v 8.171215 19.725027 0.982605
v 7.772147 19.725027 1.317444
v 7.022147 19.725027 1.518402
v 6.509117 19.725027 1.427948
v 6.057966 19.725025 1.167480
v 5.873081 19.725025 0.982605
v -0.942160 19.725021 -8.130768
v -0.238451 19.725021 -8.458923
v 0.535052 19.725021 -8.391266
v 0.772021 19.725023 -8.280762
v 0.986203 19.725023 -8.130768
v 1.522022 19.725023 -6.981720
v 1.499233 19.725023 -6.721252
v 1.431560 19.725023 -6.468689
v 0.986203 19.725023 -5.832642
v 0.772021 19.725023 -5.682678
v 0.282494 19.725021 -5.504517
v 0.022021 19.725021 -5.481720
v -0.727978 19.725021 -5.682678
v -0.942160 19.725021 -5.832642
v -1.127045 19.725021 -6.017548
v -1.277017 19.725021 -6.231720
v -8.455317 19.725018 -0.242065
v -8.387644 19.725018 -0.494629
v -8.127172 19.725018 -0.945770
v -7.942286 19.725018 -1.130646
v -6.717632 19.725019 -1.458801
v -6.465075 19.725019 -1.391113
v -5.679067 19.725019 -0.731598
v -5.568566 19.725019 -0.494629
v -5.568566 19.725019 0.531433
v -5.679067 19.725019 0.768402
v -5.829038 19.725019 0.982605
v -6.228105 19.725019 1.317444
v -6.465075 19.725019 1.427948
v -6.717632 19.725019 1.495636
v -6.978105 19.725019 1.518402
v -7.491135 19.725018 1.427948
v -7.728105 19.725018 1.317444
v -7.942286 19.725018 1.167480
v -5.885278 19.725019 4.182556
v -5.355248 19.725019 3.811401
v -4.710662 19.725019 3.755035
v -4.500197 19.725019 3.811401
v -4.124238 19.725021 4.028473
v -3.970167 19.725021 4.182556
v -3.845191 19.725021 4.361023
v -3.677722 19.725021 4.986023
v -3.970167 19.725021 5.789520
v -4.124238 19.725021 5.943573
v -4.302722 19.725021 6.068573
v -4.500197 19.725021 6.160645
v -4.710662 19.725019 6.217041
v -5.355248 19.725019 6.160645
v -5.731207 19.725019 5.943573
v -6.010254 19.725019 5.611023
v -6.102338 19.725019 5.413544
v -6.158732 19.725019 5.203094
v -1.455190 19.725021 6.758057
v -1.387517 19.725021 6.505493
v 0.022021 19.725023 5.518524
v 0.772021 19.725023 5.719513
v 0.986203 19.725023 5.869476
v 1.321060 19.725023 6.268524
v 1.499233 19.725023 6.758057
v 0.986203 19.725023 8.167603
v 0.772021 19.725023 8.317566
v 0.022021 19.725023 8.518524
v -0.727978 19.725023 8.317566
v -1.127045 19.725023 7.982727
v -1.277017 19.725023 7.768524
v -1.455190 19.725021 7.279022
v 3.740759 19.725025 4.768982
v 4.014213 19.725025 4.182556
v 4.168284 19.725025 4.028473
v 5.596768 19.725025 3.903503
v 6.054300 19.725027 4.361023
v 6.202778 19.725027 4.768982
v 6.202778 19.725027 5.203094
v 5.929324 19.725027 5.789520
v 5.596768 19.725027 6.068573
v 5.399294 19.725025 6.160645
v 4.971769 19.725025 6.236023
v 4.754709 19.725025 6.217041
v 4.346769 19.725025 6.068573
v 4.014213 19.725025 5.789520
v 3.797153 19.725025 5.413544
v 3.740759 19.725025 5.203094
v 5.544936 19.725027 18.257935
v 5.723109 19.725027 17.768402
v 6.509117 19.725027 17.108887
v 6.761675 19.725027 17.041199
v 8.431686 19.725029 19.031433
v 8.321186 19.725029 19.268402
v 8.171215 19.725029 19.482605
v 7.986328 19.725029 19.667480
v 7.282619 19.725029 19.995636
v 7.022147 19.725027 20.018402
v 6.761675 19.725027 19.995636
v 6.509117 19.725027 19.927948
v 6.272147 19.725027 19.817444
v 5.873081 19.725027 19.482605
v 5.612609 19.725027 19.031433
v -3.917209 19.725019 -0.719360
v -3.736749 19.725019 -1.392822
v -3.442080 19.725021 -2.024750
v -3.042156 19.725021 -2.595917
v -1.346059 19.725021 -3.783508
v -0.672571 19.725021 -3.963989
v 1.390102 19.725023 -3.783508
v 2.022022 19.725023 -3.488861
v 2.593172 19.725023 -3.088928
v 3.086199 19.725023 -2.595917
v 3.780792 19.725025 -1.392822
v 4.022022 19.725025 -0.024750
v 3.086199 19.725025 2.546387
v 0.716614 19.725023 3.914490
v 0.022021 19.725023 3.975250
v -1.346059 19.725021 3.734009
v -1.977978 19.725021 3.439362
v 6.107807 19.725025 -12.563721
v -34.477974 11.812507 49.498779
v -28.462460 12.812510 51.086273
v -33.477974 12.812507 51.086273
v -33.477974 12.812507 49.498779
v -24.477978 21.312511 49.498779
v -25.095272 19.722511 51.086273
v -24.885738 20.262218 50.991882
v -24.640675 20.893452 50.571930
v -24.483078 21.299374 49.700256
v -28.462444 -12.787491 49.498779
v -33.477959 -12.787494 51.086273
v -27.530235 -13.425572 49.498779
v -24.508690 -21.208328 49.991730
v -24.544716 -21.115530 50.215485
v -24.663200 -20.810341 50.631927
v -24.941292 -20.094048 51.036041
v -25.019321 -19.893061 51.074219
v -24.469185 -18.359760 49.479034
v -24.401890 -18.827591 49.327637
v -24.346039 -19.035061 49.201965
v -24.181927 -19.403992 48.832703
v -24.072216 -19.548620 48.585876
v -23.953136 -19.646442 48.317932
v -23.860966 -19.687134 48.110565
v -24.477978 18.135012 49.498779
v -23.771313 19.725012 47.908783
v -24.135830 19.497152 48.728943
v -24.376675 18.955299 49.270844
v -24.425533 18.736109 49.380768
v -12.564167 19.725018 22.692719
v 6.814939 -21.287476 -12.270813
v 12.229127 21.312529 -6.856598
v -12.185086 21.312515 -6.856598
v -12.185085 19.725016 -6.856598
v -34.417652 -12.129514 51.086273
v -34.343987 -12.287494 51.086273
v -34.244003 -12.430281 51.086273
v -34.120747 -12.553537 51.086273
v -33.819981 -12.727186 51.086273
v -33.477959 -12.787494 49.498779
v -33.651608 -12.772301 49.498779
v -33.819981 -12.727186 49.498779
v -28.462444 -12.787491 51.086273
v -27.970356 -12.916945 51.086273
v -27.605671 -13.271793 51.086273
v -27.530235 -13.425572 51.086273
v -27.605671 -13.271793 49.498779
v -28.291786 -12.802160 49.498779
v -34.462784 11.986155 49.498779
v -33.651623 12.797315 49.498779
v -33.819996 12.752198 51.086273
v -33.977974 12.678532 51.086273
v -34.120762 12.578551 51.086273
v -34.344002 12.312507 51.086273
v -34.462784 11.986155 51.086273
v -27.530251 13.450594 51.086273
v -27.706264 13.158166 51.086273
v -27.829025 13.038714 51.086273
v -28.291801 12.827180 51.086273
v -28.291801 12.827179 49.498779
v -28.126152 12.870757 49.498779
v -27.829025 13.038714 49.498779
v -27.605686 13.296815 49.498779
v -12.477955 -21.287483 22.286560
v -12.477956 -19.699984 22.286560
v -12.516573 -21.287483 22.561798
v -12.487657 -21.287483 22.425537
v -12.477980 21.312517 22.286560
v -12.487681 21.312517 22.425537
v -12.516598 21.312517 22.561798
v -12.487680 19.725018 22.425537
v -12.185062 -19.699986 -6.856598
v -12.429012 -19.699986 -6.458527
v -12.465644 -19.699986 -6.305939
v -12.477956 -19.699986 -6.149506
v -12.185061 -21.287485 -6.856598
v -12.465643 -21.287485 -6.305939
v -12.429011 -21.287485 -6.458527
v 6.814938 -19.699976 -12.270813
v 6.695616 -19.699976 -12.372742
v 6.561822 -19.699976 -12.454712
v 6.264265 -19.699976 -12.551422
v 6.107831 -21.287476 -12.563721
v 6.416848 -21.287476 -12.514771
v 6.561823 -21.287476 -12.454712
v 6.695617 -21.287476 -12.372742
v -6.651527 -21.287483 -12.372742
v -6.372759 -21.287483 -12.514771
v -6.517733 -19.699984 -12.454712
v -6.651528 -19.699984 -12.372742
v 12.331062 -21.287472 -6.737305
v 12.473102 -21.287472 -6.458527
v 12.229151 -19.699972 -6.856598
v 12.473101 -19.699972 -6.458527
v 12.331061 -19.699972 -6.737305
v 12.331038 19.725029 -6.737305
v 12.473078 19.725029 -6.458527
v 12.509709 19.725029 -6.305939
v 12.522021 19.725029 -6.149506
v 6.814914 21.312525 -12.270813
v 6.695592 21.312525 -12.372742
v 6.561798 21.312525 -12.454712
v 6.416823 21.312525 -12.514771
v 6.264241 21.312525 -12.551422
v 6.107806 21.312525 -12.563721
v 6.814915 19.725025 -12.270813
v 6.264242 19.725025 -12.551422
v 6.561799 19.725025 -12.454712
v -6.770872 19.725018 -12.270813
v -6.372782 19.725018 -12.514771
v -6.063765 19.725018 -12.563721
v -6.770873 21.312517 -12.270813
v -6.220200 21.312517 -12.551422
v -6.372783 21.312517 -12.514771
v -12.286996 21.312515 -6.737305
v -12.368986 21.312515 -6.603485
v -12.429035 19.725016 -6.458527
v -24.476845 -21.287489 49.496277
v 12.522044 -19.973568 51.062134
v 12.522044 -20.241280 50.990387
v 12.522044 -20.719500 50.714294
v 12.522044 -20.915478 50.518311
v 12.522044 -21.074448 50.291290
v 12.522045 -21.191578 50.040100
v -24.485760 -21.267391 49.748291
v -24.599758 -20.973755 50.444580
v -24.741604 -20.608393 50.799500
v -24.838318 -20.359285 50.942017
v -23.896225 19.699974 48.189850
v -24.024117 19.619785 48.477600
v -24.228645 19.347139 48.937775
v -24.309994 19.164124 49.120819
v -24.460133 18.490065 49.458618
v -24.473675 18.310160 49.489105
v 12.522022 18.411133 49.474640
v 12.522022 19.157064 49.126801
v 12.522021 19.629143 48.452606
v 12.522043 -19.132000 49.126801
v 12.522043 -18.904968 49.285767
v 12.522043 -18.653780 49.402893
v 12.522043 -18.109968 49.498779
v -24.443058 -18.603485 49.420258
v -24.271927 -19.232145 49.035217
v 12.522021 21.099512 50.291290
v 12.522021 20.744564 50.714294
v 12.522021 20.517532 50.873260
v 12.522021 20.266344 50.990387
v -24.476868 21.312511 49.496277
v -24.986248 20.003330 51.061279
v -24.797215 20.490236 50.888641
v -24.714336 20.703716 50.747406
v -24.580750 21.047800 50.374756
v -24.531582 21.174444 50.144348
v -24.498959 21.258471 49.907288
v -3.917210 21.312519 0.669830
v -3.442081 21.312521 1.975250
v -2.549130 21.312521 3.039429
v -1.977979 21.312521 3.439362
v -0.672572 21.312523 3.914490
v 0.716613 21.312523 3.914490
v 1.390101 21.312523 3.734009
v 3.086198 21.312525 2.546387
v 3.780791 21.312525 1.343323
v -3.977978 19.725019 -0.024750
v 3.961253 19.725025 0.669830
v 3.780792 19.725025 1.343323
v 3.486123 19.725025 1.975250
v 2.593172 19.725023 3.039429
v 2.022022 19.725023 3.439362
v 1.390102 19.725023 3.734009
v -0.672571 19.725023 3.914490
v -2.549129 19.725021 3.039429
v -3.042156 19.725021 2.546387
v -3.442080 19.725021 1.975250
v -3.736749 19.725021 1.343323
v -3.917209 19.725019 0.669830
v 5.544935 21.312527 18.778870
v 5.612608 21.312527 19.031433
v 5.723108 21.312527 19.268402
v 6.057965 21.312527 19.667480
v 6.272146 21.312527 19.817444
v 6.509116 21.312527 19.927948
v 6.761674 21.312527 19.995636
v 7.022146 21.312527 20.018402
v 7.772146 21.312529 19.817444
v 7.986327 21.312529 19.667480
v 8.171214 21.312529 19.482605
v 8.431685 21.312529 19.031433
v 8.522147 19.725029 18.518402
v 8.499359 19.725029 18.778870
v 7.772147 19.725029 19.817444
v 7.535177 19.725029 19.927948
v 6.057966 19.725027 19.667480
v 5.723109 19.725027 19.268402
v 5.544936 19.725027 18.778870
v 3.740758 21.312525 5.203094
v 3.797152 21.312525 5.413544
v 4.346768 21.312525 6.068573
v 4.754708 21.312525 6.217041
v 4.971768 21.312525 6.236023
v 5.188828 21.312525 6.217041
v 5.399293 21.312525 6.160645
v 5.596767 21.312527 6.068573
v 5.929323 21.312527 5.789520
v 6.054299 21.312527 5.611023
v 6.146384 19.725027 5.413544
v 6.054300 19.725027 5.611023
v 5.775253 19.725027 5.943573
v 5.188829 19.725025 6.217041
v 4.544244 19.725025 6.160645
v 4.168284 19.725025 5.943573
v 3.889237 19.725025 5.611023
v -1.477979 21.312521 7.018524
v -1.455191 21.312521 7.279022
v -1.387518 21.312521 7.531555
v -1.277018 21.312523 7.768524
v -1.127046 21.312523 7.982727
v -0.942161 21.312523 8.167603
v -0.238452 21.312523 8.495758
v 1.321059 21.312523 7.768524
v 1.499233 19.725023 7.279022
v 1.431560 19.725023 7.531555
v 1.321060 19.725023 7.768524
v 1.171088 19.725023 7.982727
v 0.535052 19.725023 8.428070
v 0.282494 19.725023 8.495758
v -0.238451 19.725023 8.495758
v -0.491009 19.725023 8.428070
v -0.942160 19.725023 8.167603
v -1.387517 19.725021 7.531555
v -6.177723 21.312519 4.986023
v -6.102339 21.312519 5.413544
v -6.010255 21.312519 5.611023
v -5.885279 21.312519 5.789520
v -5.731208 21.312519 5.943573
v -5.144784 21.312519 6.217041
v -4.710663 21.312519 6.217041
v -4.500198 21.312521 6.160645
v -4.124239 21.312521 5.943573
v -3.845192 21.312521 5.611023
v -3.753108 21.312521 5.413544
v -3.696713 19.725021 5.203094
v -3.753107 19.725021 5.413544
v -3.845191 19.725021 5.611023
v -4.927722 19.725019 6.236023
v -5.144783 19.725019 6.217041
v -5.552722 19.725019 6.068573
v -5.885278 19.725019 5.789520
v -8.277143 21.312517 0.768402
v -7.942287 21.312517 1.167480
v -7.728106 21.312517 1.317444
v -6.978106 21.312519 1.518402
v -6.013924 21.312519 1.167480
v -5.829039 21.312519 0.982605
v -5.679068 21.312519 0.768402
v -5.500894 21.312519 0.278870
v -5.478106 21.312519 0.018402
v -8.478106 19.725018 0.018402
v -5.500893 19.725019 0.278870
v -6.013923 19.725019 1.167480
v -7.238577 19.725019 1.495636
v -8.127172 19.725018 0.982605
v -8.277143 19.725018 0.768402
v -8.387644 19.725018 0.531433
v -8.455317 19.725018 0.278870
v -1.455191 21.312521 -6.721252
v -1.387518 21.312521 -6.468689
v 0.535051 21.312523 -5.572174
v 0.986202 21.312523 -5.832642
v 1.499232 21.312523 -6.721252
v 1.522021 21.312523 -6.981720
v -1.477978 19.725021 -6.981720
v 1.321060 19.725023 -6.231720
v 1.171088 19.725023 -6.017548
v 0.535052 19.725023 -5.572174
v -0.238451 19.725021 -5.504517
v -0.491009 19.725021 -5.572174
v -1.387517 19.725021 -6.468689
v -1.455190 19.725021 -6.721252
v 5.544935 21.312525 0.278870
v 7.535176 21.312527 1.427948
v 7.986327 21.312527 1.167480
v 8.321185 21.312527 0.768402
v 8.431686 19.725027 0.531433
v 8.321186 19.725027 0.768402
v 7.986328 19.725027 1.167480
v 7.535177 19.725027 1.427948
v 7.282619 19.725027 1.495636
v 6.761675 19.725027 1.495636
v 6.272147 19.725027 1.317444
v 5.723109 19.725025 0.768402
v 5.612609 19.725025 0.531433
v 5.544936 19.725025 0.278870
v -8.387645 21.312519 19.031433
v -6.228106 21.312521 19.817444
v -8.478106 19.725019 18.518402
v -5.478105 19.725021 18.518402
v -5.500893 19.725021 18.778870
v -5.829038 19.725021 19.482605
v -6.013923 19.725021 19.667480
v -6.717632 19.725019 19.995636
v -6.978105 19.725019 20.018402
v -7.728105 19.725019 19.817444
v -7.942286 19.725019 19.667480
v -8.387644 19.725019 19.031433
v -6.102343 21.312519 -4.485931
v -6.010259 21.312519 -4.288452
v -4.302727 21.312519 -3.830933
v -4.124242 21.312519 -3.955902
v -3.970171 21.312519 -4.109985
v -3.845195 21.312519 -4.288452
v -3.753111 21.312519 -4.485931
v -3.696717 21.312519 -4.696411
v -3.677727 21.312519 -4.913452
v -3.696716 19.725019 -4.696411
v -3.753110 19.725019 -4.485931
v -3.970170 19.725019 -4.109985
v -4.302726 19.725019 -3.830933
v -5.144786 19.725019 -3.682465
v -5.355251 19.725019 -3.738831
v -5.552726 19.725019 -3.830933
v -5.731211 19.725019 -3.955902
v -5.885281 19.725019 -4.109985
v -6.010258 19.725019 -4.288452
v 3.721764 21.312525 -4.913452
v 3.740754 21.312525 -4.696411
v 3.797149 21.312525 -4.485931
v 3.889233 21.312525 -4.288452
v 4.014209 21.312525 -4.109985
v 4.168280 21.312525 -3.955902
v 4.346764 21.312525 -3.830933
v 4.971764 21.312525 -3.663452
v 5.399289 21.312525 -3.738861
v 5.775249 21.312525 -3.955902
v 5.929319 21.312525 -4.109985
v 6.221764 21.312525 -4.913452
v 6.202775 19.725025 -4.696411
v 6.146380 19.725025 -4.485931
v 6.054296 19.725025 -4.288452
v 5.929320 19.725025 -4.109985
v 5.399290 19.725025 -3.738861
v 5.188826 19.725025 -3.682465
v 4.971765 19.725025 -3.663452
v 4.754705 19.725025 -3.682465
v 4.346765 19.725025 -3.830933
v 3.889234 19.725025 -4.288452
v 3.740755 19.725025 -4.696411
v -3.977956 -19.699982 -0.024750
v -3.917187 -19.699982 0.669830
v -3.736727 -19.699980 1.343323
v -3.442058 -19.699980 1.975250
v -3.042134 -19.699980 2.546387
v -2.549107 -19.699980 3.039429
v -1.346037 -19.699980 3.734009
v -0.672549 -19.699978 3.914490
v 0.022043 -19.699978 3.975250
v 0.716636 -19.699978 3.914490
v 1.390124 -19.699978 3.734009
v 3.486145 -19.699976 1.975250
v 3.780814 -19.699976 1.343323
v 3.961275 -19.699976 0.669830
v 4.022044 -19.699976 -0.024750
v -3.917186 -21.287481 0.669830
v -3.736726 -21.287479 1.343323
v -3.442057 -21.287479 1.975250
v -3.042133 -21.287479 2.546387
v -1.977955 -21.287479 3.439362
v -1.346036 -21.287479 3.734009
v -0.672548 -21.287477 3.914490
v 0.716637 -21.287477 3.914490
v 2.593195 -21.287477 3.039429
v 3.086222 -21.287476 2.546387
v 3.486146 -21.287476 1.975250
v 6.272170 -19.699974 19.817444
v 7.022170 -19.699974 20.018402
v 7.282642 -19.699972 19.995636
v 7.535200 -19.699972 19.927948
v 8.499382 -19.699972 18.778870
v 8.522170 -19.699972 18.518402
v 5.544960 -21.287474 18.778870
v 5.723133 -21.287474 19.268402
v 6.272171 -21.287474 19.817444
v 6.509141 -21.287474 19.927948
v 6.761699 -21.287474 19.995636
v 7.282643 -21.287472 19.995636
v 7.535201 -21.287472 19.927948
v 7.986352 -21.287472 19.667480
v 8.171239 -21.287472 19.482605
v 8.431710 -21.287472 19.031433
v 8.499383 -21.287472 18.778870
v 8.522171 -21.287472 18.518402
v 3.740781 -19.699976 5.203094
v 4.014235 -19.699976 5.789520
v 4.168306 -19.699976 5.943573
v 4.754731 -19.699976 6.217041
v 4.971791 -19.699976 6.236023
v 5.929347 -19.699974 5.789520
v 6.146407 -19.699974 5.413544
v 6.202801 -19.699974 5.203094
v 3.721792 -21.287476 4.986023
v 3.740782 -21.287476 5.203094
v 4.014236 -21.287476 5.789520
v 4.544267 -21.287476 6.160645
v 4.754732 -21.287476 6.217041
v 4.971792 -21.287476 6.236023
v 5.188852 -21.287476 6.217041
v 5.399317 -21.287476 6.160645
v 5.596792 -21.287474 6.068573
v 6.054324 -21.287474 5.611023
v 6.221792 -21.287474 4.986023
v -1.455168 -19.699980 7.279022
v -1.387495 -19.699980 7.531555
v -1.276995 -19.699978 7.768524
v -0.942138 -19.699978 8.167603
v -0.490987 -19.699978 8.428070
v -0.238429 -19.699978 8.495758
v 1.171110 -19.699978 7.982727
v 1.321082 -19.699978 7.768524
v 1.499255 -19.699978 7.279022
v -1.455167 -21.287479 7.279022
v -1.387494 -21.287479 7.531555
v -1.127022 -21.287477 7.982727
v -0.727955 -21.287477 8.317566
v 1.171111 -21.287477 7.982727
v 1.321083 -21.287477 7.768524
v 1.431583 -21.287477 7.531555
v 1.499256 -21.287477 7.279022
v -6.177700 -19.699982 4.986023
v -6.158710 -19.699982 5.203094
v -5.885256 -19.699982 5.789520
v -5.731185 -19.699982 5.943573
v -5.552700 -19.699982 6.068573
v -5.355226 -19.699982 6.160645
v -4.500175 -19.699980 6.160645
v -4.124216 -19.699980 5.943573
v -3.970145 -19.699980 5.789520
v -3.696691 -19.699980 5.203094
v -5.552699 -21.287481 6.068573
v -4.500174 -21.287479 6.160645
v -4.302699 -21.287479 6.068573
v -3.677699 -21.287479 4.986023
v -8.455296 -19.699984 0.278870
v -8.387622 -19.699984 0.531433
v -7.942264 -19.699984 1.167480
v -7.491113 -19.699984 1.427948
v -6.228083 -19.699982 1.317444
v -5.829016 -19.699982 0.982605
v -5.679045 -19.699982 0.768402
v -5.500871 -19.699982 0.278870
v -5.478083 -19.699982 0.018402
v -8.478083 -21.287483 0.018402
v -8.455294 -21.287483 0.278870
v -8.387621 -21.287483 0.531433
v -7.728082 -21.287483 1.317444
v -7.238554 -21.287481 1.495636
v -6.465052 -21.287481 1.427948
v -6.228082 -21.287481 1.317444
v -5.679044 -21.287481 0.768402
v -5.568543 -21.287481 0.531433
v -5.478082 -21.287481 0.018402
v -0.238429 -19.699980 -5.504517
v 0.772043 -19.699978 -5.682678
v 1.321082 -19.699978 -6.231720
v 1.431582 -19.699978 -6.468689
v 1.522044 -19.699978 -6.981720
v -1.276994 -21.287479 -6.231720
v -0.727955 -21.287479 -5.682678
v 0.535075 -21.287477 -5.572174
v 0.772044 -21.287477 -5.682678
v 1.321083 -21.287477 -6.231720
v 1.499256 -21.287477 -6.721252
v 5.723132 -19.699976 0.768402
v 5.873104 -19.699976 0.982605
v 6.509140 -19.699974 1.427948
v 6.761698 -19.699974 1.495636
v 7.282642 -19.699974 1.495636
v 7.772170 -19.699974 1.317444
v 8.171238 -19.699974 0.982605
v 8.321209 -19.699974 0.768402
v 8.431709 -19.699974 0.531433
v 8.499382 -19.699974 0.278870
v 5.544960 -21.287476 0.278870
v 5.612633 -21.287476 0.531433
v 6.057990 -21.287476 1.167480
v 6.272171 -21.287474 1.317444
v 6.509141 -21.287474 1.427948
v 6.761699 -21.287474 1.495636
v 7.282643 -21.287474 1.495636
v 8.321210 -21.287474 0.768402
v 8.499383 -21.287474 0.278870
v 8.522171 -21.287474 0.018402
v -8.455296 -19.699982 18.778870
v -8.387622 -19.699982 19.031433
v -8.277121 -19.699982 19.268402
v -8.127150 -19.699982 19.482605
v -7.942264 -19.699982 19.667480
v -6.717610 -19.699982 19.995636
v -6.013901 -19.699980 19.667480
v -5.829016 -19.699980 19.482605
v -5.568543 -19.699980 19.031433
v -5.500871 -19.699980 18.778870
v -5.478083 -19.699980 18.518402
v -8.455294 -21.287481 18.778870
v -8.387621 -21.287481 19.031433
v -8.277121 -21.287481 19.268402
v -8.127150 -21.287481 19.482605
v -7.942263 -21.287481 19.667480
v -6.465052 -21.287481 19.927948
v -5.679044 -21.287479 19.268402
v -5.500870 -21.287479 18.778870
v -6.177704 -19.699982 -4.913452
v -6.010236 -19.699982 -4.288452
v -5.885259 -19.699982 -4.109985
v -5.731189 -19.699982 -3.955902
v -5.144764 -19.699982 -3.682465
v -4.927704 -19.699982 -3.663452
v -4.124219 -19.699982 -3.955902
v -3.970148 -19.699982 -4.109985
v -3.845172 -19.699982 -4.288452
v -3.753088 -19.699982 -4.485931
v -3.696694 -19.699982 -4.696411
v -3.677704 -19.699982 -4.913452
v -6.158713 -21.287481 -4.696411
v -6.102319 -21.287481 -4.485931
v -5.355228 -21.287481 -3.738831
v -5.144763 -21.287481 -3.682465
v -4.927703 -21.287481 -3.663452
v -4.500178 -21.287481 -3.738831
v -3.845171 -21.287481 -4.288452
v -3.753087 -21.287481 -4.485931
v -3.696693 -21.287481 -4.696411
v -3.677703 -21.287481 -4.913452
v 3.721787 -19.699976 -4.913452
v 3.797172 -19.699976 -4.485931
v 3.889256 -19.699976 -4.288452
v 4.544262 -19.699976 -3.738861
v 5.188848 -19.699976 -3.682465
v 5.775272 -19.699976 -3.955902
v 5.929343 -19.699976 -4.109985
v 3.740778 -21.287476 -4.696411
v 4.014233 -21.287476 -4.109985
v 4.168304 -21.287476 -3.955902
v 4.544263 -21.287476 -3.738861
v 4.971788 -21.287476 -3.663452
v 5.188849 -21.287476 -3.682465
v 5.399313 -21.287476 -3.738861
v 5.775273 -21.287476 -3.955902
v 6.146404 -21.287476 -4.485931
v -29.801495 -5.164414 51.086273
v -29.955818 -5.028344 51.086273
v -29.893303 -5.112991 51.086273
v -29.893303 -5.112991 49.498779
v -29.955818 -5.028344 49.498779
v -29.977966 -4.925472 51.086273
v -29.977970 4.950490 49.498779
v -29.955822 5.053362 51.086273
v -29.893311 5.138009 49.498779
v -29.801502 5.189432 49.498779
v -28.098083 6.236498 51.086273
v -28.604126 5.793059 51.086273
v -29.177338 5.440713 51.086273
v -27.114273 7.977217 49.498779
v -27.114273 7.977217 51.086273
v -27.064301 8.073208 51.086273
v -27.064301 8.073208 49.498779
v -26.978447 8.139088 49.498779
v -26.872791 8.162511 49.498779
v -26.872791 8.162511 51.086273
v 5.158330 7.977235 51.086273
v 5.108359 8.073226 51.086273
v 5.022502 8.139106 51.086273
v 5.022502 8.139106 49.498779
v 5.108359 8.073226 49.498779
v 5.717582 6.758504 49.498779
v 6.648186 5.793078 49.498779
v 7.221397 5.440734 49.498779
v 7.845559 5.189454 49.498779
v 7.845559 5.189454 51.086273
v 6.142140 6.236517 51.086273
v 8.022030 4.950511 51.086273
v 7.937367 5.138031 51.086273
v 7.937367 5.138031 49.498779
v 7.999884 5.053383 49.498779
v 8.022030 4.950511 49.498779
v 8.022036 -4.925450 51.086273
v 8.022036 -4.925450 49.498779
v 7.845565 -5.164392 51.086273
v 7.972522 -5.074807 49.498779
v 6.648191 -5.768019 49.498779
v 5.717589 -6.733446 49.498779
v 5.158339 -7.952178 49.498779
v 5.717589 -6.733446 51.086273
v 6.142148 -6.211458 51.086273
v 5.158339 -7.952177 51.086273
v 5.022512 -8.114049 51.086273
v 5.108369 -8.048169 51.086273
v 4.916858 -8.137471 49.498779
v 4.916858 -8.137471 51.086273
v -26.872784 -8.137489 49.498779
v -27.114265 -7.952196 51.086273
v -27.064293 -8.048187 51.086273
v -26.978439 -8.114067 49.498779
v -28.098076 -6.211478 51.086273
v -27.673515 -6.733465 51.086273
vn -0.9848 -0.0000 0.1736
vn -1.0000 -0.0000 -0.0000
vn -0.9397 -0.0000 0.3420
vn -0.8660 -0.0000 0.5000
vn -0.7661 -0.0000 0.6428
vn -0.6428 -0.0000 0.7660
vn -0.5000 -0.0000 0.8660
vn -0.3420 -0.0000 0.9397
vn -0.1736 -0.0000 0.9848
vn -0.0000 -0.0000 1.0000
vn 0.1736 -0.0000 0.9848
vn 0.3420 -0.0000 0.9397
vn 0.5000 -0.0000 0.8660
vn 0.6428 -0.0000 0.7660
vn 0.7661 -0.0000 0.6428
vn 0.8660 -0.0000 0.5000
vn 0.9397 -0.0000 0.3420
vn 0.9848 -0.0000 0.1736
vn 1.0000 -0.0000 -0.0000
vn -0.9848 -0.0000 0.1737
vn -0.7660 -0.0000 0.6428
vn 0.7660 -0.0000 0.6428
vn 0.9848 -0.0000 0.1737
vn -0.1737 -0.0000 0.9848
vn 0.1737 -0.0000 0.9848
vn -0.6428 -0.0000 0.7661
vn -0.3421 -0.0000 0.9397
vn 0.3421 -0.0000 0.9397
vn 0.6428 -0.0000 0.7661
vn -0.0000 -0.0002 1.0000
vn 0.0001 -0.0436 0.9991
vn -0.0000 -0.0001 1.0000
vn -0.0000 0.0002 1.0000
vn -0.0000 0.0004 1.0000
vn -0.0000 0.0001 1.0000
vn -0.0000 -0.0235 0.9997
vn -0.0000 0.0436 0.9990
vn -0.0000 -0.0014 1.0000
vn -0.0000 -0.0004 1.0000
vn -0.0000 0.0014 1.0000
vn -0.0000 0.0003 1.0000
vn -0.0000 0.0339 0.9994
vn -0.0000 0.0001 -1.0000
vn -0.0000 0.0436 -0.9991
vn -0.0000 -0.0000 -1.0000
vn -0.0000 -0.0001 -1.0000
vn -0.0000 -0.0005 -1.0000
vn -0.0000 -0.0002 -1.0000
vn -0.0001 -0.0434 -0.9991
vn -0.0000 0.0194 -0.9998
vn -0.0000 -0.0003 -1.0000
vn -0.0000 0.0014 -1.0000
vn -0.0000 0.0002 -1.0000
vn -0.0000 -0.0014 -1.0000
vn -0.0000 -0.0004 -1.0000
vn -0.0000 -0.0138 -0.9999
vn -0.0000 -0.0007 -1.0000
vn -0.9994 -0.0000 -0.0348
vn -0.9992 -0.0000 -0.0393
vn -0.0000 -1.0000 -0.0000
vn -0.0001 -1.0000 -0.0000
vn 0.0001 -1.0000 -0.0000
vn -0.0000 -0.9990 0.0436
vn 0.9992 -0.0000 -0.0393
vn -0.0000 1.0000 -0.0000
vn 0.0001 0.9990 0.0436
vn -0.0001 1.0000 -0.0000
vn 0.0001 1.0000 -0.0000
vn -0.0001 0.9991 -0.0436
vn -0.0000 0.9992 -0.0403
vn -0.0392 -0.0000 -0.9992
vn 0.0392 -0.0000 -0.9992
vn -0.0000 -0.9990 -0.0436
vn -0.0000 -0.9984 -0.0562
vn -0.9990 -0.0436 -0.0000
vn -0.9990 0.0436 -0.0000
vn -0.0429 0.9991 -0.0000
vn -0.0436 0.9990 -0.0000
vn -0.9322 0.3619 -0.0000
vn -0.9158 0.4015 -0.0000
vn -0.9322 0.3620 -0.0000
vn -0.9322 0.3618 -0.0000
vn -0.0436 -0.9990 -0.0000
vn -0.0429 -0.9991 -0.0000
vn -0.9322 -0.3619 -0.0000
vn -0.9322 -0.3618 -0.0000
vn -0.9322 -0.3620 -0.0000
vn -0.9158 -0.4015 -0.0000
vn -0.9138 -0.0000 -0.4061
vn -0.9274 -0.0000 -0.3741
vn -0.9274 -0.0000 -0.3740
vn -0.9140 0.0006 -0.4057
vn -0.9138 -0.0001 -0.4061
vn -0.9141 0.0008 -0.4056
vn -0.9139 -0.0017 -0.4058
vn -0.9138 0.0001 -0.4061
vn -0.9140 -0.0023 -0.4057
vn -0.9138 -0.0000 -0.4062
vn -0.9139 -0.0000 -0.4060
vn -0.6788 -0.0000 -0.7343
vn -0.7343 -0.0000 -0.6788
vn 0.6788 -0.0000 -0.7343
vn 0.7343 -0.0000 -0.6788
vn -0.9848 -0.1737 -0.0000
vn -0.9848 -0.1736 -0.0000
vn -0.9397 -0.3420 -0.0000
vn -0.8660 -0.5000 -0.0000
vn -0.7660 -0.6428 -0.0000
vn -0.6428 -0.7661 -0.0000
vn -0.6428 -0.7660 -0.0000
vn -0.5000 -0.8660 -0.0000
vn -0.3420 -0.9397 -0.0000
vn -0.1736 -0.9848 -0.0000
vn -0.1737 -0.9848 -0.0000
vn -0.1706 -0.9853 -0.0000
vn -0.1707 -0.9853 -0.0000
vn -0.3363 -0.9418 -0.0000
vn -0.4921 -0.8705 -0.0000
vn -0.6334 -0.7738 -0.0000
vn -0.7562 -0.6544 -0.0000
vn -0.7562 -0.6543 -0.0000
vn -0.8568 -0.5157 -0.0000
vn -0.9848 0.1736 -0.0000
vn -0.9397 0.3420 -0.0000
vn -0.8660 0.5000 -0.0000
vn -0.7660 0.6428 -0.0000
vn -0.6428 0.7660 -0.0000
vn -0.5000 0.8660 -0.0000
vn -0.3420 0.9397 -0.0000
vn -0.1737 0.9848 -0.0000
vn -0.8568 0.5157 -0.0000
vn -0.7562 0.6543 -0.0000
vn -0.7562 0.6544 -0.0000
vn -0.6334 0.7738 -0.0000
vn -0.4921 0.8705 -0.0000
vn -0.3363 0.9418 -0.0000
vn -0.3363 0.9417 -0.0000
vn -0.1707 0.9853 -0.0000
vn -0.9903 -0.0000 -0.1390
vn -0.9614 -0.0000 -0.2752
vn -0.8090 -0.0000 -0.5878
vn -0.8910 -0.0000 -0.4540
vn -0.9511 -0.0000 -0.3090
vn -0.9877 -0.0000 -0.1564
vn 0.1565 -0.0000 -0.9877
vn 0.3091 -0.0000 -0.9510
vn 0.4540 -0.0000 -0.8910
vn 0.5878 -0.0000 -0.8090
vn -0.1565 -0.0000 -0.9877
vn -0.3091 -0.0000 -0.9510
vn -0.4540 -0.0000 -0.8910
vn -0.5878 -0.0000 -0.8090
vn 0.8090 -0.0000 -0.5878
vn 0.8910 -0.0000 -0.4540
vn 0.9511 -0.0000 -0.3090
vn 0.9877 -0.0000 -0.1564
vn -0.0000 -0.1096 0.9940
vn 0.0001 -0.1737 0.9848
vn -0.0001 -0.2442 0.9697
vn 0.0002 -0.3421 0.9396
vn -0.0002 -0.3996 0.9167
vn 0.0002 -0.5000 0.8660
vn -0.0002 -0.5557 0.8314
vn 0.0002 -0.6429 0.7660
vn -0.0001 -0.6884 0.7253
vn 0.0002 -0.7661 0.6427
vn -0.0001 -0.7977 0.6030
vn 0.0001 -0.8660 0.5000
vn -0.0001 -0.8859 0.4639
vn 0.0001 -0.9397 0.3420
vn -0.0001 -0.9488 0.3159
vn 0.0001 -0.9848 0.1737
vn -0.0000 -0.9869 0.1615
vn -0.0000 -0.9989 0.0467
vn -0.0000 -0.9848 -0.1736
vn -0.0000 -0.9792 -0.2029
vn -0.0000 -0.9397 -0.3421
vn 0.0001 -0.9265 -0.3763
vn -0.0001 -0.8660 -0.5001
vn -0.0000 -0.8482 -0.5296
vn -0.0000 -0.7660 -0.6428
vn -0.0000 -0.7510 -0.6603
vn -0.0000 -0.6428 -0.7660
vn -0.0000 -0.6361 -0.7716
vn -0.0000 -0.5076 -0.8616
vn -0.0001 -0.4999 -0.8661
vn 0.0001 -0.3683 -0.9297
vn -0.0001 -0.3420 -0.9397
vn 0.0001 -0.2304 -0.9731
vn -0.0001 -0.1736 -0.9848
vn -0.0000 -0.1098 -0.9940
vn 0.0001 0.9894 -0.1454
vn -0.0001 0.9848 -0.1736
vn 0.0001 0.9577 -0.2879
vn -0.0002 0.9397 -0.3421
vn 0.0002 0.8951 -0.4458
vn -0.0002 0.8660 -0.5001
vn 0.0002 0.8043 -0.5942
vn -0.0002 0.7661 -0.6427
vn 0.0001 0.6951 -0.7189
vn -0.0002 0.6428 -0.7660
vn 0.0001 0.5733 -0.8193
vn -0.0002 0.4999 -0.8661
vn 0.0001 0.4428 -0.8966
vn -0.0001 0.3419 -0.9397
vn 0.0001 0.3027 -0.9531
vn -0.0001 0.1735 -0.9848
vn -0.0000 0.1536 -0.9881
vn -0.0000 0.1736 0.9848
vn -0.0000 0.1547 0.9880
vn -0.0000 0.3197 0.9475
vn -0.0000 0.3420 0.9397
vn -0.0000 0.4691 0.8832
vn 0.0001 0.5000 0.8660
vn -0.0001 0.6054 0.7959
vn 0.0001 0.6427 0.7661
vn -0.0001 0.7269 0.6868
vn 0.0001 0.7660 0.6429
vn -0.0001 0.8288 0.5596
vn 0.0002 0.8660 0.5001
vn -0.0001 0.9092 0.4164
vn 0.0002 0.9397 0.3420
vn -0.0001 0.9631 0.2691
vn 0.0001 0.9848 0.1736
vn -0.0000 0.9913 0.1317
vn -0.0000 0.9993 0.0378
vn 0.9848 -0.0000 -0.1736
vn 0.9397 -0.0000 -0.3420
vn 0.8660 -0.0000 -0.5000
vn 0.7660 -0.0000 -0.6428
vn 0.6428 -0.0000 -0.7660
vn 0.5000 -0.0000 -0.8660
vn 0.3420 -0.0000 -0.9397
vn 0.1737 -0.0000 -0.9848
vn -0.1737 -0.0000 -0.9848
vn -0.3420 -0.0000 -0.9397
vn -0.5000 -0.0000 -0.8660
vn -0.6428 -0.0000 -0.7660
vn -0.7660 -0.0000 -0.6428
vn -0.8660 -0.0000 -0.5000
vn -0.9397 -0.0000 -0.3420
vn -0.9848 -0.0000 -0.1736
vn 0.7661 -0.0000 -0.6428
vn 0.6428 -0.0000 -0.7661
vn 0.3421 -0.0000 -0.9397
vn 0.1736 -0.0000 -0.9848
vn -0.1736 -0.0000 -0.9848
vn -0.3421 -0.0000 -0.9397
vn -0.6428 -0.0000 -0.7661
vn -0.7661 -0.0000 -0.6428
vn 0.9848 -0.0000 -0.1737
vn -0.9848 -0.0000 -0.1737
vn 0.9944 0.1058 -0.0000
vn 0.9114 0.4115 -0.0000
vn 0.6614 0.7501 -0.0000
vn 0.6613 0.7501 -0.0000
vn 0.4320 0.9019 -0.0000
vn 0.4319 0.9019 -0.0000
vn 0.9944 -0.1058 -0.0000
vn 0.6613 -0.7501 -0.0000
vn 0.4320 -0.9019 -0.0000
vn 0.4319 -0.9019 -0.0000
vn 0.6614 -0.7501 -0.0000
vn 0.9114 -0.4115 -0.0000
vn 0.4502 -0.8929 -0.0000
vn 0.5935 -0.8049 -0.0000
vn 0.7200 -0.6940 -0.0000
vn 0.8261 -0.5635 -0.0000
vn 0.9089 -0.4171 -0.0000
vn 0.9159 -0.4013 -0.0000
vn 0.1089 -0.9941 -0.0000
vn 0.4226 -0.9063 -0.0000
vn 0.7660 -0.6428 -0.0000
vn -0.1089 -0.9941 -0.0000
vn -0.9159 -0.4014 -0.0000
vn -0.7661 -0.6428 -0.0000
vn -0.9159 -0.4013 -0.0000
vn -0.4226 -0.9063 -0.0000
vn -0.9089 -0.4171 -0.0000
vn -0.8261 -0.5635 -0.0000
vn -0.7200 -0.6940 -0.0000
vn -0.5935 -0.8049 -0.0000
vn -0.4502 -0.8930 -0.0000
vn -0.4502 -0.8929 -0.0000
vn -0.4319 -0.9019 -0.0000
vn -0.4320 -0.9019 -0.0000
vn -0.9114 -0.4115 -0.0000
vn -0.9944 -0.1058 -0.0000
vn -0.6614 -0.7501 -0.0000
vn -0.9872 0.1594 -0.0000
vn -0.4782 0.8782 -0.0000
vn -0.5766 0.8171 -0.0000
vn -0.9492 0.3147 -0.0000
vn -0.5765 0.8171 -0.0000
vn -0.4502 0.8929 -0.0000
vn -0.4502 0.8930 -0.0000
vn -0.5935 0.8049 -0.0000
vn -0.7200 0.6940 -0.0000
vn -0.8261 0.5635 -0.0000
vn -0.9089 0.4171 -0.0000
vn -0.9159 0.4013 -0.0000
vn -0.9159 0.4014 -0.0000
vn -0.4226 0.9063 -0.0000
vn -0.1089 0.9941 -0.0000
vn -0.7661 0.6428 -0.0000
vn 0.1089 0.9941 -0.0000
vn 0.7660 0.6428 -0.0000
vn 0.9159 0.4014 -0.0000
vn 0.9159 0.4013 -0.0000
vn 0.4226 0.9063 -0.0000
vn 0.9089 0.4171 -0.0000
vn 0.8261 0.5635 -0.0000
vn 0.7200 0.6940 -0.0000
vn 0.5935 0.8049 -0.0000
vn 0.4502 0.8929 -0.0000
vt 3.316126 1.587500
vt 3.141593 0.000000
vt 3.141593 1.587500
vt 3.316126 0.000000
vt 3.490659 1.587500
vt 3.490659 0.000000
vt 3.665191 1.587500
vt 3.665191 0.000000
vt 3.839724 1.587500
vt 3.839724 0.000000
vt 4.014257 0.000000
vt 4.014257 1.587500
vt 4.188790 1.587500
vt 4.188790 0.000000
vt 4.363323 1.587500
vt 4.363323 0.000000
vt 4.537856 1.587500
vt 4.537856 0.000000
vt 4.712389 0.000000
vt 4.712389 1.587500
vt 4.886922 1.587500
vt 4.886922 0.000000
vt 5.061455 0.000000
vt 5.061455 1.587500
vt 5.235988 1.587500
vt 5.235988 0.000000
vt 5.410521 0.000000
vt 5.410521 1.587500
vt 5.585053 1.587500
vt 5.585053 0.000000
vt 5.759586 1.587500
vt 5.759586 0.000000
vt 5.934119 1.587500
vt 5.934119 0.000000
vt 6.108653 1.587500
vt 6.108653 0.000000
vt 6.283185 1.587500
vt 6.283185 0.000000
vt 3.316126 42.599998
vt 3.141593 41.012501
vt 3.141593 42.599998
vt 3.316126 41.012501
vt 3.490659 42.599998
vt 3.490659 41.012501
vt 3.665191 42.599998
vt 3.665191 41.012501
vt 3.839724 42.599998
vt 3.839724 41.012501
vt 4.014257 42.599998
vt 4.014257 41.012501
vt 4.188790 42.599998
vt 4.188790 41.012501
vt 4.363323 42.599998
vt 4.363323 41.012501
vt 4.537856 42.599998
vt 4.537856 41.012501
vt 4.712389 42.599998
vt 4.712389 41.012501
vt 4.886922 42.599998
vt 4.886922 41.012501
vt 5.061455 42.599998
vt 5.061455 41.012501
vt 5.235988 42.599998
vt 5.235988 41.012501
vt 5.410521 42.599998
vt 5.410521 41.012501
vt 5.585053 42.599998
vt 5.585053 41.012501
vt 5.759586 42.599998
vt 5.759586 41.012501
vt 5.934119 42.599998
vt 5.934119 41.012501
vt 6.108653 42.599998
vt 6.283185 41.012501
vt 6.108653 41.012501
vt 6.283185 42.599998
vt 7.499526 13.173423
vt 0.000000 1.590000
vt 7.413669 13.239303
vt 7.605180 13.150000
vt 4.676471 16.123077
vt 4.549513 16.212664
vt 7.363698 13.335294
vt 4.500000 16.362019
vt 5.300632 15.871796
vt 6.379889 15.076012
vt 7.135506 13.968262
vt 6.804447 14.554026
vt 5.873844 15.519451
vt 4.500000 26.237980
vt 7.363698 29.264706
vt 4.676471 26.476923
vt 4.584662 26.425499
vt 5.300632 26.728205
vt 5.873844 27.080549
vt 6.379889 27.523989
vt 6.804447 28.045975
vt 7.135506 28.631739
vt 7.413669 29.360697
vt 37.617294 1.590000
vt 0.000000 41.009998
vt 4.522146 26.340853
vt 7.499526 29.426577
vt 7.605180 29.450001
vt 39.394821 13.150000
vt 40.648178 8.441752
vt 40.492393 8.370544
vt 40.351048 8.273796
vt 40.228287 8.154345
vt 40.127712 8.015696
vt 40.052273 7.861917
vt 39.500473 13.173423
vt 40.984486 8.500000
vt 40.813828 8.485331
vt 39.586330 13.239303
vt 39.636303 13.335294
vt 46.000000 8.500000
vt 46.642788 8.733955
vt 46.500000 8.633975
vt 46.342022 8.560308
vt 46.173649 8.515192
vt 46.766045 8.857212
vt 40.620110 15.076012
vt 39.864494 13.968262
vt 40.195553 14.554026
vt 46.939693 9.157980
vt 46.866024 9.000000
vt 46.984806 9.326352
vt 47.000000 9.500000
vt 41.126156 15.519451
vt 41.699368 15.871796
vt 42.323528 16.123077
vt 42.415337 16.174500
vt 42.477852 16.259148
vt 42.500000 16.362019
vt 42.500000 26.237982
vt 42.323528 26.476923
vt 40.195553 28.045975
vt 39.864494 28.631739
vt 40.620110 27.523989
vt 41.126156 27.080549
vt 41.699368 26.728205
vt 39.636303 29.264706
vt 40.351048 34.326202
vt 39.394821 29.450001
vt 40.228287 34.445656
vt 40.127712 34.584305
vt 40.492393 34.229454
vt 40.052273 34.738083
vt 40.648178 34.158249
vt 39.500473 29.426577
vt 40.813828 34.114670
vt 40.984486 34.099998
vt 39.586330 29.360697
vt 37.617294 41.009998
vt 47.000000 33.099998
vt 42.415337 26.425499
vt 42.477852 26.340853
vt 46.000000 34.099998
vt 46.500000 33.966026
vt 46.173649 34.084808
vt 46.342022 34.039692
vt 46.766045 33.742786
vt 46.642788 33.866043
vt 46.866024 33.599998
vt 46.939693 33.442020
vt 46.984806 33.273647
vt 0.000000 3.177500
vt 0.000000 39.422501
vt 37.000000 3.177500
vt 37.000000 39.422501
vt 37.000000 0.000000
vt 37.000000 42.599998
vt 0.000000 -28.799715
vt 1.587500 -57.235786
vt 0.000000 -57.235786
vt 1.587500 -28.799715
vt 0.048943 -57.544804
vt 0.292893 -57.942894
vt 0.190983 -57.823570
vt 0.108993 -57.689777
vt 6.105196 -63.601055
vt 5.960223 -63.541008
vt 5.826428 -63.459019
vt 5.707107 -63.357105
vt 6.414214 -63.650002
vt 6.257779 -63.637688
vt 0.012312 -57.392220
vt 6.746772 -56.957298
vt 6.592700 -56.803226
vt 6.925256 -57.082275
vt 6.467724 -56.624744
vt 7.122731 -57.174358
vt 6.375640 -56.427269
vt 7.333196 -57.230755
vt 6.319246 -56.216805
vt 7.550256 -57.249744
vt 6.300256 -55.999744
vt 7.767316 -57.230755
vt 6.319246 -55.782684
vt 11.535819 -59.217064
vt 11.350933 -59.032177
vt 4.535692 -52.216938
vt 4.350807 -52.032051
vt 11.200962 -58.817997
vt 7.977781 -57.174358
vt 11.750000 -59.367035
vt 4.749874 -52.366909
vt 6.375640 -55.572220
vt 4.200836 -51.817871
vt 11.986970 -59.477535
vt 11.090461 -58.581028
vt 8.175256 -57.082275
vt 4.986844 -52.477409
vt 6.467724 -55.374744
vt 4.090335 -51.580902
vt 12.239528 -59.545208
vt 11.022788 -58.328468
vt 8.353741 -56.957298
vt 5.239401 -52.545082
vt 6.592700 -55.196259
vt 4.022662 -51.328342
vt 12.500000 -59.567997
vt 11.000000 -58.067997
vt 8.507812 -56.803226
vt 5.499874 -52.567871
vt 6.746772 -55.042187
vt 3.999874 -51.067871
vt 11.022788 -57.807526
vt 8.632788 -56.624744
vt 5.760346 -52.545082
vt 6.925256 -54.917213
vt 4.022662 -50.807400
vt 11.090461 -57.554966
vt 8.724872 -56.427269
vt 6.012904 -52.477409
vt 7.122731 -54.825127
vt 4.090335 -50.554840
vt 11.200962 -57.317997
vt 8.781266 -56.216805
vt 6.249874 -52.366909
vt 7.333196 -54.768734
vt 11.350933 -57.103817
vt 8.800256 -55.999744
vt 6.464055 -52.216938
vt 7.550256 -54.749744
vt 18.585787 -63.650002
vt 12.760472 -59.545208
vt 13.013030 -59.477535
vt 13.250000 -59.367035
vt 13.464181 -59.217064
vt 13.649067 -59.032177
vt 13.799038 -58.817997
vt 19.039778 -63.541008
vt 18.894804 -63.601055
vt 18.742222 -63.637688
vt 19.173573 -63.459019
vt 9.928849 -54.175213
vt 8.724872 -55.572220
vt 8.632788 -55.374744
vt 8.507812 -55.196259
vt 9.435822 -53.682182
vt 8.353741 -55.042187
vt 8.175256 -54.917213
vt 7.977781 -54.825127
vt 10.500000 -54.575134
vt 8.781266 -55.782684
vt 9.035898 -53.111034
vt 7.767316 -54.768734
vt 19.292892 -63.357105
vt 8.741229 -52.479115
vt 6.648941 -52.032051
vt 6.798912 -51.817871
vt 11.131920 -54.869804
vt 11.750000 -56.768959
vt 11.535819 -56.918930
vt 11.805408 -55.050262
vt 12.239528 -56.590786
vt 11.986970 -56.658459
vt 8.560769 -51.805626
vt 6.909412 -51.580902
vt 6.977085 -51.328342
vt 12.500000 -55.111034
vt 12.500000 -56.567997
vt 12.760472 -56.590786
vt 8.500000 -51.111034
vt 6.999874 -51.067871
vt 6.977085 -50.807400
vt 13.194592 -55.050262
vt 13.250000 -56.768959
vt 13.013030 -56.658459
vt 8.560769 -50.416439
vt 6.909412 -50.554840
vt 6.798912 -50.317871
vt 13.868080 -54.869804
vt 13.649067 -57.103817
vt 13.464181 -56.918930
vt 8.741229 -49.742954
vt 6.648941 -50.103687
vt 6.464055 -49.918804
vt 6.592697 -46.903736
vt 5.499874 -49.567871
vt 5.239401 -49.590660
vt 6.746768 -47.057808
vt 5.760346 -49.590660
vt 16.646263 -56.957294
vt 13.977212 -58.328468
vt 14.000000 -58.067997
vt 16.492191 -56.803226
vt 13.977212 -57.807526
vt 6.467721 -46.725254
vt 4.986844 -49.658333
vt 6.925252 -47.182785
vt 6.012904 -49.658333
vt 16.367216 -56.624741
vt 13.909539 -57.554966
vt 16.824747 -57.082272
vt 13.909539 -58.581028
vt 7.122727 -47.274868
vt 6.249874 -49.768833
vt 6.375637 -46.527779
vt 4.749874 -49.768833
vt 16.275131 -56.427265
vt 13.799038 -57.317997
vt 17.022223 -57.174355
vt 7.333192 -47.331261
vt 6.319243 -46.317314
vt 4.535692 -49.918804
vt 17.232687 -57.230751
vt 16.218739 -56.216801
vt 7.550252 -47.350254
vt 9.035898 -49.111034
vt 6.300252 -46.100254
vt 4.350807 -50.103687
vt 17.449747 -57.249741
vt 16.199747 -55.999741
vt 14.500000 -54.575134
vt 7.767313 -47.331261
vt 6.319243 -45.883194
vt 17.666807 -57.230751
vt 16.218739 -55.782681
vt 7.977777 -47.274868
vt 6.375637 -45.672726
vt 4.200836 -50.317871
vt 17.877274 -57.174355
vt 16.275131 -55.572216
vt 15.071151 -54.175213
vt 9.435822 -48.539883
vt 8.175253 -47.182785
vt 18.074747 -57.082272
vt 16.367216 -55.374741
vt 8.353737 -47.057808
vt 18.253231 -56.957294
vt 16.492191 -55.196255
vt 15.564178 -53.682182
vt 16.646263 -55.042183
vt 9.928849 -48.046856
vt 8.507808 -46.903736
vt 8.632784 -46.725254
vt 16.824747 -54.917210
vt 8.724869 -46.527779
vt 17.022223 -54.825123
vt 15.964102 -53.111034
vt 17.449747 -54.749741
vt 17.232687 -54.768730
vt 10.500000 -47.646931
vt 8.781262 -46.317314
vt 8.800253 -46.100254
vt 16.258770 -52.479115
vt 11.131920 -47.352264
vt 18.535944 -52.216938
vt 18.351059 -52.032051
vt 17.666807 -54.768730
vt 11.350933 -45.031925
vt 8.781262 -45.883194
vt 11.535819 -45.216812
vt 18.750126 -52.366909
vt 17.877274 -54.825123
vt 18.201088 -51.817871
vt 16.439232 -51.805626
vt 11.200962 -44.817745
vt 8.724869 -45.672726
vt 11.750000 -45.366783
vt 11.805408 -47.171803
vt 18.090588 -51.580902
vt 18.987097 -52.477409
vt 18.074747 -54.917210
vt 11.090461 -44.580772
vt 8.632784 -45.475254
vt 11.986970 -45.477283
vt 19.239655 -52.545082
vt 18.253231 -55.042183
vt 18.022915 -51.328342
vt 16.500000 -51.111034
vt 12.239528 -45.544956
vt 12.500000 -47.111034
vt 11.022788 -44.328217
vt 8.507808 -45.296768
vt 24.707108 -57.942894
vt 18.407303 -56.803226
vt 18.532280 -56.624741
vt 18.624363 -56.427265
vt 18.680758 -56.216801
vt 18.699747 -55.999741
vt 19.500126 -52.567871
vt 18.407303 -55.196255
vt 18.000126 -51.067871
vt 12.500000 -45.567745
vt 11.000000 -44.067745
vt 8.353737 -45.142696
vt 24.891006 -57.689777
vt 24.809017 -57.823570
vt 19.760599 -52.545082
vt 18.532280 -55.374741
vt 18.022915 -50.807400
vt 16.439232 -50.416439
vt 12.760472 -45.544956
vt 13.194592 -47.171803
vt 11.022788 -43.807270
vt 8.175253 -45.017719
vt 24.951057 -57.544804
vt 20.013157 -52.477409
vt 18.624363 -55.572216
vt 18.090588 -50.554840
vt 13.013030 -45.477283
vt 11.090461 -43.554714
vt 7.977777 -44.925636
vt 24.987688 -57.392220
vt 25.000000 -57.235786
vt 18.680758 -55.782681
vt 20.250126 -52.366909
vt 18.201088 -50.317871
vt 16.258770 -49.742954
vt 13.250000 -45.366783
vt 13.868080 -47.352264
vt 11.200962 -43.317745
vt 7.767313 -44.869244
vt 20.464308 -52.216938
vt 18.351059 -50.103687
vt 13.464181 -45.216812
vt 11.350933 -43.103561
vt 7.550252 -44.850254
vt 20.649193 -52.032051
vt 18.535944 -49.918804
vt 13.649067 -45.031925
vt 20.799164 -51.817871
vt 20.909666 -51.580902
vt 16.646259 -47.057804
vt 15.564178 -48.539883
vt 15.071151 -48.046856
vt 16.492188 -46.903732
vt 16.367212 -46.725250
vt 16.824743 -47.182781
vt 20.977339 -51.328342
vt 16.275127 -46.527775
vt 14.500000 -47.646931
vt 17.022219 -47.274864
vt 15.964102 -49.111034
vt 17.232683 -47.331257
vt 16.218735 -46.317310
vt 21.000126 -51.067871
vt 17.449743 -47.350250
vt 16.199743 -46.100250
vt 20.977339 -50.807400
vt 17.666803 -47.331257
vt 18.750126 -49.768833
vt 16.218735 -45.883190
vt 13.799038 -44.817745
vt 20.909666 -50.554840
vt 17.877270 -47.274864
vt 18.987097 -49.658333
vt 16.275127 -45.672722
vt 13.909539 -44.580772
vt 4.535692 -33.716938
vt 6.592697 -45.296768
vt 6.467721 -45.475254
vt 4.350807 -33.532051
vt 4.200836 -33.317871
vt 4.749874 -33.866909
vt 6.746768 -45.142696
vt 18.074743 -47.182781
vt 19.239655 -49.590660
vt 16.367212 -45.475250
vt 13.977212 -44.328217
vt 4.986844 -33.977409
vt 6.925252 -45.017719
vt 4.090335 -33.080902
vt 4.022662 -32.828342
vt 5.239401 -34.045082
vt 7.122727 -44.925636
vt 18.253229 -47.057804
vt 19.500126 -49.567871
vt 16.492188 -45.296764
vt 14.000000 -44.067745
vt 3.999874 -32.567871
vt 5.499874 -34.067871
vt 7.333192 -44.869244
vt 18.407299 -46.903732
vt 19.760599 -49.590660
vt 16.646259 -45.142693
vt 13.977212 -43.807270
vt 5.760346 -34.045082
vt 18.532276 -46.725250
vt 20.013157 -49.658333
vt 16.824743 -45.017715
vt 13.909539 -43.554714
vt 6.012904 -33.977409
vt 11.535819 -42.918678
vt 18.624359 -46.527775
vt 20.250126 -49.768833
vt 17.022219 -44.925632
vt 13.799038 -43.317745
vt 18.680754 -46.317310
vt 20.464308 -49.918804
vt 17.232683 -44.869240
vt 13.649067 -43.103561
vt 6.249874 -33.866909
vt 11.750000 -42.768707
vt 18.699743 -46.100250
vt 20.649193 -50.103687
vt 17.449743 -44.850250
vt 6.464055 -33.716938
vt 11.986970 -42.658207
vt 18.680754 -45.883190
vt 18.624359 -45.672722
vt 20.799164 -50.317871
vt 6.648941 -33.532051
vt 12.239528 -42.590534
vt 6.798912 -33.317871
vt 12.500000 -42.567745
vt 18.351059 -33.532051
vt 13.013030 -42.658207
vt 12.760472 -42.590534
vt 18.535944 -33.716938
vt 13.250000 -42.768707
vt 18.201088 -33.317871
vt 18.750126 -33.866909
vt 13.464181 -42.918678
vt 18.987097 -33.977409
vt 18.090588 -33.080902
vt 6.909412 -33.080902
vt 19.239655 -34.045082
vt 17.666803 -44.869240
vt 18.022915 -32.828342
vt 6.977085 -32.828342
vt 18.000126 -32.567871
vt 6.999874 -32.567871
vt 19.500126 -34.067871
vt 17.877270 -44.925632
vt 19.760599 -34.045082
vt 18.074743 -45.017715
vt 18.022915 -32.307400
vt 6.977085 -32.307400
vt 20.013157 -33.977409
vt 18.253229 -45.142693
vt 18.090588 -32.054840
vt 6.909412 -32.054840
vt 18.201088 -31.817871
vt 6.798912 -31.817871
vt 20.250126 -33.866909
vt 18.407299 -45.296764
vt 20.464308 -33.716938
vt 18.532276 -45.475250
vt 18.351059 -31.603689
vt 6.648941 -31.603689
vt 6.464055 -31.418804
vt 20.649193 -33.532051
vt 18.535944 -31.418804
vt 20.799164 -33.317871
vt 18.750126 -31.268833
vt 6.249874 -31.268833
vt 18.987097 -31.158331
vt 6.012904 -31.158331
vt 25.000000 -28.799715
vt 20.909666 -33.080902
vt 20.977339 -32.828342
vt 21.000126 -32.567871
vt 20.977339 -32.307400
vt 20.909666 -32.054840
vt 20.799164 -31.817871
vt 20.649193 -31.603689
vt 20.464308 -31.418804
vt 20.250126 -31.268833
vt 25.009701 -28.660757
vt 20.013157 -31.158331
vt 25.038618 -28.524496
vt 25.086189 -28.393576
vt 19.760599 -31.090658
vt 19.500126 -31.067871
vt 19.239655 -31.090658
vt 0.000000 -1.590000
vt 5.760346 -31.090658
vt 5.499874 -31.067871
vt 5.239401 -31.090658
vt 4.986844 -31.158331
vt 4.749874 -31.268833
vt 4.535692 -31.418804
vt 4.350807 -31.603689
vt 4.200836 -31.817871
vt 4.090335 -32.054840
vt 4.022662 -32.307400
vt 36.998890 -1.590000
vt -41.012501 -3.177500
vt -42.599998 -57.235786
vt -42.599998 -1.590000
vt -41.012501 -57.235786
vt -40.988346 -2.901399
vt -40.916611 -2.633688
vt -40.799480 -2.382500
vt -40.640511 -2.155468
vt -42.575844 -1.313899
vt -42.504112 -1.046188
vt -42.386982 -0.795000
vt -42.228012 -0.567968
vt -42.032032 -0.371989
vt -40.444530 -1.959489
vt -41.805000 -0.213020
vt -41.553814 -0.095889
vt -41.286102 -0.024156
vt -41.009998 0.000000
vt -39.698601 -1.611656
vt -39.966312 -1.683389
vt -40.217499 -1.800520
vt -39.422501 -1.587500
vt -1.587500 -3.177500
vt -1.587500 -57.235786
vt -1.590000 0.000000
vt -3.177500 -1.587500
vt -2.155468 -1.959489
vt -2.382500 -1.800520
vt -2.633688 -1.683389
vt -2.901399 -1.611656
vt -1.611656 -2.901399
vt -1.683389 -2.633688
vt -1.800520 -2.382500
vt -1.959489 -2.155468
vt -1.313899 -0.024156
vt -0.024156 -1.313899
vt -1.046188 -0.095889
vt -0.095889 -1.046188
vt -0.795000 -0.213020
vt -0.213020 -0.795000
vt -0.567968 -0.371989
vt -0.371989 -0.567968
vt -19.039778 -63.541008
vt -19.173573 -63.459019
vt -19.292892 -63.357105
vt -24.951057 -57.544804
vt -24.809017 -57.823570
vt -24.891006 -57.689777
vt -18.894804 -63.601055
vt -18.742222 -63.637688
vt -25.000000 -57.235786
vt -24.707108 -57.942894
vt -24.987688 -57.392220
vt -18.585787 -63.650002
vt -18.253231 -56.957294
vt -18.407303 -56.803226
vt -18.074747 -57.082272
vt -18.532280 -56.624741
vt -17.877274 -57.174355
vt -18.624363 -56.427265
vt -18.680758 -56.216801
vt -17.666807 -57.230751
vt -17.449747 -57.249741
vt -18.699747 -55.999741
vt -18.680758 -55.782681
vt -17.232687 -57.230751
vt -20.464308 -52.216938
vt -20.649193 -52.032051
vt -13.649067 -59.032177
vt -13.464181 -59.217064
vt -20.799164 -51.817871
vt -20.250126 -52.366909
vt -18.624363 -55.572216
vt -13.799038 -58.817997
vt -17.022223 -57.174355
vt -13.250000 -59.367035
vt -20.909666 -51.580902
vt -20.013157 -52.477409
vt -18.532280 -55.374741
vt -13.909539 -58.581028
vt -16.824747 -57.082272
vt -13.013030 -59.477535
vt -20.977339 -51.328342
vt -19.760599 -52.545082
vt -18.407303 -55.196255
vt -13.977212 -58.328468
vt -16.646263 -56.957294
vt -12.760472 -59.545208
vt -21.000126 -51.067871
vt -19.500126 -52.567871
vt -18.253231 -55.042183
vt -14.000000 -58.067997
vt -16.492191 -56.803226
vt -12.500000 -59.567997
vt -20.977339 -50.807400
vt -19.239655 -52.545082
vt -18.074747 -54.917210
vt -13.977212 -57.807526
vt -16.367216 -56.624741
vt -20.909666 -50.554840
vt -18.987097 -52.477409
vt -17.877274 -54.825123
vt -13.909539 -57.554966
vt -16.275131 -56.427265
vt -18.750126 -52.366909
vt -17.666807 -54.768730
vt -13.799038 -57.317997
vt -16.218739 -56.216801
vt -18.535944 -52.216938
vt -17.449747 -54.749741
vt -13.649067 -57.103817
vt -16.199747 -55.999741
vt -6.414214 -63.650002
vt -11.535819 -59.217064
vt -11.350933 -59.032177
vt -11.750000 -59.367035
vt -11.986970 -59.477535
vt -12.239528 -59.545208
vt -11.200962 -58.817997
vt -5.960223 -63.541008
vt -6.105196 -63.601055
vt -6.257779 -63.637688
vt -5.826428 -63.459019
vt -15.564178 -53.682182
vt -16.824747 -54.917210
vt -17.022223 -54.825123
vt -16.646263 -55.042183
vt -16.492191 -55.196255
vt -15.071151 -54.175213
vt -16.367216 -55.374741
vt -16.275131 -55.572216
vt -15.964102 -53.111034
vt -17.232687 -54.768730
vt -14.500000 -54.575134
vt -16.218739 -55.782681
vt -5.707107 -63.357105
vt -16.258770 -52.479115
vt -18.351059 -52.032051
vt -18.201088 -51.817871
vt -13.868080 -54.869804
vt -13.464181 -56.918930
vt -13.250000 -56.768959
vt -16.439232 -51.805626
vt -18.090588 -51.580902
vt -18.022915 -51.328342
vt -13.194592 -55.050262
vt -13.013030 -56.658459
vt -12.760472 -56.590786
vt -16.500000 -51.111034
vt -18.000126 -51.067871
vt -18.022915 -50.807400
vt -12.500000 -55.111034
vt -12.239528 -56.590786
vt -12.500000 -56.567997
vt -16.439232 -50.416439
vt -18.090588 -50.554840
vt -18.201088 -50.317871
vt -11.805408 -55.050262
vt -11.986970 -56.658459
vt -11.750000 -56.768959
vt -16.258770 -49.742954
vt -18.351059 -50.103687
vt -18.535944 -49.918804
vt -11.131920 -54.869804
vt -11.535819 -56.918930
vt -11.350933 -57.103817
vt -8.353741 -56.957298
vt -11.022788 -58.328468
vt -11.000000 -58.067997
vt -8.507812 -56.803226
vt -11.022788 -57.807526
vt -18.407299 -46.903732
vt -19.500126 -49.567871
vt -19.760599 -49.590660
vt -18.253229 -47.057804
vt -19.239655 -49.590660
vt -8.175256 -57.082275
vt -11.090461 -58.581028
vt -8.632788 -56.624744
vt -11.090461 -57.554966
vt -18.074743 -47.182781
vt -18.987097 -49.658333
vt -18.532276 -46.725250
vt -20.013157 -49.658333
vt -8.724872 -56.427269
vt -11.200962 -57.317997
vt -7.977781 -57.174358
vt -18.624359 -46.527775
vt -20.250126 -49.768833
vt -17.877270 -47.274864
vt -18.750126 -49.768833
vt -8.781266 -56.216805
vt -7.767316 -57.230755
vt -18.680754 -46.317310
vt -20.464308 -49.918804
vt -17.666803 -47.331257
vt -7.550256 -57.249744
vt -8.800256 -55.999744
vt -10.500000 -54.575134
vt -17.449743 -47.350250
vt -15.964102 -49.111034
vt -18.699743 -46.100250
vt -20.649193 -50.103687
vt -8.781266 -55.782684
vt -7.333196 -57.230755
vt -18.680754 -45.883190
vt -17.232683 -47.331257
vt -7.122731 -57.174358
vt -8.724872 -55.572220
vt -18.624359 -45.672722
vt -20.799164 -50.317871
vt -17.022219 -47.274864
vt -15.564178 -48.539883
vt -9.928849 -54.175213
vt -6.925256 -57.082275
vt -8.632788 -55.374744
vt -16.824743 -47.182781
vt -8.507812 -55.196259
vt -6.746772 -56.957298
vt -16.646259 -47.057804
vt -15.071151 -48.046856
vt -16.492188 -46.903732
vt -9.435822 -53.682182
vt -8.353741 -55.042187
vt -8.175256 -54.917213
vt -16.367212 -46.725250
vt -7.977781 -54.825127
vt -16.275127 -46.527775
vt -9.035898 -53.111034
vt -7.767316 -54.768734
vt -7.550256 -54.749744
vt -14.500000 -47.646931
vt -16.218735 -46.317310
vt -16.199743 -46.100250
vt -13.868080 -47.352264
vt -8.741229 -52.479115
vt -13.649067 -45.031925
vt -16.218735 -45.883190
vt -13.464181 -45.216812
vt -6.464055 -52.216938
vt -7.333196 -54.768734
vt -6.648941 -52.032051
vt -13.799038 -44.817745
vt -16.275127 -45.672722
vt -13.250000 -45.366783
vt -13.194592 -47.171803
vt -6.798912 -51.817871
vt -8.560769 -51.805626
vt -6.249874 -52.366909
vt -7.122731 -54.825127
vt -13.013030 -45.477283
vt -13.909539 -44.580772
vt -16.367212 -45.475250
vt -6.909412 -51.580902
vt -6.012904 -52.477409
vt -6.925256 -54.917213
vt -13.977212 -44.328217
vt -16.492188 -45.296764
vt -12.760472 -45.544956
vt -12.500000 -47.111034
vt -6.977085 -51.328342
vt -8.500000 -51.111034
vt -5.760346 -52.545082
vt -6.746772 -55.042187
vt -0.292893 -57.942894
vt -6.319246 -56.216805
vt -6.300256 -55.999744
vt -6.375640 -56.427269
vt -6.467724 -56.624744
vt -6.592700 -56.803226
vt -12.500000 -45.567745
vt -14.000000 -44.067745
vt -16.646259 -45.142693
vt -5.499874 -52.567871
vt -6.592700 -55.196259
vt -6.999874 -51.067871
vt -13.977212 -43.807270
vt -16.824743 -45.017715
vt -12.239528 -45.544956
vt -11.805408 -47.171803
vt -6.977085 -50.807400
vt -8.560769 -50.416439
vt -5.239401 -52.545082
vt -6.467724 -55.374744
vt -0.048943 -57.544804
vt -0.108993 -57.689777
vt -0.190983 -57.823570
vt -13.909539 -43.554714
vt -17.022219 -44.925632
vt -11.986970 -45.477283
vt -6.909412 -50.554840
vt -4.986844 -52.477409
vt -6.375640 -55.572220
vt -0.012312 -57.392220
vt -6.319246 -55.782684
vt -13.799038 -43.317745
vt -17.232683 -44.869240
vt -11.750000 -45.366783
vt -11.131920 -47.352264
vt -4.749874 -52.366909
vt -6.798912 -50.317871
vt -8.741229 -49.742954
vt -11.535819 -45.216812
vt -13.649067 -43.103561
vt -17.449743 -44.850250
vt -4.535692 -52.216938
vt -6.648941 -50.103687
vt -11.350933 -45.031925
vt -4.350807 -52.032051
vt -6.464055 -49.918804
vt -4.200836 -51.817871
vt -4.090335 -51.580902
vt -8.353737 -47.057808
vt -9.435822 -48.539883
vt -9.928849 -48.046856
vt -8.507808 -46.903736
vt -8.632784 -46.725254
vt -8.175253 -47.182785
vt -4.022662 -51.328342
vt -8.724869 -46.527779
vt -10.500000 -47.646931
vt -7.977777 -47.274868
vt -9.035898 -49.111034
vt -7.767313 -47.331261
vt -8.781262 -46.317314
vt -3.999874 -51.067871
vt -8.800253 -46.100254
vt -7.550252 -47.350254
vt -4.022662 -50.807400
vt -7.333192 -47.331261
vt -6.249874 -49.768833
vt -8.781262 -45.883194
vt -11.200962 -44.817745
vt -4.090335 -50.554840
vt -7.122727 -47.274868
vt -6.012904 -49.658333
vt -8.724869 -45.672726
vt -11.090461 -44.580772
vt -20.464308 -33.716938
vt -18.407299 -45.296764
vt -18.532276 -45.475250
vt -20.649193 -33.532051
vt -20.250126 -33.866909
vt -18.253229 -45.142693
vt -20.799164 -33.317871
vt -6.925252 -47.182785
vt -5.760346 -49.590660
vt -8.632784 -45.475254
vt -11.022788 -44.328217
vt -20.013157 -33.977409
vt -18.074743 -45.017715
vt -19.760599 -34.045082
vt -17.877270 -44.925632
vt -6.746768 -47.057808
vt -5.499874 -49.567871
vt -8.507808 -45.296768
vt -11.000000 -44.067745
vt -25.000000 -28.799715
vt -20.909666 -33.080902
vt -20.977339 -32.828342
vt -19.500126 -34.067871
vt -17.666803 -44.869240
vt -21.000126 -32.567871
vt -6.592697 -46.903736
vt -5.239401 -49.590660
vt -8.353737 -45.142696
vt -11.022788 -43.807270
vt -19.239655 -34.045082
vt -20.977339 -32.307400
vt -8.175253 -45.017719
vt -11.090461 -43.554714
vt -6.467721 -46.725254
vt -4.986844 -49.658333
vt -18.987097 -33.977409
vt -13.464181 -42.918678
vt -20.909666 -32.054840
vt -6.375637 -46.527779
vt -4.749874 -49.768833
vt -7.977777 -44.925636
vt -11.200962 -43.317745
vt -6.319243 -46.317314
vt -4.535692 -49.918804
vt -7.767313 -44.869244
vt -11.350933 -43.103561
vt -18.750126 -33.866909
vt -13.250000 -42.768707
vt -20.799164 -31.817871
vt -6.300252 -46.100254
vt -4.350807 -50.103687
vt -7.550252 -44.850254
vt -20.649193 -31.603689
vt -18.535944 -33.716938
vt -13.013030 -42.658207
vt -6.319243 -45.883194
vt -6.375637 -45.672726
vt -4.200836 -50.317871
vt -18.351059 -33.532051
vt -12.760472 -42.590534
vt -20.464308 -31.418804
vt -18.201088 -33.317871
vt -12.500000 -42.567745
vt -20.250126 -31.268833
vt -25.009701 -28.660757
vt -20.013157 -31.158331
vt -25.038618 -28.524496
vt -25.086189 -28.393576
vt -19.760599 -31.090658
vt -19.500126 -31.067871
vt -19.239655 -31.090658
vt -6.648941 -33.532051
vt -11.986970 -42.658207
vt -12.239528 -42.590534
vt -6.464055 -33.716938
vt -11.750000 -42.768707
vt -6.798912 -33.317871
vt -6.249874 -33.866909
vt -11.535819 -42.918678
vt -6.012904 -33.977409
vt -6.909412 -33.080902
vt -18.090588 -33.080902
vt -5.760346 -34.045082
vt -7.333192 -44.869244
vt -6.977085 -32.828342
vt -18.022915 -32.828342
vt -18.000126 -32.567871
vt -5.499874 -34.067871
vt -7.122727 -44.925636
vt -6.999874 -32.567871
vt -18.022915 -32.307400
vt -6.977085 -32.307400
vt -5.239401 -34.045082
vt -6.925252 -45.017719
vt -4.986844 -33.977409
vt -6.746768 -45.142696
vt -6.909412 -32.054840
vt -18.090588 -32.054840
vt -6.798912 -31.817871
vt -18.201088 -31.817871
vt -18.351059 -31.603689
vt -4.749874 -33.866909
vt -6.592697 -45.296768
vt -4.535692 -33.716938
vt -6.467721 -45.475254
vt -6.648941 -31.603689
vt -18.535944 -31.418804
vt -4.350807 -33.532051
vt -6.464055 -31.418804
vt -4.200836 -33.317871
vt -6.249874 -31.268833
vt -18.750126 -31.268833
vt -18.987097 -31.158331
vt -4.090335 -33.080902
vt -6.012904 -31.158331
vt -4.022662 -32.828342
vt -3.999874 -32.567871
vt -36.998890 -1.590000
vt -5.760346 -31.090658
vt -5.499874 -31.067871
vt -5.239401 -31.090658
vt -4.986844 -31.158331
vt -4.749874 -31.268833
vt -4.535692 -31.418804
vt -4.350807 -31.603689
vt -4.200836 -31.817871
vt -4.090335 -32.054840
vt -4.022662 -32.307400
vt 42.599998 -28.799715
vt 42.599998 -57.235786
vt 41.012501 -57.235786
vt 41.012501 -28.799715
vt 0.012312 6.257779
vt 0.048943 6.105196
vt 0.108993 5.960223
vt 0.000000 6.414214
vt 0.190983 5.826428
vt 0.292893 5.707107
vt 6.414214 0.000000
vt 5.707107 0.292893
vt 5.826428 0.190983
vt 5.960223 0.108993
vt 6.105196 0.048943
vt 6.257779 0.012312
vt 6.746772 6.692700
vt 6.592700 6.846772
vt 6.925256 6.567724
vt 6.467724 7.025256
vt 7.122731 6.475640
vt 6.375640 7.222731
vt 7.333196 6.419247
vt 6.319246 7.433196
vt 7.550256 6.400256
vt 6.300256 7.650256
vt 7.767316 6.419247
vt 6.319246 7.867316
vt 11.350933 4.617822
vt 11.535819 4.432937
vt 4.350807 11.617949
vt 4.535692 11.433063
vt 11.750000 4.282965
vt 11.200962 4.832004
vt 7.977781 6.475640
vt 4.749874 11.283092
vt 6.375640 8.077782
vt 4.200836 11.832129
vt 11.986970 4.172464
vt 11.090461 5.068973
vt 8.175256 6.567724
vt 4.986844 11.172591
vt 6.467724 8.275256
vt 4.090335 12.069099
vt 12.239528 4.104792
vt 11.022788 5.321531
vt 8.353741 6.692700
vt 5.239401 11.104918
vt 6.592700 8.453741
vt 4.022662 12.321657
vt 12.500000 4.082004
vt 11.000000 5.582004
vt 8.507812 6.846772
vt 3.999874 12.582129
vt 5.499874 11.082129
vt 6.746772 8.607812
vt 11.022788 5.842475
vt 8.632788 7.025256
vt 5.760346 11.104918
vt 6.925256 8.732788
vt 4.022662 12.842602
vt 11.090461 6.095034
vt 8.724872 7.222731
vt 6.012904 11.172591
vt 7.122731 8.824872
vt 4.090335 13.095160
vt 11.200962 6.332004
vt 8.781266 7.433196
vt 6.249874 11.283092
vt 7.333196 8.881266
vt 11.350933 6.546185
vt 8.800256 7.650256
vt 6.464055 11.433063
vt 7.550256 8.900256
vt 18.585787 0.000000
vt 12.760472 4.104792
vt 13.013030 4.172464
vt 13.250000 4.282965
vt 13.464181 4.432937
vt 13.649067 4.617822
vt 13.799038 4.832004
vt 19.173573 0.190983
vt 18.894804 0.048943
vt 19.039778 0.108993
vt 9.435822 9.967816
vt 8.353741 8.607812
vt 8.507812 8.453741
vt 8.175256 8.732788
vt 7.977781 8.824872
vt 9.928849 9.474789
vt 8.632788 8.275256
vt 8.724872 8.077782
vt 10.500000 9.074865
vt 8.781266 7.867316
vt 9.035898 10.538967
vt 7.767316 8.881266
vt 19.292892 0.292893
vt 18.742222 0.012312
vt 11.131920 8.780196
vt 11.535819 6.731070
vt 11.750000 6.881042
vt 8.741229 11.170886
vt 6.648941 11.617949
vt 6.798912 11.832129
vt 11.805408 8.599735
vt 11.986970 6.991542
vt 12.239528 7.059215
vt 8.560769 11.844374
vt 6.909412 12.069099
vt 6.977085 12.321657
vt 12.500000 8.538967
vt 12.500000 7.082004
vt 12.760472 7.059215
vt 8.500000 12.538967
vt 6.977085 12.842602
vt 6.999874 12.582129
vt 13.194592 8.599735
vt 13.013030 6.991542
vt 13.250000 6.881042
vt 8.560769 13.233560
vt 6.909412 13.095160
vt 6.798912 13.332129
vt 13.868080 8.780196
vt 13.464181 6.731070
vt 13.649067 6.546185
vt 8.741229 13.907047
vt 6.648941 13.546311
vt 6.464055 13.731196
vt 6.746768 16.592192
vt 5.499874 14.082129
vt 5.760346 14.059341
vt 6.592697 16.746264
vt 5.239401 14.059341
vt 16.492191 6.846775
vt 13.977212 5.842475
vt 14.000000 5.582004
vt 16.646263 6.692704
vt 13.977212 5.321531
vt 6.925252 16.467216
vt 6.012904 13.991669
vt 6.467721 16.924747
vt 4.986844 13.991669
vt 16.824747 6.567728
vt 13.909539 5.068973
vt 16.367216 7.025260
vt 13.909539 6.095034
vt 6.375637 17.122223
vt 4.749874 13.881167
vt 7.122727 16.375132
vt 6.249874 13.881167
vt 17.022223 6.475644
vt 16.275131 7.222734
vt 13.799038 6.332004
vt 7.333192 16.318737
vt 6.319243 17.332687
vt 4.535692 13.731196
vt 17.232687 6.419250
vt 16.218739 7.433199
vt 6.300252 17.549747
vt 4.350807 13.546311
vt 7.550252 16.299747
vt 9.035898 14.538967
vt 17.449747 6.400260
vt 16.199747 7.650260
vt 14.500000 9.074865
vt 6.319243 17.766808
vt 7.767313 16.318737
vt 17.666807 6.419250
vt 16.218739 7.867320
vt 7.977777 16.375132
vt 6.375637 17.977272
vt 4.200836 13.332129
vt 17.877274 6.475644
vt 16.275131 8.077785
vt 15.071151 9.474789
vt 9.435822 15.110117
vt 8.175253 16.467216
vt 18.074747 6.567728
vt 16.367216 8.275260
vt 8.353737 16.592192
vt 18.253231 6.692704
vt 16.492191 8.453744
vt 15.564178 9.967816
vt 16.646263 8.607816
vt 9.928849 15.603145
vt 8.507808 16.746264
vt 8.632784 16.924747
vt 16.824747 8.732792
vt 8.724869 17.122223
vt 17.022223 8.824876
vt 15.964102 10.538967
vt 17.232687 8.881269
vt 17.449747 8.900260
vt 10.500000 16.003069
vt 8.781262 17.332687
vt 8.800253 17.549747
vt 16.258770 11.170886
vt 11.131920 16.297737
vt 18.535944 11.433063
vt 18.351059 11.617949
vt 17.666807 8.881269
vt 11.350933 18.618074
vt 8.781262 17.766808
vt 11.535819 18.433189
vt 18.750126 11.283092
vt 17.877274 8.824876
vt 18.201088 11.832129
vt 16.439232 11.844374
vt 11.750000 18.283218
vt 11.805408 16.478197
vt 11.200962 18.832256
vt 8.724869 17.977272
vt 18.987097 11.172591
vt 18.074747 8.732792
vt 18.090588 12.069099
vt 11.090461 19.069225
vt 8.632784 18.174747
vt 11.986970 18.172716
vt 18.022915 12.321657
vt 16.500000 12.538967
vt 19.239655 11.104918
vt 18.253231 8.607816
vt 11.022788 19.321783
vt 8.507808 18.353231
vt 12.239528 18.105045
vt 12.500000 16.538967
vt 24.707108 5.707107
vt 18.680758 7.433199
vt 18.624363 7.222734
vt 18.699747 7.650260
vt 18.407303 6.846775
vt 18.532280 7.025260
vt 18.000126 12.582129
vt 19.500126 11.082129
vt 18.407303 8.453744
vt 12.500000 18.082256
vt 11.000000 19.582256
vt 8.353737 18.507303
vt 19.760599 11.104918
vt 18.532280 8.275260
vt 18.022915 12.842602
vt 16.439232 13.233560
vt 12.760472 18.105045
vt 13.194592 16.478197
vt 11.022788 19.842728
vt 8.175253 18.632278
vt 20.013157 11.172591
vt 18.624363 8.077785
vt 18.090588 13.095160
vt 13.013030 18.172716
vt 11.090461 20.095285
vt 7.977777 18.724363
vt 24.987688 6.257779
vt 24.891006 5.960223
vt 24.951057 6.105196
vt 25.000000 6.414214
vt 24.809017 5.826428
vt 18.680758 7.867320
vt 18.201088 13.332129
vt 16.258770 13.907047
vt 20.250126 11.283092
vt 13.250000 18.283218
vt 13.868080 16.297737
vt 11.200962 20.332256
vt 7.767313 18.780758
vt 20.464308 11.433063
vt 18.351059 13.546311
vt 13.464181 18.433189
vt 11.350933 20.546438
vt 7.550252 18.799747
vt 20.649193 11.617949
vt 18.535944 13.731196
vt 13.649067 18.618074
vt 20.799164 11.832129
vt 20.909666 12.069099
vt 16.646259 16.592196
vt 16.492188 16.746267
vt 15.071151 15.603145
vt 15.564178 15.110117
vt 16.367212 16.924751
vt 16.824743 16.467218
vt 20.977339 12.321657
vt 16.275127 17.122227
vt 14.500000 16.003069
vt 17.022219 16.375135
vt 15.964102 14.538967
vt 17.232683 16.318741
vt 16.218735 17.332691
vt 21.000126 12.582129
vt 17.449743 16.299751
vt 16.199743 17.549751
vt 20.977339 12.842602
vt 16.218735 17.766811
vt 13.799038 18.832256
vt 17.666803 16.318741
vt 18.750126 13.881167
vt 20.909666 13.095160
vt 16.275127 17.977276
vt 13.909539 19.069225
vt 17.877270 16.375135
vt 18.987097 13.991669
vt 4.350807 30.117949
vt 6.467721 18.174747
vt 4.535692 29.933064
vt 6.592697 18.353231
vt 4.200836 30.332130
vt 4.749874 29.783092
vt 6.746768 18.507303
vt 18.074743 16.467218
vt 19.239655 14.059341
vt 16.367212 18.174751
vt 13.977212 19.321783
vt 4.986844 29.672590
vt 6.925252 18.632278
vt 4.090335 30.569099
vt 4.022662 30.821657
vt 5.239401 29.604918
vt 7.122727 18.724363
vt 16.492188 18.353235
vt 14.000000 19.582256
vt 18.253229 16.592196
vt 19.500126 14.082129
vt 5.499874 29.582130
vt 7.333192 18.780758
vt 3.999874 31.082130
vt 18.407299 16.746267
vt 19.760599 14.059341
vt 16.646259 18.507307
vt 13.977212 19.842728
vt 5.760346 29.604918
vt 18.532276 16.924751
vt 20.013157 13.991669
vt 16.824743 18.632282
vt 13.909539 20.095285
vt 6.012904 29.672590
vt 11.535819 20.731323
vt 17.022219 18.724367
vt 13.799038 20.332256
vt 18.624359 17.122227
vt 20.250126 13.881167
vt 17.232683 18.780762
vt 13.649067 20.546438
vt 18.680754 17.332691
vt 20.464308 13.731196
vt 6.249874 29.783092
vt 11.750000 20.881294
vt 17.449743 18.799751
vt 18.699743 17.549751
vt 20.649193 13.546311
vt 6.464055 29.933064
vt 11.986970 20.991795
vt 18.680754 17.766811
vt 18.624359 17.977276
vt 20.799164 13.332129
vt 6.648941 30.117949
vt 12.239528 21.059467
vt 6.798912 30.332130
vt 12.500000 21.082256
vt 18.351059 30.117949
vt 12.760472 21.059467
vt 13.013030 20.991795
vt 18.535944 29.933064
vt 13.250000 20.881294
vt 18.201088 30.332130
vt 18.750126 29.783092
vt 13.464181 20.731323
vt 18.987097 29.672590
vt 18.090588 30.569099
vt 6.909412 30.569099
vt 6.977085 30.821657
vt 19.239655 29.604918
vt 17.666803 18.780762
vt 18.022915 30.821657
vt 19.500126 29.582130
vt 17.877270 18.724367
vt 18.000126 31.082130
vt 6.999874 31.082130
vt 19.760599 29.604918
vt 18.074743 18.632282
vt 18.022915 31.342602
vt 6.977085 31.342602
vt 20.013157 29.672590
vt 18.253229 18.507307
vt 18.090588 31.595160
vt 6.909412 31.595160
vt 20.250126 29.783092
vt 18.407299 18.353235
vt 18.201088 31.832130
vt 6.798912 31.832130
vt 20.464308 29.933064
vt 18.532276 18.174751
vt 18.351059 32.046310
vt 6.648941 32.046310
vt 20.649193 30.117949
vt 18.535944 32.231197
vt 6.464055 32.231197
vt 6.249874 32.381168
vt 20.799164 30.332130
vt 18.750126 32.381168
vt 18.987097 32.491669
vt 6.012904 32.491669
vt 25.000000 34.850285
vt 20.977339 31.342602
vt 21.000126 31.082130
vt 20.909666 31.595160
vt 20.799164 31.832130
vt 20.649193 32.046310
vt 20.464308 32.231197
vt 20.250126 32.381168
vt 20.909666 30.569099
vt 20.977339 30.821657
vt 25.009701 34.989243
vt 20.013157 32.491669
vt 25.038618 35.125504
vt 25.086189 35.256424
vt 19.760599 32.559341
vt 19.500126 32.582130
vt 19.239655 32.559341
vt 0.000000 60.472500
vt 5.760346 32.559341
vt 5.499874 32.582130
vt 5.239401 32.559341
vt 4.986844 32.491669
vt 4.749874 32.381168
vt 4.535692 32.231197
vt 4.350807 32.046310
vt 4.200836 31.832130
vt 4.090335 31.595160
vt 4.022662 31.342602
vt 36.293335 60.472500
vt 18.585787 1.587500
vt 6.414214 1.587500
vt -19.039778 0.108993
vt -19.292892 0.292893
vt -19.173573 0.190983
vt -25.000000 6.414214
vt -24.987688 6.257779
vt -24.951057 6.105196
vt -24.891006 5.960223
vt -24.809017 5.826428
vt -24.707108 5.707107
vt -18.585787 0.000000
vt -18.894804 0.048943
vt -18.742222 0.012312
vt -18.253231 6.692704
vt -18.407303 6.846775
vt -18.074747 6.567728
vt -18.532280 7.025260
vt -17.877274 6.475644
vt -18.624363 7.222734
vt -18.680758 7.433199
vt -17.666807 6.419250
vt -17.449747 6.400260
vt -18.699747 7.650260
vt -17.232687 6.419250
vt -18.680758 7.867320
vt -20.464308 11.433063
vt -20.649193 11.617949
vt -13.464181 4.432937
vt -13.649067 4.617822
vt -20.799164 11.832129
vt -20.250126 11.283092
vt -18.624363 8.077785
vt -13.250000 4.282965
vt -13.799038 4.832004
vt -17.022223 6.475644
vt -20.013157 11.172591
vt -18.532280 8.275260
vt -20.909666 12.069099
vt -13.909539 5.068973
vt -16.824747 6.567728
vt -13.013030 4.172464
vt -19.760599 11.104918
vt -18.407303 8.453744
vt -20.977339 12.321657
vt -12.760472 4.104792
vt -13.977212 5.321531
vt -16.646263 6.692704
vt -19.500126 11.082129
vt -18.253231 8.607816
vt -21.000126 12.582129
vt -12.500000 4.082004
vt -14.000000 5.582004
vt -16.492191 6.846775
vt -19.239655 11.104918
vt -18.074747 8.732792
vt -20.977339 12.842602
vt -13.977212 5.842475
vt -16.367216 7.025260
vt -18.987097 11.172591
vt -17.877274 8.824876
vt -20.909666 13.095160
vt -13.909539 6.095034
vt -16.275131 7.222734
vt -18.750126 11.283092
vt -17.666807 8.881269
vt -13.799038 6.332004
vt -16.218739 7.433199
vt -18.535944 11.433063
vt -17.449747 8.900260
vt -13.649067 6.546185
vt -16.199747 7.650260
vt -6.414214 0.000000
vt -12.239528 4.104792
vt -11.986970 4.172464
vt -11.750000 4.282965
vt -11.535819 4.432937
vt -11.350933 4.617822
vt -11.200962 4.832004
vt -5.960223 0.108993
vt -6.257779 0.012312
vt -6.105196 0.048943
vt -5.826428 0.190983
vt -15.071151 9.474789
vt -16.367216 8.275260
vt -16.275131 8.077785
vt -16.492191 8.453744
vt -15.564178 9.967816
vt -16.646263 8.607816
vt -16.824747 8.732792
vt -17.022223 8.824876
vt -15.964102 10.538967
vt -17.232687 8.881269
vt -14.500000 9.074865
vt -16.218739 7.867320
vt -5.707107 0.292893
vt -13.868080 8.780196
vt -13.464181 6.731070
vt -13.250000 6.881042
vt -16.258770 11.170886
vt -18.351059 11.617949
vt -18.201088 11.832129
vt -16.439232 11.844374
vt -18.090588 12.069099
vt -18.022915 12.321657
vt -13.194592 8.599735
vt -13.013030 6.991542
vt -12.760472 7.059215
vt -12.500000 8.538967
vt -12.500000 7.082004
vt -12.239528 7.059215
vt -16.500000 12.538967
vt -18.000126 12.582129
vt -18.022915 12.842602
vt -11.805408 8.599735
vt -11.986970 6.991542
vt -11.750000 6.881042
vt -16.439232 13.233560
vt -18.090588 13.095160
vt -18.201088 13.332129
vt -11.131920 8.780196
vt -11.535819 6.731070
vt -11.350933 6.546185
vt -16.258770 13.907047
vt -18.351059 13.546311
vt -18.535944 13.731196
vt -8.353741 6.692700
vt -11.000000 5.582004
vt -11.022788 5.321531
vt -8.507812 6.846772
vt -11.022788 5.842475
vt -18.407299 16.746267
vt -19.760599 14.059341
vt -19.500126 14.082129
vt -18.253229 16.592196
vt -19.239655 14.059341
vt -8.175256 6.567724
vt -11.090461 5.068973
vt -8.632788 7.025256
vt -11.090461 6.095034
vt -18.532276 16.924751
vt -20.013157 13.991669
vt -18.074743 16.467218
vt -18.987097 13.991669
vt -7.977781 6.475640
vt -8.724872 7.222731
vt -11.200962 6.332004
vt -17.877270 16.375135
vt -18.750126 13.881167
vt -18.624359 17.122227
vt -20.250126 13.881167
vt -8.781266 7.433196
vt -7.767316 6.419247
vt -17.666803 16.318741
vt -18.680754 17.332691
vt -20.464308 13.731196
vt -7.550256 6.400256
vt -8.800256 7.650256
vt -10.500000 9.074865
vt -17.449743 16.299751
vt -15.964102 14.538967
vt -18.699743 17.549751
vt -20.649193 13.546311
vt -7.333196 6.419247
vt -8.781266 7.867316
vt -17.232683 16.318741
vt -18.680754 17.766811
vt -7.122731 6.475640
vt -8.724872 8.077782
vt -17.022219 16.375135
vt -18.624359 17.977276
vt -20.799164 13.332129
vt -9.928849 9.474789
vt -15.564178 15.110117
vt -6.925256 6.567724
vt -8.632788 8.275256
vt -16.824743 16.467218
vt -6.746772 6.692700
vt -8.507812 8.453741
vt -16.646259 16.592196
vt -9.435822 9.967816
vt -8.353741 8.607812
vt -15.071151 15.603145
vt -16.492188 16.746267
vt -8.175256 8.732788
vt -16.367212 16.924751
vt -7.977781 8.824872
vt -16.275127 17.122227
vt -9.035898 10.538967
vt -7.767316 8.881266
vt -7.550256 8.900256
vt -14.500000 16.003069
vt -16.218735 17.332691
vt -16.199743 17.549751
vt -8.741229 11.170886
vt -13.868080 16.297737
vt -13.649067 18.618074
vt -16.218735 17.766811
vt -13.464181 18.433189
vt -6.464055 11.433063
vt -7.333196 8.881266
vt -6.648941 11.617949
vt -13.799038 18.832256
vt -16.275127 17.977276
vt -13.250000 18.283218
vt -13.194592 16.478197
vt -6.249874 11.283092
vt -7.122731 8.824872
vt -6.798912 11.832129
vt -8.560769 11.844374
vt -13.909539 19.069225
vt -16.367212 18.174751
vt -13.013030 18.172716
vt -6.909412 12.069099
vt -6.012904 11.172591
vt -6.925256 8.732788
vt -12.760472 18.105045
vt -12.500000 16.538967
vt -13.977212 19.321783
vt -16.492188 18.353235
vt -6.977085 12.321657
vt -8.500000 12.538967
vt -5.760346 11.104918
vt -6.746772 8.607812
vt -0.292893 5.707107
vt -6.592700 6.846772
vt -6.467724 7.025256
vt -6.375640 7.222731
vt -6.319246 7.433196
vt -6.300256 7.650256
vt -14.000000 19.582256
vt -16.646259 18.507307
vt -12.500000 18.082256
vt -6.999874 12.582129
vt -5.499874 11.082129
vt -6.592700 8.453741
vt -0.108993 5.960223
vt -0.190983 5.826428
vt -12.239528 18.105045
vt -11.805408 16.478197
vt -13.977212 19.842728
vt -16.824743 18.632282
vt -5.239401 11.104918
vt -6.467724 8.275256
vt -6.977085 12.842602
vt -8.560769 13.233560
vt -0.048943 6.105196
vt -11.986970 18.172716
vt -13.909539 20.095285
vt -17.022219 18.724367
vt -4.986844 11.172591
vt -6.375640 8.077782
vt -6.909412 13.095160
vt -0.012312 6.257779
vt -6.319246 7.867316
vt -11.750000 18.283218
vt -11.131920 16.297737
vt -13.799038 20.332256
vt -17.232683 18.780762
vt -4.749874 11.283092
vt -6.798912 13.332129
vt -8.741229 13.907047
vt -11.535819 18.433189
vt -13.649067 20.546438
vt -17.449743 18.799751
vt -4.535692 11.433063
vt -6.648941 13.546311
vt -11.350933 18.618074
vt -4.350807 11.617949
vt -6.464055 13.731196
vt -4.200836 11.832129
vt -4.090335 12.069099
vt -8.353737 16.592192
vt -9.928849 15.603145
vt -9.435822 15.110117
vt -8.507808 16.746264
vt -8.175253 16.467216
vt -8.632784 16.924747
vt -4.022662 12.321657
vt -7.977777 16.375132
vt -9.035898 14.538967
vt -8.724869 17.122223
vt -10.500000 16.003069
vt -7.767313 16.318737
vt -8.781262 17.332687
vt -3.999874 12.582129
vt -8.800253 17.549747
vt -7.550252 16.299747
vt -4.022662 12.842602
vt -7.333192 16.318737
vt -6.249874 13.881167
vt -8.781262 17.766808
vt -11.200962 18.832256
vt -4.090335 13.095160
vt -7.122727 16.375132
vt -6.012904 13.991669
vt -8.724869 17.977272
vt -11.090461 19.069225
vt -20.649193 30.117949
vt -18.532276 18.174751
vt -20.464308 29.933064
vt -18.407299 18.353235
vt -20.799164 30.332130
vt -20.250126 29.783092
vt -18.253229 18.507307
vt -6.925252 16.467216
vt -5.760346 14.059341
vt -8.632784 18.174747
vt -11.022788 19.321783
vt -20.013157 29.672590
vt -18.074743 18.632282
vt -19.760599 29.604918
vt -17.877270 18.724367
vt -6.746768 16.592192
vt -5.499874 14.082129
vt -8.507808 18.353231
vt -11.000000 19.582256
vt -25.000000 34.850285
vt -20.909666 30.569099
vt -20.977339 30.821657
vt -21.000126 31.082130
vt -19.500126 29.582130
vt -17.666803 18.780762
vt -6.592697 16.746264
vt -5.239401 14.059341
vt -8.353737 18.507303
vt -11.022788 19.842728
vt -20.977339 31.342602
vt -19.239655 29.604918
vt -6.467721 16.924747
vt -4.986844 13.991669
vt -8.175253 18.632278
vt -11.090461 20.095285
vt -18.987097 29.672590
vt -13.464181 20.731323
vt -20.909666 31.595160
vt -6.375637 17.122223
vt -4.749874 13.881167
vt -7.977777 18.724363
vt -11.200962 20.332256
vt -6.319243 17.332687
vt -4.535692 13.731196
vt -7.767313 18.780758
vt -11.350933 20.546438
vt -18.750126 29.783092
vt -13.250000 20.881294
vt -20.799164 31.832130
vt -7.550252 18.799747
vt -6.300252 17.549747
vt -4.350807 13.546311
vt -18.535944 29.933064
vt -13.013030 20.991795
vt -20.649193 32.046310
vt -6.319243 17.766808
vt -6.375637 17.977272
vt -4.200836 13.332129
vt -20.464308 32.231197
vt -18.351059 30.117949
vt -12.760472 21.059467
vt -18.201088 30.332130
vt -12.500000 21.082256
vt -20.250126 32.381168
vt -25.009701 34.989243
vt -20.013157 32.491669
vt -25.086189 35.256424
vt -25.038618 35.125504
vt -19.760599 32.559341
vt -19.500126 32.582130
vt -19.239655 32.559341
vt -6.648941 30.117949
vt -12.239528 21.059467
vt -11.986970 20.991795
vt -6.464055 29.933064
vt -11.750000 20.881294
vt -6.798912 30.332130
vt -18.090588 30.569099
vt -6.249874 29.783092
vt -11.535819 20.731323
vt -6.909412 30.569099
vt -18.022915 30.821657
vt -6.012904 29.672590
vt -6.977085 30.821657
vt -5.760346 29.604918
vt -7.333192 18.780758
vt -6.999874 31.082130
vt -18.000126 31.082130
vt -5.499874 29.582130
vt -7.122727 18.724363
vt -5.239401 29.604918
vt -6.925252 18.632278
vt -6.977085 31.342602
vt -18.022915 31.342602
vt -18.090588 31.595160
vt -4.986844 29.672590
vt -6.746768 18.507303
vt -6.909412 31.595160
vt -18.201088 31.832130
vt -4.749874 29.783092
vt -6.592697 18.353231
vt -6.798912 31.832130
vt -18.351059 32.046310
vt -4.535692 29.933064
vt -6.467721 18.174747
vt -6.648941 32.046310
vt -4.350807 30.117949
vt -6.464055 32.231197
vt -18.535944 32.231197
vt -18.750126 32.381168
vt -4.200836 30.332130
vt -6.249874 32.381168
vt -18.987097 32.491669
vt -4.090335 30.569099
vt -6.012904 32.491669
vt -4.022662 30.821657
vt -3.999874 31.082130
vt -36.293335 60.472500
vt -4.022662 31.342602
vt -4.090335 31.595160
vt -4.200836 31.832130
vt -4.350807 32.046310
vt -4.535692 32.231197
vt -4.749874 32.381168
vt -4.986844 32.491669
vt -5.239401 32.559341
vt -5.499874 32.582130
vt -5.760346 32.559341
vt 18.585787 42.599998
vt 6.414214 42.599998
vt 6.414214 41.012501
vt 18.585787 41.012501
vt -9.500000 0.000000
vt -33.099998 1.587500
vt -33.099998 0.000000
vt -9.500000 1.587500
vt 6.015516 63.650002
vt 1.000000 62.062500
vt 1.000000 63.650002
vt 6.015516 62.062500
vt 7.412490 63.650002
vt 0.684484 62.062500
vt 0.684484 63.650002
vt 9.118114 62.062500
vt 7.713730 63.625004
vt 9.060143 62.471016
vt 9.104021 62.263985
vt 7.991444 63.555599
vt 8.970007 62.708069
vt 8.236043 63.452374
vt 8.834153 62.938469
vt 8.465047 63.311134
vt 8.668580 63.135639
vt -1.000000 63.650002
vt -6.015516 62.062500
vt -6.015516 63.650002
vt -1.000000 62.062500
vt -9.033197 62.555447
vt -9.118114 62.062500
vt -9.096555 62.312016
vt -8.933650 62.779209
vt -8.781565 63.008286
vt -8.606268 63.195633
vt -8.389634 63.363209
vt -8.122413 63.505726
vt -7.837886 63.599754
vt -7.622283 63.637928
vt -7.412490 63.650002
vt -0.684484 62.062500
vt -0.684484 63.650002
vt 1.587500 27.806608
vt 1.587500 0.212214
vt 0.000000 0.212214
vt 0.000000 29.543839
vt 1.600354 28.027411
vt 1.641045 28.254353
vt 1.738869 28.547552
vt 1.883497 28.817688
vt 0.000000 29.546574
vt 2.055343 29.039289
vt 2.252428 29.221769
vt 2.459898 29.359285
vt 2.684003 29.460644
vt 2.927729 29.524971
vt 3.177500 29.546574
vt 41.012501 27.806608
vt 42.599998 0.212214
vt 41.012501 0.212214
vt 42.599998 29.543839
vt 40.987461 28.114172
vt 40.907272 28.429071
vt 40.784641 28.704130
vt 40.634628 28.932665
vt 42.599998 29.546574
vt 40.451614 29.132959
vt 40.242786 29.297144
vt 40.023598 29.417442
vt 39.777554 29.502638
vt 39.597649 29.535984
vt 39.422501 29.546574
vt 0.000000 8.071068
vt 0.000000 0.414214
vt 1.587500 0.414214
vt 1.587500 8.071068
vt -1.587500 8.071068
vt -1.587500 0.414214
vt -42.599998 8.071068
vt -42.599998 0.414214
vt -41.012501 0.414214
vt -41.012501 8.071068
vt 42.599998 8.071068
vt 41.012501 8.071068
vt 41.012501 0.414214
vt 42.599998 0.414214
vt 3.316126 63.650002
vt 3.141593 63.650002
vt 3.141593 62.062500
vt 3.316126 62.062500
vt 3.490659 63.650002
vt 3.490659 62.062500
vt 3.665191 63.650002
vt 3.665191 62.062500
vt 3.839724 63.650002
vt 3.839724 62.062500
vt 4.014257 63.650002
vt 4.014257 62.062500
vt 4.188790 63.650002
vt 4.188790 62.062500
vt 4.363323 63.650002
vt 4.363323 62.062500
vt 4.537856 63.650002
vt 4.537856 62.062500
vt 4.712389 63.650002
vt 4.712389 62.062500
vt 1.570796 -62.062500
vt 1.742292 -63.650002
vt 1.570796 -63.650002
vt 1.742292 -62.062500
vt 1.913789 -63.650002
vt 1.913789 -62.062500
vt 2.085285 -63.650002
vt 2.085285 -62.062500
vt 2.256781 -63.650002
vt 2.256781 -62.062500
vt 2.428277 -63.650002
vt 2.428277 -62.062500
vt 2.599773 -63.650002
vt 2.599773 -62.062500
vt 2.771269 -63.650002
vt 2.771269 -62.062500
vt 0.174533 -62.062500
vt 0.000000 -62.062500
vt 0.000000 -63.650002
vt 0.174533 -63.650002
vt 0.349066 -62.062500
vt 0.349066 -63.650002
vt 0.523599 -62.062500
vt 0.523599 -63.650002
vt 0.698132 -62.062500
vt 0.698132 -63.650002
vt 0.872665 -62.062500
vt 0.872665 -63.650002
vt 1.047198 -62.062500
vt 1.047198 -63.650002
vt 1.221730 -62.062500
vt 1.221730 -63.650002
vt 1.396263 -62.062500
vt 1.396263 -63.650002
vt 3.511916 -62.062500
vt 3.683412 -63.650002
vt 3.511916 -63.650002
vt 3.683412 -62.062500
vt 3.854908 -62.062500
vt 3.854908 -63.650002
vt 4.026404 -62.062500
vt 4.026404 -63.650002
vt 4.197901 -63.650002
vt 4.197901 -62.062500
vt 4.369397 -63.650002
vt 4.369397 -62.062500
vt 4.540893 -63.650002
vt 4.540893 -62.062500
vt 4.712389 -63.650002
vt 4.712389 -62.062500
vt 0.139408 0.000000
vt -0.000000 -1.587500
vt -0.000000 0.000000
vt 0.139408 -1.587500
vt 0.278816 0.000000
vt 0.278816 -1.587500
vt 0.418224 0.000000
vt 0.418224 -1.587500
vt 0.139408 -41.012501
vt -0.000000 -42.599998
vt -0.000000 -41.012501
vt 0.139408 -42.599998
vt 0.278816 -41.012501
vt 0.278816 -42.599998
vt 0.418224 -42.599998
vt 0.418224 -41.012501
vt 5.654867 1.587500
vt 5.497787 1.587500
vt 5.497787 0.000000
vt 5.654867 0.000000
vt 5.811946 1.587500
vt 5.811946 0.000000
vt 5.969026 1.587500
vt 5.969026 0.000000
vt 6.126106 1.587500
vt 6.126106 0.000000
vt 4.869469 0.000000
vt 4.712389 -1.587500
vt 4.869469 -1.587500
vt 5.026548 0.000000
vt 5.026548 -1.587500
vt 5.183628 -1.587500
vt 5.183628 0.000000
vt 5.340707 -1.587500
vt 5.340707 0.000000
vt 5.497787 -1.587500
vt 4.869469 1.587500
vt 5.026548 1.587500
vt 5.183628 1.587500
vt 5.340707 1.587500
vt 5.654867 -1.587500
vt 5.811946 -1.587500
vt 5.969026 -1.587500
vt 6.126106 -1.587500
vt 6.283185 -1.587500
vt 5.654867 -41.012501
vt 5.497787 -41.012501
vt 5.497787 -42.599998
vt 5.654867 -42.599998
vt 5.811946 -41.012501
vt 5.811946 -42.599998
vt 5.969026 -41.012501
vt 5.969026 -42.599998
vt 6.126106 -41.012501
vt 6.126106 -42.599998
vt 6.283185 -41.012501
vt 6.283185 -42.599998
vt 4.869469 -41.012501
vt 4.712389 -42.599998
vt 4.869469 -42.599998
vt 4.712389 -41.012501
vt 5.026548 -41.012501
vt 5.026548 -42.599998
vt 5.183628 -41.012501
vt 5.183628 -42.599998
vt 5.340707 -41.012501
vt 5.340707 -42.599998
vt 4.869469 41.012501
vt 4.869469 42.599998
vt 5.026548 41.012501
vt 5.026548 42.599998
vt 5.183628 41.012501
vt 5.183628 42.599998
vt 5.340707 41.012501
vt 5.340707 42.599998
vt 5.497787 41.012501
vt 5.497787 42.599998
vt 5.654867 42.599998
vt 5.654867 41.012501
vt 5.811946 42.599998
vt 5.811946 41.012501
vt 5.969026 42.599998
vt 5.969026 41.012501
vt 6.126106 42.599998
vt 6.126106 41.012501
vt 1.570796 0.000000
vt 1.570796 -37.617294
vt 1.694110 -37.541367
vt 1.745329 0.000000
vt 1.822865 -37.463337
vt 1.919862 0.000000
vt 2.000086 -37.360363
vt 2.094395 0.000000
vt 2.180830 -37.263649
vt 2.268928 0.000000
vt 2.346063 -37.185246
vt 2.443461 0.000000
vt 2.502576 -37.121803
vt 2.617994 0.000000
vt 2.672214 -37.066761
vt 2.792527 0.000000
vt 2.824715 -37.030731
vt 2.967060 0.000000
vt 2.982421 -37.007801
vt 3.140020 -37.000000
vt 3.141593 -36.998890
vt 0.174533 0.000000
vt 0.000000 -36.293335
vt 0.177698 -36.418247
vt 0.349066 0.000000
vt 0.365851 -36.546139
vt 0.523599 0.000000
vt 0.541973 -36.657852
vt 0.698132 0.000000
vt 0.703868 -36.750668
vt 0.872665 0.000000
vt 0.866837 -36.832016
vt 1.028734 -36.898697
vt 1.047198 0.000000
vt 1.183109 -36.947556
vt 1.221730 0.000000
vt 1.345593 -36.982155
vt 1.396263 0.000000
vt 1.460416 -36.995701
vt 1.570796 -37.000000
vt 0.127243 36.383011
vt 0.000000 36.293335
vt 0.260258 36.475178
vt 0.439888 36.594257
vt 0.620069 36.703972
vt 0.787302 36.793972
vt 0.949848 36.868084
vt 1.102550 36.923935
vt 1.255208 36.965099
vt 1.413054 36.991226
vt 1.570796 37.000000
vt 1.570796 37.617294
vt 1.748343 37.508270
vt 1.917116 37.407761
vt 2.074698 37.319237
vt 2.235861 37.236355
vt 2.398589 37.162693
vt 2.556236 37.102772
vt 2.721780 37.053604
vt 2.880123 37.020981
vt 3.012947 37.005100
vt 3.140020 37.000000
vt 3.141593 36.998890
vt 0.174533 42.599998
vt 0.000000 41.012501
vt 0.000000 42.599998
vt 0.174533 41.012501
vt 0.349066 42.599998
vt 0.349066 41.012501
vt 0.523599 42.599998
vt 0.523599 41.012501
vt 0.698132 42.599998
vt 0.698132 41.012501
vt 0.872665 42.599998
vt 0.872665 41.012501
vt 1.047198 42.599998
vt 1.047198 41.012501
vt 1.221730 42.599998
vt 1.221730 41.012501
vt 1.396263 42.599998
vt 1.396263 41.012501
vt 1.570796 42.599998
vt 1.745329 41.012501
vt 1.570796 41.012501
vt 1.745329 42.599998
vt 1.919862 42.599998
vt 1.919862 41.012501
vt 2.094395 42.599998
vt 2.094395 41.012501
vt 2.268928 42.599998
vt 2.268928 41.012501
vt 2.443461 42.599998
vt 2.443461 41.012501
vt 2.617994 42.599998
vt 2.792527 41.012501
vt 2.617994 41.012501
vt 2.792527 42.599998
vt 2.967060 42.599998
vt 2.967060 41.012501
vt 0.174533 1.587500
vt 0.000000 1.587500
vt 0.349066 1.587500
vt 0.523599 1.587500
vt 0.698132 1.587500
vt 0.872665 1.587500
vt 1.047198 1.587500
vt 1.221730 1.587500
vt 1.396263 1.587500
vt 1.570796 1.587500
vt 1.745329 1.587500
vt 1.919862 1.587500
vt 2.094395 1.587500
vt 2.268928 1.587500
vt 2.443461 1.587500
vt 2.617994 1.587500
vt 2.792527 1.587500
vt 2.967060 1.587500
vt 3.565681 62.062500
vt 3.565681 63.650002
vt 3.989769 62.062500
vt 3.989769 63.650002
vt 4.413857 62.062500
vt 4.413857 63.650002
vt 0.000000 63.650002
vt -9.875961 62.062500
vt -9.875961 63.650002
vt 0.000000 62.062500
vt 2.293417 63.650002
vt 1.869328 62.062500
vt 1.869328 63.650002
vt 2.293417 62.062500
vt 2.717505 63.650002
vt 2.717505 62.062500
vt 5.179331 63.650002
vt 5.010921 62.062500
vt 5.179331 62.062500
vt 5.010921 63.650002
vt 5.347741 63.650002
vt 5.347741 62.062500
vt 5.516151 63.650002
vt 5.516151 62.062500
vt 5.684561 62.062500
vt 5.684561 63.650002
vt 5.852971 62.062500
vt 5.852971 63.650002
vt 6.021381 63.650002
vt 6.021381 62.062500
vt 1.570796 63.650002
vt 2.007127 62.062500
vt 1.570796 62.062500
vt 2.007127 63.650002
vt 2.443458 62.062500
vt 2.443458 63.650002
vt 2.879789 62.062500
vt 2.879789 63.650002
vt 31.789640 62.062500
vt 31.789640 63.650002
vt 0.261804 63.650002
vt 0.698135 62.062500
vt 0.261804 62.062500
vt 0.698135 63.650002
vt 1.134466 62.062500
vt 1.134466 63.650002
vt 3.403397 63.650002
vt 3.403397 62.062500
vt 3.571807 62.062500
vt 3.571807 63.650002
vt 3.740217 62.062500
vt 3.740217 63.650002
vt 3.908627 62.062500
vt 3.908627 63.650002
vt 4.077037 62.062500
vt 4.077037 63.650002
vt 4.245447 63.650002
vt 4.245447 62.062500
vt 0.424088 63.650002
vt 0.424088 62.062500
vt 0.848176 63.650002
vt 0.848176 62.062500
vt 1.272264 63.650002
vt 1.272264 62.062500
vt 9.875961 63.650002
vt 9.875961 62.062500
vt 0.000000 1.000000
vt 0.496839 0.000000
vt 0.496839 1.000000
vt 1.000000 0.000000
vt 1.000000 1.000000
vt 2.037739 62.062500
vt 2.037739 63.650002
vt 2.206149 62.062500
vt 2.206149 63.650002
vt 2.374559 62.062500
vt 2.374559 63.650002
vt 2.542969 62.062500
vt 2.542969 63.650002
vt 2.711379 62.062500
vt 2.711379 63.650002
vt 5.148720 63.650002
vt 5.148720 62.062500
vt 5.585051 63.650002
vt 5.585051 62.062500
vt 3.839727 63.650002
vt 3.839727 62.062500
vt 4.276058 63.650002
vt 4.276058 62.062500
vt 0.430214 62.062500
vt 0.430214 63.650002
vt 0.598624 62.062500
vt 0.598624 63.650002
vt 0.767034 62.062500
vt 0.767034 63.650002
vt 0.935444 62.062500
vt 0.935444 63.650002
vt 1.103854 62.062500
vt 1.103854 63.650002
s 1
usemtl mat_1.001
f 3437/2941/1908 2978/2942/1909 2465/2943/1909
f 3437/2941/1908 2475/2944/1908 2978/2942/1909
f 2466/2945/1910 2476/2946/1910 2475/2944/1908
f 2466/2945/1910 2475/2944/1908 3437/2941/1908
f 2467/2947/1911 2477/2948/1911 2476/2946/1910
f 2467/2947/1911 2476/2946/1910 2466/2945/1910
f 3438/2949/1912 2979/2950/1912 2477/2948/1911
f 3438/2949/1912 2478/2951/1913 2979/2950/1912
f 3438/2949/1912 2477/2948/1911 2467/2947/1911
f 3439/2952/1913 2478/2951/1913 3438/2949/1912
f 3440/2953/1914 2980/2954/1914 2478/2951/1913
f 3440/2953/1914 2478/2951/1913 3439/2952/1913
f 2468/2955/1915 2479/2956/1915 2980/2954/1914
f 2468/2955/1915 2980/2954/1914 3440/2953/1914
f 3441/2957/1916 2981/2958/1916 2479/2956/1915
f 3441/2957/1916 2982/2959/1917 2981/2958/1916
f 3441/2957/1916 2479/2956/1915 2468/2955/1915
f 3442/2960/1917 2982/2959/1917 3441/2957/1916
f 3443/2961/1918 2983/2962/1918 2982/2959/1917
f 3443/2961/1918 2984/2963/1919 2983/2962/1918
f 3443/2961/1918 2982/2959/1917 3442/2960/1917
f 2469/2964/1919 2984/2963/1919 3443/2961/1918
f 2470/2965/1920 2985/2966/1920 2984/2963/1919
f 2470/2965/1920 2986/2967/1921 2985/2966/1920
f 2470/2965/1920 2984/2963/1919 2469/2964/1919
f 2471/2968/1921 2986/2967/1921 2470/2965/1920
f 2472/2969/1922 2987/2970/1922 2986/2967/1921
f 2472/2969/1922 2986/2967/1921 2471/2968/1921
f 2473/2971/1923 2987/2970/1922 2472/2969/1922
f 2473/2971/1923 2480/2972/1923 2987/2970/1922
f 2474/2973/1924 2480/2972/1923 2473/2971/1923
f 2474/2973/1924 2988/2974/1924 2480/2972/1923
f 3444/2975/1925 2988/2974/1924 2474/2973/1924
f 3444/2975/1925 2481/2976/1925 2988/2974/1924
f 4348/2977/1926 2481/2976/1925 3444/2975/1925
f 4348/2977/1926 2464/2978/1926 2481/2976/1925
f 2483/2941/1927 4347/2942/1909 4337/2943/1909
f 2483/2941/1927 2997/2944/1927 4347/2942/1909
f 2484/2945/1910 2489/2946/1910 2997/2944/1927
f 2484/2945/1910 2997/2944/1927 2483/2941/1927
f 3452/2947/1911 2490/2948/1911 2489/2946/1910
f 3452/2947/1911 2489/2946/1910 2484/2945/1910
f 3453/2949/1928 2491/2950/1928 2490/2948/1911
f 3453/2949/1928 2998/2951/1913 2491/2950/1928
f 3453/2949/1928 2490/2948/1911 3452/2947/1911
f 2485/2952/1913 2998/2951/1913 3453/2949/1928
f 2486/2953/1914 2492/2954/1914 2998/2951/1913
f 2486/2953/1914 2998/2951/1913 2485/2952/1913
f 3454/2955/1915 2493/2956/1915 2492/2954/1914
f 3454/2955/1915 2492/2954/1914 2486/2953/1914
f 3455/2957/1916 2494/2958/1916 2493/2956/1915
f 3455/2957/1916 2495/2959/1917 2494/2958/1916
f 3455/2957/1916 2493/2956/1915 3454/2955/1915
f 3456/2960/1917 2495/2959/1917 3455/2957/1916
f 3457/2961/1918 2496/2962/1918 2495/2959/1917
f 3457/2961/1918 2495/2959/1917 3456/2960/1917
f 2487/2964/1919 2497/2963/1919 2496/2962/1918
f 2487/2964/1919 2496/2962/1918 3457/2961/1918
f 3458/2965/1920 2498/2966/1920 2497/2963/1919
f 3458/2965/1920 2497/2963/1919 2487/2964/1919
f 3459/2968/1921 2499/2967/1921 2498/2966/1920
f 3459/2968/1921 2999/2970/1929 2499/2967/1921
f 3459/2968/1921 2498/2966/1920 3458/2965/1920
f 3460/2969/1929 3000/2972/1923 2999/2970/1929
f 3460/2969/1929 2999/2970/1929 3459/2968/1921
f 3461/2971/1923 3000/2972/1923 3460/2969/1929
f 2488/2973/1924 3000/2972/1923 3461/2971/1923
f 2488/2973/1924 2500/2974/1924 3000/2972/1923
f 3462/2975/1930 2500/2974/1924 2488/2973/1924
f 3462/2975/1930 3001/2976/1930 2500/2974/1924
f 4326/2977/1926 3001/2976/1930 3462/2975/1930
f 4326/2977/1926 2482/2978/1926 3001/2976/1930
f 3470/2941/1908 2509/2942/1909 4317/2943/1909
f 3470/2941/1908 2510/2944/1908 2509/2942/1909
f 3471/2945/1910 3010/2946/1910 2510/2944/1908
f 3471/2945/1910 2510/2944/1908 3470/2941/1908
f 3472/2947/1911 2511/2948/1911 3010/2946/1910
f 3472/2947/1911 3010/2946/1910 3471/2945/1910
f 3473/2949/1928 3011/2950/1928 2511/2948/1911
f 3473/2949/1928 2511/2948/1911 3472/2947/1911
f 2502/2952/1913 3012/2951/1913 3011/2950/1928
f 2502/2952/1913 2512/2954/1914 3012/2951/1913
f 2502/2952/1913 3011/2950/1928 3473/2949/1928
f 2503/2953/1914 2512/2954/1914 2502/2952/1913
f 2504/2955/1915 3013/2956/1915 2512/2954/1914
f 2504/2955/1915 2512/2954/1914 2503/2953/1914
f 2505/2957/1931 3014/2958/1931 3013/2956/1915
f 2505/2957/1931 3015/2959/1917 3014/2958/1931
f 2505/2957/1931 3013/2956/1915 2504/2955/1915
f 3474/2960/1917 3015/2959/1917 2505/2957/1931
f 3475/2961/1932 2513/2962/1932 3015/2959/1917
f 3475/2961/1932 3016/2963/1919 2513/2962/1932
f 3475/2961/1932 3015/2959/1917 3474/2960/1917
f 3476/2964/1919 3016/2963/1919 3475/2961/1932
f 3477/2965/1920 3017/2966/1920 3016/2963/1919
f 3477/2965/1920 3016/2963/1919 3476/2964/1919
f 3478/2968/1921 2514/2967/1921 3017/2966/1920
f 3478/2968/1921 3017/2966/1920 3477/2965/1920
f 3479/2969/1929 3018/2970/1929 2514/2967/1921
f 3479/2969/1929 3019/2972/1923 3018/2970/1929
f 3479/2969/1929 2514/2967/1921 3478/2968/1921
f 2506/2971/1923 3019/2972/1923 3479/2969/1929
f 2507/2973/1924 3019/2972/1923 2506/2971/1923
f 2507/2973/1924 2515/2974/1924 3019/2972/1923
f 2508/2975/1925 2515/2974/1924 2507/2973/1924
f 2508/2975/1925 3020/2976/1925 2515/2974/1924
f 2501/2977/1926 3020/2976/1925 2508/2975/1925
f 2501/2977/1926 3021/2978/1926 3020/2976/1925
f 3487/2941/1908 4306/2942/1909 2517/2943/1909
f 3487/2941/1908 2524/2944/1908 4306/2942/1909
f 3488/2945/1910 2525/2946/1910 2524/2944/1908
f 3488/2945/1910 2524/2944/1908 3487/2941/1908
f 2518/2947/1911 2526/2948/1911 2525/2946/1910
f 2518/2947/1911 2525/2946/1910 3488/2945/1910
f 3489/2949/1928 2527/2950/1928 2526/2948/1911
f 3489/2949/1928 2526/2948/1911 2518/2947/1911
f 2519/2952/1913 3031/2951/1913 2527/2950/1928
f 2519/2952/1913 2528/2954/1914 3031/2951/1913
f 2519/2952/1913 2527/2950/1928 3489/2949/1928
f 3490/2953/1914 2528/2954/1914 2519/2952/1913
f 3491/2955/1915 3032/2956/1915 2528/2954/1914
f 3491/2955/1915 2528/2954/1914 3490/2953/1914
f 3492/2957/1931 3033/2958/1931 3032/2956/1915
f 3492/2957/1931 3034/2959/1917 3033/2958/1931
f 3492/2957/1931 3032/2956/1915 3491/2955/1915
f 3493/2960/1917 3034/2959/1917 3492/2957/1931
f 3494/2961/1932 3035/2962/1932 3034/2959/1917
f 3494/2961/1932 2529/2963/1919 3035/2962/1932
f 3494/2961/1932 3034/2959/1917 3493/2960/1917
f 2520/2964/1919 2529/2963/1919 3494/2961/1932
f 2521/2965/1920 2530/2966/1920 2529/2963/1919
f 2521/2965/1920 2529/2963/1919 2520/2964/1919
f 3495/2968/1921 3036/2967/1921 2530/2966/1920
f 3495/2968/1921 2530/2966/1920 2521/2965/1920
f 3496/2969/1929 3037/2970/1929 3036/2967/1921
f 3496/2969/1929 3038/2972/1923 3037/2970/1929
f 3496/2969/1929 3036/2967/1921 3495/2968/1921
f 3497/2971/1923 3038/2972/1923 3496/2969/1929
f 2522/2973/1924 3038/2972/1923 3497/2971/1923
f 2522/2973/1924 3039/2974/1924 3038/2972/1923
f 2523/2975/1925 3039/2974/1924 2522/2973/1924
f 2523/2975/1925 3040/2976/1925 3039/2974/1924
f 2516/2977/1926 3040/2976/1925 2523/2975/1925
f 2516/2977/1926 3041/2978/1926 3040/2976/1925
f 2532/2941/1927 2537/2942/1909 4280/2943/1909
f 2532/2941/1927 2538/2944/1908 2537/2942/1909
f 2533/2945/1910 2539/2946/1910 2538/2944/1908
f 2533/2945/1910 2538/2944/1908 2532/2941/1927
f 2534/2947/1911 3050/2948/1911 2539/2946/1910
f 2534/2947/1911 2539/2946/1910 2533/2945/1910
f 3511/2949/1928 3051/2950/1928 3050/2948/1911
f 3511/2949/1928 3050/2948/1911 2534/2947/1911
f 3512/2952/1913 3052/2951/1913 3051/2950/1928
f 3512/2952/1913 3053/2954/1914 3052/2951/1913
f 3512/2952/1913 3051/2950/1928 3511/2949/1928
f 3513/2953/1914 3053/2954/1914 3512/2952/1913
f 3514/2955/1915 3054/2956/1915 3053/2954/1914
f 3514/2955/1915 3053/2954/1914 3513/2953/1914
f 3515/2957/1916 3055/2958/1916 3054/2956/1915
f 3515/2957/1916 3056/2959/1917 3055/2958/1916
f 3515/2957/1916 3054/2956/1915 3514/2955/1915
f 3516/2960/1917 3056/2959/1917 3515/2957/1916
f 3517/2961/1918 2540/2962/1918 3056/2959/1917
f 3517/2961/1918 3057/2963/1919 2540/2962/1918
f 3517/2961/1918 3056/2959/1917 3516/2960/1917
f 2535/2964/1919 3057/2963/1919 3517/2961/1918
f 3518/2965/1920 2541/2966/1920 3057/2963/1919
f 3518/2965/1920 3057/2963/1919 2535/2964/1919
f 3519/2968/1921 2542/2967/1921 2541/2966/1920
f 3519/2968/1921 2541/2966/1920 3518/2965/1920
f 3520/2969/1929 2543/2970/1929 2542/2967/1921
f 3520/2969/1929 2544/2972/1923 2543/2970/1929
f 3520/2969/1929 2542/2967/1921 3519/2968/1921
f 2536/2971/1923 2544/2972/1923 3520/2969/1929
f 3521/2973/1924 2544/2972/1923 2536/2971/1923
f 3521/2973/1924 3058/2974/1924 2544/2972/1923
f 3522/2975/1925 3058/2974/1924 3521/2973/1924
f 3522/2975/1925 3059/2976/1925 3058/2974/1924
f 2531/2977/1926 3059/2976/1925 3522/2975/1925
f 2531/2977/1926 3060/2978/1926 3059/2976/1925
f 2546/2941/1908 4275/2942/1909 4265/2943/1909
f 2546/2941/1908 3072/2944/1908 4275/2942/1909
f 3532/2945/1910 2554/2946/1910 3072/2944/1908
f 3532/2945/1910 3072/2944/1908 2546/2941/1908
f 2547/2947/1911 2555/2948/1911 2554/2946/1910
f 2547/2947/1911 2554/2946/1910 3532/2945/1910
f 3533/2949/1928 2556/2950/1928 2555/2948/1911
f 3533/2949/1928 2555/2948/1911 2547/2947/1911
f 3534/2952/1913 3073/2951/1913 2556/2950/1928
f 3534/2952/1913 3074/2954/1914 3073/2951/1913
f 3534/2952/1913 2556/2950/1928 3533/2949/1928
f 2548/2953/1914 3074/2954/1914 3534/2952/1913
f 3535/2955/1915 3075/2956/1915 3074/2954/1914
f 3535/2955/1915 3074/2954/1914 2548/2953/1914
f 3536/2957/1931 3076/2958/1931 3075/2956/1915
f 3536/2957/1931 2557/2959/1917 3076/2958/1931
f 3536/2957/1931 3075/2956/1915 3535/2955/1915
f 2549/2960/1917 2557/2959/1917 3536/2957/1931
f 3537/2961/1932 2558/2962/1932 2557/2959/1917
f 3537/2961/1932 2559/2963/1919 2558/2962/1932
f 3537/2961/1932 2557/2959/1917 2549/2960/1917
f 3538/2964/1919 2559/2963/1919 3537/2961/1932
f 3539/2965/1920 2560/2966/1920 2559/2963/1919
f 3539/2965/1920 2559/2963/1919 3538/2964/1919
f 3540/2968/1921 3077/2967/1921 2560/2966/1920
f 3540/2968/1921 2560/2966/1920 3539/2965/1920
f 2550/2969/1929 2561/2970/1929 3077/2967/1921
f 2550/2969/1929 2562/2972/1923 2561/2970/1929
f 2550/2969/1929 3077/2967/1921 3540/2968/1921
f 2551/2971/1923 2562/2972/1923 2550/2969/1929
f 2552/2973/1924 2562/2972/1923 2551/2971/1923
f 2552/2973/1924 2563/2974/1924 2562/2972/1923
f 2553/2975/1925 2563/2974/1924 2552/2973/1924
f 2553/2975/1925 3078/2976/1925 2563/2974/1924
f 2545/2977/1926 3078/2976/1925 2553/2975/1925
f 2545/2977/1926 4266/2978/1926 3078/2976/1925
f 2566/2941/1908 4256/2942/1909 2565/2943/1909
f 2566/2941/1908 2574/2944/1908 4256/2942/1909
f 3549/2945/1910 3088/2946/1910 2574/2944/1908
f 3549/2945/1910 2574/2944/1908 2566/2941/1908
f 3550/2947/1911 3089/2948/1911 3088/2946/1910
f 3550/2947/1911 3088/2946/1910 3549/2945/1910
f 2567/2949/1928 3090/2950/1928 3089/2948/1911
f 2567/2949/1928 2575/2951/1913 3090/2950/1928
f 2567/2949/1928 3089/2948/1911 3550/2947/1911
f 2568/2952/1913 2575/2951/1913 2567/2949/1928
f 3551/2953/1914 3091/2954/1914 2575/2951/1913
f 3551/2953/1914 2575/2951/1913 2568/2952/1913
f 2569/2955/1915 3092/2956/1915 3091/2954/1914
f 2569/2955/1915 3091/2954/1914 3551/2953/1914
f 3552/2957/1916 2576/2958/1916 3092/2956/1915
f 3552/2957/1916 3093/2959/1917 2576/2958/1916
f 3552/2957/1916 3092/2956/1915 2569/2955/1915
f 2570/2960/1917 3093/2959/1917 3552/2957/1916
f 3553/2961/1918 3094/2962/1918 3093/2959/1917
f 3553/2961/1918 2577/2963/1919 3094/2962/1918
f 3553/2961/1918 3093/2959/1917 2570/2960/1917
f 3554/2964/1919 2577/2963/1919 3553/2961/1918
f 2571/2965/1920 2578/2966/1920 2577/2963/1919
f 2571/2965/1920 2579/2967/1921 2578/2966/1920
f 2571/2965/1920 2577/2963/1919 3554/2964/1919
f 2572/2968/1921 2579/2967/1921 2571/2965/1920
f 3555/2969/1929 2580/2970/1929 2579/2967/1921
f 3555/2969/1929 2579/2967/1921 2572/2968/1921
f 2573/2971/1923 2580/2970/1929 3555/2969/1929
f 2573/2971/1923 3095/2972/1923 2580/2970/1929
f 3556/2973/1924 3095/2972/1923 2573/2971/1923
f 3556/2973/1924 3096/2974/1924 3095/2972/1923
f 3557/2975/1925 3096/2974/1924 3556/2973/1924
f 3557/2975/1925 2581/2976/1925 3096/2974/1924
f 4243/2977/1926 2581/2976/1925 3557/2975/1925
f 4243/2977/1926 2564/2978/1926 2581/2976/1925
f 2585/2941/1927 3111/2942/1909 2584/2943/1909
f 2585/2941/1927 3112/2944/1908 3111/2942/1909
f 3566/2945/1910 2593/2946/1910 3112/2944/1908
f 3566/2945/1910 3112/2944/1908 2585/2941/1927
f 3567/2947/1911 2594/2948/1911 2593/2946/1910
f 3567/2947/1911 2593/2946/1910 3566/2945/1910
f 3568/2949/1928 3113/2950/1928 2594/2948/1911
f 3568/2949/1928 2594/2948/1911 3567/2947/1911
f 2586/2952/1933 2595/2951/1933 3113/2950/1928
f 2586/2952/1933 2596/2954/1914 2595/2951/1933
f 2586/2952/1933 3113/2950/1928 3568/2949/1928
f 3569/2953/1914 2596/2954/1914 2586/2952/1933
f 2587/2955/1934 3114/2956/1934 2596/2954/1914
f 2587/2955/1934 2596/2954/1914 3569/2953/1914
f 2588/2957/1931 2597/2958/1931 3114/2956/1934
f 2588/2957/1931 3115/2959/1917 2597/2958/1931
f 2588/2957/1931 3114/2956/1934 2587/2955/1934
f 2589/2960/1917 3115/2959/1917 2588/2957/1931
f 2590/2961/1932 2598/2962/1932 3115/2959/1917
f 2590/2961/1932 2599/2963/1935 2598/2962/1932
f 2590/2961/1932 3115/2959/1917 2589/2960/1917
f 3570/2964/1935 2599/2963/1935 2590/2961/1932
f 3571/2965/1920 2600/2966/1920 2599/2963/1935
f 3571/2965/1920 2599/2963/1935 3570/2964/1935
f 2591/2968/1936 2601/2967/1936 2600/2966/1920
f 2591/2968/1936 2600/2966/1920 3571/2965/1920
f 3572/2969/1929 3116/2970/1929 2601/2967/1936
f 3572/2969/1929 3117/2972/1923 3116/2970/1929
f 3572/2969/1929 2601/2967/1936 2591/2968/1936
f 2592/2971/1923 3117/2972/1923 3572/2969/1929
f 3573/2973/1924 3117/2972/1923 2592/2971/1923
f 3573/2973/1924 2602/2974/1924 3117/2972/1923
f 3574/2975/1925 2602/2974/1924 3573/2973/1924
f 3574/2975/1925 3118/2976/1925 2602/2974/1924
f 2583/2977/1926 3118/2976/1925 3574/2975/1925
f 2583/2977/1926 2582/2978/1926 3118/2976/1925
f 2604/2941/1908 4225/2942/1909 2603/2943/1909
f 2604/2941/1908 2612/2944/1908 4225/2942/1909
f 2605/2945/1910 3128/2946/1910 2612/2944/1908
f 2605/2945/1910 2612/2944/1908 2604/2941/1908
f 3585/2947/1911 2613/2948/1911 3128/2946/1910
f 3585/2947/1911 3128/2946/1910 2605/2945/1910
f 2606/2949/1928 2614/2950/1928 2613/2948/1911
f 2606/2949/1928 2615/2951/1913 2614/2950/1928
f 2606/2949/1928 2613/2948/1911 3585/2947/1911
f 3586/2952/1913 2615/2951/1913 2606/2949/1928
f 2607/2953/1914 3129/2954/1914 2615/2951/1913
f 2607/2953/1914 2615/2951/1913 3586/2952/1913
f 3587/2955/1934 2616/2956/1934 3129/2954/1914
f 3587/2955/1934 3129/2954/1914 2607/2953/1914
f 2608/2957/1916 2617/2958/1916 2616/2956/1934
f 2608/2957/1916 2618/2959/1917 2617/2958/1916
f 2608/2957/1916 2616/2956/1934 3587/2955/1934
f 3588/2960/1917 2618/2959/1917 2608/2957/1916
f 2609/2961/1918 3130/2962/1918 2618/2959/1917
f 2609/2961/1918 3131/2963/1935 3130/2962/1918
f 2609/2961/1918 2618/2959/1917 3588/2960/1917
f 3589/2964/1935 3131/2963/1935 2609/2961/1918
f 3590/2965/1920 3132/2966/1920 3131/2963/1935
f 3590/2965/1920 2619/2967/1921 3132/2966/1920
f 3590/2965/1920 3131/2963/1935 3589/2964/1935
f 3591/2968/1921 2619/2967/1921 3590/2965/1920
f 3592/2969/1929 2620/2970/1929 2619/2967/1921
f 3592/2969/1929 2619/2967/1921 3591/2968/1921
f 3593/2971/1923 2620/2970/1929 3592/2969/1929
f 3593/2971/1923 3133/2972/1923 2620/2970/1929
f 2610/2973/1924 3133/2972/1923 3593/2971/1923
f 2610/2973/1924 2621/2974/1924 3133/2972/1923
f 2611/2975/1925 2621/2974/1924 2610/2973/1924
f 2611/2975/1925 3134/2976/1925 2621/2974/1924
f 3575/2977/1926 3134/2976/1925 2611/2975/1925
f 3575/2977/1926 4215/2978/1926 3134/2976/1925
f 2623/2941/1908 4206/2942/1909 4194/2943/1909
f 2623/2941/1908 3143/2944/1908 4206/2942/1909
f 3606/2945/1910 2631/2946/1910 3143/2944/1908
f 3606/2945/1910 3143/2944/1908 2623/2941/1908
f 3607/2947/1911 2632/2948/1911 2631/2946/1910
f 3607/2947/1911 2631/2946/1910 3606/2945/1910
f 3608/2949/1928 3144/2950/1928 2632/2948/1911
f 3608/2949/1928 2632/2948/1911 3607/2947/1911
f 2624/2952/1913 2633/2951/1913 3144/2950/1928
f 2624/2952/1913 2634/2954/1914 2633/2951/1913
f 2624/2952/1913 3144/2950/1928 3608/2949/1928
f 2625/2953/1914 2634/2954/1914 2624/2952/1913
f 3609/2955/1915 2635/2956/1915 2634/2954/1914
f 3609/2955/1915 2634/2954/1914 2625/2953/1914
f 3610/2957/1931 2636/2958/1931 2635/2956/1915
f 3610/2957/1931 3145/2959/1917 2636/2958/1931
f 3610/2957/1931 2635/2956/1915 3609/2955/1915
f 3611/2960/1917 3145/2959/1917 3610/2957/1931
f 2626/2961/1932 2637/2962/1932 3145/2959/1917
f 2626/2961/1932 3146/2963/1919 2637/2962/1932
f 2626/2961/1932 3145/2959/1917 3611/2960/1917
f 2627/2964/1919 3146/2963/1919 2626/2961/1932
f 3612/2965/1920 2638/2966/1920 3146/2963/1919
f 3612/2965/1920 3146/2963/1919 2627/2964/1919
f 3613/2968/1921 2639/2967/1921 2638/2966/1920
f 3613/2968/1921 2638/2966/1920 3612/2965/1920
f 2628/2969/1929 3147/2970/1929 2639/2967/1921
f 2628/2969/1929 2640/2972/1923 3147/2970/1929
f 2628/2969/1929 2639/2967/1921 3613/2968/1921
f 2629/2971/1923 2640/2972/1923 2628/2969/1929
f 3614/2973/1924 2640/2972/1923 2629/2971/1923
f 3614/2973/1924 2641/2974/1924 2640/2972/1923
f 2630/2975/1925 2641/2974/1924 3614/2973/1924
f 2630/2975/1925 2642/2976/1925 2641/2974/1924
f 2622/2977/1926 2642/2976/1925 2630/2975/1925
f 2622/2977/1926 3148/2978/1926 2642/2976/1925
f 3619/2941/1927 3155/2942/1909 4177/2943/1909
f 3619/2941/1927 2655/2944/1927 3155/2942/1909
f 2643/2945/1910 3156/2946/1910 2655/2944/1927
f 2643/2945/1910 2655/2944/1927 3619/2941/1927
f 2644/2947/1911 3157/2948/1911 3156/2946/1910
f 2644/2947/1911 3156/2946/1910 2643/2945/1910
f 3620/2949/1928 3158/2950/1928 3157/2948/1911
f 3620/2949/1928 3159/2951/1913 3158/2950/1928
f 3620/2949/1928 3157/2948/1911 2644/2947/1911
f 2645/2952/1913 3159/2951/1913 3620/2949/1928
f 3621/2953/1914 2656/2954/1914 3159/2951/1913
f 3621/2953/1914 3159/2951/1913 2645/2952/1913
f 2646/2955/1915 3160/2956/1915 2656/2954/1914
f 2646/2955/1915 2656/2954/1914 3621/2953/1914
f 2647/2957/1931 2657/2958/1931 3160/2956/1915
f 2647/2957/1931 2658/2959/1917 2657/2958/1931
f 2647/2957/1931 3160/2956/1915 2646/2955/1915
f 2648/2960/1917 2658/2959/1917 2647/2957/1931
f 2649/2961/1932 2659/2962/1932 2658/2959/1917
f 2649/2961/1932 2660/2963/1919 2659/2962/1932
f 2649/2961/1932 2658/2959/1917 2648/2960/1917
f 2650/2964/1919 2660/2963/1919 2649/2961/1932
f 2651/2965/1920 2661/2966/1920 2660/2963/1919
f 2651/2965/1920 3161/2967/1921 2661/2966/1920
f 2651/2965/1920 2660/2963/1919 2650/2964/1919
f 2652/2968/1921 3161/2967/1921 2651/2965/1920
f 3622/2969/1929 2662/2970/1929 3161/2967/1921
f 3622/2969/1929 3161/2967/1921 2652/2968/1921
f 2653/2971/1923 2662/2970/1929 3622/2969/1929
f 2653/2971/1923 3162/2972/1923 2662/2970/1929
f 3623/2973/1924 3162/2972/1923 2653/2971/1923
f 3623/2973/1924 2663/2974/1924 3162/2972/1923
f 2654/2975/1925 2663/2974/1924 3623/2973/1924
f 2654/2975/1925 2664/2976/1930 2663/2974/1924
f 4163/2977/1926 2664/2976/1930 2654/2975/1925
f 4163/2977/1926 3163/2978/1926 2664/2976/1930
f 3201/2979/1908 3642/2980/1909 4151/2981/1909
f 3201/2979/1908 2685/2982/1908 3642/2980/1909
f 2666/2983/1910 3641/2984/1910 2685/2982/1908
f 2666/2983/1910 2685/2982/1908 3201/2979/1908
f 2667/2985/1911 2684/2986/1911 3641/2984/1910
f 2667/2985/1911 3641/2984/1910 2666/2983/1910
f 3202/2987/1912 3640/2988/1912 2684/2986/1911
f 3202/2987/1912 2684/2986/1911 2667/2985/1911
f 3203/2989/1913 2683/2990/1913 3640/2988/1912
f 3203/2989/1913 3640/2988/1912 3202/2987/1912
f 2668/2991/1914 2682/2992/1914 2683/2990/1913
f 2668/2991/1914 2683/2990/1913 3203/2989/1913
f 2669/2993/1915 2681/2994/1915 2682/2992/1914
f 2669/2993/1915 2682/2992/1914 2668/2991/1914
f 3204/2995/1916 2680/2996/1916 2681/2994/1915
f 3204/2995/1916 2681/2994/1915 2669/2993/1915
f 3205/2997/1917 2679/2998/1917 2680/2996/1916
f 3205/2997/1917 2680/2996/1916 3204/2995/1916
f 2670/2999/1918 3639/3000/1918 2679/2998/1917
f 2670/2999/1918 2679/2998/1917 3205/2997/1917
f 2671/3001/1919 2678/3002/1919 3639/3000/1918
f 2671/3001/1919 3639/3000/1918 2670/2999/1918
f 3206/3003/1920 2677/3004/1920 2678/3002/1919
f 3206/3003/1920 2678/3002/1919 2671/3001/1919
f 2672/3005/1921 2676/3006/1921 2677/3004/1920
f 2672/3005/1921 2677/3004/1920 3206/3003/1920
f 3207/3007/1922 3638/3008/1922 2676/3006/1921
f 3207/3007/1922 2676/3006/1921 2672/3005/1921
f 3208/3009/1923 3638/3008/1922 3207/3007/1922
f 3208/3009/1923 2675/3010/1923 3638/3008/1922
f 3209/3011/1924 2675/3010/1923 3208/3009/1923
f 3209/3011/1924 2674/3012/1924 2675/3010/1923
f 3210/3013/1925 2674/3012/1924 3209/3011/1924
f 3210/3013/1925 2665/3014/1926 2673/3015/1925
f 3210/3013/1925 2673/3015/1925 2674/3012/1924
f 4140/3016/1926 2665/3014/1926 3210/3013/1925
f 2688/2979/1927 2696/2980/1909 4129/2981/1909
f 2688/2979/1927 2704/2982/1927 2696/2980/1909
f 2689/2983/1910 3657/2984/1910 2704/2982/1927
f 2689/2983/1910 2704/2982/1927 2688/2979/1927
f 3218/2985/1911 2703/2986/1911 3657/2984/1910
f 3218/2985/1911 3657/2984/1910 2689/2983/1910
f 3219/2987/1928 3656/2988/1928 2703/2986/1911
f 3219/2987/1928 2703/2986/1911 3218/2985/1911
f 2690/2989/1913 2702/2990/1913 3656/2988/1928
f 2690/2989/1913 3656/2988/1928 3219/2987/1928
f 3220/2991/1914 3655/2992/1914 2702/2990/1913
f 3220/2991/1914 2702/2990/1913 2690/2989/1913
f 2691/2993/1915 2701/2994/1915 3655/2992/1914
f 2691/2993/1915 3655/2992/1914 3220/2991/1914
f 3221/2995/1916 3654/2996/1916 2701/2994/1915
f 3221/2995/1916 2701/2994/1915 2691/2993/1915
f 3222/2997/1917 3653/2998/1917 3654/2996/1916
f 3222/2997/1917 3654/2996/1916 3221/2995/1916
f 2692/2999/1918 3652/3000/1918 3653/2998/1917
f 2692/2999/1918 3653/2998/1917 3222/2997/1917
f 2693/3001/1919 2700/3002/1919 3652/3000/1918
f 2693/3001/1919 3652/3000/1918 2692/2999/1918
f 2694/3003/1920 2699/3004/1920 2700/3002/1919
f 2694/3003/1920 2700/3002/1919 2693/3001/1919
f 2695/3005/1921 3651/3006/1921 2699/3004/1920
f 2695/3005/1921 2699/3004/1920 2694/3003/1920
f 3223/3007/1929 2698/3008/1929 3651/3006/1921
f 3223/3007/1929 3651/3006/1921 2695/3005/1921
f 3224/3009/1923 2698/3008/1929 3223/3007/1929
f 3224/3009/1923 2697/3010/1923 2698/3008/1929
f 3225/3011/1924 2697/3010/1923 3224/3009/1923
f 3225/3011/1924 3650/3012/1924 2697/3010/1923
f 3226/3013/1930 3650/3012/1924 3225/3011/1924
f 3226/3013/1930 2686/3014/1926 3649/3015/1930
f 3226/3013/1930 3649/3015/1930 3650/3012/1924
f 2687/3016/1926 2686/3014/1926 3226/3013/1930
f 2706/2979/1908 4112/2980/1909 2705/2981/1909
f 2706/2979/1908 3671/2982/1908 4112/2980/1909
f 3236/2983/1910 2724/2984/1910 3671/2982/1908
f 3236/2983/1910 3671/2982/1908 2706/2979/1908
f 3237/2985/1911 2723/2986/1911 2724/2984/1910
f 3237/2985/1911 2724/2984/1910 3236/2983/1910
f 2707/2987/1928 2722/2988/1928 2723/2986/1911
f 2707/2987/1928 2723/2986/1911 3237/2985/1911
f 3238/2989/1913 2721/2990/1913 2722/2988/1928
f 3238/2989/1913 2722/2988/1928 2707/2987/1928
f 3239/2991/1914 2720/2992/1914 2721/2990/1913
f 3239/2991/1914 2721/2990/1913 3238/2989/1913
f 3240/2993/1915 2719/2994/1915 2720/2992/1914
f 3240/2993/1915 2720/2992/1914 3239/2991/1914
f 2708/2995/1931 2718/2996/1931 2719/2994/1915
f 2708/2995/1931 2719/2994/1915 3240/2993/1915
f 2709/2997/1917 3670/2998/1917 2718/2996/1931
f 2709/2997/1917 2718/2996/1931 2708/2995/1931
f 2710/2999/1932 2717/3000/1932 3670/2998/1917
f 2710/2999/1932 3670/2998/1917 2709/2997/1917
f 2711/3001/1919 3669/3002/1919 2717/3000/1932
f 2711/3001/1919 2717/3000/1932 2710/2999/1932
f 3241/3003/1920 2716/3004/1920 3669/3002/1919
f 3241/3003/1920 3669/3002/1919 2711/3001/1919
f 3242/3005/1921 3668/3006/1921 2716/3004/1920
f 3242/3005/1921 2716/3004/1920 3241/3003/1920
f 2712/3007/1929 3667/3008/1929 3668/3006/1921
f 2712/3007/1929 3668/3006/1921 3242/3005/1921
f 2713/3009/1923 3667/3008/1929 2712/3007/1929
f 2713/3009/1923 2715/3010/1923 3667/3008/1929
f 3243/3011/1924 2715/3010/1923 2713/3009/1923
f 3243/3011/1924 3666/3012/1924 2715/3010/1923
f 2714/3013/1925 3666/3012/1924 3243/3011/1924
f 2714/3013/1925 4111/3014/1926 3665/3015/1925
f 2714/3013/1925 3665/3015/1925 3666/3012/1924
f 3244/3016/1926 4111/3014/1926 2714/3013/1925
f 3261/2979/1908 3693/2980/1909 3260/2981/1909
f 3261/2979/1908 2738/2982/1908 3693/2980/1909
f 3262/2983/1910 3692/2984/1910 2738/2982/1908
f 3262/2983/1910 2738/2982/1908 3261/2979/1908
f 3263/2985/1911 3691/2986/1911 3692/2984/1910
f 3263/2985/1911 3692/2984/1910 3262/2983/1910
f 2727/2987/1928 3690/2988/1928 3691/2986/1911
f 2727/2987/1928 3691/2986/1911 3263/2985/1911
f 3264/2989/1913 3689/2990/1913 3690/2988/1928
f 3264/2989/1913 3690/2988/1928 2727/2987/1928
f 2728/2991/1914 3688/2992/1914 3689/2990/1913
f 2728/2991/1914 3689/2990/1913 3264/2989/1913
f 2729/2993/1915 3687/2994/1915 3688/2992/1914
f 2729/2993/1915 3688/2992/1914 2728/2991/1914
f 2730/2995/1931 2737/2996/1931 3687/2994/1915
f 2730/2995/1931 3687/2994/1915 2729/2993/1915
f 3265/2997/1917 3686/2998/1917 2737/2996/1931
f 3265/2997/1917 2737/2996/1931 2730/2995/1931
f 3266/2999/1932 2736/3000/1932 3686/2998/1917
f 3266/2999/1932 3686/2998/1917 3265/2997/1917
f 3267/3001/1919 2735/3002/1919 2736/3000/1932
f 3267/3001/1919 2736/3000/1932 3266/2999/1932
f 2731/3003/1920 3685/3004/1920 2735/3002/1919
f 2731/3003/1920 2735/3002/1919 3267/3001/1919
f 3268/3005/1921 3684/3006/1921 3685/3004/1920
f 3268/3005/1921 3685/3004/1920 2731/3003/1920
f 3269/3007/1929 3683/3008/1929 3684/3006/1921
f 3269/3007/1929 3684/3006/1921 3268/3005/1921
f 2732/3009/1923 3683/3008/1929 3269/3007/1929
f 2732/3009/1923 3682/3010/1923 3683/3008/1929
f 3270/3011/1924 3682/3010/1923 2732/3009/1923
f 3270/3011/1924 3681/3012/1924 3682/3010/1923
f 2733/3013/1925 3681/3012/1924 3270/3011/1924
f 2733/3013/1925 2725/3014/1926 2734/3015/1925
f 2733/3013/1925 2734/3015/1925 3681/3012/1924
f 2726/3016/1926 2725/3014/1926 2733/3013/1925
f 2739/2979/1927 3706/2980/1909 4086/2981/1909
f 2739/2979/1927 2759/2982/1908 3706/2980/1909
f 2740/2983/1910 2758/2984/1910 2759/2982/1908
f 2740/2983/1910 2759/2982/1908 2739/2979/1927
f 3284/2985/1911 2757/2986/1911 2758/2984/1910
f 3284/2985/1911 2758/2984/1910 2740/2983/1910
f 3285/2987/1928 2756/2988/1928 2757/2986/1911
f 3285/2987/1928 2757/2986/1911 3284/2985/1911
f 2741/2989/1913 3705/2990/1913 2756/2988/1928
f 2741/2989/1913 2756/2988/1928 3285/2987/1928
f 3286/2991/1914 3704/2992/1914 3705/2990/1913
f 3286/2991/1914 3705/2990/1913 2741/2989/1913
f 3287/2993/1915 3703/2994/1915 3704/2992/1914
f 3287/2993/1915 3704/2992/1914 3286/2991/1914
f 3288/2995/1916 2755/2996/1916 3703/2994/1915
f 3288/2995/1916 3703/2994/1915 3287/2993/1915
f 3289/2997/1917 2754/2998/1917 2755/2996/1916
f 3289/2997/1917 2755/2996/1916 3288/2995/1916
f 2742/2999/1918 3702/3000/1918 2754/2998/1917
f 2742/2999/1918 2754/2998/1917 3289/2997/1917
f 2743/3001/1919 2753/3002/1919 3702/3000/1918
f 2743/3001/1919 3702/3000/1918 2742/2999/1918
f 2744/3003/1920 2752/3004/1920 2753/3002/1919
f 2744/3003/1920 2753/3002/1919 2743/3001/1919
f 2745/3005/1921 3701/3006/1921 2752/3004/1920
f 2745/3005/1921 2752/3004/1920 2744/3003/1920
f 3290/3007/1929 2751/3008/1929 3701/3006/1921
f 3290/3007/1929 3701/3006/1921 2745/3005/1921
f 2746/3009/1923 2751/3008/1929 3290/3007/1929
f 2746/3009/1923 2750/3010/1923 2751/3008/1929
f 2747/3011/1924 2750/3010/1923 2746/3009/1923
f 2747/3011/1924 2749/3012/1924 2750/3010/1923
f 3291/3013/1925 2749/3012/1924 2747/3011/1924
f 3291/3013/1925 4087/3014/1926 2748/3015/1925
f 3291/3013/1925 2748/3015/1925 2749/3012/1924
f 3292/3016/1926 4087/3014/1926 3291/3013/1925
f 3305/2979/1908 2768/2980/1909 4072/2981/1909
f 3305/2979/1908 2777/2982/1908 2768/2980/1909
f 3306/2983/1910 3724/2984/1910 2777/2982/1908
f 3306/2983/1910 2777/2982/1908 3305/2979/1908
f 3307/2985/1911 3723/2986/1911 3724/2984/1910
f 3307/2985/1911 3724/2984/1910 3306/2983/1910
f 3308/2987/1928 2776/2988/1928 3723/2986/1911
f 3308/2987/1928 3723/2986/1911 3307/2985/1911
f 2760/2989/1913 2775/2990/1913 2776/2988/1928
f 2760/2989/1913 2776/2988/1928 3308/2987/1928
f 2761/2991/1914 2774/2992/1914 2775/2990/1913
f 2761/2991/1914 2775/2990/1913 2760/2989/1913
f 2762/2993/1915 3722/2994/1915 2774/2992/1914
f 2762/2993/1915 2774/2992/1914 2761/2991/1914
f 2763/2995/1931 3721/2996/1931 3722/2994/1915
f 2763/2995/1931 3722/2994/1915 2762/2993/1915
f 3309/2997/1917 2773/2998/1917 3721/2996/1931
f 3309/2997/1917 3721/2996/1931 2763/2995/1931
f 2764/2999/1932 2772/3000/1932 2773/2998/1917
f 2764/2999/1932 2773/2998/1917 3309/2997/1917
f 2765/3001/1919 2771/3002/1919 2772/3000/1932
f 2765/3001/1919 2772/3000/1932 2764/2999/1932
f 3310/3003/1920 2770/3004/1920 2771/3002/1919
f 3310/3003/1920 2771/3002/1919 2765/3001/1919
f 2766/3005/1921 3720/3006/1921 2770/3004/1920
f 2766/3005/1921 2770/3004/1920 3310/3003/1920
f 3311/3007/1929 3719/3008/1929 3720/3006/1921
f 3311/3007/1929 3720/3006/1921 2766/3005/1921
f 2767/3009/1923 3719/3008/1929 3311/3007/1929
f 2767/3009/1923 2769/3010/1923 3719/3008/1929
f 3312/3011/1924 2769/3010/1923 2767/3009/1923
f 3312/3011/1924 3718/3012/1924 2769/3010/1923
f 3313/3013/1925 3718/3012/1924 3312/3011/1924
f 3313/3013/1925 4073/3014/1926 3717/3015/1925
f 3313/3013/1925 3717/3015/1925 3718/3012/1924
f 3314/3016/1926 4073/3014/1926 3313/3013/1925
f 2780/2979/1908 3742/2980/1909 2779/2981/1909
f 2780/2979/1908 2798/2982/1908 3742/2980/1909
f 2781/2983/1910 2797/2984/1910 2798/2982/1908
f 2781/2983/1910 2798/2982/1908 2780/2979/1908
f 3324/2985/1911 3741/2986/1911 2797/2984/1910
f 3324/2985/1911 2797/2984/1910 2781/2983/1910
f 2782/2987/1928 3740/2988/1928 3741/2986/1911
f 2782/2987/1928 3741/2986/1911 3324/2985/1911
f 2783/2989/1913 3739/2990/1913 3740/2988/1928
f 2783/2989/1913 3740/2988/1928 2782/2987/1928
f 2784/2991/1914 2796/2992/1914 3739/2990/1913
f 2784/2991/1914 3739/2990/1913 2783/2989/1913
f 3325/2993/1915 3738/2994/1915 2796/2992/1914
f 3325/2993/1915 2796/2992/1914 2784/2991/1914
f 3326/2995/1916 3737/2996/1916 3738/2994/1915
f 3326/2995/1916 3738/2994/1915 3325/2993/1915
f 3327/2997/1917 2795/2998/1917 3737/2996/1916
f 3327/2997/1917 3737/2996/1916 3326/2995/1916
f 2785/2999/1918 2794/3000/1918 2795/2998/1917
f 2785/2999/1918 2795/2998/1917 3327/2997/1917
f 2786/3001/1919 3736/3002/1919 2794/3000/1918
f 2786/3001/1919 2794/3000/1918 2785/2999/1918
f 2787/3003/1920 2793/3004/1920 3736/3002/1919
f 2787/3003/1920 3736/3002/1919 2786/3001/1919
f 2788/3005/1921 2792/3006/1921 2793/3004/1920
f 2788/3005/1921 2793/3004/1920 2787/3003/1920
f 3328/3007/1929 3735/3008/1929 2792/3006/1921
f 3328/3007/1929 2792/3006/1921 2788/3005/1921
f 3329/3009/1923 3735/3008/1929 3328/3007/1929
f 3329/3009/1923 2791/3010/1923 3735/3008/1929
f 3330/3011/1924 2791/3010/1923 3329/3009/1923
f 3330/3011/1924 2790/3012/1924 2791/3010/1923
f 3331/3013/1925 2790/3012/1924 3330/3011/1924
f 3331/3013/1925 2778/3014/1926 2789/3015/1925
f 3331/3013/1925 2789/3015/1925 2790/3012/1924
f 4046/3016/1926 2778/3014/1926 3331/3013/1925
f 2800/2979/1927 2809/2980/1909 3339/2981/1909
f 2800/2979/1927 3759/2982/1908 2809/2980/1909
f 3340/2983/1910 2819/2984/1910 3759/2982/1908
f 3340/2983/1910 3759/2982/1908 2800/2979/1927
f 2801/2985/1911 3758/2986/1911 2819/2984/1910
f 2801/2985/1911 2819/2984/1910 3340/2983/1910
f 2802/2987/1928 2818/2988/1928 3758/2986/1911
f 2802/2987/1928 3758/2986/1911 2801/2985/1911
f 2803/2989/1933 3757/2990/1933 2818/2988/1928
f 2803/2989/1933 2818/2988/1928 2802/2987/1928
f 2804/2991/1914 3756/2992/1914 3757/2990/1933
f 2804/2991/1914 3757/2990/1933 2803/2989/1933
f 2805/2993/1934 2817/2994/1934 3756/2992/1914
f 2805/2993/1934 3756/2992/1914 2804/2991/1914
f 3341/2995/1931 2816/2996/1931 2817/2994/1934
f 3341/2995/1931 2817/2994/1934 2805/2993/1934
f 3342/2997/1917 3755/2998/1917 2816/2996/1931
f 3342/2997/1917 2816/2996/1931 3341/2995/1931
f 2806/2999/1932 2815/3000/1932 3755/2998/1917
f 2806/2999/1932 3755/2998/1917 3342/2997/1917
f 3343/3001/1935 2814/3002/1935 2815/3000/1932
f 3343/3001/1935 2815/3000/1932 2806/2999/1932
f 2807/3003/1920 2813/3004/1920 2814/3002/1935
f 2807/3003/1920 2814/3002/1935 3343/3001/1935
f 3344/3005/1936 2812/3006/1936 2813/3004/1920
f 3344/3005/1936 2813/3004/1920 2807/3003/1920
f 3345/3007/1929 2811/3008/1929 2812/3006/1936
f 3345/3007/1929 2812/3006/1936 3344/3005/1936
f 3346/3009/1923 2811/3008/1929 3345/3007/1929
f 3346/3009/1923 2810/3010/1923 2811/3008/1929
f 3347/3011/1924 2810/3010/1923 3346/3009/1923
f 3347/3011/1924 3754/3012/1924 2810/3010/1923
f 2808/3013/1925 3754/3012/1924 3347/3011/1924
f 2808/3013/1925 2799/3014/1926 3753/3015/1925
f 2808/3013/1925 3753/3015/1925 3754/3012/1924
f 4028/3016/1926 2799/3014/1926 2808/3013/1925
f 3359/2979/1908 2830/2980/1909 3358/2981/1909
f 3359/2979/1908 3772/2982/1908 2830/2980/1909
f 2821/2983/1910 2841/2984/1910 3772/2982/1908
f 2821/2983/1910 3772/2982/1908 3359/2979/1908
f 2822/2985/1911 3771/2986/1911 2841/2984/1910
f 2822/2985/1911 2841/2984/1910 2821/2983/1910
f 3360/2987/1928 2840/2988/1928 3771/2986/1911
f 3360/2987/1928 3771/2986/1911 2822/2985/1911
f 3361/2989/1913 2839/2990/1913 2840/2988/1928
f 3361/2989/1913 2840/2988/1928 3360/2987/1928
f 2823/2991/1914 3770/2992/1914 2839/2990/1913
f 2823/2991/1914 2839/2990/1913 3361/2989/1913
f 2824/2993/1934 2838/2994/1934 3770/2992/1914
f 2824/2993/1934 3770/2992/1914 2823/2991/1914
f 3362/2995/1916 2837/2996/1916 2838/2994/1934
f 3362/2995/1916 2838/2994/1934 2824/2993/1934
f 3363/2997/1917 2836/2998/1917 2837/2996/1916
f 3363/2997/1917 2837/2996/1916 3362/2995/1916
f 2825/2999/1918 2835/3000/1918 2836/2998/1917
f 2825/2999/1918 2836/2998/1917 3363/2997/1917
f 3364/3001/1935 2834/3002/1935 2835/3000/1918
f 3364/3001/1935 2835/3000/1918 2825/2999/1918
f 2826/3003/1920 2833/3004/1920 2834/3002/1935
f 2826/3003/1920 2834/3002/1935 3364/3001/1935
f 3365/3005/1921 3769/3006/1921 2833/3004/1920
f 3365/3005/1921 2833/3004/1920 2826/3003/1920
f 2827/3007/1929 3768/3008/1929 3769/3006/1921
f 2827/3007/1929 3769/3006/1921 3365/3005/1921
f 3366/3009/1923 3768/3008/1929 2827/3007/1929
f 3366/3009/1923 2832/3010/1923 3768/3008/1929
f 2828/3011/1924 2832/3010/1923 3366/3009/1923
f 2828/3011/1924 2831/3012/1924 2832/3010/1923
f 2829/3013/1925 2831/3012/1924 2828/3011/1924
f 2829/3013/1925 2820/3014/1926 3767/3015/1925
f 2829/3013/1925 3767/3015/1925 2831/3012/1924
f 3367/3016/1926 2820/3014/1926 2829/3013/1925
f 2844/2979/1908 4004/2980/1909 2843/2981/1909
f 2844/2979/1908 2863/2982/1908 4004/2980/1909
f 2845/2983/1910 2862/2984/1910 2863/2982/1908
f 2845/2983/1910 2863/2982/1908 2844/2979/1908
f 3375/2985/1911 2861/2986/1911 2862/2984/1910
f 3375/2985/1911 2862/2984/1910 2845/2983/1910
f 3376/2987/1928 2860/2988/1928 2861/2986/1911
f 3376/2987/1928 2861/2986/1911 3375/2985/1911
f 3377/2989/1913 2859/2990/1913 2860/2988/1928
f 3377/2989/1913 2860/2988/1928 3376/2987/1928
f 3378/2991/1914 2858/2992/1914 2859/2990/1913
f 3378/2991/1914 2859/2990/1913 3377/2989/1913
f 2846/2993/1915 2857/2994/1915 2858/2992/1914
f 2846/2993/1915 2858/2992/1914 3378/2991/1914
f 3379/2995/1931 2856/2996/1931 2857/2994/1915
f 3379/2995/1931 2857/2994/1915 2846/2993/1915
f 3380/2997/1917 2855/2998/1917 2856/2996/1931
f 3380/2997/1917 2856/2996/1931 3379/2995/1931
f 3381/2999/1932 3786/3000/1932 2855/2998/1917
f 3381/2999/1932 2855/2998/1917 3380/2997/1917
f 3382/3001/1919 3785/3002/1919 3786/3000/1932
f 3382/3001/1919 3786/3000/1932 3381/2999/1932
f 2847/3003/1920 2854/3004/1920 3785/3002/1919
f 2847/3003/1920 3785/3002/1919 3382/3001/1919
f 3383/3005/1921 2853/3006/1921 2854/3004/1920
f 3383/3005/1921 2854/3004/1920 2847/3003/1920
f 2848/3007/1929 2852/3008/1929 2853/3006/1921
f 2848/3007/1929 2853/3006/1921 3383/3005/1921
f 2849/3009/1923 2852/3008/1929 2848/3007/1929
f 2849/3009/1923 3784/3010/1923 2852/3008/1929
f 3384/3011/1924 3784/3010/1923 2849/3009/1923
f 3384/3011/1924 2851/3012/1924 3784/3010/1923
f 2850/3013/1925 2851/3012/1924 3384/3011/1924
f 2850/3013/1925 2842/3014/1926 3783/3015/1925
f 2850/3013/1925 3783/3015/1925 2851/3012/1924
f 3385/3016/1926 2842/3014/1926 2850/3013/1925
f 2865/2979/1927 3809/2980/1909 2864/2981/1909
f 2865/2979/1927 2877/2982/1927 3809/2980/1909
f 3391/2983/1910 3808/2984/1910 2877/2982/1927
f 3391/2983/1910 2877/2982/1927 2865/2979/1927
f 3392/2985/1911 2876/2986/1911 3808/2984/1910
f 3392/2985/1911 3808/2984/1910 3391/2983/1910
f 3393/2987/1928 3807/2988/1928 2876/2986/1911
f 3393/2987/1928 2876/2986/1911 3392/2985/1911
f 3394/2989/1913 3806/2990/1913 3807/2988/1928
f 3394/2989/1913 3807/2988/1928 3393/2987/1928
f 3395/2991/1914 3805/2992/1914 3806/2990/1913
f 3395/2991/1914 3806/2990/1913 3394/2989/1913
f 2866/2993/1915 3804/2994/1915 3805/2992/1914
f 2866/2993/1915 3805/2992/1914 3395/2991/1914
f 3396/2995/1931 2875/2996/1931 3804/2994/1915
f 3396/2995/1931 3804/2994/1915 2866/2993/1915
f 2867/2997/1917 2874/2998/1917 2875/2996/1931
f 2867/2997/1917 2875/2996/1931 3396/2995/1931
f 2868/2999/1932 3803/3000/1932 2874/2998/1917
f 2868/2999/1932 2874/2998/1917 2867/2997/1917
f 3397/3001/1919 3802/3002/1919 3803/3000/1932
f 3397/3001/1919 3803/3000/1932 2868/2999/1932
f 3398/3003/1920 2873/3004/1920 3802/3002/1919
f 3398/3003/1920 3802/3002/1919 3397/3001/1919
f 2869/3005/1921 2872/3006/1921 2873/3004/1920
f 2869/3005/1921 2873/3004/1920 3398/3003/1920
f 3399/3007/1929 3801/3008/1929 2872/3006/1921
f 3399/3007/1929 2872/3006/1921 2869/3005/1921
f 2870/3009/1923 3801/3008/1929 3399/3007/1929
f 2870/3009/1923 3800/3010/1923 3801/3008/1929
f 3400/3011/1924 3800/3010/1923 2870/3009/1923
f 3400/3011/1924 3799/3012/1924 3800/3010/1923
f 2871/3013/1930 3799/3012/1924 3400/3011/1924
f 2871/3013/1930 3979/3014/1926 3798/3015/1930
f 2871/3013/1930 3798/3015/1930 3799/3012/1924
f 3401/3016/1926 3979/3014/1926 2871/3013/1930
f 4410/3017/1937 2894/3018/1938 4411/3019/1939
f 4413/3020/1917 2894/3018/1938 4410/3017/1937
f 4402/3021/1917 2894/3018/1938 2901/3022/1917
f 4402/3021/1917 4409/3023/1940 4411/3019/1939
f 4402/3021/1917 4411/3019/1939 2894/3018/1938
f 4400/3024/1917 2901/3022/1917 2894/3018/1938
f 2900/3025/1917 4409/3023/1940 4402/3021/1917
f 4408/3026/1917 4409/3023/1940 2900/3025/1917
f 4408/3026/1917 2898/3027/1917 4409/3023/1940
f 4408/3026/1917 4407/3028/1937 2898/3027/1917
f 4408/3026/1917 2900/3025/1917 2899/3029/1917
f 4395/3030/1917 4400/3024/1917 2894/3018/1938
f 4384/3031/1917 4393/3032/1941 4396/3033/1942
f 4384/3031/1917 2903/3034/1917 4393/3032/1941
f 4384/3031/1917 2904/3035/1917 2903/3034/1917
f 4384/3031/1917 4394/3036/1917 2904/3035/1917
f 4384/3031/1917 2905/3037/1942 4394/3036/1917
f 4384/3031/1917 2906/3038/1937 2905/3037/1942
f 4385/3039/1942 4384/3031/1917 4396/3033/1942
f 2895/3040/1943 2894/3018/1938 4413/3020/1917
f 2893/3041/1944 4395/3030/1917 2894/3018/1938
f 2893/3041/1944 4385/3039/1942 4396/3033/1942
f 2893/3041/1944 2902/3042/1937 4395/3030/1917
f 2893/3041/1944 4396/3033/1942 2902/3042/1937
f 2893/3041/1944 4386/3043/1917 4385/3039/1942
f 2893/3041/1944 2907/3044/1939 4386/3043/1917
f 2897/3045/1917 2879/3046/1917 3859/3047/1917
f 2897/3045/1917 3859/3047/1917 2880/3048/1917
f 2897/3045/1917 2880/3048/1917 2881/3049/1917
f 2897/3045/1917 2881/3049/1917 3860/3050/1917
f 2897/3045/1917 3860/3050/1917 3861/3051/1917
f 2897/3045/1917 2895/3040/1943 4413/3020/1917
f 2897/3045/1917 3861/3051/1917 2895/3040/1943
f 2896/3052/1917 3858/3053/1917 2878/3054/1917
f 2896/3052/1917 2878/3054/1917 2879/3046/1917
f 2896/3052/1917 2879/3046/1917 2897/3045/1917
f 4416/3055/1939 3858/3053/1917 2896/3052/1917
f 4415/3056/1917 3858/3053/1917 4416/3055/1939
f 3826/3057/1917 3858/3053/1917 4415/3056/1917
f 3853/3058/1917 2884/3059/1945 3854/3060/1941
f 3853/3058/1917 3854/3060/1941 2885/3061/1942
f 3852/3062/1917 3853/3058/1917 2885/3061/1942
f 4418/3063/1917 2916/3064/1917 4419/3065/1937
f 3850/3066/1946 3851/3067/1947 3852/3062/1917
f 2883/3068/1941 3850/3066/1946 3852/3062/1917
f 2882/3069/1917 2885/3061/1942 3826/3057/1917
f 2882/3069/1917 3826/3057/1917 4415/3056/1917
f 2882/3069/1917 3852/3062/1917 2885/3061/1942
f 2882/3069/1917 2883/3068/1941 3852/3062/1917
f 2915/3070/1942 2916/3064/1917 4418/3063/1917
f 2914/3071/1917 2916/3064/1917 2915/3070/1942
f 4364/3072/1917 2916/3064/1917 2914/3071/1917
f 4364/3072/1917 4415/3056/1917 2916/3064/1917
f 4364/3072/1917 2882/3069/1917 4415/3056/1917
f 4366/3073/1917 2882/3069/1917 4364/3072/1917
f 4365/3074/1948 2882/3069/1917 4366/3073/1917
f 4369/3075/1942 2882/3069/1917 4365/3074/1948
f 2913/3076/1939 2882/3069/1917 4369/3075/1942
f 2911/3077/1917 2910/3078/1939 2909/3079/1917
f 2911/3077/1917 4374/3080/1917 2910/3078/1939
f 2911/3077/1917 4375/3081/1948 4374/3080/1917
f 2911/3077/1917 4376/3082/1946 4375/3081/1948
f 4378/3083/1917 2911/3077/1917 2909/3079/1917
f 3873/3084/1917 4383/3085/1917 3872/3086/1917
f 2890/3087/1917 3872/3086/1917 4383/3085/1917
f 2891/3088/1917 4383/3085/1917 3873/3084/1917
f 3871/3089/1917 2890/3087/1917 4383/3085/1917
f 2892/3090/1917 4383/3085/1917 2891/3088/1917
f 2892/3090/1917 2908/3091/1917 4383/3085/1917
f 3874/3092/1917 2908/3091/1917 2892/3090/1917
f 3817/3093/1917 2908/3091/1917 3874/3092/1917
f 3817/3093/1917 4379/3094/1942 2908/3091/1917
f 3817/3093/1917 4378/3083/1917 4379/3094/1942
f 3821/3095/1949 2907/3044/1939 2893/3041/1944
f 3821/3095/1949 3871/3089/1917 4383/3085/1917
f 3821/3095/1949 4383/3085/1917 2907/3044/1939
f 2886/3096/1917 2882/3069/1917 2913/3076/1939
f 2886/3096/1917 2911/3077/1917 4378/3083/1917
f 2886/3096/1917 2912/3097/1917 2911/3077/1917
f 2886/3096/1917 4371/3098/1937 2912/3097/1917
f 2886/3096/1917 2913/3076/1939 4371/3098/1937
f 3818/3099/1917 2886/3096/1917 4378/3083/1917
f 3818/3099/1917 4378/3083/1917 3817/3093/1917
f 3867/3100/1942 2886/3096/1917 3818/3099/1917
f 3867/3100/1942 3818/3099/1917 2887/3101/1917
f 3867/3100/1942 2887/3101/1917 3866/3102/1947
f 2888/3103/1917 3867/3100/1942 3868/3104/1947
f 2888/3103/1917 3869/3105/1945 2889/3106/1948
f 2888/3103/1917 2889/3106/1948 3870/3107/1937
f 2888/3103/1917 3870/3107/1937 2886/3096/1917
f 2888/3103/1917 2886/3096/1917 3867/3100/1942
f 2951/3017/1950 2950/3019/1950 3956/3108/1951
f 4406/3023/1950 3956/3108/1951 2950/3019/1950
f 4412/3020/1950 2951/3017/1950 3956/3108/1951
f 2952/3021/1952 3956/3108/1951 4406/3023/1950
f 2952/3021/1952 4403/3022/1952 3956/3108/1951
f 4401/3024/1952 3956/3108/1951 4403/3022/1952
f 2953/3025/1952 2952/3021/1952 4406/3023/1950
f 2954/3026/1952 2953/3025/1952 4406/3023/1950
f 2954/3026/1952 4404/3029/1952 2953/3025/1952
f 2954/3026/1952 2955/3027/1953 4405/3028/1952
f 2954/3026/1952 4406/3023/1950 2955/3027/1953
f 4399/3030/1952 3956/3108/1951 4401/3024/1952
f 2956/3031/1953 4397/3033/1952 4392/3032/1954
f 2956/3031/1953 4389/3037/1950 2957/3038/1955
f 2956/3031/1953 2958/3036/1952 4389/3037/1950
f 2956/3031/1953 4390/3035/1952 2958/3036/1952
f 2956/3031/1953 4391/3034/1950 4390/3035/1952
f 2956/3031/1953 4392/3032/1954 4391/3034/1950
f 2917/3109/1956 3956/3108/1951 4399/3030/1952
f 2917/3109/1956 4397/3033/1952 2956/3031/1953
f 2917/3109/1956 4398/3042/1952 4397/3033/1952
f 2917/3109/1956 4399/3030/1952 4398/3042/1952
f 2917/3109/1956 4387/3043/1952 2959/3044/1953
f 2917/3109/1956 4388/3039/1952 4387/3043/1952
f 2917/3109/1956 2956/3031/1953 4388/3039/1952
f 4414/3045/1952 3827/3051/1952 3862/3050/1952
f 4414/3045/1952 3862/3050/1952 2920/3049/1952
f 4414/3045/1952 2920/3049/1952 2921/3048/1952
f 4414/3045/1952 2921/3048/1952 2922/3047/1952
f 4414/3045/1952 2922/3047/1952 2923/3046/1952
f 4414/3045/1952 4412/3020/1950 2918/3110/1957
f 4414/3045/1952 2918/3110/1957 3827/3051/1952
f 4417/3052/1952 2923/3046/1952 3863/3054/1952
f 4417/3052/1952 3863/3054/1952 3825/3053/1952
f 4417/3052/1952 4414/3045/1952 2923/3046/1952
f 2949/3055/1952 4417/3052/1952 3825/3053/1952
f 2943/3056/1952 2949/3055/1952 3825/3053/1952
f 3855/3057/1952 2943/3056/1952 3825/3053/1952
f 2945/3065/1952 2944/3064/1955 2943/3056/1952
f 3857/3060/1958 3855/3057/1952 3856/3061/1959
f 2925/3058/1960 3857/3060/1958 2924/3059/1961
f 2925/3058/1960 3855/3057/1952 3857/3060/1958
f 2946/3063/1952 2945/3065/1952 2943/3056/1952
f 2927/3067/1950 2925/3058/1960 2926/3062/1959
f 2927/3067/1950 3855/3057/1952 2925/3058/1960
f 2929/3068/1952 2927/3067/1950 2928/3066/1952
f 2930/3069/1952 2943/3056/1952 3855/3057/1952
f 2930/3069/1952 3855/3057/1952 2927/3067/1950
f 2930/3069/1952 2927/3067/1950 2929/3068/1952
f 2947/3070/1950 2946/3063/1952 2943/3056/1952
f 2948/3071/1952 2947/3070/1950 2943/3056/1952
f 2941/3072/1952 2943/3056/1952 2930/3069/1952
f 2941/3072/1952 2948/3071/1952 2943/3056/1952
f 4367/3073/1952 2941/3072/1952 2930/3069/1952
f 4368/3074/1952 4367/3073/1952 2930/3069/1952
f 2942/3075/1952 4368/3074/1952 2930/3069/1952
f 4373/3077/1952 2961/3081/1952 2960/3082/1962
f 4373/3077/1952 2962/3080/1950 2961/3081/1952
f 4373/3077/1952 2963/3078/1953 2962/3080/1950
f 4373/3077/1952 2964/3079/1952 2963/3078/1953
f 4377/3083/1952 2964/3079/1952 4373/3077/1952
f 3877/3084/1952 2939/3086/1952 4382/3085/1952
f 3878/3087/1952 4382/3085/1952 2939/3086/1952
f 2938/3088/1952 3877/3084/1952 4382/3085/1952
f 2940/3089/1952 4382/3085/1952 3878/3087/1952
f 3876/3090/1952 2938/3088/1952 4382/3085/1952
f 3876/3090/1952 4382/3085/1952 4381/3091/1952
f 3875/3092/1952 3876/3090/1952 4381/3091/1952
f 2937/3093/1952 3875/3092/1952 4381/3091/1952
f 2937/3093/1952 4380/3094/1952 4377/3083/1952
f 2937/3093/1952 4381/3091/1952 4380/3094/1952
f 3840/3111/1963 4382/3085/1952 2940/3089/1952
f 3840/3111/1963 2959/3044/1953 4382/3085/1952
f 3819/3099/1952 2937/3093/1952 4377/3083/1952
f 3816/3096/1952 2942/3075/1952 2930/3069/1952
f 3816/3096/1952 4377/3083/1952 4373/3077/1952
f 3816/3096/1952 3819/3099/1952 4377/3083/1952
f 3816/3096/1952 2965/3098/1952 4370/3076/1952
f 3816/3096/1952 4372/3097/1952 2965/3098/1952
f 3816/3096/1952 4373/3077/1952 4372/3097/1952
f 3816/3096/1952 4370/3076/1952 2942/3075/1952
f 2936/3102/1952 3816/3096/1952 3864/3107/1953
f 2936/3102/1952 3865/3101/1961 3819/3099/1952
f 2936/3102/1952 3819/3099/1952 3816/3096/1952
f 2932/3105/1950 3864/3107/1953 2931/3106/1962
f 2932/3105/1950 2936/3102/1952 3864/3107/1953
f 2934/3104/1964 2932/3105/1950 2933/3103/1961
f 2934/3104/1964 2935/3100/1959 2936/3102/1952
f 2934/3104/1964 2936/3102/1952 2932/3105/1950
f 3840/3111/1963 2917/3109/1956 2959/3044/1953
f 3956/3108/1951 2918/3110/1957 4412/3020/1950
f 2919/3112/1952 3827/3051/1952 2918/3110/1957
f 2940/3089/1952 3820/3113/1952 3840/3111/1963
f 3879/3114/1965 3890/3115/1966 2974/3116/1966
f 3880/3117/1965 3890/3115/1966 3879/3114/1965
f 3907/3118/1967 2966/3119/1967 3906/3120/1967
f 3907/3118/1967 3906/3120/1967 2967/3121/1967
f 3899/3122/1967 3900/3123/1968 3901/3124/1967
f 3899/3122/1967 3901/3124/1967 3846/3125/1967
f 3898/3126/1967 2970/3127/1967 3899/3122/1967
f 3898/3126/1967 3899/3122/1967 3846/3125/1967
f 2969/3116/1967 3907/3118/1967 2968/3128/1969
f 2969/3116/1967 2966/3119/1967 3907/3118/1967
f 2478/3129/1967 3846/3125/1967 2966/3119/1967
f 2979/3130/1967 2478/3129/1967 2966/3119/1967
f 2980/3131/1967 3846/3125/1967 2478/3129/1967
f 2477/3132/1967 2979/3130/1967 2966/3119/1967
f 2479/3133/1967 3846/3125/1967 2980/3131/1967
f 2476/3134/1967 2477/3132/1967 2966/3119/1967
f 2981/3135/1967 3846/3125/1967 2479/3133/1967
f 2475/3136/1967 2476/3134/1967 2966/3119/1967
f 2982/3137/1967 3898/3126/1967 3846/3125/1967
f 2982/3137/1967 3846/3125/1967 2981/3135/1967
f 2978/3138/1967 2966/3119/1967 2969/3116/1967
f 2978/3138/1967 2475/3136/1967 2966/3119/1967
f 2983/3139/1967 3898/3126/1967 2982/3137/1967
f 2996/3140/1967 2978/3138/1967 2969/3116/1967
f 3052/3141/1967 3898/3126/1967 3051/3142/1967
f 3031/3143/1967 2969/3116/1967 2527/3144/1967
f 3050/3145/1967 2983/3139/1967 2984/3146/1967
f 3050/3145/1967 3051/3142/1967 3898/3126/1967
f 3050/3145/1967 3898/3126/1967 2983/3139/1967
f 3053/3147/1967 3898/3126/1967 3052/3141/1967
f 2528/3148/1967 2996/3140/1967 2969/3116/1967
f 2528/3148/1967 4363/3149/1967 2996/3140/1967
f 2528/3148/1967 2969/3116/1967 3031/3143/1967
f 2526/3150/1967 2527/3144/1967 2969/3116/1967
f 3054/3151/1967 3898/3126/1967 3053/3147/1967
f 2539/3152/1967 3050/3145/1967 2984/3146/1967
f 2539/3152/1967 2984/3146/1967 2985/3153/1967
f 3032/3154/1967 4363/3149/1967 2528/3148/1967
f 3032/3154/1967 2995/3155/1967 4363/3149/1967
f 2525/3156/1967 2526/3150/1967 2969/3116/1967
f 3055/3157/1967 3898/3126/1967 3054/3151/1967
f 2538/3158/1967 2539/3152/1967 2985/3153/1967
f 2538/3158/1967 2985/3153/1967 2986/3159/1967
f 3033/3160/1967 2995/3155/1967 3032/3154/1967
f 3033/3160/1967 2994/3161/1967 2995/3155/1967
f 2524/3162/1967 2525/3156/1967 2969/3116/1967
f 3056/3163/1967 3898/3126/1967 3055/3157/1967
f 2537/3164/1967 2538/3158/1967 2986/3159/1967
f 2537/3164/1967 2986/3159/1967 2987/3165/1967
f 3034/3166/1967 2994/3161/1967 3033/3160/1967
f 3034/3166/1967 4362/3167/1967 2994/3161/1967
f 4306/3168/1967 2524/3162/1967 2969/3116/1967
f 4286/3169/1967 2987/3165/1967 2480/3170/1967
f 4286/3169/1967 2537/3164/1967 2987/3165/1967
f 3035/3171/1967 4362/3167/1967 3034/3166/1967
f 3035/3171/1967 2993/3172/1967 4362/3167/1967
f 4305/3173/1967 4306/3168/1967 2969/3116/1967
f 3071/3174/1967 4286/3169/1967 2480/3170/1967
f 3071/3174/1967 2480/3170/1967 2988/3175/1967
f 2529/3176/1967 4361/3177/1967 2993/3172/1967
f 2529/3176/1967 2993/3172/1967 3035/3171/1967
f 3049/3178/1967 4305/3173/1967 2969/3116/1967
f 4285/3179/1967 2988/3175/1967 2481/3180/1967
f 4285/3179/1967 3071/3174/1967 2988/3175/1967
f 2530/3181/1967 4360/3182/1967 4361/3177/1967
f 2530/3181/1967 4361/3177/1967 2529/3176/1967
f 3070/3183/1967 2481/3180/1967 2464/3184/1967
f 3070/3183/1967 4285/3179/1967 2481/3180/1967
f 3036/3185/1967 4359/3186/1967 4360/3182/1967
f 3036/3185/1967 4360/3182/1967 2530/3181/1967
f 3625/3187/1967 3898/3126/1967 3056/3163/1967
f 3625/3187/1967 3056/3163/1967 2540/3188/1967
f 3625/3187/1967 2540/3188/1967 3057/3189/1967
f 3625/3187/1967 3057/3189/1967 2541/3190/1967
f 3625/3187/1967 2541/3190/1967 2542/3191/1967
f 3625/3187/1967 2542/3191/1967 2543/3192/1967
f 2544/3193/1967 3625/3187/1967 2543/3192/1967
f 2972/3194/1967 3903/3195/1967 2973/3196/1967
f 3902/3197/1967 2972/3194/1967 2973/3196/1967
f 3159/3198/1967 2989/3199/1967 2990/3200/1967
f 3159/3198/1967 2990/3200/1967 4356/3201/1967
f 3158/3202/1967 3159/3198/1967 4356/3201/1967
f 3158/3202/1967 4356/3201/1967 4357/3203/1967
f 3158/3202/1967 4357/3203/1967 2991/3204/1967
f 3158/3202/1967 2991/3204/1967 4358/3205/1967
f 2656/3206/1967 2989/3199/1967 3159/3198/1967
f 2656/3206/1967 2464/3184/1967 4355/3207/1967
f 2656/3206/1967 4355/3207/1967 2989/3199/1967
f 3157/3208/1967 3158/3202/1967 4358/3205/1967
f 3157/3208/1967 4358/3205/1967 2992/3209/1967
f 3157/3208/1967 2992/3209/1967 4359/3186/1967
f 2971/3210/1967 2973/3196/1967 3625/3187/1967
f 2971/3210/1967 3902/3197/1967 2973/3196/1967
f 3156/3211/1967 3157/3208/1967 4359/3186/1967
f 3156/3211/1967 4359/3186/1967 3036/3185/1967
f 3156/3211/1967 3036/3185/1967 3037/3212/1967
f 3156/3211/1967 3037/3212/1967 3038/3213/1967
f 3160/3214/1967 4284/3215/1967 3069/3216/1967
f 3160/3214/1967 3069/3216/1967 3070/3183/1967
f 3160/3214/1967 2464/3184/1967 2656/3206/1967
f 3160/3214/1967 3070/3183/1967 2464/3184/1967
f 2657/3217/1967 3068/3218/1967 4283/3219/1967
f 2657/3217/1967 4283/3219/1967 4284/3215/1967
f 2657/3217/1967 4284/3215/1967 3160/3214/1967
f 2655/3220/1967 3156/3211/1967 3038/3213/1967
f 2655/3220/1967 3038/3213/1967 3039/3221/1967
f 2655/3220/1967 3039/3221/1967 3040/3222/1967
f 2658/3223/1967 3067/3224/1967 3068/3218/1967
f 2658/3223/1967 3068/3218/1967 2657/3217/1967
f 2658/3223/1967 3066/3225/1967 3067/3224/1967
f 3155/3226/1967 3040/3222/1967 3041/3227/1967
f 3155/3226/1967 3041/3227/1967 4297/3228/1967
f 3155/3226/1967 2655/3220/1967 3040/3222/1967
f 2659/3229/1967 3066/3225/1967 2658/3223/1967
f 2659/3229/1967 4282/3230/1967 3065/3231/1967
f 2659/3229/1967 3065/3231/1967 3066/3225/1967
f 3169/3232/1967 4297/3228/1967 4298/3233/1967
f 3169/3232/1967 4298/3233/1967 3042/3234/1967
f 3169/3232/1967 3155/3226/1967 4297/3228/1967
f 2660/3235/1967 3063/3236/1967 3064/3237/1967
f 2660/3235/1967 3064/3237/1967 4282/3230/1967
f 2660/3235/1967 4282/3230/1967 2659/3229/1967
f 3168/3238/1967 3042/3234/1967 3043/3239/1967
f 3168/3238/1967 3043/3239/1967 4299/3240/1967
f 3168/3238/1967 3169/3232/1967 3042/3234/1967
f 2614/3241/1967 3044/3242/1967 4303/3243/1967
f 2615/3244/1967 3044/3242/1967 2614/3241/1967
f 2615/3244/1967 4302/3245/1967 3044/3242/1967
f 2998/3246/1967 3059/3247/1967 3060/3248/1967
f 2491/3249/1967 2998/3246/1967 3060/3248/1967
f 2491/3249/1967 3060/3248/1967 3061/3250/1967
f 2613/3251/1967 4303/3243/1967 3045/3252/1967
f 2613/3251/1967 2614/3241/1967 4303/3243/1967
f 3129/3253/1967 4302/3245/1967 2615/3244/1967
f 3129/3253/1967 4301/3254/1967 4302/3245/1967
f 2490/3255/1967 2491/3249/1967 3061/3250/1967
f 2490/3255/1967 3061/3250/1967 3062/3256/1967
f 2492/3257/1967 3059/3247/1967 2998/3246/1967
f 2492/3257/1967 3058/3258/1967 3059/3247/1967
f 2616/3259/1967 4301/3254/1967 3129/3253/1967
f 2616/3259/1967 4300/3260/1967 4301/3254/1967
f 3128/3261/1967 2613/3251/1967 3045/3252/1967
f 3128/3261/1967 3045/3252/1967 3046/3262/1967
f 2489/3263/1967 2490/3255/1967 3062/3256/1967
f 2489/3263/1967 3062/3256/1967 4281/3264/1967
f 2493/3265/1967 3058/3258/1967 2492/3257/1967
f 2493/3265/1967 2544/3193/1967 3058/3258/1967
f 2617/3266/1967 4300/3260/1967 2616/3259/1967
f 2617/3266/1967 4299/3240/1967 4300/3260/1967
f 2612/3267/1967 3128/3261/1967 3046/3262/1967
f 2612/3267/1967 3046/3262/1967 3047/3268/1967
f 2494/3269/1967 3625/3187/1967 2544/3193/1967
f 2494/3269/1967 2544/3193/1967 2493/3265/1967
f 2997/3270/1967 2489/3263/1967 4281/3264/1967
f 2997/3270/1967 4281/3264/1967 3063/3236/1967
f 2618/3271/1967 4188/3272/1967 3168/3238/1967
f 2618/3271/1967 4299/3240/1967 2617/3266/1967
f 2618/3271/1967 3168/3238/1967 4299/3240/1967
f 4225/3273/1967 2612/3267/1967 3047/3268/1967
f 4225/3273/1967 3047/3268/1967 3048/3274/1967
f 2495/3275/1967 2971/3210/1967 3625/3187/1967
f 2495/3275/1967 3625/3187/1967 2494/3269/1967
f 4347/3276/1967 2997/3270/1967 3063/3236/1967
f 4347/3276/1967 3063/3236/1967 2660/3235/1967
f 4347/3276/1967 2660/3235/1967 2661/3277/1967
f 3130/3278/1967 4188/3272/1967 2618/3271/1967
f 3142/3279/1967 4225/3273/1967 3048/3274/1967
f 2496/3280/1967 2971/3210/1967 2495/3275/1967
f 4346/3281/1967 4347/3276/1967 2661/3277/1967
f 3131/3282/1967 4188/3272/1967 3130/3278/1967
f 3141/3283/1967 3142/3279/1967 3048/3274/1967
f 3141/3283/1967 3048/3274/1967 4304/3284/1967
f 2497/3285/1967 2971/3210/1967 2496/3280/1967
f 4345/3286/1967 4346/3281/1967 2661/3277/1967
f 3161/3287/1967 4345/3286/1967 2661/3277/1967
f 4187/3288/1967 4188/3272/1967 3131/3282/1967
f 3132/3289/1967 4187/3288/1967 3131/3282/1967
f 2498/3290/1967 2971/3210/1967 2497/3285/1967
f 4344/3291/1967 4345/3286/1967 3161/3287/1967
f 2619/3292/1967 4187/3288/1967 3132/3289/1967
f 2499/3293/1967 2971/3210/1967 2498/3290/1967
f 3009/3294/1967 4344/3291/1967 3161/3287/1967
f 2662/3295/1967 3009/3294/1967 3161/3287/1967
f 2662/3295/1967 3008/3296/1967 3009/3294/1967
f 4186/3297/1967 2619/3292/1967 2620/3298/1967
f 4186/3297/1967 4187/3288/1967 2619/3292/1967
f 3133/3299/1967 4186/3297/1967 2620/3298/1967
f 3007/3300/1967 3008/3296/1967 2662/3295/1967
f 2621/3301/1967 4186/3297/1967 3133/3299/1967
f 4343/3302/1967 3007/3300/1967 2662/3295/1967
f 3162/3303/1967 4343/3302/1967 2662/3295/1967
f 3162/3303/1967 4342/3304/1967 3006/3305/1967
f 3162/3303/1967 3006/3305/1967 4343/3302/1967
f 3167/3306/1967 4186/3297/1967 2621/3301/1967
f 3167/3306/1967 2621/3301/1967 3134/3307/1967
f 3167/3306/1967 3134/3307/1967 4215/3308/1967
f 2663/3309/1967 4342/3304/1967 3162/3303/1967
f 3166/3310/1967 3167/3306/1967 4215/3308/1967
f 3073/3311/1967 4342/3304/1967 2663/3309/1967
f 3073/3311/1967 2663/3309/1967 2556/3312/1967
f 3073/3311/1967 4341/3313/1967 4342/3304/1967
f 3113/3314/1967 4215/3308/1967 4216/3315/1967
f 3113/3314/1967 3166/3310/1967 4215/3308/1967
f 2595/3316/1967 3166/3310/1967 3113/3314/1967
f 3074/3317/1967 4341/3313/1967 3073/3311/1967
f 3074/3317/1967 4340/3318/1967 4341/3313/1967
f 2555/3319/1967 2663/3309/1967 2664/3320/1967
f 2555/3319/1967 2556/3312/1967 2663/3309/1967
f 2594/3321/1967 4216/3315/1967 3135/3322/1967
f 2594/3321/1967 3113/3314/1967 4216/3315/1967
f 2596/3323/1967 4185/3324/1967 3166/3310/1967
f 2596/3323/1967 3166/3310/1967 2595/3316/1967
f 2554/3325/1967 2555/3319/1967 2664/3320/1967
f 3075/3326/1967 3005/3327/1967 4340/3318/1967
f 3075/3326/1967 4340/3318/1967 3074/3317/1967
f 2593/3328/1967 3135/3322/1967 3136/3329/1967
f 2593/3328/1967 2594/3321/1967 3135/3322/1967
f 3114/3330/1967 4185/3324/1967 2596/3323/1967
f 3076/3331/1967 3004/3332/1967 3005/3327/1967
f 3076/3331/1967 3005/3327/1967 3075/3326/1967
f 3072/3333/1967 2664/3320/1967 3163/3334/1967
f 3072/3333/1967 2554/3325/1967 2664/3320/1967
f 2597/3335/1967 3165/3336/1967 4185/3324/1967
f 2597/3335/1967 4185/3324/1967 3114/3330/1967
f 3112/3337/1967 3136/3329/1967 4217/3338/1967
f 3112/3337/1967 2593/3328/1967 3136/3329/1967
f 3891/3339/1967 2971/3210/1967 2499/3293/1967
f 3891/3339/1967 2499/3293/1967 2999/3340/1967
f 3891/3339/1967 2999/3340/1967 3000/3341/1967
f 3891/3339/1967 3000/3341/1967 2500/3342/1967
f 3891/3339/1967 2500/3342/1967 3001/3343/1967
f 3891/3339/1967 3001/3343/1967 2482/3344/1967
f 2557/3345/1967 3004/3332/1967 3076/3331/1967
f 2557/3345/1967 3003/3346/1967 3004/3332/1967
f 4275/3347/1967 3072/3333/1967 3163/3334/1967
f 3115/3348/1967 3165/3336/1967 2597/3335/1967
f 3111/3349/1967 3112/3337/1967 4217/3338/1967
f 3111/3349/1967 4217/3338/1967 3137/3350/1967
f 2975/3351/1967 2976/3352/1968 3891/3339/1967
f 2558/3353/1967 3003/3346/1967 2557/3345/1967
f 2558/3353/1967 3002/3354/1967 3003/3346/1967
f 3087/3355/1967 3163/3334/1967 4178/3356/1967
f 3087/3355/1967 4275/3347/1967 3163/3334/1967
f 2598/3357/1967 3165/3336/1967 3115/3348/1967
f 2598/3357/1967 4184/3358/1967 3165/3336/1967
f 4242/3359/1967 3137/3350/1967 3138/3360/1967
f 4242/3359/1967 3111/3349/1967 3137/3350/1967
f 3893/3361/1967 2975/3351/1967 3891/3339/1967
f 2559/3362/1967 3002/3354/1967 2558/3353/1967
f 2559/3362/1967 4339/3363/1967 3002/3354/1967
f 4274/3364/1967 3087/3355/1967 4178/3356/1967
f 2599/3365/1967 4184/3358/1967 2598/3357/1967
f 4241/3366/1967 4242/3359/1967 3138/3360/1967
f 4241/3366/1967 3138/3360/1967 4218/3367/1967
f 3892/3368/1967 3893/3361/1967 3891/3339/1967
f 2974/3369/1967 3891/3339/1967 2482/3344/1967
f 2974/3369/1967 3892/3368/1967 3891/3339/1967
f 2974/3369/1967 2482/3344/1967 4338/3370/1967
f 2560/3371/1967 4339/3363/1967 2559/3362/1967
f 2560/3371/1967 2974/3369/1967 4338/3370/1967
f 2560/3371/1967 4338/3370/1967 4339/3363/1967
f 4273/3372/1967 4274/3364/1967 4178/3356/1967
f 4273/3372/1967 4178/3356/1967 4179/3373/1967
f 2600/3374/1967 4183/3375/1967 4184/3358/1967
f 2600/3374/1967 4184/3358/1967 2599/3365/1967
f 4240/3376/1967 4218/3367/1967 4219/3377/1967
f 4240/3376/1967 4241/3366/1967 4218/3367/1967
f 3077/3378/1967 2974/3369/1967 2560/3371/1967
f 3086/3379/1967 4273/3372/1967 4179/3373/1967
f 2601/3380/1967 4183/3375/1967 2600/3374/1967
f 4239/3381/1967 4219/3377/1967 4220/3382/1967
f 4239/3381/1967 4240/3376/1967 4219/3377/1967
f 2561/3383/1967 2974/3369/1967 3077/3378/1967
f 3085/3384/1967 3086/3379/1967 4179/3373/1967
f 3116/3385/1967 4183/3375/1967 2601/3380/1967
f 2562/3386/1967 2974/3369/1967 2561/3383/1967
f 2563/3387/1967 2974/3369/1967 2562/3386/1967
f 2575/3388/1967 4181/3389/1967 3164/3390/1967
f 3090/3391/1967 2575/3388/1967 3164/3390/1967
f 3089/3392/1967 3090/3391/1967 3164/3390/1967
f 3091/3393/1967 4181/3389/1967 2575/3388/1967
f 3078/3394/1967 2974/3369/1967 2563/3387/1967
f 3088/3395/1967 3089/3392/1967 3164/3390/1967
f 3088/3395/1967 3164/3390/1967 4182/3396/1967
f 3092/3397/1967 4180/3398/1967 4181/3389/1967
f 3092/3397/1967 4181/3389/1967 3091/3393/1967
f 2576/3399/1967 4180/3398/1967 3092/3397/1967
f 2574/3400/1967 3088/3395/1967 4182/3396/1967
f 4266/3401/1967 2974/3369/1967 3078/3394/1967
f 3093/3402/1967 3085/3384/1967 4179/3373/1967
f 3093/3402/1967 4179/3373/1967 4180/3398/1967
f 3093/3402/1967 4180/3398/1967 2576/3399/1967
f 4256/3403/1967 4182/3396/1967 4183/3375/1967
f 4256/3403/1967 2574/3400/1967 4182/3396/1967
f 4256/3403/1967 4183/3375/1967 3116/3385/1967
f 4267/3404/1967 2974/3369/1967 4266/3401/1967
f 3094/3405/1967 3085/3384/1967 3093/3402/1967
f 3094/3405/1967 4272/3406/1967 3085/3384/1967
f 3110/3407/1967 4256/3403/1967 3116/3385/1967
f 3110/3407/1967 3116/3385/1967 3117/3408/1967
f 4268/3409/1967 2974/3369/1967 4267/3404/1967
f 2577/3410/1967 4271/3411/1967 4272/3406/1967
f 2577/3410/1967 4272/3406/1967 3094/3405/1967
f 3109/3412/1967 3110/3407/1967 3117/3408/1967
f 3109/3412/1967 3117/3408/1967 2602/3413/1967
f 2633/3414/1967 3140/3415/1967 4224/3416/1967
f 3144/3417/1967 4224/3416/1967 3141/3283/1967
f 3144/3417/1967 2633/3414/1967 4224/3416/1967
f 2632/3418/1967 3141/3283/1967 4304/3284/1967
f 2632/3418/1967 3144/3417/1967 3141/3283/1967
f 2634/3419/1967 3139/3420/1967 3140/3415/1967
f 2634/3419/1967 3140/3415/1967 2633/3414/1967
f 2578/3421/1967 4271/3411/1967 2577/3410/1967
f 2578/3421/1967 3084/3422/1967 4271/3411/1967
f 3108/3423/1967 3109/3412/1967 2602/3413/1967
f 3108/3423/1967 2602/3413/1967 3118/3424/1967
f 2635/3425/1967 4223/3426/1967 3139/3420/1967
f 2635/3425/1967 3139/3420/1967 2634/3419/1967
f 2631/3427/1967 4304/3284/1967 3049/3178/1967
f 2631/3427/1967 2632/3418/1967 4304/3284/1967
f 2631/3427/1967 3049/3178/1967 2969/3116/1967
f 3143/3428/1968 2631/3427/1967 2969/3116/1967
f 2636/3429/1967 4222/3430/1967 4223/3426/1967
f 2636/3429/1967 4223/3426/1967 2635/3425/1967
f 2579/3431/1967 3083/3432/1967 3084/3422/1967
f 2579/3431/1967 3084/3422/1967 2578/3421/1967
f 3107/3433/1967 3108/3423/1967 3118/3424/1967
f 3107/3433/1967 3118/3424/1967 2582/3434/1967
f 4206/3435/1967 3143/3428/1968 2969/3116/1967
f 3145/3436/1967 4222/3430/1967 2636/3429/1967
f 3145/3436/1967 4221/3437/1967 4222/3430/1967
f 2580/3438/1967 4270/3439/1967 3083/3432/1967
f 2580/3438/1967 3083/3432/1967 2579/3431/1967
f 3106/3440/1967 3107/3433/1967 2582/3434/1967
f 3106/3440/1967 2582/3434/1967 4235/3441/1967
f 2637/3442/1967 4220/3382/1967 4221/3437/1967
f 2637/3442/1967 4221/3437/1967 3145/3436/1967
f 3095/3443/1967 3082/3444/1967 4270/3439/1967
f 3095/3443/1967 4270/3439/1967 2580/3438/1967
f 4255/3445/1967 3106/3440/1967 4235/3441/1967
f 4255/3445/1967 4235/3441/1967 4236/3446/1967
f 3146/3447/1967 3127/3448/1967 4239/3381/1967
f 3146/3447/1967 4239/3381/1967 4220/3382/1967
f 3146/3447/1967 4220/3382/1967 2637/3442/1967
f 3096/3449/1967 4269/3450/1967 3082/3444/1967
f 3096/3449/1967 3082/3444/1967 3095/3443/1967
f 4254/3451/1967 4236/3446/1967 3119/3452/1967
f 4254/3451/1967 4255/3445/1967 4236/3446/1967
f 2581/3453/1967 4269/3450/1967 3096/3449/1967
f 2581/3453/1967 3081/3454/1967 4269/3450/1967
f 3105/3455/1967 3119/3452/1967 4237/3456/1967
f 3105/3455/1967 4254/3451/1967 3119/3452/1967
f 2638/3457/1967 3126/3458/1967 3127/3448/1967
f 2638/3457/1967 3127/3448/1967 3146/3447/1967
f 2564/3459/1967 3080/3460/1967 3081/3454/1967
f 2564/3459/1967 3081/3454/1967 2581/3453/1967
f 3104/3461/1967 3105/3455/1967 4237/3456/1967
f 2639/3462/1967 3126/3458/1967 2638/3457/1967
f 2639/3462/1967 3125/3463/1967 3126/3458/1967
f 3097/3464/1967 3080/3460/1967 2564/3459/1967
f 3098/3465/1967 3079/3466/1967 3080/3460/1967
f 3098/3465/1967 3080/3460/1967 3097/3464/1967
f 3147/3467/1967 3124/3468/1967 3125/3463/1967
f 3147/3467/1967 3125/3463/1967 2639/3462/1967
f 2640/3469/1967 3123/3470/1967 3124/3468/1967
f 2640/3469/1967 3124/3468/1967 3147/3467/1967
f 3011/3471/1967 3121/3472/1967 3122/3473/1967
f 3012/3474/1967 4238/3475/1967 3121/3472/1967
f 3012/3474/1967 3121/3472/1967 3011/3471/1967
f 2511/3476/1967 3122/3473/1967 3123/3470/1967
f 2511/3476/1967 3123/3470/1967 2640/3469/1967
f 2511/3476/1967 3011/3471/1967 3122/3473/1967
f 2512/3477/1967 3120/3478/1967 4238/3475/1967
f 2512/3477/1967 4238/3475/1967 3012/3474/1967
f 3013/3479/1967 4237/3456/1967 3120/3478/1967
f 3013/3479/1967 3120/3478/1967 2512/3477/1967
f 3013/3479/1967 3104/3461/1967 4237/3456/1967
f 3010/3480/1967 2640/3469/1967 2641/3481/1967
f 3010/3480/1967 2511/3476/1967 2640/3469/1967
f 3014/3482/1967 3103/3483/1967 3104/3461/1967
f 3014/3482/1967 3104/3461/1967 3013/3479/1967
f 2510/3484/1967 2641/3481/1967 2642/3485/1967
f 2510/3484/1967 3010/3480/1967 2641/3481/1967
f 2509/3486/1967 2642/3485/1967 3148/3487/1967
f 2509/3486/1967 2510/3484/1967 2642/3485/1967
f 3015/3488/1967 3102/3489/1967 3103/3483/1967
f 3015/3488/1967 3103/3483/1967 3014/3482/1967
f 2513/3490/1967 3102/3489/1967 3015/3488/1967
f 2513/3490/1967 4253/3491/1967 3102/3489/1967
f 4325/3492/1967 2509/3486/1967 3148/3487/1967
f 4325/3492/1967 3148/3487/1967 4195/3493/1967
f 3016/3494/1967 4253/3491/1967 2513/3490/1967
f 3016/3494/1967 3101/3495/1967 4253/3491/1967
f 3030/3496/1967 4325/3492/1967 4195/3493/1967
f 3030/3496/1967 4195/3493/1967 3149/3497/1967
f 4324/3498/1967 3030/3496/1967 3149/3497/1967
f 4324/3498/1967 3149/3497/1967 4196/3499/1967
f 3017/3500/1967 3101/3495/1967 3016/3494/1967
f 3017/3500/1967 3100/3501/1967 3101/3495/1967
f 2514/3502/1967 3100/3501/1967 3017/3500/1967
f 2514/3502/1967 3099/3503/1967 3100/3501/1967
f 3029/3504/1967 4324/3498/1967 4196/3499/1967
f 3029/3504/1967 4196/3499/1967 3150/3505/1967
f 3029/3504/1967 3150/3505/1967 3151/3506/1967
f 3018/3507/1967 3099/3503/1967 2514/3502/1967
f 3018/3507/1967 3098/3465/1967 3099/3503/1967
f 3028/3508/1967 3029/3504/1967 3151/3506/1967
f 3019/3509/1967 3079/3466/1967 3098/3465/1967
f 3019/3509/1967 3098/3465/1967 3018/3507/1967
f 3027/3510/1967 3028/3508/1967 3151/3506/1967
f 3027/3510/1967 3151/3506/1967 4197/3511/1967
f 4323/3512/1967 3027/3510/1967 4197/3511/1967
f 4323/3512/1967 4197/3511/1967 4198/3513/1967
f 3879/3514/1967 2974/3369/1967 4268/3409/1967
f 3879/3514/1967 3019/3509/1967 2515/3515/1967
f 3879/3514/1967 2515/3515/1967 3020/3516/1967
f 3879/3514/1967 3020/3516/1967 3021/3517/1967
f 3879/3514/1967 3079/3466/1967 3019/3509/1967
f 3879/3514/1967 3021/3517/1967 4318/3518/1967
f 3879/3514/1967 4318/3518/1967 4319/3519/1967
f 3879/3514/1967 4319/3519/1967 4320/3520/1967
f 3879/3514/1967 4320/3520/1967 4321/3521/1967
f 3879/3514/1967 4321/3521/1967 4322/3522/1967
f 3879/3514/1967 4322/3522/1967 3022/3523/1967
f 3879/3514/1967 4268/3409/1967 3079/3466/1967
f 3882/3524/1967 3022/3523/1967 3023/3525/1967
f 3882/3524/1967 3879/3514/1967 3022/3523/1967
f 3881/3526/1967 3882/3524/1967 3023/3525/1967
f 2977/3527/1967 3023/3525/1967 3024/3528/1967
f 2977/3527/1967 3024/3528/1967 3025/3529/1967
f 2977/3527/1967 3025/3529/1967 3026/3530/1967
f 2977/3527/1967 3881/3526/1967 3023/3525/1967
f 3187/3531/1970 3026/3530/1967 4323/3512/1967
f 3187/3531/1970 4323/3512/1967 4198/3513/1967
f 3187/3531/1970 2977/3527/1967 3026/3530/1967
f 3187/3531/1970 4198/3513/1967 4199/3532/1967
f 3187/3531/1970 4199/3532/1967 3152/3533/1967
f 3187/3531/1970 3152/3533/1967 4200/3534/1967
f 3187/3531/1970 4200/3534/1967 4201/3535/1967
f 3187/3531/1970 4201/3535/1967 3153/3536/1967
f 3187/3531/1970 3153/3536/1967 4202/3537/1967
f 3187/3531/1970 4202/3537/1967 4203/3538/1967
f 3187/3531/1970 4203/3538/1967 3154/3539/1967
f 3187/3531/1970 3154/3539/1967 4204/3540/1967
f 3187/3531/1970 4204/3540/1967 4205/3541/1967
f 3187/3531/1970 4205/3541/1967 4206/3435/1967
f 3933/3542/1967 2977/3527/1967 3187/3531/1970
f 3187/3531/1970 4206/3435/1967 2969/3116/1967
f 3175/3543/1926 3174/3544/1971 3200/3545/1926
f 3175/3543/1926 3914/3546/1971 3174/3544/1971
f 3180/3547/1926 3175/3543/1926 3200/3545/1926
f 3952/3548/1926 3180/3547/1926 3200/3545/1926
f 3179/3549/1926 3952/3548/1926 3200/3545/1926
f 3178/3550/1926 3200/3545/1926 3170/3551/1926
f 3178/3550/1926 3170/3551/1926 3171/3552/1926
f 3178/3550/1926 3171/3552/1926 3959/3553/1926
f 3178/3550/1926 3959/3553/1926 3172/3554/1926
f 3178/3550/1926 3179/3549/1926 3200/3545/1926
f 3960/3555/1926 3951/3556/1926 3178/3550/1926
f 3960/3555/1926 3178/3550/1926 3172/3554/1926
f 3961/3557/1926 3951/3556/1926 3960/3555/1926
f 3962/3558/1926 3951/3556/1926 3961/3557/1926
f 3173/3559/1926 3951/3556/1926 3962/3558/1926
f 2893/3560/1926 3950/3561/1926 3176/3562/1926
f 2893/3560/1926 3176/3562/1926 3177/3563/1926
f 2893/3560/1926 3177/3563/1926 3951/3556/1926
f 2893/3560/1926 3951/3556/1926 3173/3559/1926
f 2917/3564/1926 3950/3561/1926 2893/3560/1926
f 3414/3565/1926 2969/3116/1971 3186/3566/1971
f 2894/3567/1926 3956/3568/1926 2917/3564/1926
f 2894/3567/1926 3953/3569/1926 3954/3570/1926
f 2894/3567/1926 3954/3570/1926 3955/3571/1926
f 2894/3567/1926 3955/3571/1926 3185/3572/1926
f 2894/3567/1926 3185/3572/1926 3956/3568/1926
f 2894/3567/1926 2917/3564/1926 2893/3560/1926
f 3187/3531/1926 3414/3565/1926 3181/3573/1926
f 3187/3531/1926 3181/3573/1926 3182/3574/1926
f 3187/3531/1926 3182/3574/1926 3183/3575/1926
f 3187/3531/1926 3183/3575/1926 3184/3576/1926
f 3187/3531/1926 2969/3116/1971 3414/3565/1926
f 3934/3577/1926 3953/3569/1926 2894/3567/1926
f 3189/3578/1926 3187/3531/1926 3184/3576/1926
f 3935/3579/1926 3953/3569/1926 3934/3577/1926
f 3939/3580/1926 3189/3578/1926 3184/3576/1926
f 3188/3581/1926 3953/3569/1926 3935/3579/1926
f 3938/3582/1926 3939/3580/1926 3184/3576/1926
f 3936/3583/1926 3953/3569/1926 3188/3581/1926
f 3937/3584/1926 3938/3582/1926 3184/3576/1926
f 3937/3584/1926 3184/3576/1926 3953/3569/1926
f 3937/3584/1926 3953/3569/1926 3936/3583/1926
f 3194/3585/1972 3195/3586/1972 3927/3587/1972
f 3191/3588/1972 3930/3589/1972 3931/3590/1972
f 3929/3591/1972 3194/3585/1972 3927/3587/1972
f 3928/3592/1972 3929/3591/1972 3927/3587/1972
f 3410/3593/1972 3848/3594/1972 3930/3589/1972
f 3410/3593/1972 3191/3588/1972 3192/3595/1972
f 3410/3593/1972 3930/3589/1972 3191/3588/1972
f 3193/3596/1972 3928/3592/1972 3927/3587/1972
f 2695/3597/1972 3927/3587/1972 3848/3594/1972
f 2695/3597/1972 3848/3594/1972 3223/3598/1972
f 2694/3599/1972 3927/3587/1972 2695/3597/1972
f 3224/3600/1972 3223/3598/1972 3848/3594/1972
f 2693/3601/1972 3927/3587/1972 2694/3599/1972
f 3225/3602/1972 3224/3600/1972 3848/3594/1972
f 3226/3603/1972 3225/3602/1972 3848/3594/1972
f 2692/3604/1972 3927/3587/1972 2693/3601/1972
f 3222/3605/1972 3193/3596/1972 3927/3587/1972
f 3222/3605/1972 3927/3587/1972 2692/3604/1972
f 2687/3606/1972 3848/3594/1972 3410/3593/1972
f 2687/3606/1972 3226/3603/1972 3848/3594/1972
f 3227/3607/1972 2687/3606/1972 3410/3593/1972
f 3221/3608/1972 3193/3596/1972 3222/3605/1972
f 2766/3609/1972 3410/3593/1972 3311/3610/1972
f 3290/3611/1972 2745/3612/1972 3193/3596/1972
f 2767/3613/1972 3311/3610/1972 3410/3593/1972
f 3310/3614/1972 3410/3593/1972 2766/3609/1972
f 3310/3614/1972 3227/3607/1972 3410/3593/1972
f 3310/3614/1972 4121/3615/1972 3227/3607/1972
f 2746/3616/1972 3193/3596/1972 3221/3608/1972
f 2746/3616/1972 3221/3608/1972 2691/3617/1972
f 2746/3616/1972 3290/3611/1972 3193/3596/1972
f 2744/3618/1972 3193/3596/1972 2745/3612/1972
f 3312/3619/1972 2767/3613/1972 3410/3593/1972
f 2765/3620/1972 4121/3615/1972 3310/3614/1972
f 2765/3620/1972 4122/3621/1972 4121/3615/1972
f 2747/3622/1972 2746/3616/1972 2691/3617/1972
f 2747/3622/1972 2691/3617/1972 3220/3623/1972
f 2743/3624/1972 3193/3596/1972 2744/3618/1972
f 3313/3625/1972 3312/3619/1972 3410/3593/1972
f 2764/3626/1972 4122/3621/1972 2765/3620/1972
f 2764/3626/1972 3228/3627/1972 4122/3621/1972
f 3291/3628/1972 2747/3622/1972 3220/3623/1972
f 3291/3628/1972 3220/3623/1972 2690/3629/1972
f 2742/3630/1972 3193/3596/1972 2743/3624/1972
f 3314/3631/1972 3313/3625/1972 3410/3593/1972
f 3309/3632/1972 3228/3627/1972 2764/3626/1972
f 3309/3632/1972 3229/3633/1972 3228/3627/1972
f 3292/3634/1972 3291/3628/1972 2690/3629/1972
f 3292/3634/1972 2690/3629/1972 3219/3635/1972
f 3289/3636/1972 3193/3596/1972 2742/3630/1972
f 3315/3637/1972 3314/3631/1972 3410/3593/1972
f 2763/3638/1972 3230/3639/1972 3229/3633/1972
f 2763/3638/1972 3229/3633/1972 3309/3632/1972
f 4081/3640/1972 3292/3634/1972 3219/3635/1972
f 4081/3640/1972 3219/3635/1972 3218/3641/1972
f 3316/3642/1972 3315/3637/1972 3410/3593/1972
f 2762/3643/1972 3230/3639/1972 2763/3638/1972
f 2762/3643/1972 3231/3644/1972 3230/3639/1972
f 4082/3645/1972 4081/3640/1972 3218/3641/1972
f 4082/3645/1972 3218/3641/1972 2689/3646/1972
f 2761/3647/1972 3232/3648/1972 3231/3644/1972
f 2761/3647/1972 3231/3644/1972 2762/3643/1972
f 3293/3649/1972 2689/3646/1972 2688/3650/1972
f 3293/3649/1972 4082/3645/1972 2689/3646/1972
f 2760/3651/1972 3232/3648/1972 2761/3647/1972
f 2760/3651/1972 3233/3652/1972 3232/3648/1972
f 3294/3653/1972 3293/3649/1972 2688/3650/1972
f 3294/3653/1972 2688/3650/1972 4129/3654/1972
f 3920/3655/1972 3193/3596/1972 3289/3636/1972
f 3920/3655/1972 2741/3656/1972 3285/3657/1972
f 3920/3655/1972 3286/3658/1972 2741/3656/1972
f 3920/3655/1972 3287/3659/1972 3286/3658/1972
f 3920/3655/1972 3288/3660/1972 3287/3659/1972
f 3920/3655/1972 3289/3636/1972 3288/3660/1972
f 3284/3661/1972 3920/3655/1972 3285/3657/1972
f 3917/3662/1972 3918/3663/1972 3919/3664/1972
f 3916/3665/1972 3919/3664/1972 3920/3655/1972
f 3916/3665/1972 3917/3662/1972 3919/3664/1972
f 3399/3666/1972 4123/3667/1972 3235/3668/1972
f 3399/3666/1972 4124/3669/1972 4123/3667/1972
f 3399/3666/1972 4125/3670/1972 4124/3669/1972
f 2869/3671/1972 4125/3670/1972 3399/3666/1972
f 2869/3671/1972 4126/3672/1972 4125/3670/1972
f 2869/3671/1972 4127/3673/1972 4126/3672/1972
f 2870/3674/1972 3399/3666/1972 3235/3668/1972
f 2870/3674/1972 3234/3675/1972 3233/3652/1972
f 2870/3674/1972 3235/3668/1972 3234/3675/1972
f 3398/3676/1972 4128/3677/1972 4127/3673/1972
f 3398/3676/1972 4129/3654/1972 4128/3677/1972
f 3398/3676/1972 4127/3673/1972 2869/3671/1972
f 3915/3678/1972 3916/3665/1972 3920/3655/1972
f 3400/3679/1972 3308/3680/1972 3307/3681/1972
f 3400/3679/1972 2760/3651/1972 3308/3680/1972
f 3400/3679/1972 3233/3652/1972 2760/3651/1972
f 3400/3679/1972 2870/3674/1972 3233/3652/1972
f 3397/3682/1972 3294/3653/1972 4129/3654/1972
f 3397/3682/1972 4129/3654/1972 3398/3676/1972
f 3397/3682/1972 3295/3683/1972 3294/3653/1972
f 3397/3682/1972 3296/3684/1972 3295/3683/1972
f 2871/3685/1972 3306/3686/1972 3305/3687/1972
f 2871/3685/1972 3307/3681/1972 3306/3686/1972
f 2871/3685/1972 3400/3679/1972 3307/3681/1972
f 2868/3688/1972 3296/3684/1972 3397/3682/1972
f 2868/3688/1972 3297/3689/1972 3296/3684/1972
f 2868/3688/1972 3298/3690/1972 3297/3689/1972
f 3401/3691/1972 3305/3687/1972 4072/3692/1972
f 3401/3691/1972 4072/3692/1972 4071/3693/1972
f 3401/3691/1972 2871/3685/1972 3305/3687/1972
f 2867/3694/1972 3300/3695/1972 3299/3696/1972
f 2867/3694/1972 3298/3690/1972 2868/3688/1972
f 2867/3694/1972 3299/3696/1972 3298/3690/1972
f 3970/3697/1972 3323/3698/1972 4070/3699/1972
f 3970/3697/1972 4071/3693/1972 3323/3698/1972
f 3970/3697/1972 3401/3691/1972 4071/3693/1972
f 3396/3700/1972 4083/3701/1972 3300/3695/1972
f 3396/3700/1972 3301/3702/1972 4083/3701/1972
f 3396/3700/1972 3300/3695/1972 2867/3694/1972
f 3402/3703/1972 3970/3697/1972 4070/3699/1972
f 3402/3703/1972 4069/3704/1972 4068/3705/1972
f 3402/3703/1972 4070/3699/1972 4069/3704/1972
f 2866/3706/1972 4084/3707/1972 3301/3702/1972
f 2866/3706/1972 3302/3708/1972 4084/3707/1972
f 2866/3706/1972 3301/3702/1972 3396/3700/1972
f 2672/3709/1972 2739/3710/1972 4086/3711/1972
f 3207/3712/1972 4086/3711/1972 4085/3713/1972
f 3207/3712/1972 2672/3709/1972 4086/3711/1972
f 3328/3714/1972 4067/3715/1972 3319/3716/1972
f 2788/3717/1972 4067/3715/1972 3328/3714/1972
f 2788/3717/1972 3320/3718/1972 4067/3715/1972
f 3206/3719/1972 2739/3710/1972 2672/3709/1972
f 3206/3719/1972 2740/3720/1972 2739/3710/1972
f 3208/3721/1972 4085/3713/1972 3304/3722/1972
f 3208/3721/1972 3207/3712/1972 4085/3713/1972
f 2787/3723/1972 3321/3724/1972 3320/3718/1972
f 2787/3723/1972 3320/3718/1972 2788/3717/1972
f 3329/3725/1972 3328/3714/1972 3319/3716/1972
f 3329/3725/1972 3319/3716/1972 3318/3726/1972
f 3209/3727/1972 3304/3722/1972 3303/3728/1972
f 3209/3727/1972 3208/3721/1972 3304/3722/1972
f 2671/3729/1972 2740/3720/1972 3206/3719/1972
f 2671/3729/1972 3284/3661/1972 2740/3720/1972
f 3330/3730/1972 3329/3725/1972 3318/3726/1972
f 3330/3730/1972 3318/3726/1972 4066/3731/1972
f 2786/3732/1972 3321/3724/1972 2787/3723/1972
f 2786/3732/1972 3322/3733/1972 3321/3724/1972
f 3210/3734/1972 3303/3728/1972 3302/3708/1972
f 3210/3734/1972 3209/3727/1972 3303/3728/1972
f 2670/3735/1972 3920/3655/1972 3284/3661/1972
f 2670/3735/1972 3284/3661/1972 2671/3729/1972
f 3331/3736/1972 3330/3730/1972 4066/3731/1972
f 3331/3736/1972 4066/3731/1972 4065/3737/1972
f 2785/3738/1972 3322/3733/1972 2786/3732/1972
f 2785/3738/1972 4068/3705/1972 3322/3733/1972
f 3205/3739/1972 3920/3655/1972 2670/3735/1972
f 3205/3739/1972 3915/3678/1972 3920/3655/1972
f 4140/3740/1972 3210/3734/1972 3302/3708/1972
f 4140/3740/1972 3302/3708/1972 2866/3706/1972
f 4140/3740/1972 2866/3706/1972 3395/3741/1972
f 3327/3742/1972 4068/3705/1972 2785/3738/1972
f 3327/3742/1972 3971/3743/1972 3402/3703/1972
f 3327/3742/1972 3402/3703/1972 4068/3705/1972
f 4046/3744/1972 3331/3736/1972 4065/3737/1972
f 4046/3744/1972 4065/3737/1972 3317/3745/1972
f 4141/3746/1972 4140/3740/1972 3395/3741/1972
f 3204/3747/1972 3915/3678/1972 3205/3739/1972
f 3332/3748/1972 4046/3744/1972 3317/3745/1972
f 3326/3749/1972 3971/3743/1972 3327/3742/1972
f 2669/3750/1972 3915/3678/1972 3204/3747/1972
f 4142/3751/1972 4141/3746/1972 3395/3741/1972
f 4047/3752/1972 3317/3745/1972 4064/3753/1972
f 4047/3752/1972 3332/3748/1972 3317/3745/1972
f 3325/3754/1972 3971/3743/1972 3326/3749/1972
f 3403/3755/1972 3971/3743/1972 3325/3754/1972
f 3394/3756/1972 4142/3751/1972 3395/3741/1972
f 2668/3757/1972 3915/3678/1972 2669/3750/1972
f 4143/3758/1972 4142/3751/1972 3394/3756/1972
f 2784/3759/1972 3403/3755/1972 3325/3754/1972
f 4144/3760/1972 4143/3758/1972 3394/3756/1972
f 3203/3761/1972 3915/3678/1972 2668/3757/1972
f 2783/3762/1972 3403/3755/1972 2784/3759/1972
f 3972/3763/1972 3403/3755/1972 2783/3762/1972
f 3972/3763/1972 2783/3762/1972 2782/3764/1972
f 3393/3765/1972 4145/3766/1972 4144/3760/1972
f 3393/3765/1972 4144/3760/1972 3394/3756/1972
f 4146/3767/1972 4145/3766/1972 3393/3765/1972
f 3324/3768/1972 3972/3763/1972 2782/3764/1972
f 3211/3769/1972 4146/3767/1972 3393/3765/1972
f 2781/3770/1972 3972/3763/1972 3324/3768/1972
f 3392/3771/1972 3212/3772/1972 3211/3769/1972
f 3392/3771/1972 4147/3773/1972 3212/3772/1972
f 3392/3771/1972 3211/3769/1972 3393/3765/1972
f 3973/3774/1972 2780/3775/1972 2779/3776/1972
f 3973/3774/1972 2781/3770/1972 2780/3775/1972
f 3973/3774/1972 3972/3763/1972 2781/3770/1972
f 3404/3777/1972 3973/3774/1972 2779/3776/1972
f 3391/3778/1972 4147/3773/1972 3392/3771/1972
f 3345/3779/1972 3404/3777/1972 2779/3776/1972
f 3345/3779/1972 2779/3776/1972 3338/3780/1972
f 3344/3781/1972 3404/3777/1972 3345/3779/1972
f 3268/3782/1972 4147/3773/1972 3391/3778/1972
f 3268/3782/1972 3213/3783/1972 4147/3773/1972
f 3269/3784/1972 3268/3782/1972 3391/3778/1972
f 3346/3785/1972 3338/3780/1972 4056/3786/1972
f 3346/3785/1972 3345/3779/1972 3338/3780/1972
f 2807/3787/1972 3974/3788/1972 3404/3777/1972
f 2807/3787/1972 3404/3777/1972 3344/3781/1972
f 2732/3789/1972 3269/3784/1972 3391/3778/1972
f 2732/3789/1972 3391/3778/1972 2865/3790/1972
f 2731/3791/1972 4148/3792/1972 3213/3783/1972
f 2731/3791/1972 3213/3783/1972 3268/3782/1972
f 3343/3793/1972 3974/3788/1972 2807/3787/1972
f 3347/3794/1972 4056/3786/1972 4055/3795/1972
f 3347/3794/1972 3346/3785/1972 4056/3786/1972
f 3270/3796/1972 2732/3789/1972 2865/3790/1972
f 3267/3797/1972 4148/3792/1972 2731/3791/1972
f 3267/3797/1972 3214/3798/1972 4148/3792/1972
f 2808/3799/1972 3347/3794/1972 4055/3795/1972
f 2808/3799/1972 4055/3795/1972 3337/3800/1972
f 2806/3801/1972 3405/3802/1972 3974/3788/1972
f 2806/3801/1972 3974/3788/1972 3343/3793/1972
f 2733/3803/1972 3270/3796/1972 2865/3790/1972
f 2733/3803/1972 2865/3790/1972 2864/3804/1972
f 3266/3805/1972 4149/3806/1972 3214/3798/1972
f 3266/3805/1972 3214/3798/1972 3267/3797/1972
f 3847/3807/1972 3201/3808/1972 4151/3809/1972
f 3847/3807/1972 2666/3810/1972 3201/3808/1972
f 3847/3807/1972 2667/3811/1972 2666/3810/1972
f 3847/3807/1972 3202/3812/1972 2667/3811/1972
f 3847/3807/1972 3203/3761/1972 3202/3812/1972
f 3847/3807/1972 3915/3678/1972 3203/3761/1972
f 3342/3813/1972 3405/3802/1972 2806/3801/1972
f 4028/3814/1972 2808/3799/1972 3337/3800/1972
f 4028/3814/1972 3337/3800/1972 4054/3815/1972
f 3265/3816/1972 4150/3817/1972 4149/3806/1972
f 3265/3816/1972 4149/3806/1972 3266/3805/1972
f 2726/3818/1972 2733/3803/1972 2864/3804/1972
f 4029/3819/1972 4028/3814/1972 4054/3815/1972
f 4029/3819/1972 4054/3815/1972 3336/3820/1972
f 3341/3821/1972 3975/3822/1972 3405/3802/1972
f 3341/3821/1972 3405/3802/1972 3342/3813/1972
f 4095/3823/1972 2864/3804/1972 3409/3824/1972
f 4095/3823/1972 2726/3818/1972 2864/3804/1972
f 2730/3825/1972 4150/3817/1972 3265/3816/1972
f 2730/3825/1972 3215/3826/1972 4150/3817/1972
f 3197/3827/1972 3198/3828/1972 3199/3829/1972
f 3197/3827/1972 3199/3829/1972 3847/3807/1972
f 4030/3830/1972 4029/3819/1972 3336/3820/1972
f 4030/3830/1972 3336/3820/1972 4053/3831/1972
f 2805/3832/1972 3975/3822/1972 3341/3821/1972
f 3271/3833/1972 4095/3823/1972 3409/3824/1972
f 2729/3834/1972 3215/3826/1972 2730/3825/1972
f 2729/3834/1972 3216/3835/1972 3215/3826/1972
f 3174/3116/1972 3847/3807/1972 4151/3809/1972
f 3174/3116/1972 3196/3836/1972 3197/3827/1972
f 3174/3116/1972 3197/3827/1972 3847/3807/1972
f 3174/3116/1972 4151/3809/1972 3217/3837/1972
f 4031/3838/1972 4030/3830/1972 4053/3831/1972
f 4031/3838/1972 4053/3831/1972 4052/3839/1972
f 2804/3840/1972 3976/3841/1972 3975/3822/1972
f 2804/3840/1972 3975/3822/1972 2805/3832/1972
f 2728/3842/1972 3216/3835/1972 2729/3834/1972
f 2728/3842/1972 3174/3116/1972 3217/3837/1972
f 2728/3842/1972 3217/3837/1972 3216/3835/1972
f 3272/3843/1972 3271/3833/1972 3409/3824/1972
f 3272/3843/1972 3409/3824/1972 3978/3844/1972
f 2803/3845/1972 3976/3841/1972 2804/3840/1972
f 4032/3846/1972 4031/3838/1972 4052/3839/1972
f 4032/3846/1972 4052/3839/1972 3335/3847/1972
f 3264/3848/1972 3174/3116/1972 2728/3842/1972
f 3273/3849/1972 3272/3843/1972 3978/3844/1972
f 2802/3850/1972 3976/3841/1972 2803/3845/1972
f 2727/3851/1972 3174/3116/1972 3264/3848/1972
f 3274/3852/1972 3273/3849/1972 3978/3844/1972
f 3263/3853/1972 3174/3116/1972 2727/3851/1972
f 3262/3854/1972 3174/3116/1972 3263/3853/1972
f 3365/3855/1972 3977/3856/1972 3407/3857/1972
f 2827/3858/1972 3365/3855/1972 3407/3857/1972
f 3366/3859/1972 2827/3858/1972 3407/3857/1972
f 2826/3860/1972 3977/3856/1972 3365/3855/1972
f 3261/3861/1972 3174/3116/1972 3262/3854/1972
f 2828/3862/1972 3366/3859/1972 3407/3857/1972
f 2828/3862/1972 3407/3857/1972 3406/3863/1972
f 3364/3864/1972 3977/3856/1972 2826/3860/1972
f 3364/3864/1972 3408/3865/1972 3977/3856/1972
f 2825/3866/1972 3408/3865/1972 3364/3864/1972
f 2829/3867/1972 2828/3862/1972 3406/3863/1972
f 3260/3868/1972 3174/3116/1972 3261/3861/1972
f 3367/3869/1972 3406/3863/1972 3976/3841/1972
f 3367/3869/1972 2829/3867/1972 3406/3863/1972
f 3367/3869/1972 3976/3841/1972 2802/3850/1972
f 3363/3870/1972 3408/3865/1972 2825/3866/1972
f 3363/3870/1972 3978/3844/1972 3408/3865/1972
f 3363/3870/1972 3274/3852/1972 3978/3844/1972
f 3283/3871/1972 3174/3116/1972 3260/3868/1972
f 3362/3872/1972 3274/3852/1972 3363/3870/1972
f 3362/3872/1972 3275/3873/1972 3274/3852/1972
f 4011/3874/1972 3367/3869/1972 2802/3850/1972
f 4011/3874/1972 2802/3850/1972 2801/3875/1972
f 3282/3876/1972 3174/3116/1972 3283/3871/1972
f 2824/3877/1972 3276/3878/1972 3275/3873/1972
f 2824/3877/1972 3275/3873/1972 3362/3872/1972
f 4012/3879/1972 4011/3874/1972 2801/3875/1972
f 4012/3879/1972 2801/3875/1972 3340/3880/1972
f 3242/3881/1972 4049/3882/1972 4048/3883/1972
f 2712/3884/1972 3242/3881/1972 4048/3883/1972
f 2712/3884/1972 4048/3883/1972 4047/3752/1972
f 3241/3885/1972 4050/3886/1972 4049/3882/1972
f 3241/3885/1972 4049/3882/1972 3242/3881/1972
f 2713/3887/1972 4047/3752/1972 4064/3753/1972
f 2713/3887/1972 2712/3884/1972 4047/3752/1972
f 2823/3888/1972 3276/3878/1972 2824/3877/1972
f 2823/3888/1972 3277/3889/1972 3276/3878/1972
f 3368/3890/1972 4012/3879/1972 3340/3880/1972
f 3368/3890/1972 3340/3880/1972 2800/3891/1972
f 2711/3892/1972 3333/3893/1972 4050/3886/1972
f 2711/3892/1972 4050/3886/1972 3241/3885/1972
f 2710/3894/1972 3333/3893/1972 2711/3892/1972
f 2710/3894/1972 3334/3895/1972 3333/3893/1972
f 3361/3896/1972 3277/3889/1972 2823/3888/1972
f 3361/3896/1972 3278/3897/1972 3277/3889/1972
f 3369/3898/1972 2800/3891/1972 3339/3899/1972
f 3369/3898/1972 3368/3890/1972 2800/3891/1972
f 3883/3900/1972 3243/3901/1972 2713/3887/1972
f 3883/3900/1972 2714/3902/1972 3243/3901/1972
f 3883/3900/1972 4064/3753/1972 3316/3642/1972
f 3883/3900/1972 2713/3887/1972 4064/3753/1972
f 3883/3900/1972 3316/3642/1972 3410/3593/1972
f 2709/3903/1972 4051/3904/1972 3334/3895/1972
f 2709/3903/1972 3334/3895/1972 2710/3894/1972
f 3244/3905/1972 2714/3902/1972 3883/3900/1972
f 3360/3906/1972 3279/3907/1972 3278/3897/1972
f 3360/3906/1972 3278/3897/1972 3361/3896/1972
f 3370/3908/1972 3339/3899/1972 3357/3909/1972
f 3370/3908/1972 3369/3898/1972 3339/3899/1972
f 2708/3910/1972 4051/3904/1972 2709/3903/1972
f 2708/3910/1972 3335/3847/1972 4051/3904/1972
f 3245/3911/1972 3244/3905/1972 3883/3900/1972
f 4013/3912/1972 3357/3909/1972 3356/3913/1972
f 4013/3912/1972 3370/3908/1972 3357/3909/1972
f 2822/3914/1972 4096/3915/1972 3279/3907/1972
f 2822/3914/1972 3279/3907/1972 3360/3906/1972
f 3240/3916/1972 4033/3917/1972 4032/3846/1972
f 3240/3916/1972 3335/3847/1972 2708/3910/1972
f 3240/3916/1972 4032/3846/1972 3335/3847/1972
f 4109/3918/1972 3245/3911/1972 3883/3900/1972
f 2821/3919/1972 4096/3915/1972 2822/3914/1972
f 2821/3919/1972 3280/3920/1972 4096/3915/1972
f 3371/3921/1972 3356/3913/1972 4035/3922/1972
f 3371/3921/1972 4013/3912/1972 3356/3913/1972
f 3359/3923/1972 3280/3920/1972 2821/3919/1972
f 3359/3923/1972 4097/3924/1972 3280/3920/1972
f 4014/3925/1972 4035/3922/1972 3355/3926/1972
f 4014/3925/1972 3371/3921/1972 4035/3922/1972
f 3239/3927/1972 3348/3928/1972 4033/3917/1972
f 3239/3927/1972 4033/3917/1972 3240/3916/1972
f 3246/3929/1972 4109/3918/1972 3883/3900/1972
f 3358/3930/1972 4097/3924/1972 3359/3923/1972
f 3358/3930/1972 3281/3931/1972 4097/3924/1972
f 4015/3932/1972 4014/3925/1972 3355/3926/1972
f 3247/3933/1972 3246/3929/1972 3883/3900/1972
f 3238/3934/1972 3349/3935/1972 3348/3928/1972
f 3238/3934/1972 3348/3928/1972 3239/3927/1972
f 3374/3936/1972 3281/3931/1972 3358/3930/1972
f 3373/3937/1972 3281/3931/1972 3374/3936/1972
f 3373/3937/1972 4098/3938/1972 3281/3931/1972
f 2707/3939/1972 4034/3940/1972 3349/3935/1972
f 2707/3939/1972 3349/3935/1972 3238/3934/1972
f 3248/3941/1972 3247/3933/1972 3883/3900/1972
f 3237/3942/1972 3350/3943/1972 4034/3940/1972
f 3237/3942/1972 4034/3940/1972 2707/3939/1972
f 3249/3944/1972 3248/3941/1972 3883/3900/1972
f 3249/3944/1972 3883/3900/1972 3884/3945/1972
f 3250/3946/1972 3884/3945/1972 3885/3947/1972
f 3250/3946/1972 3885/3947/1972 3190/3948/1972
f 3250/3946/1972 3249/3944/1972 3884/3945/1972
f 3251/3949/1972 3250/3946/1972 3190/3948/1972
f 3252/3950/1972 3251/3949/1972 3190/3948/1972
f 3253/3951/1972 3252/3950/1972 3190/3948/1972
f 2848/3952/1972 3352/3953/1972 3351/3954/1972
f 3383/3955/1972 3353/3956/1972 3352/3953/1972
f 3383/3955/1972 3352/3953/1972 2848/3952/1972
f 2849/3957/1972 3351/3954/1972 3350/3943/1972
f 2849/3957/1972 3350/3943/1972 3237/3942/1972
f 2849/3957/1972 2848/3952/1972 3351/3954/1972
f 2847/3958/1972 3354/3959/1972 3353/3956/1972
f 2847/3958/1972 3353/3956/1972 3383/3955/1972
f 3382/3960/1972 3355/3926/1972 3354/3959/1972
f 3382/3960/1972 3354/3959/1972 2847/3958/1972
f 3382/3960/1972 4015/3932/1972 3355/3926/1972
f 3384/3961/1972 3237/3942/1972 3236/3962/1972
f 3384/3961/1972 2849/3957/1972 3237/3942/1972
f 3381/3963/1972 4015/3932/1972 3382/3960/1972
f 3381/3963/1972 4016/3964/1972 4015/3932/1972
f 2850/3965/1972 2706/3966/1972 2705/3967/1972
f 2850/3965/1972 3236/3962/1972 2706/3966/1972
f 2850/3965/1972 3384/3961/1972 3236/3962/1972
f 3380/3968/1972 4017/3969/1972 4016/3964/1972
f 3380/3968/1972 4016/3964/1972 3381/3963/1972
f 3385/3970/1972 2705/3967/1972 3259/3971/1972
f 3385/3970/1972 2850/3965/1972 2705/3967/1972
f 3992/3972/1972 3385/3970/1972 3259/3971/1972
f 3379/3973/1972 4017/3969/1972 3380/3968/1972
f 3379/3973/1972 4018/3974/1972 4017/3969/1972
f 2846/3975/1972 3372/3976/1972 4018/3974/1972
f 2846/3975/1972 4018/3974/1972 3379/3973/1972
f 3993/3977/1972 3992/3972/1972 3259/3971/1972
f 3993/3977/1972 3259/3971/1972 3258/3978/1972
f 3994/3979/1972 3993/3977/1972 3258/3978/1972
f 3994/3979/1972 3257/3980/1972 3256/3981/1972
f 3994/3979/1972 3258/3978/1972 3257/3980/1972
f 3378/3982/1972 3372/3976/1972 2846/3975/1972
f 3378/3982/1972 4019/3983/1972 3372/3976/1972
f 3377/3984/1972 4020/3985/1972 4019/3983/1972
f 3377/3984/1972 4019/3983/1972 3378/3982/1972
f 3386/3986/1972 3994/3979/1972 3256/3981/1972
f 3386/3986/1972 3256/3981/1972 3255/3987/1972
f 3376/3988/1972 4020/3985/1972 3377/3984/1972
f 3376/3988/1972 3373/3937/1972 4020/3985/1972
f 3995/3989/1972 3386/3986/1972 3255/3987/1972
f 3375/3990/1972 4098/3938/1972 3373/3937/1972
f 3375/3990/1972 3373/3937/1972 3376/3988/1972
f 3996/3991/1972 4110/3992/1972 3254/3993/1972
f 3996/3991/1972 3255/3987/1972 4110/3992/1972
f 3996/3991/1972 3995/3989/1972 3255/3987/1972
f 2845/3994/1972 4098/3938/1972 3375/3990/1972
f 2845/3994/1972 3174/3116/1972 3282/3876/1972
f 2845/3994/1972 3282/3876/1972 4098/3938/1972
f 3997/3995/1972 3996/3991/1972 3254/3993/1972
f 2844/3996/1972 3174/3116/1972 2845/3994/1972
f 2843/3997/1972 3174/3116/1972 2844/3996/1972
f 3200/3531/1973 3254/3993/1972 3253/3951/1972
f 3200/3531/1973 3190/3948/1972 3963/3998/1972
f 3200/3531/1973 3997/3995/1972 3254/3993/1972
f 3200/3531/1973 3253/3951/1972 3190/3948/1972
f 3200/3531/1973 3998/3999/1972 3997/3995/1972
f 3200/3531/1973 3999/4000/1972 3998/3999/1972
f 3200/3531/1973 3387/4001/1972 3999/4000/1972
f 3200/3531/1973 3388/4002/1972 3387/4001/1972
f 3200/3531/1973 4000/4003/1972 3388/4002/1972
f 3200/3531/1973 4001/4004/1972 4000/4003/1972
f 3200/3531/1973 4002/4005/1972 4001/4004/1972
f 3200/3531/1973 3389/4006/1972 4002/4005/1972
f 3200/3531/1973 4003/4007/1972 3389/4006/1972
f 3200/3531/1973 3390/4008/1972 4003/4007/1972
f 3200/3531/1973 2843/3997/1972 3390/4008/1972
f 3174/3116/1972 2843/3997/1972 3200/3531/1973
f 3883/4009/1965 3410/4010/1966 3411/4011/1966
f 3883/4009/1965 3411/4011/1966 3627/4012/1965
f 3415/4013/1974 3909/4014/1972 3416/4015/1972
f 3186/4016/1972 3416/4015/1972 3910/4017/1972
f 3186/4016/1972 3910/4017/1972 3908/4018/1972
f 3186/4016/1972 3415/4013/1974 3416/4015/1972
f 3418/4019/1972 3894/4020/1972 3895/4021/1972
f 3418/4019/1972 3895/4021/1972 3896/4022/1972
f 3418/4019/1972 3896/4022/1972 3417/4023/1972
f 3418/4019/1972 3417/4023/1972 3897/4024/1972
f 3439/4025/1972 3908/4018/1972 3894/4020/1972
f 3438/4026/1972 3908/4018/1972 3439/4025/1972
f 3440/4027/1972 3439/4025/1972 3894/4020/1972
f 2467/4028/1972 3908/4018/1972 3438/4026/1972
f 2468/4029/1972 3440/4027/1972 3894/4020/1972
f 2466/4030/1972 3908/4018/1972 2467/4028/1972
f 3441/4031/1972 2468/4029/1972 3894/4020/1972
f 3437/4032/1972 3908/4018/1972 2466/4030/1972
f 3442/4033/1972 3894/4020/1972 3418/4019/1972
f 3442/4033/1972 3441/4031/1972 3894/4020/1972
f 2465/4034/1972 3186/4016/1972 3908/4018/1972
f 2465/4034/1972 3908/4018/1972 3437/4032/1972
f 3443/4035/1972 3442/4033/1972 3418/4019/1972
f 3436/4036/1972 3186/4016/1972 2465/4034/1972
f 3511/4037/1972 3418/4019/1972 3512/4038/1972
f 3489/4039/1972 3186/4016/1972 2519/4040/1972
f 3513/4041/1972 3512/4038/1972 3418/4019/1972
f 2534/4042/1972 3418/4019/1972 3511/4037/1972
f 2534/4042/1972 2469/4043/1972 3443/4035/1972
f 2534/4042/1972 3443/4035/1972 3418/4019/1972
f 3490/4044/1972 3436/4036/1972 3435/4045/1972
f 3490/4044/1972 2519/4040/1972 3186/4016/1972
f 3490/4044/1972 3186/4016/1972 3436/4036/1972
f 2518/4046/1972 3186/4016/1972 3489/4039/1972
f 3514/4047/1972 3513/4041/1972 3418/4019/1972
f 2533/4048/1972 2470/4049/1972 2469/4043/1972
f 2533/4048/1972 2469/4043/1972 2534/4042/1972
f 3491/4050/1972 3490/4044/1972 3435/4045/1972
f 3491/4050/1972 3435/4045/1972 3434/4051/1972
f 3488/4052/1972 3186/4016/1972 2518/4046/1972
f 3515/4053/1972 3514/4047/1972 3418/4019/1972
f 2532/4054/1972 2470/4049/1972 2533/4048/1972
f 2532/4054/1972 2471/4055/1972 2470/4049/1972
f 3492/4056/1972 3491/4050/1972 3434/4051/1972
f 3492/4056/1972 3434/4051/1972 4354/4057/1972
f 3487/4058/1972 3186/4016/1972 3488/4052/1972
f 3516/4059/1972 3515/4053/1972 3418/4019/1972
f 4280/4060/1972 2472/4061/1972 2471/4055/1972
f 4280/4060/1972 2471/4055/1972 2532/4054/1972
f 2517/4062/1972 3186/4016/1972 3487/4058/1972
f 3493/4063/1972 3492/4056/1972 4354/4057/1972
f 3493/4063/1972 4354/4057/1972 4353/4064/1972
f 3510/4065/1972 2472/4061/1972 4280/4060/1972
f 3510/4065/1972 2473/4066/1972 2472/4061/1972
f 3494/4067/1972 4353/4064/1972 3433/4068/1972
f 3494/4067/1972 3493/4063/1972 4353/4064/1972
f 4296/4069/1972 3186/4016/1972 2517/4062/1972
f 4279/4070/1972 2473/4066/1972 3510/4065/1972
f 4279/4070/1972 2474/4071/1972 2473/4066/1972
f 2520/4072/1972 3433/4068/1972 3432/4073/1972
f 2520/4072/1972 3494/4067/1972 3433/4068/1972
f 4295/4074/1972 3186/4016/1972 4296/4069/1972
f 4278/4075/1972 3444/4076/1972 2474/4071/1972
f 4278/4075/1972 2474/4071/1972 4279/4070/1972
f 2521/4077/1972 2520/4072/1972 3432/4073/1972
f 2521/4077/1972 3432/4073/1972 4352/4078/1972
f 3509/4079/1972 4348/4080/1972 3444/4076/1972
f 3509/4079/1972 3444/4076/1972 4278/4075/1972
f 3495/4081/1972 4352/4078/1972 3431/4082/1972
f 3495/4081/1972 2521/4077/1972 4352/4078/1972
f 3624/4083/1972 3517/4084/1972 3516/4059/1972
f 3624/4083/1972 2535/4085/1972 3517/4084/1972
f 3624/4083/1972 3518/4086/1972 2535/4085/1972
f 3624/4083/1972 3519/4087/1972 3518/4086/1972
f 3624/4083/1972 3520/4088/1972 3519/4087/1972
f 3624/4083/1972 3516/4059/1972 3418/4019/1972
f 2536/4089/1972 3520/4088/1972 3624/4083/1972
f 3905/4090/1972 3420/4091/1972 3904/4092/1972
f 3620/4093/1972 3428/4094/1972 3427/4095/1972
f 3620/4093/1972 3429/4096/1972 3428/4094/1972
f 3620/4093/1972 4351/4097/1972 3429/4096/1972
f 2645/4098/1972 4350/4099/1972 4349/4100/1972
f 2645/4098/1972 3427/4095/1972 4350/4099/1972
f 2645/4098/1972 3620/4093/1972 3427/4095/1972
f 3621/4101/1972 3426/4102/1972 4348/4080/1972
f 3621/4101/1972 4349/4100/1972 3426/4102/1972
f 3621/4101/1972 2645/4098/1972 4349/4100/1972
f 2644/4103/1972 3430/4104/1972 4351/4097/1972
f 2644/4103/1972 3431/4082/1972 3430/4104/1972
f 2644/4103/1972 4351/4097/1972 3620/4093/1972
f 3421/4105/1972 3624/4083/1972 3419/4106/1972
f 3421/4105/1972 3419/4106/1972 3420/4091/1972
f 3421/4105/1972 3420/4091/1972 3905/4090/1972
f 2646/4107/1972 3621/4101/1972 4348/4080/1972
f 2646/4107/1972 4348/4080/1972 3509/4079/1972
f 2646/4107/1972 3508/4108/1972 4277/4109/1972
f 2646/4107/1972 3509/4079/1972 3508/4108/1972
f 2643/4110/1972 3431/4082/1972 2644/4103/1972
f 2643/4110/1972 3496/4111/1972 3495/4081/1972
f 2643/4110/1972 3497/4112/1972 3496/4111/1972
f 2643/4110/1972 3495/4081/1972 3431/4082/1972
f 2647/4113/1972 2646/4107/1972 4277/4109/1972
f 2647/4113/1972 3507/4114/1972 3506/4115/1972
f 2647/4113/1972 4277/4109/1972 3507/4114/1972
f 3619/4116/1972 2522/4117/1972 3497/4112/1972
f 3619/4116/1972 2523/4118/1972 2522/4117/1972
f 3619/4116/1972 3497/4112/1972 2643/4110/1972
f 2648/4119/1972 2647/4113/1972 3506/4115/1972
f 2648/4119/1972 3505/4120/1972 4276/4121/1972
f 2648/4119/1972 3506/4115/1972 3505/4120/1972
f 4177/4122/1972 3480/4123/1972 2516/4124/1972
f 4177/4122/1972 2516/4124/1972 2523/4118/1972
f 4177/4122/1972 2523/4118/1972 3619/4116/1972
f 2649/4125/1972 3504/4126/1972 3503/4127/1972
f 2649/4125/1972 4276/4121/1972 3504/4126/1972
f 2649/4125/1972 2648/4119/1972 4276/4121/1972
f 4176/4128/1972 3481/4129/1972 3480/4123/1972
f 4176/4128/1972 4287/4130/1972 3481/4129/1972
f 4176/4128/1972 3480/4123/1972 4177/4122/1972
f 2650/4131/1972 2649/4125/1972 3503/4127/1972
f 2650/4131/1972 3502/4132/1972 3501/4133/1972
f 2650/4131/1972 3503/4127/1972 3502/4132/1972
f 4175/4134/1972 4288/4135/1972 4287/4130/1972
f 4175/4134/1972 3482/4136/1972 4288/4135/1972
f 4175/4134/1972 4287/4130/1972 4176/4128/1972
f 3586/4137/1972 3484/4138/1972 4290/4139/1972
f 2606/4140/1972 3484/4138/1972 3586/4137/1972
f 2606/4140/1972 4291/4141/1972 3484/4138/1972
f 3453/4142/1972 3498/4143/1972 2531/4144/1972
f 2485/4145/1972 2531/4144/1972 3522/4146/1972
f 2485/4145/1972 3453/4142/1972 2531/4144/1972
f 2607/4147/1972 3586/4137/1972 4290/4139/1972
f 2607/4147/1972 4290/4139/1972 4289/4148/1972
f 3585/4149/1972 4291/4141/1972 2606/4140/1972
f 3585/4149/1972 3485/4150/1972 4291/4141/1972
f 2486/4151/1972 3522/4146/1972 3521/4152/1972
f 2486/4151/1972 2485/4145/1972 3522/4146/1972
f 3452/4153/1972 3498/4143/1972 3453/4142/1972
f 3452/4153/1972 3499/4154/1972 3498/4143/1972
f 2605/4155/1972 3485/4150/1972 3585/4149/1972
f 2605/4155/1972 4292/4156/1972 3485/4150/1972
f 3587/4157/1972 2607/4147/1972 4289/4148/1972
f 3587/4157/1972 4289/4148/1972 3483/4158/1972
f 3454/4159/1972 3521/4152/1972 2536/4089/1972
f 3454/4159/1972 2486/4151/1972 3521/4152/1972
f 2484/4160/1972 3499/4154/1972 3452/4153/1972
f 2484/4160/1972 3500/4161/1972 3499/4154/1972
f 2608/4162/1972 3587/4157/1972 3483/4158/1972
f 2608/4162/1972 3483/4158/1972 3482/4136/1972
f 2604/4163/1972 3486/4164/1972 4292/4156/1972
f 2604/4163/1972 4292/4156/1972 2605/4155/1972
f 3455/4165/1972 3454/4159/1972 2536/4089/1972
f 3455/4165/1972 2536/4089/1972 3624/4083/1972
f 2483/4166/1972 3500/4161/1972 2484/4160/1972
f 2483/4166/1972 3501/4133/1972 3500/4161/1972
f 2603/4167/1972 3486/4164/1972 2604/4163/1972
f 2603/4167/1972 4293/4168/1972 3486/4164/1972
f 3588/4169/1972 3482/4136/1972 4175/4134/1972
f 3588/4169/1972 4175/4134/1972 4174/4170/1972
f 3588/4169/1972 2608/4162/1972 3482/4136/1972
f 3456/4171/1972 3624/4083/1972 3421/4105/1972
f 3456/4171/1972 3455/4165/1972 3624/4083/1972
f 4337/4172/1972 2651/4173/1972 2650/4131/1972
f 4337/4172/1972 3501/4133/1972 2483/4166/1972
f 4337/4172/1972 2650/4131/1972 3501/4133/1972
f 4214/4174/1972 4293/4168/1972 2603/4167/1972
f 2609/4175/1972 3588/4169/1972 4174/4170/1972
f 3457/4176/1972 3456/4171/1972 3421/4105/1972
f 4336/4177/1972 2651/4173/1972 4337/4172/1972
f 3589/4178/1972 2609/4175/1972 4174/4170/1972
f 4213/4179/1972 4293/4168/1972 4214/4174/1972
f 4213/4179/1972 4294/4180/1972 4293/4168/1972
f 2487/4181/1972 3457/4176/1972 3421/4105/1972
f 4335/4182/1972 2651/4173/1972 4336/4177/1972
f 2652/4183/1972 2651/4173/1972 4335/4182/1972
f 3618/4184/1972 3589/4178/1972 4174/4170/1972
f 3590/4185/1972 3589/4178/1972 3618/4184/1972
f 3458/4186/1972 2487/4181/1972 3421/4105/1972
f 4334/4187/1972 2652/4183/1972 4335/4182/1972
f 3591/4188/1972 3590/4185/1972 3618/4184/1972
f 3459/4189/1972 3458/4186/1972 3421/4105/1972
f 4333/4190/1972 2652/4183/1972 4334/4187/1972
f 3622/4191/1972 2652/4183/1972 4333/4190/1972
f 3622/4191/1972 4333/4190/1972 4332/4192/1972
f 3617/4193/1972 3592/4194/1972 3591/4188/1972
f 3617/4193/1972 3591/4188/1972 3618/4184/1972
f 3593/4195/1972 3592/4194/1972 3617/4193/1972
f 3451/4196/1972 3622/4191/1972 4332/4192/1972
f 2610/4197/1972 3593/4195/1972 3617/4193/1972
f 3450/4198/1972 3622/4191/1972 3451/4196/1972
f 2653/4199/1972 3622/4191/1972 3450/4198/1972
f 2653/4199/1972 3449/4200/1972 4331/4201/1972
f 2653/4199/1972 3450/4198/1972 3449/4200/1972
f 3616/4202/1972 2610/4197/1972 3617/4193/1972
f 3616/4202/1972 2611/4203/1972 2610/4197/1972
f 3616/4202/1972 3575/4204/1972 2611/4203/1972
f 3623/4205/1972 2653/4199/1972 4331/4201/1972
f 4173/4206/1972 3575/4204/1972 3616/4202/1972
f 3534/4207/1972 3623/4205/1972 4331/4201/1972
f 3534/4207/1972 3533/4208/1972 3623/4205/1972
f 3534/4207/1972 4331/4201/1972 4330/4209/1972
f 3568/4210/1972 4207/4211/1972 3575/4204/1972
f 3568/4210/1972 4173/4206/1972 2586/4212/1972
f 3568/4210/1972 3575/4204/1972 4173/4206/1972
f 2548/4213/1972 4330/4209/1972 3448/4214/1972
f 2548/4213/1972 3534/4207/1972 4330/4209/1972
f 2547/4215/1972 2654/4216/1972 3623/4205/1972
f 2547/4215/1972 3623/4205/1972 3533/4208/1972
f 3569/4217/1972 2586/4212/1972 4173/4206/1972
f 3569/4217/1972 4173/4206/1972 4172/4218/1972
f 3567/4219/1972 3576/4220/1972 4207/4211/1972
f 3567/4219/1972 4207/4211/1972 3568/4210/1972
f 3535/4221/1972 3448/4214/1972 3447/4222/1972
f 3535/4221/1972 2548/4213/1972 3448/4214/1972
f 3532/4223/1972 2654/4216/1972 2547/4215/1972
f 3566/4224/1972 3577/4225/1972 3576/4220/1972
f 3566/4224/1972 3576/4220/1972 3567/4219/1972
f 2587/4226/1972 3569/4217/1972 4172/4218/1972
f 2546/4227/1972 4163/4228/1972 2654/4216/1972
f 2546/4227/1972 2654/4216/1972 3532/4223/1972
f 3536/4229/1972 3447/4222/1972 4329/4230/1972
f 3536/4229/1972 3535/4221/1972 3447/4222/1972
f 2585/4231/1972 4208/4232/1972 3577/4225/1972
f 2585/4231/1972 3577/4225/1972 3566/4224/1972
f 2588/4233/1972 2587/4226/1972 4172/4218/1972
f 2588/4233/1972 4172/4218/1972 4171/4234/1972
f 3887/4235/1972 3462/4236/1972 2488/4237/1972
f 3887/4235/1972 4326/4238/1972 3462/4236/1972
f 3887/4235/1972 3459/4189/1972 3421/4105/1972
f 3887/4235/1972 3460/4239/1972 3459/4189/1972
f 3887/4235/1972 3461/4240/1972 3460/4239/1972
f 3887/4235/1972 2488/4237/1972 3461/4240/1972
f 4265/4241/1972 4163/4228/1972 2546/4227/1972
f 2549/4242/1972 3536/4229/1972 4329/4230/1972
f 2549/4242/1972 4329/4230/1972 4328/4243/1972
f 2589/4244/1972 2588/4233/1972 4171/4234/1972
f 2584/4245/1972 4208/4232/1972 2585/4231/1972
f 2584/4245/1972 4209/4246/1972 4208/4232/1972
f 3537/4247/1972 2549/4242/1972 4328/4243/1972
f 3537/4247/1972 4328/4243/1972 4327/4248/1972
f 4264/4249/1972 4163/4228/1972 4265/4241/1972
f 4264/4249/1972 4164/4250/1972 4163/4228/1972
f 2590/4251/1972 2589/4244/1972 4171/4234/1972
f 2590/4251/1972 4171/4234/1972 4170/4252/1972
f 4234/4253/1972 3578/4254/1972 4209/4246/1972
f 4234/4253/1972 4209/4246/1972 2584/4245/1972
f 3538/4255/1972 3537/4247/1972 4327/4248/1972
f 3538/4255/1972 4327/4248/1972 3446/4256/1972
f 3531/4257/1972 4164/4250/1972 4264/4249/1972
f 3570/4258/1972 2590/4251/1972 4170/4252/1972
f 3565/4259/1972 3579/4260/1972 3578/4254/1972
f 3565/4259/1972 3578/4254/1972 4234/4253/1972
f 3889/4261/1975 3423/4262/1972 3888/4263/1972
f 3890/4264/1972 3887/4235/1972 3422/4265/1972
f 3890/4264/1972 3422/4265/1972 3423/4262/1972
f 3890/4264/1972 3423/4262/1972 3889/4261/1975
f 3890/4264/1972 4326/4238/1972 3887/4235/1972
f 3890/4264/1972 3445/4266/1972 4326/4238/1972
f 4263/4267/1972 4165/4268/1972 4164/4250/1972
f 4263/4267/1972 4164/4250/1972 3531/4257/1972
f 3539/4269/1972 3538/4255/1972 3446/4256/1972
f 3539/4269/1972 3445/4266/1972 3890/4264/1972
f 3539/4269/1972 3446/4256/1972 3445/4266/1972
f 3571/4270/1972 3570/4258/1972 4170/4252/1972
f 3571/4270/1972 4170/4252/1972 4169/4271/1972
f 4233/4272/1972 4210/4273/1972 3579/4260/1972
f 4233/4272/1972 3579/4260/1972 3565/4259/1972
f 3540/4274/1972 3539/4269/1972 3890/4264/1972
f 4262/4275/1972 4165/4268/1972 4263/4267/1972
f 2591/4276/1972 3571/4270/1972 4169/4271/1972
f 4232/4277/1972 4211/4278/1972 4210/4273/1972
f 4232/4277/1972 4210/4273/1972 4233/4272/1972
f 2550/4279/1972 3540/4274/1972 3890/4264/1972
f 3530/4280/1972 4165/4268/1972 4262/4275/1972
f 3572/4281/1972 2591/4276/1972 4169/4271/1972
f 2551/4282/1972 2550/4279/1972 3890/4264/1972
f 2552/4283/1972 2551/4282/1972 3890/4264/1972
f 2568/4284/1972 2567/4285/1972 4168/4286/1972
f 2568/4284/1972 4168/4286/1972 4167/4287/1972
f 3550/4288/1972 4168/4286/1972 2567/4285/1972
f 3551/4289/1972 2568/4284/1972 4167/4287/1972
f 2553/4290/1972 2552/4283/1972 3890/4264/1972
f 3549/4291/1972 4168/4286/1972 3550/4288/1972
f 3549/4291/1972 3615/4292/1972 4168/4286/1972
f 2569/4293/1972 4167/4287/1972 4166/4294/1972
f 2569/4293/1972 3551/4289/1972 4167/4287/1972
f 3552/4295/1972 2569/4293/1972 4166/4294/1972
f 2566/4296/1972 3615/4292/1972 3549/4291/1972
f 2545/4297/1972 2553/4290/1972 3890/4264/1972
f 2570/4298/1972 3552/4295/1972 4166/4294/1972
f 2570/4298/1972 4165/4268/1972 3530/4280/1972
f 2570/4298/1972 4166/4294/1972 4165/4268/1972
f 2565/4299/1972 3615/4292/1972 2566/4296/1972
f 2565/4299/1972 3572/4281/1972 4169/4271/1972
f 2565/4299/1972 4169/4271/1972 3615/4292/1972
f 4257/4300/1972 2545/4297/1972 3890/4264/1972
f 4252/4301/1972 2592/4302/1972 3572/4281/1972
f 4252/4301/1972 3572/4281/1972 2565/4299/1972
f 3553/4303/1972 3530/4280/1972 4261/4304/1972
f 3553/4303/1972 2570/4298/1972 3530/4280/1972
f 4258/4305/1972 4257/4300/1972 3890/4264/1972
f 3548/4306/1972 2592/4302/1972 4252/4301/1972
f 3548/4306/1972 3573/4307/1972 2592/4302/1972
f 3554/4308/1972 4261/4304/1972 3529/4309/1972
f 3554/4308/1972 3553/4303/1972 4261/4304/1972
f 3608/4310/1972 4213/4179/1972 3584/4311/1972
f 2624/4312/1972 3584/4311/1972 4212/4313/1972
f 2624/4312/1972 3608/4310/1972 3584/4311/1972
f 3607/4314/1972 4213/4179/1972 3608/4310/1972
f 3607/4314/1972 4295/4074/1972 4294/4180/1972
f 3607/4314/1972 4294/4180/1972 4213/4179/1972
f 2625/4315/1972 4212/4313/1972 3583/4316/1972
f 2625/4315/1972 2624/4312/1972 4212/4313/1972
f 2571/4317/1972 3554/4308/1972 3529/4309/1972
f 2571/4317/1972 3529/4309/1972 3528/4318/1972
f 3547/4319/1972 3574/4320/1972 3573/4307/1972
f 3547/4319/1972 3573/4307/1972 3548/4306/1972
f 3609/4321/1972 3583/4316/1972 3582/4322/1972
f 3609/4321/1972 2625/4315/1972 3583/4316/1972
f 3606/4323/1972 3186/4016/1972 4295/4074/1972
f 3606/4323/1972 4295/4074/1972 3607/4314/1972
f 2623/4324/1972 3186/4016/1972 3606/4323/1972
f 3610/4325/1972 3582/4322/1972 3581/4326/1972
f 3610/4325/1972 3609/4321/1972 3582/4322/1972
f 4251/4327/1972 2583/4328/1972 3574/4320/1972
f 4251/4327/1972 3574/4320/1972 3547/4319/1972
f 2572/4329/1972 3528/4318/1972 3527/4330/1972
f 2572/4329/1972 2571/4317/1972 3528/4318/1972
f 3611/4331/1972 3581/4326/1972 3580/4332/1972
f 3611/4331/1972 3610/4325/1972 3581/4326/1972
f 4194/4333/1972 3186/4016/1972 2623/4324/1972
f 3555/4334/1972 3527/4330/1972 3526/4335/1972
f 3555/4334/1972 2572/4329/1972 3527/4330/1972
f 4250/4336/1972 2583/4328/1972 4251/4327/1972
f 4250/4336/1972 4226/4337/1972 2583/4328/1972
f 2626/4338/1972 3580/4332/1972 4211/4278/1972
f 2626/4338/1972 3611/4331/1972 3580/4332/1972
f 2573/4339/1972 3526/4335/1972 4260/4340/1972
f 2573/4339/1972 3555/4334/1972 3526/4335/1972
f 3546/4341/1972 4227/4342/1972 4226/4337/1972
f 3546/4341/1972 4226/4337/1972 4250/4336/1972
f 2627/4343/1972 4211/4278/1972 4232/4277/1972
f 2627/4343/1972 2626/4338/1972 4211/4278/1972
f 2627/4343/1972 4232/4277/1972 3564/4344/1972
f 4249/4345/1972 4227/4342/1972 3546/4341/1972
f 4249/4345/1972 4228/4346/1972 4227/4342/1972
f 3556/4347/1972 2573/4339/1972 4260/4340/1972
f 3556/4347/1972 4260/4340/1972 3525/4348/1972
f 3545/4349/1972 4228/4346/1972 4249/4345/1972
f 3545/4349/1972 3558/4350/1972 4228/4346/1972
f 3557/4351/1972 3525/4348/1972 4259/4352/1972
f 3557/4351/1972 3556/4347/1972 3525/4348/1972
f 3612/4353/1972 2627/4343/1972 3564/4344/1972
f 3612/4353/1972 3564/4344/1972 3563/4354/1972
f 3544/4355/1972 3558/4350/1972 3545/4349/1972
f 4243/4356/1972 4259/4352/1972 3524/4357/1972
f 4243/4356/1972 3557/4351/1972 4259/4352/1972
f 3613/4358/1972 3612/4353/1972 3563/4354/1972
f 3613/4358/1972 3563/4354/1972 3562/4359/1972
f 4244/4360/1972 4243/4356/1972 3524/4357/1972
f 3541/4361/1972 3524/4357/1972 3523/4362/1972
f 3541/4361/1972 4244/4360/1972 3524/4357/1972
f 2628/4363/1972 3613/4358/1972 3562/4359/1972
f 2628/4363/1972 3562/4359/1972 3561/4364/1972
f 2629/4365/1972 2628/4363/1972 3561/4364/1972
f 2629/4365/1972 3561/4364/1972 3560/4366/1972
f 3473/4367/1972 4231/4368/1972 4230/4369/1972
f 2502/4370/1972 4230/4369/1972 3559/4371/1972
f 2502/4370/1972 3473/4367/1972 4230/4369/1972
f 3472/4372/1972 2629/4365/1972 3560/4366/1972
f 3472/4372/1972 3560/4366/1972 4231/4368/1972
f 3472/4372/1972 4231/4368/1972 3473/4367/1972
f 2503/4373/1972 3559/4371/1972 4229/4374/1972
f 2503/4373/1972 2502/4370/1972 3559/4371/1972
f 2504/4375/1972 3558/4350/1972 3544/4355/1972
f 2504/4375/1972 4229/4374/1972 3558/4350/1972
f 2504/4375/1972 2503/4373/1972 4229/4374/1972
f 3471/4376/1972 3614/4377/1972 2629/4365/1972
f 3471/4376/1972 2630/4378/1972 3614/4377/1972
f 3471/4376/1972 2629/4365/1972 3472/4372/1972
f 2505/4379/1972 3544/4355/1972 3543/4380/1972
f 2505/4379/1972 2504/4375/1972 3544/4355/1972
f 3470/4381/1972 2630/4378/1972 3471/4376/1972
f 3474/4382/1972 2505/4379/1972 3543/4380/1972
f 3474/4382/1972 3543/4380/1972 4248/4383/1972
f 4317/4384/1972 2630/4378/1972 3470/4381/1972
f 4317/4384/1972 2622/4385/1972 2630/4378/1972
f 3475/4386/1972 3474/4382/1972 4248/4383/1972
f 3475/4386/1972 4248/4383/1972 4247/4387/1972
f 4316/4388/1972 2622/4385/1972 4317/4384/1972
f 4316/4388/1972 3594/4389/1972 2622/4385/1972
f 3476/4390/1972 3475/4386/1972 4247/4387/1972
f 3476/4390/1972 4247/4387/1972 4246/4391/1972
f 4315/4392/1972 3594/4389/1972 4316/4388/1972
f 4315/4392/1972 3595/4393/1972 3594/4389/1972
f 3477/4394/1972 3476/4390/1972 4246/4391/1972
f 3477/4394/1972 4246/4391/1972 4245/4395/1972
f 3469/4396/1972 3595/4393/1972 4315/4392/1972
f 3469/4396/1972 3596/4397/1972 3595/4393/1972
f 3478/4398/1972 3477/4394/1972 4245/4395/1972
f 3478/4398/1972 4245/4395/1972 3542/4399/1972
f 4314/4400/1972 3596/4397/1972 3469/4396/1972
f 4314/4400/1972 3597/4401/1972 3596/4397/1972
f 3479/4402/1972 3478/4398/1972 3542/4399/1972
f 3479/4402/1972 3542/4399/1972 3541/4361/1972
f 4313/4403/1972 3597/4401/1972 4314/4400/1972
f 4313/4403/1972 3598/4404/1972 3597/4401/1972
f 4313/4403/1972 4189/4405/1972 3598/4404/1972
f 2506/4406/1972 3479/4402/1972 3541/4361/1972
f 2506/4406/1972 3541/4361/1972 3523/4362/1972
f 3468/4407/1972 4189/4405/1972 4313/4403/1972
f 3467/4408/1972 3599/4409/1972 4189/4405/1972
f 3467/4408/1972 4189/4405/1972 3468/4407/1972
f 3880/4410/1972 4307/4411/1972 2501/4412/1972
f 3880/4410/1972 4308/4413/1972 4307/4411/1972
f 3880/4410/1972 4309/4414/1972 4308/4413/1972
f 3880/4410/1972 4310/4415/1972 4309/4414/1972
f 3880/4410/1972 4311/4416/1972 4310/4415/1972
f 3880/4410/1972 3463/4417/1972 4311/4416/1972
f 3880/4410/1972 3523/4362/1972 4258/4305/1972
f 3880/4410/1972 2506/4406/1972 3523/4362/1972
f 3880/4410/1972 2507/4418/1972 2506/4406/1972
f 3880/4410/1972 2508/4419/1972 2507/4418/1972
f 3880/4410/1972 2501/4412/1972 2508/4419/1972
f 3880/4410/1972 4258/4305/1972 3890/4264/1972
f 3424/4420/1972 3464/4421/1972 3463/4417/1972
f 3424/4420/1972 3463/4417/1972 3880/4410/1972
f 3425/4422/1972 3464/4421/1972 3424/4420/1972
f 3412/4423/1972 3465/4424/1972 3464/4421/1972
f 3412/4423/1972 3466/4425/1972 3465/4424/1972
f 3412/4423/1972 4312/4426/1972 3466/4425/1972
f 3412/4423/1972 3464/4421/1972 3425/4422/1972
f 3414/4427/1976 3467/4408/1972 4312/4426/1972
f 3414/4427/1976 3599/4409/1972 3467/4408/1972
f 3414/4427/1976 3600/4428/1972 3599/4409/1972
f 3414/4427/1976 4190/4429/1972 3600/4428/1972
f 3414/4427/1976 4191/4430/1972 4190/4429/1972
f 3414/4427/1976 4192/4431/1972 4191/4430/1972
f 3414/4427/1976 4312/4426/1972 3412/4423/1972
f 3414/4427/1976 3601/4432/1972 4192/4431/1972
f 3414/4427/1976 3602/4433/1972 3601/4432/1972
f 3414/4427/1976 3603/4434/1972 3602/4433/1972
f 3414/4427/1976 3604/4435/1972 3603/4434/1972
f 3414/4427/1976 3605/4436/1972 3604/4435/1972
f 3414/4427/1976 4193/4437/1972 3605/4436/1972
f 3414/4427/1976 4194/4333/1972 4193/4437/1972
f 3413/4438/1977 3414/4427/1976 3412/4423/1972
f 3414/4427/1976 3186/4016/1972 4194/4333/1972
f 3624/4439/1978 3418/4440/1979 3898/4019/1979
f 3624/4439/1978 3898/4019/1979 3625/4083/1978
f 3632/4441/1967 3924/4442/1967 3631/4443/1967
f 3411/4444/1967 3628/4445/1969 3932/4446/1968
f 3411/4444/1967 3932/4446/1968 3629/4447/1967
f 3411/4444/1967 3629/4447/1967 3630/4448/1967
f 3411/4444/1967 3630/4448/1967 3849/4449/1967
f 3926/4450/1967 3632/4441/1967 3925/4451/1967
f 3926/4450/1967 3925/4451/1967 3633/4452/1967
f 3926/4450/1967 3924/4442/1967 3632/4441/1967
f 3651/4453/1967 3849/4449/1967 3924/4442/1967
f 2698/4454/1967 3849/4449/1967 3651/4453/1967
f 2699/4455/1967 3651/4453/1967 3924/4442/1967
f 2697/4456/1967 3849/4449/1967 2698/4454/1967
f 2700/4457/1967 2699/4455/1967 3924/4442/1967
f 3650/4458/1967 3849/4449/1967 2697/4456/1967
f 3649/4459/1967 3849/4449/1967 3650/4458/1967
f 3652/4460/1967 2700/4457/1967 3924/4442/1967
f 3653/4461/1967 3652/4460/1967 3924/4442/1967
f 3653/4461/1967 3924/4442/1967 3926/4450/1967
f 2686/4462/1967 3411/4444/1967 3849/4449/1967
f 2686/4462/1967 3849/4449/1967 3649/4459/1967
f 3654/4463/1967 3653/4461/1967 3926/4450/1967
f 3664/4464/1967 3411/4444/1967 2686/4462/1967
f 3720/4465/1967 3719/4466/1967 3411/4444/1967
f 3701/4467/1967 2751/4468/1967 3926/4450/1967
f 2769/4469/1967 3411/4444/1967 3719/4466/1967
f 2770/4470/1967 3664/4464/1967 3663/4471/1967
f 2770/4470/1967 3411/4444/1967 3664/4464/1967
f 2770/4470/1967 3720/4465/1967 3411/4444/1967
f 2752/4472/1967 3701/4467/1967 3926/4450/1967
f 2750/4473/1967 3654/4463/1967 3926/4450/1967
f 2750/4473/1967 2701/4474/1967 3654/4463/1967
f 2750/4473/1967 3926/4450/1967 2751/4468/1967
f 2771/4475/1967 2770/4470/1967 3663/4471/1967
f 2771/4475/1967 3663/4471/1967 4139/4476/1967
f 3718/4477/1967 3411/4444/1967 2769/4469/1967
f 2749/4478/1967 2701/4474/1967 2750/4473/1967
f 2749/4478/1967 3655/4479/1967 2701/4474/1967
f 2753/4480/1967 2752/4472/1967 3926/4450/1967
f 2772/4481/1967 2771/4475/1967 4139/4476/1967
f 2772/4481/1967 4139/4476/1967 4138/4482/1967
f 3717/4483/1967 3411/4444/1967 3718/4477/1967
f 3702/4484/1967 2753/4480/1967 3926/4450/1967
f 2748/4485/1967 3655/4479/1967 2749/4478/1967
f 2748/4485/1967 2702/4486/1967 3655/4479/1967
f 2773/4487/1967 2772/4481/1967 4138/4482/1967
f 2773/4487/1967 4138/4482/1967 4137/4488/1967
f 4073/4489/1967 3411/4444/1967 3717/4483/1967
f 2754/4490/1967 3702/4484/1967 3926/4450/1967
f 4087/4491/1967 3656/4492/1967 2702/4486/1967
f 4087/4491/1967 2702/4486/1967 2748/4485/1967
f 3721/4493/1967 2773/4487/1967 4137/4488/1967
f 3721/4493/1967 4137/4488/1967 4136/4494/1967
f 4080/4495/1967 3411/4444/1967 4073/4489/1967
f 4094/4496/1967 3656/4492/1967 4087/4491/1967
f 4094/4496/1967 2703/4497/1967 3656/4492/1967
f 3722/4498/1967 3721/4493/1967 4136/4494/1967
f 3722/4498/1967 4136/4494/1967 4135/4499/1967
f 4079/4500/1967 3411/4444/1967 4080/4495/1967
f 4093/4501/1967 2703/4497/1967 4094/4496/1967
f 4093/4501/1967 3657/4502/1967 2703/4497/1967
f 2774/4503/1967 3722/4498/1967 4135/4499/1967
f 2774/4503/1967 4135/4499/1967 4134/4504/1967
f 3716/4505/1967 3657/4502/1967 4093/4501/1967
f 3716/4505/1967 2704/4506/1967 3657/4502/1967
f 2775/4507/1967 2774/4503/1967 4134/4504/1967
f 2775/4507/1967 4134/4504/1967 3662/4508/1967
f 3715/4509/1967 2704/4506/1967 3716/4505/1967
f 3715/4509/1967 2696/4510/1967 2704/4506/1967
f 3815/4511/1967 2754/4490/1967 3926/4450/1967
f 3815/4511/1967 2755/4512/1967 2754/4490/1967
f 3815/4511/1967 3703/4513/1967 2755/4512/1967
f 3815/4511/1967 3704/4514/1967 3703/4513/1967
f 3815/4511/1967 3705/4515/1967 3704/4514/1967
f 3815/4511/1967 2756/4516/1967 3705/4515/1967
f 2757/4517/1967 2756/4516/1967 3815/4511/1967
f 3923/4518/1967 3815/4511/1967 3922/4519/1967
f 3923/4518/1967 3922/4519/1967 3634/4520/1967
f 3635/4521/1967 3815/4511/1967 3923/4518/1967
f 2872/4522/1967 3658/4523/1967 4131/4524/1967
f 2872/4522/1967 4132/4525/1967 3658/4523/1967
f 3801/4526/1967 4132/4525/1967 2872/4522/1967
f 3801/4526/1967 3659/4527/1967 4132/4525/1967
f 3801/4526/1967 4133/4528/1967 3659/4527/1967
f 3801/4526/1967 3660/4529/1967 4133/4528/1967
f 3800/4530/1967 3660/4529/1967 3801/4526/1967
f 3800/4530/1967 3661/4531/1967 3660/4529/1967
f 3800/4530/1967 3662/4508/1967 3661/4531/1967
f 2873/4532/1967 2872/4522/1967 4131/4524/1967
f 2873/4532/1967 4130/4533/1967 2696/4510/1967
f 2873/4532/1967 4131/4524/1967 4130/4533/1967
f 3921/4534/1967 3815/4511/1967 3635/4521/1967
f 3802/4535/1967 3714/4536/1967 3713/4537/1967
f 3802/4535/1967 3715/4509/1967 3714/4536/1967
f 3802/4535/1967 2696/4510/1967 3715/4509/1967
f 3802/4535/1967 2873/4532/1967 2696/4510/1967
f 3799/4538/1967 2776/4539/1967 2775/4507/1967
f 3799/4538/1967 3723/4540/1967 2776/4539/1967
f 3799/4538/1967 3662/4508/1967 3800/4530/1967
f 3799/4538/1967 2775/4507/1967 3662/4508/1967
f 3798/4541/1967 3723/4540/1967 3799/4538/1967
f 3798/4541/1967 3724/4542/1967 3723/4540/1967
f 3798/4541/1967 2777/4543/1967 3724/4542/1967
f 3803/4544/1967 4092/4545/1967 4091/4546/1967
f 3803/4544/1967 3713/4537/1967 4092/4545/1967
f 3803/4544/1967 3802/4535/1967 3713/4537/1967
f 2874/4547/1967 4091/4546/1967 3712/4548/1967
f 2874/4547/1967 3803/4544/1967 4091/4546/1967
f 2874/4547/1967 3712/4548/1967 3711/4549/1967
f 3979/4550/1967 2768/4551/1967 2777/4543/1967
f 3979/4550/1967 4074/4552/1967 2768/4551/1967
f 3979/4550/1967 2777/4543/1967 3798/4541/1967
f 2875/4553/1967 2874/4547/1967 3711/4549/1967
f 2875/4553/1967 4090/4554/1967 3710/4555/1967
f 2875/4553/1967 3711/4549/1967 4090/4554/1967
f 3991/4556/1967 3725/4557/1967 4074/4552/1967
f 3991/4556/1967 3726/4558/1967 3725/4557/1967
f 3991/4556/1967 4074/4552/1967 3979/4550/1967
f 3804/4559/1967 3709/4560/1967 4089/4561/1967
f 3804/4559/1967 3710/4555/1967 3709/4560/1967
f 3804/4559/1967 2875/4553/1967 3710/4555/1967
f 3990/4562/1967 3727/4563/1967 3726/4558/1967
f 3990/4562/1967 4075/4564/1967 3727/4563/1967
f 3990/4562/1967 3726/4558/1967 3991/4556/1967
f 2676/4565/1967 3706/4566/1967 2759/4567/1967
f 3638/4568/1967 3706/4566/1967 2676/4565/1967
f 3638/4568/1967 3707/4569/1967 3706/4566/1967
f 3735/4570/1967 4076/4571/1967 3731/4572/1967
f 2792/4573/1967 3735/4570/1967 3731/4572/1967
f 2792/4573/1967 3731/4572/1967 3730/4574/1967
f 2677/4575/1967 2676/4565/1967 2759/4567/1967
f 2677/4575/1967 2759/4567/1967 2758/4576/1967
f 2675/4577/1967 3707/4569/1967 3638/4568/1967
f 2675/4577/1967 3708/4578/1967 3707/4569/1967
f 2791/4579/1967 4076/4571/1967 3735/4570/1967
f 2791/4579/1967 3732/4580/1967 4076/4571/1967
f 2793/4581/1967 2792/4573/1967 3730/4574/1967
f 2793/4581/1967 3730/4574/1967 3729/4582/1967
f 2678/4583/1967 2677/4575/1967 2758/4576/1967
f 2678/4583/1967 2758/4576/1967 2757/4517/1967
f 2674/4584/1967 3708/4578/1967 2675/4577/1967
f 2674/4584/1967 4088/4585/1967 3708/4578/1967
f 3736/4586/1967 2793/4581/1967 3729/4582/1967
f 3736/4586/1967 3729/4582/1967 3728/4587/1967
f 2790/4588/1967 3733/4589/1967 3732/4580/1967
f 2790/4588/1967 3732/4580/1967 2791/4579/1967
f 2673/4590/1967 4088/4585/1967 2674/4584/1967
f 2673/4590/1967 4089/4561/1967 4088/4585/1967
f 3639/4591/1967 2678/4583/1967 2757/4517/1967
f 3639/4591/1967 2757/4517/1967 3815/4511/1967
f 2794/4592/1967 3736/4586/1967 3728/4587/1967
f 2794/4592/1967 3728/4587/1967 4075/4564/1967
f 2789/4593/1967 3734/4594/1967 3733/4589/1967
f 2789/4593/1967 3733/4589/1967 2790/4588/1967
f 2679/4595/1967 3815/4511/1967 3921/4534/1967
f 2679/4595/1967 3639/4591/1967 3815/4511/1967
f 2665/4596/1967 4089/4561/1967 2673/4590/1967
f 2665/4596/1967 3804/4559/1967 4089/4561/1967
f 2665/4596/1967 3805/4597/1967 3804/4559/1967
f 2795/4598/1967 3990/4562/1967 3989/4599/1967
f 2795/4598/1967 2794/4592/1967 4075/4564/1967
f 2795/4598/1967 4075/4564/1967 3990/4562/1967
f 2778/4600/1967 3734/4594/1967 2789/4593/1967
f 2778/4600/1967 4077/4601/1967 3734/4594/1967
f 2680/4602/1967 2679/4595/1967 3921/4534/1967
f 4162/4603/1967 3805/4597/1967 2665/4596/1967
f 3737/4604/1967 2795/4598/1967 3989/4599/1967
f 3752/4605/1967 4077/4601/1967 2778/4600/1967
f 2681/4606/1967 2680/4602/1967 3921/4534/1967
f 3648/4607/1967 3805/4597/1967 4162/4603/1967
f 3738/4608/1967 3737/4604/1967 3989/4599/1967
f 3751/4609/1967 4077/4601/1967 3752/4605/1967
f 3751/4609/1967 4078/4610/1967 4077/4601/1967
f 3806/4611/1967 3805/4597/1967 3648/4607/1967
f 3988/4612/1967 3738/4608/1967 3989/4599/1967
f 2682/4613/1967 2681/4606/1967 3921/4534/1967
f 4161/4614/1967 3806/4611/1967 3648/4607/1967
f 2796/4615/1967 3738/4608/1967 3988/4612/1967
f 2683/4616/1967 2682/4613/1967 3921/4534/1967
f 3647/4617/1967 3806/4611/1967 4161/4614/1967
f 3739/4618/1967 2796/4615/1967 3988/4612/1967
f 3807/4619/1967 3647/4617/1967 3646/4620/1967
f 3807/4619/1967 3806/4611/1967 3647/4617/1967
f 3987/4621/1967 3739/4618/1967 3988/4612/1967
f 3987/4621/1967 3740/4622/1967 3739/4618/1967
f 4160/4623/1967 3807/4619/1967 3646/4620/1967
f 3741/4624/1967 3740/4622/1967 3987/4621/1967
f 3645/4625/1967 3807/4619/1967 4160/4623/1967
f 2797/4626/1967 3741/4624/1967 3987/4621/1967
f 2876/4627/1967 3807/4619/1967 3645/4625/1967
f 2876/4627/1967 4159/4628/1967 4158/4629/1967
f 2876/4627/1967 3645/4625/1967 4159/4628/1967
f 3814/4630/1967 2797/4626/1967 3987/4621/1967
f 3814/4630/1967 2798/4631/1967 2797/4626/1967
f 3814/4630/1967 3742/4632/1967 2798/4631/1967
f 3808/4633/1967 2876/4627/1967 4158/4629/1967
f 3813/4634/1967 3742/4632/1967 3814/4630/1967
f 2811/4635/1967 3742/4632/1967 3813/4634/1967
f 2811/4635/1967 4057/4636/1967 3742/4632/1967
f 2812/4637/1967 2811/4635/1967 3813/4634/1967
f 3684/4638/1967 4158/4629/1967 4157/4639/1967
f 3684/4638/1967 3808/4633/1967 4158/4629/1967
f 3684/4638/1967 3683/4640/1967 3808/4633/1967
f 2810/4641/1967 4058/4642/1967 4057/4636/1967
f 2810/4641/1967 4057/4636/1967 2811/4635/1967
f 2813/4643/1967 3813/4634/1967 3986/4644/1967
f 2813/4643/1967 2812/4637/1967 3813/4634/1967
f 3685/4645/1967 3684/4638/1967 4157/4639/1967
f 3685/4645/1967 4157/4639/1967 4156/4646/1967
f 3682/4647/1967 2877/4648/1967 3808/4633/1967
f 3682/4647/1967 3808/4633/1967 3683/4640/1967
f 3754/4649/1967 4059/4650/1967 4058/4642/1967
f 3754/4649/1967 4058/4642/1967 2810/4641/1967
f 2814/4651/1967 2813/4643/1967 3986/4644/1967
f 3681/4652/1967 2877/4648/1967 3682/4647/1967
f 2735/4653/1967 4156/4646/1967 3644/4654/1967
f 2735/4653/1967 3685/4645/1967 4156/4646/1967
f 2815/4655/1967 3986/4644/1967 3812/4656/1967
f 2815/4655/1967 2814/4651/1967 3986/4644/1967
f 3753/4657/1967 3743/4658/1967 4059/4650/1967
f 3753/4657/1967 4059/4650/1967 3754/4649/1967
f 2734/4659/1967 2877/4648/1967 3681/4652/1967
f 2734/4659/1967 3809/4660/1967 2877/4648/1967
f 2736/4661/1967 2735/4653/1967 3644/4654/1967
f 2736/4661/1967 3644/4654/1967 3643/4662/1967
f 3636/4663/1967 3640/4664/1967 2683/4616/1967
f 3636/4663/1967 2684/4665/1967 3640/4664/1967
f 3636/4663/1967 3641/4666/1967 2684/4665/1967
f 3636/4663/1967 2685/4667/1967 3641/4666/1967
f 3636/4663/1967 3642/4668/1967 2685/4667/1967
f 3636/4663/1967 2683/4616/1967 3921/4534/1967
f 2799/4669/1967 3743/4658/1967 3753/4657/1967
f 2799/4669/1967 3744/4670/1967 3743/4658/1967
f 3755/4671/1967 2815/4655/1967 3812/4656/1967
f 2725/4672/1967 3809/4660/1967 2734/4659/1967
f 3686/4673/1967 2736/4661/1967 3643/4662/1967
f 3686/4673/1967 3643/4662/1967 4155/4674/1967
f 3637/4675/1967 3636/4663/1967 3911/4676/1968
f 2816/4677/1967 3812/4656/1967 3811/4678/1967
f 2816/4677/1967 3755/4671/1967 3812/4656/1967
f 3766/4679/1967 3745/4680/1967 3744/4670/1967
f 3766/4679/1967 3744/4670/1967 2799/4669/1967
f 2737/4681/1967 3686/4673/1967 4155/4674/1967
f 2737/4681/1967 4155/4674/1967 4154/4682/1967
f 4108/4683/1967 3980/4684/1967 3809/4660/1967
f 4108/4683/1967 3809/4660/1967 2725/4672/1967
f 3912/4685/1967 3636/4663/1967 3637/4675/1967
f 2817/4686/1967 2816/4677/1967 3811/4678/1967
f 4045/4687/1967 3746/4688/1967 3745/4680/1967
f 4045/4687/1967 3745/4680/1967 3766/4679/1967
f 3687/4689/1967 2737/4681/1967 4154/4682/1967
f 3687/4689/1967 4154/4682/1967 4153/4690/1967
f 4107/4691/1967 3980/4684/1967 4108/4683/1967
f 3914/4016/1967 3912/4685/1967 3913/4692/1968
f 3914/4016/1967 3636/4663/1967 3912/4685/1967
f 3914/4016/1967 4152/4693/1967 3642/4668/1967
f 3914/4016/1967 3642/4668/1967 3636/4663/1967
f 3756/4694/1967 3811/4678/1967 3985/4695/1967
f 3756/4694/1967 2817/4686/1967 3811/4678/1967
f 3765/4696/1967 3746/4688/1967 4045/4687/1967
f 3765/4696/1967 3747/4697/1967 3746/4688/1967
f 3688/4698/1967 4152/4693/1967 3914/4016/1967
f 3688/4698/1967 4153/4690/1967 4152/4693/1967
f 3688/4698/1967 3687/4689/1967 4153/4690/1967
f 4106/4699/1967 3981/4700/1967 3980/4684/1967
f 4106/4699/1967 3980/4684/1967 4107/4691/1967
f 3757/4701/1967 3756/4694/1967 3985/4695/1967
f 3764/4702/1967 3747/4697/1967 3765/4696/1967
f 3764/4702/1967 4060/4703/1967 3747/4697/1967
f 3689/4704/1967 3688/4698/1967 3914/4016/1967
f 3700/4705/1967 3981/4700/1967 4106/4699/1967
f 2818/4706/1967 3757/4701/1967 3985/4695/1967
f 3690/4707/1967 3689/4704/1967 3914/4016/1967
f 3699/4708/1967 3981/4700/1967 3700/4705/1967
f 3691/4709/1967 3690/4707/1967 3914/4016/1967
f 3692/4710/1967 3691/4709/1967 3914/4016/1967
f 3769/4711/1967 3983/4712/1967 3810/4713/1967
f 3768/4714/1967 3983/4712/1967 3769/4711/1967
f 2833/4715/1967 3769/4711/1967 3810/4713/1967
f 2832/4716/1967 3983/4712/1967 3768/4714/1967
f 2738/4717/1967 3692/4710/1967 3914/4016/1967
f 2834/4718/1967 3810/4713/1967 3982/4719/1967
f 2834/4718/1967 2833/4715/1967 3810/4713/1967
f 2831/4720/1967 3983/4712/1967 2832/4716/1967
f 2831/4720/1967 3984/4721/1967 3983/4712/1967
f 2835/4722/1967 2834/4718/1967 3982/4719/1967
f 3767/4723/1967 3984/4721/1967 2831/4720/1967
f 3693/4724/1967 2738/4717/1967 3914/4016/1967
f 2820/4725/1967 3985/4695/1967 3984/4721/1967
f 2820/4725/1967 3984/4721/1967 3767/4723/1967
f 2820/4725/1967 2818/4706/1967 3985/4695/1967
f 2836/4726/1967 3982/4719/1967 3981/4700/1967
f 2836/4726/1967 2835/4722/1967 3982/4719/1967
f 2836/4726/1967 3981/4700/1967 3699/4708/1967
f 3694/4727/1967 3693/4724/1967 3914/4016/1967
f 2837/4728/1967 2836/4726/1967 3699/4708/1967
f 2837/4728/1967 3699/4708/1967 4105/4729/1967
f 3782/4730/1967 2818/4706/1967 2820/4725/1967
f 3782/4730/1967 3758/4731/1967 2818/4706/1967
f 4099/4732/1967 3694/4727/1967 3914/4016/1967
f 2838/4733/1967 2837/4728/1967 4105/4729/1967
f 2838/4733/1967 4105/4729/1967 3698/4734/1967
f 3781/4735/1967 3758/4731/1967 3782/4730/1967
f 3781/4735/1967 2819/4736/1967 3758/4731/1967
f 3667/4737/1967 3751/4609/1967 3750/4738/1967
f 3668/4739/1967 3667/4737/1967 3750/4738/1967
f 3668/4739/1967 3750/4738/1967 4063/4740/1967
f 2715/4741/1967 4078/4610/1967 3751/4609/1967
f 2715/4741/1967 3751/4609/1967 3667/4737/1967
f 2716/4742/1967 4063/4740/1967 3749/4743/1967
f 2716/4742/1967 3668/4739/1967 4063/4740/1967
f 3770/4744/1967 3698/4734/1967 4104/4745/1967
f 3770/4744/1967 2838/4733/1967 3698/4734/1967
f 4027/4746/1967 2819/4736/1967 3781/4735/1967
f 4027/4746/1967 3759/4747/1967 2819/4736/1967
f 3669/4748/1967 3749/4743/1967 4062/4749/1967
f 3669/4748/1967 2716/4742/1967 3749/4743/1967
f 2717/4750/1967 4062/4749/1967 3748/4751/1967
f 2717/4750/1967 3669/4748/1967 4062/4749/1967
f 2839/4752/1967 4104/4745/1967 3697/4753/1967
f 2839/4752/1967 3770/4744/1967 4104/4745/1967
f 3780/4754/1967 3759/4747/1967 4027/4746/1967
f 3780/4754/1967 2809/4755/1967 3759/4747/1967
f 3627/4756/1967 3666/4757/1967 3665/4758/1967
f 3627/4756/1967 2715/4741/1967 3666/4757/1967
f 3627/4756/1967 4079/4500/1967 4078/4610/1967
f 3627/4756/1967 3411/4444/1967 4079/4500/1967
f 3627/4756/1967 4078/4610/1967 2715/4741/1967
f 4111/4759/1967 3627/4756/1967 3665/4758/1967
f 3670/4760/1967 3748/4751/1967 4061/4761/1967
f 3670/4760/1967 2717/4750/1967 3748/4751/1967
f 2840/4762/1967 3697/4753/1967 4103/4763/1967
f 2840/4762/1967 2839/4752/1967 3697/4753/1967
f 4026/4764/1967 2809/4755/1967 3780/4754/1967
f 4026/4764/1967 4036/4765/1967 2809/4755/1967
f 3680/4766/1967 3627/4756/1967 4111/4759/1967
f 2718/4767/1967 3670/4760/1967 4061/4761/1967
f 2718/4767/1967 4061/4761/1967 4060/4703/1967
f 3771/4768/1967 2840/4762/1967 4103/4763/1967
f 3771/4768/1967 4103/4763/1967 4102/4769/1967
f 3779/4770/1967 4036/4765/1967 4026/4764/1967
f 3779/4770/1967 4037/4771/1967 4036/4765/1967
f 2719/4772/1967 3764/4702/1967 4044/4773/1967
f 2719/4772/1967 2718/4767/1967 4060/4703/1967
f 2719/4772/1967 4060/4703/1967 3764/4702/1967
f 4120/4774/1967 3627/4756/1967 3680/4766/1967
f 2841/4775/1967 3771/4768/1967 4102/4769/1967
f 2841/4775/1967 4102/4769/1967 3696/4776/1967
f 4025/4777/1967 4038/4778/1967 4037/4771/1967
f 4025/4777/1967 4037/4771/1967 3779/4770/1967
f 3772/4779/1967 2841/4775/1967 3696/4776/1967
f 3772/4779/1967 3696/4776/1967 4101/4780/1967
f 3778/4781/1967 4039/4782/1967 4038/4778/1967
f 3778/4781/1967 4038/4778/1967 4025/4777/1967
f 2720/4783/1967 2719/4772/1967 4044/4773/1967
f 2720/4783/1967 4044/4773/1967 3763/4784/1967
f 3679/4785/1967 3627/4756/1967 4120/4774/1967
f 3777/4786/1967 4039/4782/1967 3778/4781/1967
f 2830/4787/1967 3772/4779/1967 4101/4780/1967
f 2830/4787/1967 4101/4780/1967 3695/4788/1967
f 2721/4789/1967 3763/4784/1967 4043/4790/1967
f 2721/4789/1967 2720/4783/1967 3763/4784/1967
f 3678/4791/1967 3627/4756/1967 3679/4785/1967
f 3773/4792/1967 2830/4787/1967 3695/4788/1967
f 4021/4793/1967 3773/4792/1967 3695/4788/1967
f 4021/4793/1967 3695/4788/1967 4100/4794/1967
f 4119/4795/1967 3627/4756/1967 3678/4791/1967
f 2722/4796/1967 4043/4790/1967 4042/4797/1967
f 2722/4796/1967 2721/4789/1967 4043/4790/1967
f 2723/4798/1967 4042/4797/1967 3762/4799/1967
f 2723/4798/1967 2722/4796/1967 4042/4797/1967
f 4118/4800/1967 3886/4801/1967 3627/4756/1967
f 4118/4800/1967 3627/4756/1967 4119/4795/1967
f 3677/4802/1967 3845/4803/1967 3626/4804/1967
f 3677/4802/1967 3626/4804/1967 3886/4801/1967
f 3677/4802/1967 3886/4801/1967 4118/4800/1967
f 3676/4805/1967 3845/4803/1967 3677/4802/1967
f 4117/4806/1967 3845/4803/1967 3676/4805/1967
f 4116/4807/1967 3845/4803/1967 4117/4806/1967
f 2852/4808/1967 4041/4809/1967 4040/4810/1967
f 2853/4811/1967 4040/4810/1967 3761/4812/1967
f 2853/4811/1967 2852/4808/1967 4040/4810/1967
f 3784/4813/1967 3762/4799/1967 4041/4809/1967
f 3784/4813/1967 2724/4814/1967 2723/4798/1967
f 3784/4813/1967 2723/4798/1967 3762/4799/1967
f 3784/4813/1967 4041/4809/1967 2852/4808/1967
f 2854/4815/1967 3761/4812/1967 3760/4816/1967
f 2854/4815/1967 2853/4811/1967 3761/4812/1967
f 2851/4817/1967 3671/4818/1967 2724/4814/1967
f 2851/4817/1967 2724/4814/1967 3784/4813/1967
f 3785/4819/1967 3760/4816/1967 4039/4782/1967
f 3785/4819/1967 4039/4782/1967 3777/4786/1967
f 3785/4819/1967 2854/4815/1967 3760/4816/1967
f 3783/4820/1967 3671/4818/1967 2851/4817/1967
f 3786/4821/1967 3777/4786/1967 4024/4822/1967
f 3786/4821/1967 3785/4819/1967 3777/4786/1967
f 2842/4823/1967 3671/4818/1967 3783/4820/1967
f 2842/4823/1967 4112/4824/1967 3671/4818/1967
f 2855/4825/1967 4024/4822/1967 3776/4826/1967
f 2855/4825/1967 3786/4821/1967 4024/4822/1967
f 2856/4827/1967 3776/4826/1967 3775/4828/1967
f 2856/4827/1967 2855/4825/1967 3776/4826/1967
f 4010/4829/1967 4113/4830/1967 4112/4824/1967
f 4010/4829/1967 3672/4831/1967 4113/4830/1967
f 4010/4829/1967 4112/4824/1967 2842/4823/1967
f 2857/4832/1967 2856/4827/1967 3775/4828/1967
f 2857/4832/1967 3775/4828/1967 4023/4833/1967
f 3797/4834/1967 3672/4831/1967 4010/4829/1967
f 3797/4834/1967 3673/4835/1967 3672/4831/1967
f 2858/4836/1967 2857/4832/1967 4023/4833/1967
f 2858/4836/1967 4023/4833/1967 3774/4837/1967
f 4009/4838/1967 3673/4835/1967 3797/4834/1967
f 4009/4838/1967 4114/4839/1967 3673/4835/1967
f 2859/4840/1967 3774/4837/1967 4022/4841/1967
f 2859/4840/1967 2858/4836/1967 3774/4837/1967
f 3796/4842/1967 4114/4839/1967 4009/4838/1967
f 2860/4843/1967 2859/4840/1967 4022/4841/1967
f 2860/4843/1967 4022/4841/1967 4021/4793/1967
f 4008/4844/1967 4114/4839/1967 3796/4842/1967
f 4008/4844/1967 4115/4845/1967 4114/4839/1967
f 4008/4844/1967 3674/4846/1967 4115/4845/1967
f 2861/4847/1967 2860/4843/1967 4021/4793/1967
f 2861/4847/1967 4021/4793/1967 4100/4794/1967
f 3795/4848/1967 3675/4849/1967 3674/4846/1967
f 3795/4848/1967 3674/4846/1967 4008/4844/1967
f 2862/4850/1967 2861/4847/1967 4100/4794/1967
f 2862/4850/1967 4099/4732/1967 3914/4016/1967
f 2862/4850/1967 4100/4794/1967 4099/4732/1967
f 3794/4851/1967 3675/4849/1967 3795/4848/1967
f 2863/4852/1967 2862/4850/1967 3914/4016/1967
f 4004/4853/1967 2863/4852/1967 3914/4016/1967
f 3175/4427/1980 3841/4854/1981 3845/4803/1967
f 3175/4427/1980 4116/4807/1967 3675/4849/1967
f 3175/4427/1980 3675/4849/1967 3794/4851/1967
f 3175/4427/1980 3845/4803/1967 4116/4807/1967
f 3175/4427/1980 4005/4855/1967 4004/4853/1967
f 3175/4427/1980 3787/4856/1967 4005/4855/1967
f 3175/4427/1980 3788/4857/1967 3787/4856/1967
f 3175/4427/1980 3789/4858/1967 3788/4857/1967
f 3175/4427/1980 3790/4859/1967 3789/4858/1967
f 3175/4427/1980 4006/4860/1967 3790/4859/1967
f 3175/4427/1980 4007/4861/1967 4006/4860/1967
f 3175/4427/1980 3791/4862/1967 4007/4861/1967
f 3175/4427/1980 3792/4863/1967 3791/4862/1967
f 3175/4427/1980 3793/4864/1967 3792/4863/1967
f 3175/4427/1980 3794/4851/1967 3793/4864/1967
f 3914/4016/1967 3175/4427/1980 4004/4853/1967
f 3193/4865/1978 3920/4866/1979 3815/4867/1979
f 3193/4865/1978 3815/4867/1979 3926/4868/1978
f 2930/4869/1982 2886/4870/1983 3816/4871/1983
f 2882/4872/1982 2886/4870/1983 2930/4869/1982
f 3817/4873/1984 3819/4874/1985 3818/4875/1985
f 3817/4873/1984 2937/4876/1984 3819/4874/1985
f 3821/4877/1986 2940/4878/1987 3871/4879/1987
f 3820/4880/1986 2940/4878/1987 3821/4877/1986
f 3964/4881/1986 3820/4880/1986 3821/4877/1986
f 3969/4882/1986 3824/4883/1988 3820/4880/1986
f 3822/4884/1986 3820/4880/1986 3964/4881/1986
f 3968/4885/1988 3969/4882/1986 3820/4880/1986
f 3965/4886/1986 3820/4880/1986 3822/4884/1986
f 3967/4887/1989 3968/4885/1988 3820/4880/1986
f 3966/4888/1988 3820/4880/1986 3965/4886/1986
f 3823/4889/1986 3967/4887/1989 3820/4880/1986
f 3823/4889/1986 3820/4880/1986 3966/4888/1988
f 3826/4890/1990 3825/4891/1991 3858/4892/1991
f 3826/4890/1990 3855/4893/1990 3825/4891/1991
f 3828/4894/1992 2919/4895/1992 3940/4896/1993
f 3829/4897/1994 2919/4895/1992 3828/4894/1992
f 3941/4898/1992 2919/4895/1992 3829/4897/1994
f 3830/4899/1992 2919/4895/1992 3941/4898/1992
f 3942/4900/1992 2919/4895/1992 3830/4899/1992
f 3943/4901/1992 2919/4895/1992 3942/4900/1992
f 3831/4902/1992 2919/4895/1992 3943/4901/1992
f 3832/4903/1994 2919/4895/1992 3831/4902/1992
f 2895/4904/1992 2919/4895/1992 3832/4903/1994
f 3827/4905/1995 2919/4895/1992 2895/4904/1992
f 3861/4906/1995 3827/4905/1995 2895/4904/1992
f 3413/4907/1996 3412/4908/1997 2977/4909/1998
f 3933/4910/1999 3413/4907/1996 2977/4909/1998
f 3839/4911/2000 3413/4907/1996 3933/4910/1999
f 3838/4912/1996 3839/4911/2000 3933/4910/1999
f 3837/4913/1996 3838/4912/1996 3933/4910/1999
f 3836/4914/1996 3933/4910/1999 2919/4915/2001
f 3836/4914/1996 3837/4913/1996 3933/4910/1999
f 3958/4916/1996 3836/4914/1996 2919/4915/2001
f 3835/4917/1996 3958/4916/1996 2919/4915/2001
f 3834/4918/1996 3835/4917/1996 2919/4915/2001
f 3957/4919/1996 3834/4918/1996 2919/4915/2001
f 3833/4920/1996 3957/4919/1996 2919/4915/2001
f 2918/4921/1996 3833/4920/1996 2919/4915/2001
f 3841/4922/1996 3190/4923/1998 3845/4924/1997
f 3963/4925/2002 3841/4922/1996 3944/4926/2003
f 3963/4925/2002 3944/4926/2003 3945/4927/1996
f 3963/4925/2002 3945/4927/1996 3842/4928/1996
f 3963/4925/2002 3842/4928/1996 3946/4929/1996
f 3963/4925/2002 3190/4923/1998 3841/4922/1996
f 3820/4930/2004 3946/4929/1996 3947/4931/1996
f 3820/4930/2004 3947/4931/1996 3843/4932/2005
f 3820/4930/2004 3843/4932/2005 3844/4933/1996
f 3820/4930/2004 3844/4933/1996 3948/4934/2006
f 3820/4930/2004 3948/4934/2006 3949/4935/2005
f 3820/4930/2004 3963/4925/2002 3946/4929/1996
f 3820/4930/2004 3949/4935/2005 3840/4936/2005
f 2971/4937/2007 3891/4938/2008 3887/4939/2008
f 3421/4940/2007 2971/4937/2007 3887/4939/2008
f 3846/4937/2009 3894/4941/2009 3908/4942/2010
f 3846/4937/2009 3908/4942/2010 2966/4938/2010
f 3915/4943/2009 3847/4944/2010 3636/4945/2010
f 3921/4946/2009 3915/4943/2009 3636/4945/2010
f 3927/4947/2007 3924/4948/2007 3849/4949/2008
f 3927/4947/2007 3849/4949/2008 3848/4950/2008
f 2883/4951/2011 2882/4952/1982 2930/4953/1982
f 2883/4951/2011 2930/4953/1982 2929/4954/2012
f 3850/4955/2013 2929/4954/2012 2928/4956/2013
f 3850/4955/2013 2883/4951/2011 2929/4954/2012
f 3851/4957/2014 2928/4956/2013 2927/4958/2014
f 3851/4957/2014 3850/4955/2013 2928/4956/2013
f 3852/4959/2015 2927/4958/2014 2926/4960/2015
f 3852/4959/2015 3851/4957/2014 2927/4958/2014
f 3853/4961/2016 2926/4960/2015 2925/4962/2017
f 3853/4961/2016 3852/4959/2015 2926/4960/2015
f 2884/4963/2018 2925/4962/2017 2924/4964/2018
f 2884/4963/2018 3853/4961/2016 2925/4962/2017
f 3854/4965/2019 2924/4964/2018 3857/4966/2019
f 3854/4965/2019 2884/4963/2018 2924/4964/2018
f 2885/4967/2020 3857/4966/2019 3856/4968/2021
f 2885/4967/2020 3854/4965/2019 3857/4966/2019
f 3826/4969/1990 3856/4968/2021 3855/4970/1990
f 3826/4969/1990 2885/4967/2020 3856/4968/2021
f 3825/4971/1991 2878/4972/2022 3858/4973/1991
f 3863/4974/2023 2879/4975/2024 2878/4972/2022
f 3863/4974/2023 2878/4972/2022 3825/4971/1991
f 2923/4976/2024 3859/4977/2025 2879/4975/2024
f 2923/4976/2024 2879/4975/2024 3863/4974/2023
f 2922/4978/2025 2880/4979/2026 3859/4977/2025
f 2922/4978/2025 3859/4977/2025 2923/4976/2024
f 2921/4980/2026 2881/4981/2027 2880/4979/2026
f 2921/4980/2026 2880/4979/2026 2922/4978/2025
f 2920/4982/2028 3860/4983/2029 2881/4981/2027
f 2920/4982/2028 2881/4981/2027 2921/4980/2026
f 3862/4984/2029 3861/4985/1995 3860/4983/2029
f 3862/4984/2029 3860/4983/2029 2920/4982/2028
f 3827/4986/1995 3861/4985/1995 3862/4984/2029
f 3864/4987/2030 3816/4988/1983 2886/4989/1983
f 3864/4987/2030 2886/4989/1983 3870/4990/2030
f 2931/4991/2031 3870/4990/2030 2889/4992/2031
f 2931/4991/2031 3864/4987/2030 3870/4990/2030
f 2932/4993/2032 2889/4992/2031 3869/4994/2032
f 2932/4993/2032 2931/4991/2031 2889/4992/2031
f 2933/4995/2033 3869/4994/2032 2888/4996/2033
f 2933/4995/2033 2932/4993/2032 3869/4994/2032
f 2934/4997/2034 2888/4996/2033 3868/4998/2034
f 2934/4997/2034 2933/4995/2033 2888/4996/2033
f 2935/4999/2035 3868/4998/2034 3867/5000/2035
f 2935/4999/2035 2934/4997/2034 3868/4998/2034
f 2936/5001/2036 3867/5000/2035 3866/5002/2036
f 2936/5001/2036 2935/4999/2035 3867/5000/2035
f 3865/5003/2037 3866/5002/2036 2887/5004/2037
f 3865/5003/2037 2936/5001/2036 3866/5002/2036
f 3819/4971/1985 2887/5004/2037 3818/4973/1985
f 3819/4971/1985 3865/5003/2037 2887/5004/2037
f 2940/5005/1987 2890/5006/2038 3871/5007/1987
f 3878/5008/2038 2890/5006/2038 2940/5005/1987
f 2939/5009/2039 3872/5010/2040 2890/5006/2038
f 2939/5009/2039 2890/5006/2038 3878/5008/2038
f 3877/5011/2041 3873/5012/2041 3872/5010/2040
f 3877/5011/2041 2891/5013/2042 3873/5012/2041
f 3877/5011/2041 3872/5010/2040 2939/5009/2039
f 2938/5014/2042 2892/5015/2043 2891/5013/2042
f 2938/5014/2042 2891/5013/2042 3877/5011/2041
f 3876/5016/2044 3874/5017/2045 2892/5015/2043
f 3876/5016/2044 2892/5015/2043 2938/5014/2042
f 3875/5018/2045 3817/5019/1984 3874/5017/2045
f 3875/5018/2045 3874/5017/2045 3876/5016/2044
f 2937/5020/1984 3817/5019/1984 3875/5018/2045
f 3882/5021/2046 3880/5022/1965 3879/5023/1965
f 3882/5021/2046 3424/5024/2046 3880/5022/1965
f 3881/5025/2047 3425/5026/2047 3424/5024/2046
f 3881/5025/2047 3424/5024/2046 3882/5021/2046
f 2977/5027/1998 3412/5028/1997 3425/5026/2047
f 2977/5027/1998 3425/5026/2047 3881/5025/2047
f 3886/5029/2046 3883/5030/1965 3627/5031/1965
f 3886/5029/2046 3884/5032/2046 3883/5030/1965
f 3626/5033/2047 3885/5034/2047 3884/5032/2046
f 3626/5033/2047 3190/5035/1998 3885/5034/2047
f 3626/5033/2047 3884/5032/2046 3886/5029/2046
f 3845/5036/1997 3190/5035/1998 3626/5033/2047
f 3422/5037/2048 3887/5038/2008 3891/5039/2008
f 3422/5037/2048 3891/5039/2008 2976/5040/2048
f 3423/5041/2049 2976/5040/2048 2975/5042/2049
f 3423/5041/2049 3422/5037/2048 2976/5040/2048
f 3888/5043/2050 2975/5042/2049 3893/5044/2050
f 3888/5043/2050 3423/5041/2049 2975/5042/2049
f 3889/5045/2051 3893/5044/2050 3892/5046/2051
f 3889/5045/2051 3888/5043/2050 3893/5044/2050
f 3890/2977/1966 3892/5046/2051 2974/2978/1966
f 3890/2977/1966 3889/5045/2051 3892/5046/2051
f 2970/5047/2052 3418/5048/1979 3897/5049/2052
f 2970/5047/2052 3898/2959/1979 3418/5048/1979
f 3899/5050/2053 3417/5051/2053 3896/5052/2054
f 3899/5050/2053 3897/5049/2052 3417/5051/2053
f 3899/5050/2053 2970/5047/2052 3897/5049/2052
f 3900/5053/2054 3896/5052/2054 3895/5054/2055
f 3900/5053/2054 3899/5050/2053 3896/5052/2054
f 3901/5055/2055 3895/5054/2055 3894/5056/2009
f 3901/5055/2055 3900/5053/2054 3895/5054/2055
f 3846/5039/2009 3901/5055/2055 3894/5056/2009
f 3624/2960/1978 3625/2959/1978 2973/5047/2056
f 3419/5057/2056 2973/5047/2056 3903/5050/2057
f 3419/5057/2056 3624/2960/1978 2973/5047/2056
f 3420/5058/2057 3419/5057/2056 3903/5050/2057
f 3904/5059/2058 3903/5050/2057 2972/5053/2058
f 3904/5059/2058 3420/5058/2057 3903/5050/2057
f 3905/5060/2059 2972/5053/2058 3902/5055/2059
f 3905/5060/2059 3904/5059/2058 2972/5053/2058
f 3421/5038/2007 3902/5055/2059 2971/5039/2007
f 3421/5038/2007 3905/5060/2059 3902/5055/2059
f 3906/5040/2060 2966/5039/2010 3908/5056/2010
f 3906/5040/2060 3908/5056/2010 3910/5061/2060
f 2967/5042/2061 3910/5061/2060 3416/5062/2061
f 2967/5042/2061 3906/5040/2060 3910/5061/2060
f 3907/5044/2062 3416/5062/2061 3909/5063/2062
f 3907/5044/2062 2967/5042/2061 3416/5062/2061
f 2968/5046/2063 3909/5063/2062 3415/5064/2063
f 2968/5046/2063 3907/5044/2062 3909/5063/2062
f 2969/2978/1971 3415/5064/2063 3186/5065/1971
f 2969/2978/1971 2968/5046/2063 3415/5064/2063
f 3911/5066/2060 3636/5067/2010 3847/5068/2010
f 3911/5066/2060 3847/5068/2010 3199/5069/2060
f 3637/5070/2061 3199/5069/2060 3198/5071/2061
f 3637/5070/2061 3911/5066/2060 3199/5069/2060
f 3912/5072/2062 3198/5071/2061 3197/5073/2062
f 3912/5072/2062 3637/5070/2061 3198/5071/2061
f 3913/5074/2063 3197/5073/2062 3196/5075/2063
f 3913/5074/2063 3912/5072/2062 3197/5073/2062
f 3914/5076/1971 3196/5075/2063 3174/5077/1971
f 3914/5076/1971 3913/5074/2063 3196/5075/2063
f 3922/5078/2052 3920/5079/1979 3919/5080/2052
f 3922/5078/2052 3815/5081/1979 3920/5079/1979
f 3634/5082/2053 3919/5080/2052 3918/5083/2053
f 3634/5082/2053 3922/5078/2052 3919/5080/2052
f 3923/5084/2054 3918/5083/2053 3917/5085/2054
f 3923/5084/2054 3634/5082/2053 3918/5083/2053
f 3635/5086/2055 3917/5085/2054 3916/5087/2055
f 3635/5086/2055 3923/5084/2054 3917/5085/2054
f 3921/5067/2009 3916/5087/2055 3915/5068/2009
f 3921/5067/2009 3635/5086/2055 3916/5087/2055
f 3193/2997/1978 3926/2998/1978 3633/5088/2056
f 3928/5089/2056 3633/5088/2056 3925/5090/2057
f 3928/5089/2056 3193/2997/1978 3633/5088/2056
f 3929/5091/2057 3925/5090/2057 3632/5092/2058
f 3929/5091/2057 3928/5089/2056 3925/5090/2057
f 3194/5093/2058 3632/5092/2058 3631/5094/2059
f 3194/5093/2058 3929/5091/2057 3632/5092/2058
f 3195/5095/2059 3631/5094/2059 3924/5096/2007
f 3195/5095/2059 3194/5093/2058 3631/5094/2059
f 3927/5097/2007 3195/5095/2059 3924/5096/2007
f 3930/5098/2048 3848/5097/2008 3849/5096/2008
f 3930/5098/2048 3849/5096/2008 3630/5099/2048
f 3931/5100/2049 3630/5099/2048 3629/5101/2049
f 3931/5100/2049 3930/5098/2048 3630/5099/2048
f 3191/5102/2050 3629/5101/2049 3932/5103/2050
f 3191/5102/2050 3931/5100/2049 3629/5101/2049
f 3192/5104/2051 3932/5103/2050 3628/5105/2051
f 3192/5104/2051 3191/5102/2050 3932/5103/2050
f 3410/3016/1966 3628/5105/2051 3411/3014/1966
f 3410/3016/1966 3192/5104/2051 3628/5105/2051
f 2894/5106/1938 2895/5107/1943 3832/5108/2064
f 3934/5109/2065 3832/5108/2064 3831/5110/2066
f 3934/5109/2065 2894/5106/1938 3832/5108/2064
f 3935/5111/2067 3831/5110/2066 3943/5112/2068
f 3935/5111/2067 3934/5109/2065 3831/5110/2066
f 3188/5113/2069 3943/5112/2068 3942/5114/2070
f 3188/5113/2069 3935/5111/2067 3943/5112/2068
f 3936/5115/2071 3942/5114/2070 3830/5116/2072
f 3936/5115/2071 3188/5113/2069 3942/5114/2070
f 3937/5117/2073 3830/5116/2072 3941/5118/2074
f 3937/5117/2073 3936/5115/2071 3830/5116/2072
f 3938/5119/2075 3941/5118/2074 3829/5120/2076
f 3938/5119/2075 3937/5117/2073 3941/5118/2074
f 3939/5121/2077 3829/5120/2076 3828/5122/2078
f 3939/5121/2077 3938/5119/2075 3829/5120/2076
f 3189/5123/2079 3828/5122/2078 3940/5124/2080
f 3189/5123/2079 3939/5121/2077 3828/5122/2078
f 3187/2942/1970 2919/5125/2081 3933/5126/1967
f 3187/2942/1970 3940/5124/2080 2919/5125/2081
f 3187/2942/1970 3189/5123/2079 3940/5124/2080
f 3180/5127/2082 3841/5128/1981 3175/5023/1980
f 3180/5127/2082 3944/5129/2083 3841/5128/1981
f 3952/5130/2084 3945/5131/2085 3944/5129/2083
f 3952/5130/2084 3944/5129/2083 3180/5127/2082
f 3179/5132/2086 3842/5133/2087 3945/5131/2085
f 3179/5132/2086 3945/5131/2085 3952/5130/2084
f 3178/5134/2088 3946/5135/2089 3842/5133/2087
f 3178/5134/2088 3842/5133/2087 3179/5132/2086
f 3951/5136/2090 3947/5137/2091 3946/5135/2089
f 3951/5136/2090 3843/5138/2092 3947/5137/2091
f 3951/5136/2090 3946/5135/2089 3178/5134/2088
f 3177/5139/2093 3844/5140/2094 3843/5138/2092
f 3177/5139/2093 3843/5138/2092 3951/5136/2090
f 3176/5141/2095 3948/5142/2096 3844/5140/2094
f 3176/5141/2095 3844/5140/2094 3177/5139/2093
f 3950/5143/2097 3949/5144/2098 3948/5142/2096
f 3950/5143/2097 3948/5142/2096 3176/5141/2095
f 2917/5106/1956 3840/5145/1963 3949/5144/2098
f 2917/5106/1956 3949/5144/2098 3950/5143/2097
f 3839/5146/2099 3414/5023/1976 3413/5147/1977
f 3839/5146/2099 3181/5127/2100 3414/5023/1976
f 3838/5148/2101 3182/5130/2102 3181/5127/2100
f 3838/5148/2101 3181/5127/2100 3839/5146/2099
f 3837/5149/2103 3183/5132/2104 3182/5130/2102
f 3837/5149/2103 3182/5130/2102 3838/5148/2101
f 3836/5150/2105 3184/5134/2106 3183/5132/2104
f 3836/5150/2105 3183/5132/2104 3837/5149/2103
f 3958/5151/2107 3953/5136/2108 3184/5134/2106
f 3958/5151/2107 3184/5134/2106 3836/5150/2105
f 3835/5152/2109 3954/5139/2110 3953/5136/2108
f 3835/5152/2109 3953/5136/2108 3958/5151/2107
f 3834/5153/2111 3955/5141/2112 3954/5139/2110
f 3834/5153/2111 3954/5139/2110 3835/5152/2109
f 3957/5154/2113 3185/5143/2114 3955/5141/2112
f 3957/5154/2113 3955/5141/2112 3834/5153/2111
f 3833/5155/2115 3956/5106/1951 3185/5143/2114
f 3833/5155/2115 3185/5143/2114 3957/5154/2113
f 2918/5156/1957 3956/5106/1951 3833/5155/2115
f 3821/5157/1949 2893/5106/1944 3173/5109/2116
f 3964/5158/2117 3821/5157/1949 3173/5109/2116
f 3822/5159/2118 3173/5109/2116 3962/5111/2119
f 3822/5159/2118 3964/5158/2117 3173/5109/2116
f 3965/5160/2120 3962/5111/2119 3961/5113/2121
f 3965/5160/2120 3822/5159/2118 3962/5111/2119
f 3966/5161/2122 3961/5113/2121 3960/5115/2123
f 3966/5161/2122 3965/5160/2120 3961/5113/2121
f 3823/5162/2124 3960/5115/2123 3172/5117/2125
f 3823/5162/2124 3966/5161/2122 3960/5115/2123
f 3967/5163/2126 3172/5117/2125 3959/5119/2127
f 3967/5163/2126 3823/5162/2124 3172/5117/2125
f 3968/5164/2128 3959/5119/2127 3171/5121/2129
f 3968/5164/2128 3967/5163/2126 3959/5119/2127
f 3969/5165/2130 3171/5121/2129 3170/5123/2131
f 3969/5165/2130 3968/5164/2128 3171/5121/2129
f 3824/5166/2132 3170/5123/2131 3200/2942/1973
f 3824/5166/2132 3969/5165/2130 3170/5123/2131
f 3820/5167/2133 3824/5166/2132 3200/2942/1973
f 3963/5168/1972 3820/5167/2133 3200/2942/1973
f 3970/5169/2134 3979/5170/1926 3401/5171/1926
f 3970/5169/2134 3991/5172/2134 3979/5170/1926
f 3402/5173/2135 3990/5174/2135 3991/5172/2134
f 3402/5173/2135 3991/5172/2134 3970/5169/2134
f 3971/5175/2136 3989/5176/2136 3990/5174/2135
f 3971/5175/2136 3990/5174/2135 3402/5173/2135
f 3403/5177/2137 3988/5178/2137 3989/5176/2136
f 3403/5177/2137 3989/5176/2136 3971/5175/2136
f 3972/5179/2138 3987/5180/2138 3988/5178/2137
f 3972/5179/2138 3988/5178/2137 3403/5177/2137
f 3973/5181/2139 3814/5182/2139 3987/5180/2138
f 3973/5181/2139 3987/5180/2138 3972/5179/2138
f 3404/5183/2140 3813/5184/2140 3814/5182/2139
f 3404/5183/2140 3814/5182/2139 3973/5181/2139
f 3974/5185/2141 3986/5186/2141 3813/5184/2140
f 3974/5185/2141 3813/5184/2140 3404/5183/2140
f 3405/5187/1952 3811/5188/2142 3812/5189/1952
f 3405/5187/1952 3812/5189/1952 3986/5186/2141
f 3405/5187/1952 3986/5186/2141 3974/5185/2141
f 3975/5190/2142 3811/5188/2142 3405/5187/1952
f 3976/5191/2143 3985/5192/2143 3811/5188/2142
f 3976/5191/2143 3811/5188/2142 3975/5190/2142
f 3406/5193/2144 3984/5194/2144 3985/5192/2143
f 3406/5193/2144 3985/5192/2143 3976/5191/2143
f 3407/5195/2145 3983/5196/2145 3984/5194/2144
f 3407/5195/2145 3984/5194/2144 3406/5193/2144
f 3977/5197/2146 3810/5198/2146 3983/5196/2145
f 3977/5197/2146 3983/5196/2145 3407/5195/2145
f 3408/5199/2147 3810/5198/2146 3977/5197/2146
f 3408/5199/2147 3981/5200/2148 3982/5201/2147
f 3408/5199/2147 3982/5201/2147 3810/5198/2146
f 3978/5202/2148 3981/5200/2148 3408/5199/2147
f 3409/5203/2149 3981/5200/2148 3978/5202/2148
f 3409/5203/2149 3809/2980/1909 3980/5204/2149
f 3409/5203/2149 3980/5204/2149 3981/5200/2148
f 2864/2981/1909 3809/2980/1909 3409/5203/2149
f 3992/5169/2134 2842/5170/1926 3385/5171/1926
f 3992/5169/2134 4010/5172/2134 2842/5170/1926
f 3993/5173/2135 3797/5174/2135 4010/5172/2134
f 3993/5173/2135 4010/5172/2134 3992/5169/2134
f 3994/5175/2136 4009/5176/2136 3797/5174/2135
f 3994/5175/2136 3797/5174/2135 3993/5173/2135
f 3386/5177/2150 3796/5178/2137 4009/5176/2136
f 3386/5177/2150 4009/5176/2136 3994/5175/2136
f 3995/5179/2151 4008/5180/2151 3796/5178/2137
f 3995/5179/2151 3796/5178/2137 3386/5177/2150
f 3996/5181/2139 3795/5182/2139 4008/5180/2151
f 3996/5181/2139 4008/5180/2151 3995/5179/2151
f 3997/5183/2152 3794/5184/2152 3795/5182/2139
f 3997/5183/2152 3795/5182/2139 3996/5181/2139
f 3998/5185/2153 3793/5186/2153 3794/5184/2152
f 3998/5185/2153 3794/5184/2152 3997/5183/2152
f 3999/5187/1952 3791/5188/2154 3792/5189/1952
f 3999/5187/1952 3792/5189/1952 3793/5186/2153
f 3999/5187/1952 3793/5186/2153 3998/5185/2153
f 3387/5190/2154 3791/5188/2154 3999/5187/1952
f 3388/5191/2155 4007/5192/2155 3791/5188/2154
f 3388/5191/2155 3791/5188/2154 3387/5190/2154
f 4000/5193/2144 4006/5194/2144 4007/5192/2155
f 4000/5193/2144 4007/5192/2155 3388/5191/2155
f 4001/5195/2156 3790/5196/2156 4006/5194/2144
f 4001/5195/2156 4006/5194/2144 4000/5193/2144
f 4002/5197/2157 3789/5198/2146 3790/5196/2156
f 4002/5197/2157 3790/5196/2156 4001/5195/2156
f 3389/5199/2147 3789/5198/2146 4002/5197/2157
f 3389/5199/2147 3787/5200/2148 3788/5201/2147
f 3389/5199/2147 3788/5201/2147 3789/5198/2146
f 4003/5202/2148 3787/5200/2148 3389/5199/2147
f 3390/5203/2149 3787/5200/2148 4003/5202/2148
f 3390/5203/2149 4004/2980/1909 4005/5204/2149
f 3390/5203/2149 4005/5204/2149 3787/5200/2148
f 2843/2981/1909 4004/2980/1909 3390/5203/2149
f 4011/5169/2158 2820/5170/1926 3367/5171/1926
f 4011/5169/2158 3782/5172/2158 2820/5170/1926
f 4012/5173/2135 3781/5174/2135 3782/5172/2158
f 4012/5173/2135 3782/5172/2158 4011/5169/2158
f 3368/5175/2136 4027/5176/2136 3781/5174/2135
f 3368/5175/2136 3781/5174/2135 4012/5173/2135
f 3369/5177/2137 3780/5178/2137 4027/5176/2136
f 3369/5177/2137 4027/5176/2136 3368/5175/2136
f 3370/5179/2138 4026/5180/2138 3780/5178/2137
f 3370/5179/2138 3780/5178/2137 3369/5177/2137
f 4013/5181/2139 3779/5182/2139 4026/5180/2138
f 4013/5181/2139 4026/5180/2138 3370/5179/2138
f 3371/5183/2140 4025/5184/2140 3779/5182/2139
f 3371/5183/2140 3779/5182/2139 4013/5181/2139
f 4014/5185/2153 3778/5186/2153 4025/5184/2140
f 4014/5185/2153 4025/5184/2140 3371/5183/2140
f 4015/5187/1952 4024/5188/2154 3777/5189/1952
f 4015/5187/1952 3777/5189/1952 3778/5186/2153
f 4015/5187/1952 3778/5186/2153 4014/5185/2153
f 4016/5190/2154 4024/5188/2154 4015/5187/1952
f 4017/5191/2143 3776/5192/2143 4024/5188/2154
f 4017/5191/2143 4024/5188/2154 4016/5190/2154
f 4018/5193/2144 3775/5194/2144 3776/5192/2143
f 4018/5193/2144 3776/5192/2143 4017/5191/2143
f 3372/5195/2145 4023/5196/2145 3775/5194/2144
f 3372/5195/2145 3775/5194/2144 4018/5193/2144
f 4019/5197/2146 3774/5198/2146 4023/5196/2145
f 4019/5197/2146 4023/5196/2145 3372/5195/2145
f 4020/5199/2147 3774/5198/2146 4019/5197/2146
f 4020/5199/2147 4021/5200/2148 4022/5201/2147
f 4020/5199/2147 4022/5201/2147 3774/5198/2146
f 3373/5202/2148 4021/5200/2148 4020/5199/2147
f 3374/5203/2159 4021/5200/2148 3373/5202/2148
f 3374/5203/2159 2830/2980/1909 3773/5204/2159
f 3374/5203/2159 3773/5204/2159 4021/5200/2148
f 3358/2981/1909 2830/2980/1909 3374/5203/2159
f 4029/5169/2158 2799/5170/1926 4028/5171/1926
f 4029/5169/2158 3766/5172/2158 2799/5170/1926
f 4030/5173/2135 4045/5174/2135 3766/5172/2158
f 4030/5173/2135 3766/5172/2158 4029/5169/2158
f 4031/5175/2136 3765/5176/2136 4045/5174/2135
f 4031/5175/2136 4045/5174/2135 4030/5173/2135
f 4032/5177/2150 3764/5178/2150 3765/5176/2136
f 4032/5177/2150 3765/5176/2136 4031/5175/2136
f 4033/5179/2151 4044/5180/2151 3764/5178/2150
f 4033/5179/2151 3764/5178/2150 4032/5177/2150
f 3348/5181/2139 3763/5182/2139 4044/5180/2151
f 3348/5181/2139 4044/5180/2151 4033/5179/2151
f 3349/5183/2152 4043/5184/2152 3763/5182/2139
f 3349/5183/2152 3763/5182/2139 3348/5181/2139
f 4034/5185/2153 4042/5186/2153 4043/5184/2152
f 4034/5185/2153 4043/5184/2152 3349/5183/2152
f 3350/5187/1952 4041/5188/2154 3762/5189/1952
f 3350/5187/1952 3762/5189/1952 4042/5186/2153
f 3350/5187/1952 4042/5186/2153 4034/5185/2153
f 3351/5190/2154 4041/5188/2154 3350/5187/1952
f 3352/5191/2155 4040/5192/2155 4041/5188/2154
f 3352/5191/2155 4041/5188/2154 3351/5190/2154
f 3353/5193/2144 3761/5194/2144 4040/5192/2155
f 3353/5193/2144 4040/5192/2155 3352/5191/2155
f 3354/5195/2156 3760/5196/2156 3761/5194/2144
f 3354/5195/2156 3761/5194/2144 3353/5193/2144
f 3355/5197/2157 4039/5198/2157 3760/5196/2156
f 3355/5197/2157 3760/5196/2156 3354/5195/2156
f 4035/5199/2147 4039/5198/2157 3355/5197/2157
f 4035/5199/2147 4037/5200/2148 4038/5201/2147
f 4035/5199/2147 4038/5201/2147 4039/5198/2157
f 3356/5202/2148 4037/5200/2148 4035/5199/2147
f 3357/5203/2159 4037/5200/2148 3356/5202/2148
f 3357/5203/2159 2809/2980/1909 4036/5204/2159
f 3357/5203/2159 4036/5204/2159 4037/5200/2148
f 3339/2981/1909 2809/2980/1909 3357/5203/2159
f 3332/5169/2158 2778/5170/1926 4046/5171/1926
f 3332/5169/2158 3752/5172/2158 2778/5170/1926
f 4047/5173/2135 3751/5174/2135 3752/5172/2158
f 4047/5173/2135 3752/5172/2158 3332/5169/2158
f 4048/5175/2136 3750/5176/2136 3751/5174/2135
f 4048/5175/2136 3751/5174/2135 4047/5173/2135
f 4049/5177/2137 4063/5178/2137 3750/5176/2136
f 4049/5177/2137 3750/5176/2136 4048/5175/2136
f 4050/5179/2138 3749/5180/2138 4063/5178/2137
f 4050/5179/2138 4063/5178/2137 4049/5177/2137
f 3333/5181/2139 4062/5182/2139 3749/5180/2138
f 3333/5181/2139 3749/5180/2138 4050/5179/2138
f 3334/5183/2140 3748/5184/2140 4062/5182/2139
f 3334/5183/2140 4062/5182/2139 3333/5181/2139
f 4051/5185/2153 4061/5186/2153 3748/5184/2140
f 4051/5185/2153 3748/5184/2140 3334/5183/2140
f 3335/5187/1952 3747/5188/2154 4060/5189/1952
f 3335/5187/1952 4060/5189/1952 4061/5186/2153
f 3335/5187/1952 4061/5186/2153 4051/5185/2153
f 4052/5190/2154 3747/5188/2154 3335/5187/1952
f 4053/5191/2143 3746/5192/2143 3747/5188/2154
f 4053/5191/2143 3747/5188/2154 4052/5190/2154
f 3336/5193/2144 3745/5194/2144 3746/5192/2143
f 3336/5193/2144 3746/5192/2143 4053/5191/2143
f 4054/5195/2145 3744/5196/2145 3745/5194/2144
f 4054/5195/2145 3745/5194/2144 3336/5193/2144
f 3337/5197/2146 3743/5198/2146 3744/5196/2145
f 3337/5197/2146 3744/5196/2145 4054/5195/2145
f 4055/5199/2147 3743/5198/2146 3337/5197/2146
f 4055/5199/2147 4058/5200/2148 4059/5201/2147
f 4055/5199/2147 4059/5201/2147 3743/5198/2146
f 4056/5202/2148 4058/5200/2148 4055/5199/2147
f 3338/5203/2159 4058/5200/2148 4056/5202/2148
f 3338/5203/2159 3742/2980/1909 4057/5204/2159
f 3338/5203/2159 4057/5204/2159 4058/5200/2148
f 2779/2981/1909 3742/2980/1909 3338/5203/2159
f 3315/5169/2134 4073/5170/1926 3314/5171/1926
f 3315/5169/2134 4080/5172/2134 4073/5170/1926
f 3316/5173/2135 4079/5174/2135 4080/5172/2134
f 3316/5173/2135 4080/5172/2134 3315/5169/2134
f 4064/5175/2136 4078/5176/2136 4079/5174/2135
f 4064/5175/2136 4079/5174/2135 3316/5173/2135
f 3317/5177/2150 4077/5178/2150 4078/5176/2136
f 3317/5177/2150 4078/5176/2136 4064/5175/2136
f 4065/5179/2151 3734/5180/2151 4077/5178/2150
f 4065/5179/2151 4077/5178/2150 3317/5177/2150
f 4066/5181/2139 3733/5182/2139 3734/5180/2151
f 4066/5181/2139 3734/5180/2151 4065/5179/2151
f 3318/5183/2152 3732/5184/2152 3733/5182/2139
f 3318/5183/2152 3733/5182/2139 4066/5181/2139
f 3319/5185/2153 4076/5186/2153 3732/5184/2152
f 3319/5185/2153 3732/5184/2152 3318/5183/2152
f 4067/5187/1952 3730/5188/2154 3731/5189/1952
f 4067/5187/1952 3731/5189/1952 4076/5186/2153
f 4067/5187/1952 4076/5186/2153 3319/5185/2153
f 3320/5190/2154 3730/5188/2154 4067/5187/1952
f 3321/5191/2155 3729/5192/2155 3730/5188/2154
f 3321/5191/2155 3730/5188/2154 3320/5190/2154
f 3322/5193/2144 3728/5194/2144 3729/5192/2155
f 3322/5193/2144 3729/5192/2155 3321/5191/2155
f 4068/5195/2156 4075/5196/2156 3728/5194/2144
f 4068/5195/2156 3728/5194/2144 3322/5193/2144
f 4069/5197/2157 3727/5198/2157 4075/5196/2156
f 4069/5197/2157 4075/5196/2156 4068/5195/2156
f 4070/5199/2147 3727/5198/2157 4069/5197/2157
f 4070/5199/2147 3725/5200/2148 3726/5201/2147
f 4070/5199/2147 3726/5201/2147 3727/5198/2157
f 3323/5202/2148 3725/5200/2148 4070/5199/2147
f 4071/5203/2149 3725/5200/2148 3323/5202/2148
f 4071/5203/2149 2768/2980/1909 4074/5204/2149
f 4071/5203/2149 4074/5204/2149 3725/5200/2148
f 4072/2981/1909 2768/2980/1909 4071/5203/2149
f 4081/5169/2134 4087/5170/1926 3292/5171/1926
f 4081/5169/2134 4094/5172/2134 4087/5170/1926
f 4082/5173/2135 4093/5174/2135 4094/5172/2134
f 4082/5173/2135 4094/5172/2134 4081/5169/2134
f 3293/5175/2136 3716/5176/2136 4093/5174/2135
f 3293/5175/2136 4093/5174/2135 4082/5173/2135
f 3294/5177/2150 3715/5178/2150 3716/5176/2136
f 3294/5177/2150 3716/5176/2136 3293/5175/2136
f 3295/5179/2138 3714/5180/2138 3715/5178/2150
f 3295/5179/2138 3715/5178/2150 3294/5177/2150
f 3296/5181/2139 3713/5182/2139 3714/5180/2138
f 3296/5181/2139 3714/5180/2138 3295/5179/2138
f 3297/5183/2140 4092/5184/2140 3713/5182/2139
f 3297/5183/2140 3713/5182/2139 3296/5181/2139
f 3298/5185/2153 4091/5186/2153 4092/5184/2140
f 3298/5185/2153 4092/5184/2140 3297/5183/2140
f 3299/5187/1952 3711/5188/2154 3712/5189/1952
f 3299/5187/1952 3712/5189/1952 4091/5186/2153
f 3299/5187/1952 4091/5186/2153 3298/5185/2153
f 3300/5190/2154 3711/5188/2154 3299/5187/1952
f 4083/5191/2143 4090/5192/2143 3711/5188/2154
f 4083/5191/2143 3711/5188/2154 3300/5190/2154
f 3301/5193/2144 3710/5194/2144 4090/5192/2143
f 3301/5193/2144 4090/5192/2143 4083/5191/2143
f 4084/5195/2145 3709/5196/2145 3710/5194/2144
f 4084/5195/2145 3710/5194/2144 3301/5193/2144
f 3302/5197/2157 4089/5198/2157 3709/5196/2145
f 3302/5197/2157 3709/5196/2145 4084/5195/2145
f 3303/5199/2147 4089/5198/2157 3302/5197/2157
f 3303/5199/2147 3708/5200/2148 4088/5201/2147
f 3303/5199/2147 4088/5201/2147 4089/5198/2157
f 3304/5202/2148 3708/5200/2148 3303/5199/2147
f 4085/5203/2149 3708/5200/2148 3304/5202/2148
f 4085/5203/2149 3706/2980/1909 3707/5204/2159
f 4085/5203/2149 3707/5204/2159 3708/5200/2148
f 4086/2981/1909 3706/2980/1909 4085/5203/2149
f 4095/5169/2134 2725/5170/1926 2726/5171/1926
f 4095/5169/2134 4108/5172/2134 2725/5170/1926
f 3271/5173/2135 4107/5174/2135 4108/5172/2134
f 3271/5173/2135 4108/5172/2134 4095/5169/2134
f 3272/5175/2136 4106/5176/2136 4107/5174/2135
f 3272/5175/2136 4107/5174/2135 3271/5173/2135
f 3273/5177/2150 3700/5178/2137 4106/5176/2136
f 3273/5177/2150 4106/5176/2136 3272/5175/2136
f 3274/5179/2151 3699/5180/2151 3700/5178/2137
f 3274/5179/2151 3700/5178/2137 3273/5177/2150
f 3275/5181/2139 4105/5182/2139 3699/5180/2151
f 3275/5181/2139 3699/5180/2151 3274/5179/2151
f 3276/5183/2152 3698/5184/2152 4105/5182/2139
f 3276/5183/2152 4105/5182/2139 3275/5181/2139
f 3277/5185/2153 4104/5186/2153 3698/5184/2152
f 3277/5185/2153 3698/5184/2152 3276/5183/2152
f 3278/5187/1952 4103/5188/2154 3697/5189/1952
f 3278/5187/1952 3697/5189/1952 4104/5186/2153
f 3278/5187/1952 4104/5186/2153 3277/5185/2153
f 3279/5190/2154 4103/5188/2154 3278/5187/1952
f 4096/5191/2155 4102/5192/2155 4103/5188/2154
f 4096/5191/2155 4103/5188/2154 3279/5190/2154
f 3280/5193/2144 3696/5194/2144 4102/5192/2155
f 3280/5193/2144 4102/5192/2155 4096/5191/2155
f 4097/5195/2156 4101/5196/2156 3696/5194/2144
f 4097/5195/2156 3696/5194/2144 3280/5193/2144
f 3281/5197/2157 3695/5198/2146 4101/5196/2156
f 3281/5197/2157 4101/5196/2156 4097/5195/2156
f 4098/5199/2147 3695/5198/2146 3281/5197/2157
f 4098/5199/2147 4099/5200/2148 4100/5201/2147
f 4098/5199/2147 4100/5201/2147 3695/5198/2146
f 3282/5202/2148 4099/5200/2148 4098/5199/2147
f 3283/5203/2149 4099/5200/2148 3282/5202/2148
f 3283/5203/2149 3693/2980/1909 3694/5204/2149
f 3283/5203/2149 3694/5204/2149 4099/5200/2148
f 3260/2981/1909 3693/2980/1909 3283/5203/2149
f 3245/5169/2134 4111/5170/1926 3244/5171/1926
f 3245/5169/2134 3680/5172/2134 4111/5170/1926
f 4109/5173/2135 4120/5174/2135 3680/5172/2134
f 4109/5173/2135 3680/5172/2134 3245/5169/2134
f 3246/5175/2136 3679/5176/2136 4120/5174/2135
f 3246/5175/2136 4120/5174/2135 4109/5173/2135
f 3247/5177/2150 3678/5178/2150 3679/5176/2136
f 3247/5177/2150 3679/5176/2136 3246/5175/2136
f 3248/5179/2151 4119/5180/2151 3678/5178/2150
f 3248/5179/2151 3678/5178/2150 3247/5177/2150
f 3249/5181/2139 4118/5182/2139 4119/5180/2151
f 3249/5181/2139 4119/5180/2151 3248/5179/2151
f 3250/5183/2152 3677/5184/2152 4118/5182/2139
f 3250/5183/2152 4118/5182/2139 3249/5181/2139
f 3251/5185/2153 3676/5186/2153 3677/5184/2152
f 3251/5185/2153 3677/5184/2152 3250/5183/2152
f 3252/5187/1952 4116/5188/2154 4117/5189/1952
f 3252/5187/1952 4117/5189/1952 3676/5186/2153
f 3252/5187/1952 3676/5186/2153 3251/5185/2153
f 3253/5190/2154 4116/5188/2154 3252/5187/1952
f 3254/5191/2155 3675/5192/2155 4116/5188/2154
f 3254/5191/2155 4116/5188/2154 3253/5190/2154
f 4110/5193/2144 3674/5194/2144 3675/5192/2155
f 4110/5193/2144 3675/5192/2155 3254/5191/2155
f 3255/5195/2156 4115/5196/2156 3674/5194/2144
f 3255/5195/2156 3674/5194/2144 4110/5193/2144
f 3256/5197/2157 4114/5198/2157 4115/5196/2156
f 3256/5197/2157 4115/5196/2156 3255/5195/2156
f 3257/5199/2147 4114/5198/2157 3256/5197/2157
f 3257/5199/2147 3672/5200/2148 3673/5201/2147
f 3257/5199/2147 3673/5201/2147 4114/5198/2157
f 3258/5202/2148 3672/5200/2148 3257/5199/2147
f 3259/5203/2149 3672/5200/2148 3258/5202/2148
f 3259/5203/2149 4112/2980/1909 4113/5204/2149
f 3259/5203/2149 4113/5204/2149 3672/5200/2148
f 2705/2981/1909 4112/2980/1909 3259/5203/2149
f 3227/5169/2134 2686/5170/1926 2687/5171/1926
f 3227/5169/2134 3664/5172/2134 2686/5170/1926
f 4121/5173/2135 3663/5174/2135 3664/5172/2134
f 4121/5173/2135 3664/5172/2134 3227/5169/2134
f 4122/5175/2136 4139/5176/2136 3663/5174/2135
f 4122/5175/2136 3663/5174/2135 4121/5173/2135
f 3228/5177/2137 4138/5178/2137 4139/5176/2136
f 3228/5177/2137 4139/5176/2136 4122/5175/2136
f 3229/5179/2138 4137/5180/2138 4138/5178/2137
f 3229/5179/2138 4138/5178/2137 3228/5177/2137
f 3230/5181/2139 4136/5182/2139 4137/5180/2138
f 3230/5181/2139 4137/5180/2138 3229/5179/2138
f 3231/5183/2140 4135/5184/2140 4136/5182/2139
f 3231/5183/2140 4136/5182/2139 3230/5181/2139
f 3232/5185/2153 4134/5186/2153 4135/5184/2140
f 3232/5185/2153 4135/5184/2140 3231/5183/2140
f 3233/5187/1952 3661/5188/2154 3662/5189/1952
f 3233/5187/1952 3662/5189/1952 4134/5186/2153
f 3233/5187/1952 4134/5186/2153 3232/5185/2153
f 3234/5190/2154 3661/5188/2154 3233/5187/1952
f 3235/5191/2143 3660/5192/2143 3661/5188/2154
f 3235/5191/2143 3661/5188/2154 3234/5190/2154
f 4123/5193/2144 4133/5194/2144 3660/5192/2143
f 4123/5193/2144 3660/5192/2143 3235/5191/2143
f 4124/5195/2145 3659/5196/2145 4133/5194/2144
f 4124/5195/2145 4133/5194/2144 4123/5193/2144
f 4125/5197/2146 4132/5198/2146 3659/5196/2145
f 4125/5197/2146 3659/5196/2145 4124/5195/2145
f 4126/5199/2147 4132/5198/2146 4125/5197/2146
f 4126/5199/2147 4131/5200/2148 3658/5201/2147
f 4126/5199/2147 3658/5201/2147 4132/5198/2146
f 4127/5202/2148 4131/5200/2148 4126/5199/2147
f 4128/5203/2149 4131/5200/2148 4127/5202/2148
f 4128/5203/2149 2696/2980/1909 4130/5204/2149
f 4128/5203/2149 4130/5204/2149 4131/5200/2148
f 4129/2981/1909 2696/2980/1909 4128/5203/2149
f 4141/5169/2134 2665/5170/1926 4140/5171/1926
f 4141/5169/2134 4162/5172/2134 2665/5170/1926
f 4142/5173/2135 3648/5174/2135 4162/5172/2134
f 4142/5173/2135 4162/5172/2134 4141/5169/2134
f 4143/5175/2136 4161/5176/2136 3648/5174/2135
f 4143/5175/2136 3648/5174/2135 4142/5173/2135
f 4144/5177/2137 3647/5178/2137 4161/5176/2136
f 4144/5177/2137 4161/5176/2136 4143/5175/2136
f 4145/5179/2138 3646/5180/2138 3647/5178/2137
f 4145/5179/2138 3647/5178/2137 4144/5177/2137
f 4146/5181/2139 4160/5182/2139 3646/5180/2138
f 4146/5181/2139 3646/5180/2138 4145/5179/2138
f 3211/5183/2140 3645/5184/2140 4160/5182/2139
f 3211/5183/2140 4160/5182/2139 4146/5181/2139
f 3212/5185/2141 4159/5186/2141 3645/5184/2140
f 3212/5185/2141 3645/5184/2140 3211/5183/2140
f 4147/5187/1952 4157/5188/2142 4158/5189/1952
f 4147/5187/1952 4158/5189/1952 4159/5186/2141
f 4147/5187/1952 4159/5186/2141 3212/5185/2141
f 3213/5190/2142 4157/5188/2142 4147/5187/1952
f 4148/5191/2143 4156/5192/2143 4157/5188/2142
f 4148/5191/2143 4157/5188/2142 3213/5190/2142
f 3214/5193/2144 3644/5194/2144 4156/5192/2143
f 3214/5193/2144 4156/5192/2143 4148/5191/2143
f 4149/5195/2145 3643/5196/2145 3644/5194/2144
f 4149/5195/2145 3644/5194/2144 3214/5193/2144
f 4150/5197/2146 4155/5198/2146 3643/5196/2145
f 4150/5197/2146 3643/5196/2145 4149/5195/2145
f 3215/5199/2147 4155/5198/2146 4150/5197/2146
f 3215/5199/2147 4153/5200/2148 4154/5201/2147
f 3215/5199/2147 4154/5201/2147 4155/5198/2146
f 3216/5202/2148 4153/5200/2148 3215/5199/2147
f 3217/5203/2149 4153/5200/2148 3216/5202/2148
f 3217/5203/2149 3642/2980/1909 4152/5204/2149
f 3217/5203/2149 4152/5204/2149 4153/5200/2148
f 4151/2981/1909 3642/2980/1909 3217/5203/2149
f 4164/5205/2134 3163/5023/1926 4163/5206/1926
f 4164/5205/2134 4178/5127/2134 3163/5023/1926
f 4165/5207/2135 4179/5130/2135 4178/5127/2134
f 4165/5207/2135 4178/5127/2134 4164/5205/2134
f 4166/5208/2136 4180/5132/2136 4179/5130/2135
f 4166/5208/2136 4179/5130/2135 4165/5207/2135
f 4167/5209/2137 4181/5134/2137 4180/5132/2136
f 4167/5209/2137 4180/5132/2136 4166/5208/2136
f 4168/5210/2138 3164/5136/2138 4181/5134/2137
f 4168/5210/2138 4182/5139/2139 3164/5136/2138
f 4168/5210/2138 4181/5134/2137 4167/5209/2137
f 3615/5211/2139 4182/5139/2139 4168/5210/2138
f 4169/5212/2140 4183/5141/2140 4182/5139/2139
f 4169/5212/2140 4184/5143/2141 4183/5141/2140
f 4169/5212/2140 4182/5139/2139 3615/5211/2139
f 4170/5213/2141 3165/5106/1952 4184/5143/2141
f 4170/5213/2141 4184/5143/2141 4169/5212/2140
f 4171/5214/1952 3165/5106/1952 4170/5213/2141
f 4172/5215/2142 4185/5109/2142 3165/5106/1952
f 4172/5215/2142 3165/5106/1952 4171/5214/1952
f 4173/5216/2143 3166/5111/2143 4185/5109/2142
f 4173/5216/2143 4185/5109/2142 4172/5215/2142
f 3616/5217/2144 3167/5113/2144 3166/5111/2143
f 3616/5217/2144 3166/5111/2143 4173/5216/2143
f 3617/5218/2145 4186/5115/2145 3167/5113/2144
f 3617/5218/2145 4187/5117/2146 4186/5115/2145
f 3617/5218/2145 3167/5113/2144 3616/5217/2144
f 3618/5219/2146 4187/5117/2146 3617/5218/2145
f 4174/5220/2147 4187/5117/2146 3618/5219/2146
f 4174/5220/2147 4188/5119/2147 4187/5117/2146
f 4175/5221/2148 4188/5119/2147 4174/5220/2147
f 4175/5221/2148 3168/5121/2148 4188/5119/2147
f 4176/5222/2149 3168/5121/2148 4175/5221/2148
f 4176/5222/2149 3169/5123/2149 3168/5121/2148
f 4176/5222/2149 3155/2942/1909 3169/5123/2149
f 4177/2943/1909 3155/2942/1909 4176/5222/2149
f 3594/5205/2134 3148/5023/1926 2622/5206/1926
f 3594/5205/2134 4195/5127/2134 3148/5023/1926
f 3595/5207/2135 3149/5130/2135 4195/5127/2134
f 3595/5207/2135 4195/5127/2134 3594/5205/2134
f 3596/5208/2136 4196/5132/2136 3149/5130/2135
f 3596/5208/2136 3150/5134/2150 4196/5132/2136
f 3596/5208/2136 3149/5130/2135 3595/5207/2135
f 3597/5209/2137 3150/5134/2150 3596/5208/2136
f 3598/5210/2151 3151/5136/2151 3150/5134/2150
f 3598/5210/2151 3150/5134/2150 3597/5209/2137
f 4189/5211/2139 4197/5139/2139 3151/5136/2151
f 4189/5211/2139 3151/5136/2151 3598/5210/2151
f 3599/5212/2152 4198/5141/2152 4197/5139/2139
f 3599/5212/2152 4197/5139/2139 4189/5211/2139
f 3600/5213/2153 4199/5143/2153 4198/5141/2152
f 3600/5213/2153 4198/5141/2152 3599/5212/2152
f 4190/5214/1952 3152/5106/1952 4199/5143/2153
f 4190/5214/1952 4199/5143/2153 3600/5213/2153
f 4191/5215/2154 4200/5109/2154 3152/5106/1952
f 4191/5215/2154 3152/5106/1952 4190/5214/1952
f 4192/5216/2155 4201/5111/2155 4200/5109/2154
f 4192/5216/2155 4200/5109/2154 4191/5215/2154
f 3601/5217/2144 3153/5113/2144 4201/5111/2155
f 3601/5217/2144 4201/5111/2155 4192/5216/2155
f 3602/5218/2156 4202/5115/2156 3153/5113/2144
f 3602/5218/2156 4203/5117/2157 4202/5115/2156
f 3602/5218/2156 3153/5113/2144 3601/5217/2144
f 3603/5219/2146 4203/5117/2157 3602/5218/2156
f 3604/5220/2147 4203/5117/2157 3603/5219/2146
f 3604/5220/2147 3154/5119/2147 4203/5117/2157
f 3605/5221/2148 3154/5119/2147 3604/5220/2147
f 3605/5221/2148 4204/5121/2148 3154/5119/2147
f 4193/5222/2149 4204/5121/2148 3605/5221/2148
f 4193/5222/2149 4205/5123/2149 4204/5121/2148
f 4194/2943/1909 4205/5123/2149 4193/5222/2149
f 4194/2943/1909 4206/2942/1909 4205/5123/2149
f 4207/5205/2158 4215/5023/1926 3575/5206/1926
f 4207/5205/2158 4216/5127/2158 4215/5023/1926
f 3576/5207/2135 3135/5130/2135 4216/5127/2158
f 3576/5207/2135 4216/5127/2158 4207/5205/2158
f 3577/5208/2136 3136/5132/2136 3135/5130/2135
f 3577/5208/2136 3135/5130/2135 3576/5207/2135
f 4208/5209/2137 4217/5134/2137 3136/5132/2136
f 4208/5209/2137 3136/5132/2136 3577/5208/2136
f 4209/5210/2138 3137/5136/2138 4217/5134/2137
f 4209/5210/2138 3138/5139/2139 3137/5136/2138
f 4209/5210/2138 4217/5134/2137 4208/5209/2137
f 3578/5211/2139 3138/5139/2139 4209/5210/2138
f 3579/5212/2140 4218/5141/2140 3138/5139/2139
f 3579/5212/2140 4219/5143/2153 4218/5141/2140
f 3579/5212/2140 3138/5139/2139 3578/5211/2139
f 4210/5213/2153 4220/5106/1952 4219/5143/2153
f 4210/5213/2153 4219/5143/2153 3579/5212/2140
f 4211/5214/1952 4220/5106/1952 4210/5213/2153
f 3580/5215/2154 4221/5109/2154 4220/5106/1952
f 3580/5215/2154 4220/5106/1952 4211/5214/1952
f 3581/5216/2143 4222/5111/2143 4221/5109/2154
f 3581/5216/2143 4221/5109/2154 3580/5215/2154
f 3582/5217/2144 4223/5113/2144 4222/5111/2143
f 3582/5217/2144 4222/5111/2143 3581/5216/2143
f 3583/5218/2145 3139/5115/2145 4223/5113/2144
f 3583/5218/2145 3140/5117/2146 3139/5115/2145
f 3583/5218/2145 4223/5113/2144 3582/5217/2144
f 4212/5219/2146 3140/5117/2146 3583/5218/2145
f 3584/5220/2147 3140/5117/2146 4212/5219/2146
f 3584/5220/2147 4224/5119/2147 3140/5117/2146
f 4213/5221/2148 4224/5119/2147 3584/5220/2147
f 4213/5221/2148 3141/5121/2148 4224/5119/2147
f 4214/5222/2159 3141/5121/2148 4213/5221/2148
f 4214/5222/2159 3142/5123/2159 3141/5121/2148
f 4214/5222/2159 4225/2942/1909 3142/5123/2159
f 2603/2943/1909 4225/2942/1909 4214/5222/2159
f 4226/5205/2158 2582/5023/1926 2583/5206/1926
f 4226/5205/2158 4235/5127/2158 2582/5023/1926
f 4227/5207/2135 4236/5130/2135 4235/5127/2158
f 4227/5207/2135 4235/5127/2158 4226/5205/2158
f 4228/5208/2136 3119/5132/2136 4236/5130/2135
f 4228/5208/2136 4237/5134/2150 3119/5132/2136
f 4228/5208/2136 4236/5130/2135 4227/5207/2135
f 3558/5209/2150 4237/5134/2150 4228/5208/2136
f 4229/5210/2151 3120/5136/2151 4237/5134/2150
f 4229/5210/2151 4237/5134/2150 3558/5209/2150
f 3559/5211/2139 4238/5139/2139 3120/5136/2151
f 3559/5211/2139 3120/5136/2151 4229/5210/2151
f 4230/5212/2152 3121/5141/2152 4238/5139/2139
f 4230/5212/2152 4238/5139/2139 3559/5211/2139
f 4231/5213/2153 3122/5143/2153 3121/5141/2152
f 4231/5213/2153 3121/5141/2152 4230/5212/2152
f 3560/5214/1952 3123/5106/1952 3122/5143/2153
f 3560/5214/1952 3122/5143/2153 4231/5213/2153
f 3561/5215/2154 3124/5109/2154 3123/5106/1952
f 3561/5215/2154 3123/5106/1952 3560/5214/1952
f 3562/5216/2155 3125/5111/2155 3124/5109/2154
f 3562/5216/2155 3124/5109/2154 3561/5215/2154
f 3563/5217/2144 3126/5113/2144 3125/5111/2155
f 3563/5217/2144 3125/5111/2155 3562/5216/2155
f 3564/5218/2156 3127/5115/2156 3126/5113/2144
f 3564/5218/2156 4239/5117/2157 3127/5115/2156
f 3564/5218/2156 3126/5113/2144 3563/5217/2144
f 4232/5219/2157 4239/5117/2157 3564/5218/2156
f 4233/5220/2147 4239/5117/2157 4232/5219/2157
f 4233/5220/2147 4240/5119/2147 4239/5117/2157
f 3565/5221/2148 4240/5119/2147 4233/5220/2147
f 3565/5221/2148 4241/5121/2148 4240/5119/2147
f 4234/5222/2159 4241/5121/2148 3565/5221/2148
f 4234/5222/2159 4242/5123/2159 4241/5121/2148
f 2584/2943/1909 4242/5123/2159 4234/5222/2159
f 2584/2943/1909 3111/2942/1909 4242/5123/2159
f 4244/5205/2158 2564/5023/1926 4243/5206/1926
f 4244/5205/2158 3097/5127/2158 2564/5023/1926
f 3541/5207/2135 3098/5130/2135 3097/5127/2158
f 3541/5207/2135 3097/5127/2158 4244/5205/2158
f 3542/5208/2136 3099/5132/2136 3098/5130/2135
f 3542/5208/2136 3098/5130/2135 3541/5207/2135
f 4245/5209/2137 3100/5134/2137 3099/5132/2136
f 4245/5209/2137 3099/5132/2136 3542/5208/2136
f 4246/5210/2138 3101/5136/2138 3100/5134/2137
f 4246/5210/2138 4253/5139/2139 3101/5136/2138
f 4246/5210/2138 3100/5134/2137 4245/5209/2137
f 4247/5211/2139 4253/5139/2139 4246/5210/2138
f 4248/5212/2140 3102/5141/2140 4253/5139/2139
f 4248/5212/2140 3103/5143/2153 3102/5141/2140
f 4248/5212/2140 4253/5139/2139 4247/5211/2139
f 3543/5213/2153 3104/5106/1952 3103/5143/2153
f 3543/5213/2153 3103/5143/2153 4248/5212/2140
f 3544/5214/1952 3104/5106/1952 3543/5213/2153
f 3545/5215/2154 3105/5109/2154 3104/5106/1952
f 3545/5215/2154 3104/5106/1952 3544/5214/1952
f 4249/5216/2143 4254/5111/2143 3105/5109/2154
f 4249/5216/2143 3105/5109/2154 3545/5215/2154
f 3546/5217/2144 4255/5113/2144 4254/5111/2143
f 3546/5217/2144 4254/5111/2143 4249/5216/2143
f 4250/5218/2145 3106/5115/2145 4255/5113/2144
f 4250/5218/2145 3107/5117/2146 3106/5115/2145
f 4250/5218/2145 4255/5113/2144 3546/5217/2144
f 4251/5219/2146 3107/5117/2146 4250/5218/2145
f 3547/5220/2147 3107/5117/2146 4251/5219/2146
f 3547/5220/2147 3108/5119/2147 3107/5117/2146
f 3548/5221/2148 3108/5119/2147 3547/5220/2147
f 3548/5221/2148 3109/5121/2148 3108/5119/2147
f 4252/5222/2159 3109/5121/2148 3548/5221/2148
f 4252/5222/2159 3110/5123/2159 3109/5121/2148
f 4252/5222/2159 4256/2942/1909 3110/5123/2159
f 2565/2943/1909 4256/2942/1909 4252/5222/2159
f 4257/5205/2134 4266/5023/1926 2545/5206/1926
f 4257/5205/2134 4267/5127/2134 4266/5023/1926
f 4258/5207/2135 4268/5130/2135 4267/5127/2134
f 4258/5207/2135 4267/5127/2134 4257/5205/2134
f 3523/5208/2136 3079/5132/2136 4268/5130/2135
f 3523/5208/2136 3080/5134/2150 3079/5132/2136
f 3523/5208/2136 4268/5130/2135 4258/5207/2135
f 3524/5209/2150 3080/5134/2150 3523/5208/2136
f 4259/5210/2151 3081/5136/2151 3080/5134/2150
f 4259/5210/2151 3080/5134/2150 3524/5209/2150
f 3525/5211/2139 4269/5139/2139 3081/5136/2151
f 3525/5211/2139 3081/5136/2151 4259/5210/2151
f 4260/5212/2152 3082/5141/2152 4269/5139/2139
f 4260/5212/2152 4269/5139/2139 3525/5211/2139
f 3526/5213/2153 4270/5143/2153 3082/5141/2152
f 3526/5213/2153 3082/5141/2152 4260/5212/2152
f 3527/5214/1952 3083/5106/1952 4270/5143/2153
f 3527/5214/1952 4270/5143/2153 3526/5213/2153
f 3528/5215/2154 3084/5109/2154 3083/5106/1952
f 3528/5215/2154 3083/5106/1952 3527/5214/1952
f 3529/5216/2155 4271/5111/2155 3084/5109/2154
f 3529/5216/2155 3084/5109/2154 3528/5215/2154
f 4261/5217/2144 4272/5113/2144 4271/5111/2155
f 4261/5217/2144 4271/5111/2155 3529/5216/2155
f 3530/5218/2156 3085/5115/2156 4272/5113/2144
f 3530/5218/2156 3086/5117/2157 3085/5115/2156
f 3530/5218/2156 4272/5113/2144 4261/5217/2144
f 4262/5219/2157 3086/5117/2157 3530/5218/2156
f 4263/5220/2147 3086/5117/2157 4262/5219/2157
f 4263/5220/2147 4273/5119/2147 3086/5117/2157
f 3531/5221/2148 4273/5119/2147 4263/5220/2147
f 3531/5221/2148 4274/5121/2148 4273/5119/2147
f 4264/5222/2149 4274/5121/2148 3531/5221/2148
f 4264/5222/2149 3087/5123/2149 4274/5121/2148
f 4265/2943/1909 3087/5123/2149 4264/5222/2149
f 4265/2943/1909 4275/2942/1909 3087/5123/2149
f 3498/5205/2134 3060/5023/1926 2531/5206/1926
f 3498/5205/2134 3061/5127/2134 3060/5023/1926
f 3499/5207/2135 3062/5130/2135 3061/5127/2134
f 3499/5207/2135 3061/5127/2134 3498/5205/2134
f 3500/5208/2136 4281/5132/2136 3062/5130/2135
f 3500/5208/2136 3063/5134/2150 4281/5132/2136
f 3500/5208/2136 3062/5130/2135 3499/5207/2135
f 3501/5209/2150 3063/5134/2150 3500/5208/2136
f 3502/5210/2138 3064/5136/2138 3063/5134/2150
f 3502/5210/2138 3063/5134/2150 3501/5209/2150
f 3503/5211/2139 4282/5139/2139 3064/5136/2138
f 3503/5211/2139 3064/5136/2138 3502/5210/2138
f 3504/5212/2140 3065/5141/2140 4282/5139/2139
f 3504/5212/2140 4282/5139/2139 3503/5211/2139
f 4276/5213/2153 3066/5143/2153 3065/5141/2140
f 4276/5213/2153 3065/5141/2140 3504/5212/2140
f 3505/5214/1952 3067/5106/1952 3066/5143/2153
f 3505/5214/1952 3066/5143/2153 4276/5213/2153
f 3506/5215/2154 3068/5109/2154 3067/5106/1952
f 3506/5215/2154 3067/5106/1952 3505/5214/1952
f 3507/5216/2143 4283/5111/2143 3068/5109/2154
f 3507/5216/2143 3068/5109/2154 3506/5215/2154
f 4277/5217/2144 4284/5113/2144 4283/5111/2143
f 4277/5217/2144 4283/5111/2143 3507/5216/2143
f 3508/5218/2145 3069/5115/2145 4284/5113/2144
f 3508/5218/2145 3070/5117/2157 3069/5115/2145
f 3508/5218/2145 4284/5113/2144 4277/5217/2144
f 3509/5219/2157 3070/5117/2157 3508/5218/2145
f 4278/5220/2147 3070/5117/2157 3509/5219/2157
f 4278/5220/2147 4285/5119/2147 3070/5117/2157
f 4279/5221/2148 4285/5119/2147 4278/5220/2147
f 4279/5221/2148 3071/5121/2148 4285/5119/2147
f 3510/5222/2149 3071/5121/2148 4279/5221/2148
f 3510/5222/2149 4286/5123/2159 3071/5121/2148
f 4280/2943/1909 4286/5123/2159 3510/5222/2149
f 4280/2943/1909 2537/2942/1909 4286/5123/2159
f 3480/5205/2134 3041/5023/1926 2516/5206/1926
f 3480/5205/2134 4297/5127/2134 3041/5023/1926
f 3481/5207/2135 4298/5130/2135 4297/5127/2134
f 3481/5207/2135 4297/5127/2134 3480/5205/2134
f 4287/5208/2136 3042/5132/2136 4298/5130/2135
f 4287/5208/2136 3043/5134/2150 3042/5132/2136
f 4287/5208/2136 4298/5130/2135 3481/5207/2135
f 4288/5209/2137 3043/5134/2150 4287/5208/2136
f 3482/5210/2151 4299/5136/2151 3043/5134/2150
f 3482/5210/2151 3043/5134/2150 4288/5209/2137
f 3483/5211/2139 4300/5139/2139 4299/5136/2151
f 3483/5211/2139 4299/5136/2151 3482/5210/2151
f 4289/5212/2152 4301/5141/2152 4300/5139/2139
f 4289/5212/2152 4300/5139/2139 3483/5211/2139
f 4290/5213/2153 4302/5143/2153 4301/5141/2152
f 4290/5213/2153 4301/5141/2152 4289/5212/2152
f 3484/5214/1952 3044/5106/1952 4302/5143/2153
f 3484/5214/1952 4302/5143/2153 4290/5213/2153
f 4291/5215/2154 4303/5109/2154 3044/5106/1952
f 4291/5215/2154 3044/5106/1952 3484/5214/1952
f 3485/5216/2155 3045/5111/2155 4303/5109/2154
f 3485/5216/2155 4303/5109/2154 4291/5215/2154
f 4292/5217/2144 3046/5113/2144 3045/5111/2155
f 4292/5217/2144 3045/5111/2155 3485/5216/2155
f 3486/5218/2156 3047/5115/2156 3046/5113/2144
f 3486/5218/2156 3048/5117/2157 3047/5115/2156
f 3486/5218/2156 3046/5113/2144 4292/5217/2144
f 4293/5219/2146 3048/5117/2157 3486/5218/2156
f 4294/5220/2147 3048/5117/2157 4293/5219/2146
f 4294/5220/2147 4304/5119/2147 3048/5117/2157
f 4295/5221/2148 4304/5119/2147 4294/5220/2147
f 4295/5221/2148 3049/5121/2148 4304/5119/2147
f 4296/5222/2149 3049/5121/2148 4295/5221/2148
f 4296/5222/2149 4305/5123/2149 3049/5121/2148
f 2517/2943/1909 4305/5123/2149 4296/5222/2149
f 2517/2943/1909 4306/2942/1909 4305/5123/2149
f 4307/5205/2134 3021/5023/1926 2501/5206/1926
f 4307/5205/2134 4318/5127/2134 3021/5023/1926
f 4308/5207/2135 4319/5130/2135 4318/5127/2134
f 4308/5207/2135 4318/5127/2134 4307/5205/2134
f 4309/5208/2136 4320/5132/2136 4319/5130/2135
f 4309/5208/2136 4321/5134/2150 4320/5132/2136
f 4309/5208/2136 4319/5130/2135 4308/5207/2135
f 4310/5209/2150 4321/5134/2150 4309/5208/2136
f 4311/5210/2151 4322/5136/2151 4321/5134/2150
f 4311/5210/2151 4321/5134/2150 4310/5209/2150
f 3463/5211/2139 3022/5139/2139 4322/5136/2151
f 3463/5211/2139 4322/5136/2151 4311/5210/2151
f 3464/5212/2152 3023/5141/2152 3022/5139/2139
f 3464/5212/2152 3022/5139/2139 3463/5211/2139
f 3465/5213/2153 3024/5143/2153 3023/5141/2152
f 3465/5213/2153 3023/5141/2152 3464/5212/2152
f 3466/5214/1952 3025/5106/1952 3024/5143/2153
f 3466/5214/1952 3024/5143/2153 3465/5213/2153
f 4312/5215/2154 3026/5109/2154 3025/5106/1952
f 4312/5215/2154 3025/5106/1952 3466/5214/1952
f 3467/5216/2155 4323/5111/2155 3026/5109/2154
f 3467/5216/2155 3026/5109/2154 4312/5215/2154
f 3468/5217/2144 3027/5113/2144 4323/5111/2155
f 3468/5217/2144 4323/5111/2155 3467/5216/2155
f 4313/5218/2156 3028/5115/2156 3027/5113/2144
f 4313/5218/2156 3029/5117/2157 3028/5115/2156
f 4313/5218/2156 3027/5113/2144 3468/5217/2144
f 4314/5219/2157 3029/5117/2157 4313/5218/2156
f 3469/5220/2147 3029/5117/2157 4314/5219/2157
f 3469/5220/2147 4324/5119/2147 3029/5117/2157
f 4315/5221/2148 4324/5119/2147 3469/5220/2147
f 4315/5221/2148 3030/5121/2148 4324/5119/2147
f 4316/5222/2149 3030/5121/2148 4315/5221/2148
f 4316/5222/2149 4325/5123/2149 3030/5121/2148
f 4317/2943/1909 4325/5123/2149 4316/5222/2149
f 4317/2943/1909 2509/2942/1909 4325/5123/2149
f 3445/5205/2134 2482/5023/1926 4326/5206/1926
f 3445/5205/2134 4338/5127/2134 2482/5023/1926
f 3446/5207/2135 4339/5130/2135 4338/5127/2134
f 3446/5207/2135 4338/5127/2134 3445/5205/2134
f 4327/5208/2136 3002/5132/2136 4339/5130/2135
f 4327/5208/2136 4339/5130/2135 3446/5207/2135
f 4328/5209/2137 3003/5134/2137 3002/5132/2136
f 4328/5209/2137 3004/5136/2138 3003/5134/2137
f 4328/5209/2137 3002/5132/2136 4327/5208/2136
f 4329/5210/2138 3004/5136/2138 4328/5209/2137
f 3447/5211/2139 3005/5139/2139 3004/5136/2138
f 3447/5211/2139 4340/5141/2140 3005/5139/2139
f 3447/5211/2139 3004/5136/2138 4329/5210/2138
f 3448/5212/2140 4340/5141/2140 3447/5211/2139
f 4330/5213/2153 4341/5143/2153 4340/5141/2140
f 4330/5213/2153 4342/5106/1952 4341/5143/2153
f 4330/5213/2153 4340/5141/2140 3448/5212/2140
f 4331/5214/1952 4342/5106/1952 4330/5213/2153
f 3449/5215/2154 3006/5109/2154 4342/5106/1952
f 3449/5215/2154 4343/5111/2143 3006/5109/2154
f 3449/5215/2154 4342/5106/1952 4331/5214/1952
f 3450/5216/2143 4343/5111/2143 3449/5215/2154
f 3451/5217/2144 3007/5113/2144 4343/5111/2143
f 3451/5217/2144 4343/5111/2143 3450/5216/2143
f 4332/5218/2145 3008/5115/2145 3007/5113/2144
f 4332/5218/2145 3009/5117/2146 3008/5115/2145
f 4332/5218/2145 3007/5113/2144 3451/5217/2144
f 4333/5219/2146 3009/5117/2146 4332/5218/2145
f 4334/5220/2147 3009/5117/2146 4333/5219/2146
f 4334/5220/2147 4344/5119/2147 3009/5117/2146
f 4335/5221/2148 4344/5119/2147 4334/5220/2147
f 4335/5221/2148 4345/5121/2148 4344/5119/2147
f 4335/5221/2148 4346/5123/2149 4345/5121/2148
f 4336/5222/2149 4346/5123/2149 4335/5221/2148
f 4337/2943/1909 4346/5123/2149 4336/5222/2149
f 4337/2943/1909 4347/2942/1909 4346/5123/2149
f 3426/5205/2134 2464/5023/1926 4348/5206/1926
f 3426/5205/2134 4355/5127/2134 2464/5023/1926
f 4349/5207/2135 2989/5130/2135 4355/5127/2134
f 4349/5207/2135 4355/5127/2134 3426/5205/2134
f 4350/5208/2136 2990/5132/2136 2989/5130/2135
f 4350/5208/2136 2989/5130/2135 4349/5207/2135
f 3427/5209/2137 4356/5134/2137 2990/5132/2136
f 3427/5209/2137 2990/5132/2136 4350/5208/2136
f 3428/5210/2138 4357/5136/2138 4356/5134/2137
f 3428/5210/2138 2991/5139/2139 4357/5136/2138
f 3428/5210/2138 4356/5134/2137 3427/5209/2137
f 3429/5211/2139 2991/5139/2139 3428/5210/2138
f 4351/5212/2140 4358/5141/2140 2991/5139/2139
f 4351/5212/2140 2992/5143/2141 4358/5141/2140
f 4351/5212/2140 2991/5139/2139 3429/5211/2139
f 3430/5213/2141 4359/5106/1952 2992/5143/2141
f 3430/5213/2141 2992/5143/2141 4351/5212/2140
f 3431/5214/1952 4359/5106/1952 3430/5213/2141
f 4352/5215/2142 4360/5109/2142 4359/5106/1952
f 4352/5215/2142 4359/5106/1952 3431/5214/1952
f 3432/5216/2143 4361/5111/2143 4360/5109/2142
f 3432/5216/2143 4360/5109/2142 4352/5215/2142
f 3433/5217/2144 2993/5113/2144 4361/5111/2143
f 3433/5217/2144 4361/5111/2143 3432/5216/2143
f 4353/5218/2145 4362/5115/2145 2993/5113/2144
f 4353/5218/2145 2994/5117/2146 4362/5115/2145
f 4353/5218/2145 2993/5113/2144 3433/5217/2144
f 4354/5219/2146 2994/5117/2146 4353/5218/2145
f 3434/5220/2147 2994/5117/2146 4354/5219/2146
f 3434/5220/2147 2995/5119/2147 2994/5117/2146
f 3435/5221/2148 2995/5119/2147 3434/5220/2147
f 3435/5221/2148 4363/5121/2148 2995/5119/2147
f 3436/5222/2149 4363/5121/2148 3435/5221/2148
f 3436/5222/2149 2996/5123/2149 4363/5121/2148
f 3436/5222/2149 2978/2942/1909 2996/5123/2149
f 2465/2943/1909 2978/2942/1909 3436/5222/2149
f 4369/4952/2160 4368/5223/2161 2942/4953/2160
f 4365/5224/2161 4367/5225/2162 4368/5223/2161
f 4365/5224/2161 4368/5223/2161 4369/4952/2160
f 4366/5226/2163 2941/5227/2164 4367/5225/2162
f 4366/5226/2163 4367/5225/2162 4365/5224/2161
f 4364/5228/2165 2941/5227/2164 4366/5226/2163
f 4369/5229/2160 4370/5230/2166 2913/5231/2166
f 4369/5229/2160 2942/5232/2160 4370/5230/2166
f 2912/5233/2167 4373/5234/2168 2911/5235/2169
f 2912/5233/2167 4372/5236/2170 4373/5234/2168
f 4371/5237/2171 2965/5238/2171 4372/5236/2170
f 4371/5237/2171 4372/5236/2170 2912/5233/2167
f 2913/4952/2166 4370/4953/2166 2965/5238/2171
f 2913/4952/2166 2965/5238/2171 4371/5237/2171
f 4376/5239/2172 4373/5240/2168 2960/5241/2172
f 4376/5239/2172 2911/5242/2169 4373/5240/2168
f 4375/5243/2173 2960/5241/2172 2961/5244/2173
f 4375/5243/2173 4376/5239/2172 2960/5241/2172
f 4374/5245/2174 2961/5244/2173 2962/5246/2174
f 4374/5245/2174 2962/5246/2174 2963/5247/2175
f 4374/5245/2174 4375/5243/2173 2961/5244/2173
f 2910/5248/2175 2963/5247/2175 2964/5249/2176
f 2910/5248/2175 4374/5245/2174 2963/5247/2175
f 2909/5250/2176 2910/5248/2175 2964/5249/2176
f 4378/5251/2177 2964/5249/2176 4377/5252/2177
f 4378/5251/2177 2909/5250/2176 2964/5249/2176
f 4383/5253/2178 4381/5254/2179 4382/5255/2178
f 2908/5256/2179 4380/5257/2180 4381/5254/2179
f 2908/5256/2179 4381/5254/2179 4383/5253/2178
f 4379/5258/2180 4377/5259/2177 4380/5257/2180
f 4379/5258/2180 4380/5257/2180 2908/5256/2179
f 4378/5260/2177 4377/5259/2177 4379/5258/2180
f 4382/5261/2178 2959/5232/2181 2907/5229/2181
f 4383/5262/2178 4382/5261/2178 2907/5229/2181
f 4384/5263/2182 4388/5264/2183 2956/5265/2184
f 4385/5266/2015 4387/5267/2185 4388/5264/2183
f 4385/5266/2015 4388/5264/2183 4384/5263/2182
f 4386/5268/2185 2959/5255/2181 4387/5267/2185
f 4386/5268/2185 4387/5267/2185 4385/5266/2015
f 2907/5253/2181 2959/5255/2181 4386/5268/2185
f 4384/5269/2182 2956/5270/2184 2957/5271/2186
f 2906/5272/2186 2957/5271/2186 4389/5273/2187
f 2906/5272/2186 4384/5269/2182 2957/5271/2186
f 2905/5274/2187 4389/5273/2187 2958/5275/2188
f 2905/5274/2187 2906/5272/2186 4389/5273/2187
f 4394/5276/2188 2958/5275/2188 4390/5277/2189
f 4394/5276/2188 2905/5274/2187 2958/5275/2188
f 2904/5278/2189 4394/5276/2188 4390/5277/2189
f 2903/5279/2190 4390/5277/2189 4391/5280/2191
f 2903/5279/2190 2904/5278/2189 4390/5277/2189
f 4393/5228/2192 4391/5280/2191 4392/5227/2193
f 4393/5228/2192 2903/5279/2190 4391/5280/2191
f 2902/5281/2194 4399/5232/2195 4395/5229/2195
f 2902/5281/2194 4398/5282/2194 4399/5232/2195
f 4396/5283/2196 4397/5284/2196 4398/5282/2194
f 4396/5283/2196 4398/5282/2194 2902/5281/2194
f 4393/5285/2192 4392/5286/2193 4397/5284/2196
f 4393/5285/2192 4397/5284/2196 4396/5283/2196
f 4395/5287/2195 4401/5232/2197 4400/5229/2197
f 4395/5287/2195 4399/5288/2195 4401/5232/2197
f 4402/5289/2198 4403/5290/2199 2952/5023/2198
f 2901/5291/2200 4401/5292/2197 4403/5290/2200
f 2901/5291/2201 4403/5290/2199 4402/5289/2198
f 4400/5293/2197 4401/5292/2197 2901/5291/2200
f 4402/5235/2198 2952/5234/2198 2953/5294/2202
f 2900/5295/2203 2953/5294/2202 4404/5296/2204
f 2900/5295/2203 4402/5235/2198 2953/5294/2202
f 2899/5297/2204 4404/5296/2204 2954/5298/2205
f 2899/5297/2204 2900/5295/2203 4404/5296/2204
f 4408/5299/2205 2954/5298/2205 4405/5300/2206
f 4408/5299/2205 2899/5297/2204 2954/5298/2205
f 4407/5301/2206 4405/5300/2206 2955/5302/2207
f 4407/5301/2206 4408/5299/2205 4405/5300/2206
f 2898/5303/2207 2955/5302/2207 4406/5259/2208
f 2898/5303/2207 4407/5301/2206 2955/5302/2207
f 4409/5260/2209 2898/5303/2207 4406/5259/2208
f 4410/5304/2210 4412/4970/2211 4413/4969/2211
f 4410/5304/2210 2951/5305/2210 4412/4970/2211
f 4411/5306/2033 4406/5252/2208 2950/5307/2212
f 4411/5306/2033 2950/5307/2212 2951/5305/2210
f 4411/5306/2033 2951/5305/2210 4410/5304/2210
f 4409/5251/2209 4406/5252/2208 4411/5306/2033
f 4413/5262/2211 4414/5232/2213 2897/5229/2213
f 4413/5262/2211 4412/5261/2211 4414/5232/2213
f 4416/5308/2214 2943/5270/2215 4415/5269/2216
f 4416/5308/2214 2949/5309/2214 2943/5270/2215
f 2896/5310/2217 4417/5311/2217 2949/5309/2214
f 2896/5310/2217 2949/5309/2214 4416/5308/2214
f 2897/4969/2213 4414/4970/2213 4417/5311/2217
f 2897/4969/2213 4417/5311/2217 2896/5310/2217
f 4415/5263/2216 2943/5265/2215 2944/5312/2218
f 2916/5313/2218 2944/5312/2218 2945/5314/2219
f 2916/5313/2218 4415/5263/2216 2944/5312/2218
f 4419/5315/2219 2945/5314/2219 2946/5316/2220
f 4419/5315/2219 2916/5313/2218 2945/5314/2219
f 4418/5317/2220 2946/5316/2220 2947/5318/2221
f 4418/5317/2220 4419/5315/2219 2946/5316/2220
f 2915/5319/2221 2947/5318/2221 2948/5320/2222
f 2915/5319/2221 4418/5317/2220 2947/5318/2221
f 2914/5321/2222 2948/5320/2222 2941/5286/2164
f 2914/5321/2222 2915/5319/2221 2948/5320/2222
f 4364/5285/2165 2914/5321/2222 2941/5286/2164
o Circumference.003
v 7.022042 -16.199974 -1.481476
v 8.431581 -16.199974 0.531555
v 8.499253 -16.199974 0.279022
v 8.431581 -16.199974 -0.494507
v 8.321080 -16.199974 -0.731476
v 8.171109 -16.199974 -0.945648
v 7.986223 -16.199974 -1.130524
v 7.772042 -16.199974 -1.280487
v 7.535072 -16.199974 -1.390991
v 7.282515 -16.199974 -1.458679
v 7.535074 -19.699974 1.428070
v 7.772044 -19.699974 1.317566
v 7.986225 -19.699974 1.167603
v 8.321082 -19.699974 0.768524
v 8.431583 -19.699974 0.531555
v 8.499255 -19.699974 -0.241943
v 8.431583 -19.699974 -0.494507
v 7.772044 -19.699974 -1.280487
v 7.535074 -19.699974 -1.390991
v 7.282516 -19.699974 -1.458679
v 0.022041 -16.199980 -5.481476
v 1.171108 -16.199978 -6.017273
v 1.321080 -16.199978 -6.231476
v 1.499253 -16.199978 -6.720978
v 1.522042 -16.199978 -6.981476
v 1.499253 -16.199978 -7.241943
v 1.321080 -16.199978 -7.731476
v 1.171108 -16.199978 -7.945648
v 0.282516 -19.699980 -5.504242
v 0.535074 -19.699978 -5.571930
v 0.772043 -19.699978 -5.682434
v 1.171110 -19.699978 -6.017273
v 1.321082 -19.699978 -6.231476
v 1.499255 -19.699978 -6.720978
v 1.522044 -19.699978 -6.981476
v 1.499255 -19.699978 -7.241943
v 0.986225 -19.699978 -8.130524
v -6.977958 -16.199984 -1.481476
v -6.717486 -16.199982 1.495758
v -6.464928 -16.199982 1.428070
v -5.678920 -16.199982 0.768524
v -5.568420 -16.199982 0.531555
v -5.828892 -16.199982 -0.945648
v -6.227959 -16.199982 -1.280487
v -6.717486 -16.199982 -1.458679
v -6.013775 -19.699982 1.167603
v -5.568418 -19.699982 0.531555
v -5.500745 -19.699982 -0.241943
v -5.568418 -19.699982 -0.494507
v -5.678918 -19.699982 -0.731476
v -5.828890 -19.699982 -0.945648
v -6.464926 -19.699982 -1.390991
v 0.022041 -16.199978 5.518524
v 0.022041 -16.199978 8.518524
v 0.282514 -16.199978 8.495758
v 0.535072 -16.199978 8.428070
v 0.772041 -16.199978 8.317566
v 1.171108 -16.199978 7.982727
v 1.321080 -16.199978 7.768524
v 1.431580 -16.199978 7.531555
v 1.499253 -16.199978 7.279022
v 1.522042 -16.199978 7.018524
v 1.431582 -19.699978 7.531555
v 1.499255 -19.699978 7.279022
v 1.522044 -19.699978 7.018524
v 1.499255 -19.699978 6.758057
v 1.431582 -19.699978 6.505493
v 1.171110 -19.699978 6.054352
v 0.986225 -19.699978 5.869476
v 0.772043 -19.699978 5.719513
v 0.535074 -19.699978 5.609009
v 0.282516 -19.699978 5.541321
v 0.022040 -14.319978 -1.481476
v 0.282513 -14.319977 1.495758
v 0.772040 -14.319977 1.317566
v 0.986222 -14.319977 1.167603
v 1.522041 -14.319977 0.018524
v 1.171107 -14.319977 -0.945648
v 0.772040 -14.319977 -1.280487
v 0.282513 -14.319978 -1.458679
v 0.282516 -19.699978 1.495758
v 0.535074 -19.699978 1.428070
v 0.772043 -19.699978 1.317566
v 0.986225 -19.699978 1.167603
v 1.171110 -19.699978 0.982727
v 1.321082 -19.699978 0.768524
v 1.499255 -19.699978 0.279022
v 1.499255 -19.699978 -0.241943
v 1.171110 -19.699978 -0.945648
v 0.772043 -19.699978 -1.280487
v -0.759376 -14.319979 -4.413086
v -2.870504 -14.319980 -3.428650
v -4.409594 -14.319980 0.799957
v -4.206576 -14.319980 1.557617
v -3.875074 -14.319980 2.268524
v -3.425159 -14.319980 2.911072
v -2.870504 -14.319979 3.465729
v -0.759376 -14.319978 4.450165
v -0.759375 -16.199980 -4.413086
v -1.517049 -16.199980 -4.210083
v -2.227958 -16.199980 -3.878571
v -2.870503 -16.199980 -3.428650
v -3.875073 -16.199982 -2.231476
v -4.206575 -16.199982 -1.520569
v -4.409593 -16.199982 -0.762878
v -4.206575 -16.199982 1.557617
v -3.875073 -16.199980 2.268524
v -2.870503 -16.199980 3.465729
v -2.227958 -16.199980 3.915649
v -1.517049 -16.199980 4.247162
v -1.714440 -16.199980 -9.829529
v -6.405835 -16.199984 -7.641907
v -7.638403 -16.199984 -6.409332
v -8.638212 -16.199984 -4.981476
v -9.374886 -16.199984 -3.401672
v -9.826036 -16.199984 -1.717957
v -9.977958 -16.199984 0.018524
v -8.638212 -16.199984 5.018524
v -7.638403 -16.199982 6.446411
v -3.398160 -16.199980 9.415466
v -1.714440 -16.199980 9.866608
v -1.714438 -19.699980 -9.829529
v -3.398158 -19.699982 -9.378387
v -7.638401 -19.699984 -6.409332
v -9.374884 -19.699984 -3.401672
v -9.374884 -19.699984 3.438751
v -7.638401 -19.699982 6.446411
v -6.405833 -19.699982 7.678986
v -3.398158 -19.699980 9.415466
v -1.714438 -19.699980 9.866608
v 0.022041 -16.199978 10.018524
v 1.758523 -16.199976 9.866608
v 3.442243 -16.199976 9.415466
v 5.022042 -16.199976 8.678802
v 6.449918 -16.199974 7.678986
v 8.682296 -16.199974 5.018524
v 9.870120 -16.199972 1.755005
v 10.022042 -16.199972 0.018524
v 9.418968 -16.199974 -3.401672
v 6.449918 -16.199976 -7.641907
v 5.022042 -16.199976 -8.641724
v 3.442243 -16.199978 -9.378387
v 1.758523 -16.199978 -9.829529
v 0.022043 -19.699978 10.018524
v 5.022044 -19.699976 8.678802
v 6.449920 -19.699974 7.678986
v 7.682488 -19.699974 6.446411
v 10.022044 -19.699972 0.018524
v 9.870122 -19.699974 -1.717957
v 8.682298 -19.699974 -4.981476
v 6.449920 -19.699976 -7.641907
v 3.442245 -19.699978 -9.378387
v 1.758525 -19.699978 -9.829529
v 7.682487 -16.199974 6.446411
v 9.418968 -16.199972 3.438751
v 9.870120 -16.199974 -1.717957
v 8.682296 -16.199974 -4.981476
v 7.682487 -16.199974 -6.409332
v 0.022041 -16.199980 -9.981476
v -3.398160 -16.199982 -9.378387
v -4.977959 -16.199982 -8.641724
v -9.826036 -16.199984 1.755005
v -9.374886 -16.199984 3.438751
v -6.405835 -16.199982 7.678986
v -4.977959 -16.199982 8.678802
v 6.761570 -16.199974 -1.458679
v 5.612502 -16.199976 -0.494507
v 5.522042 -16.199976 0.018524
v 5.544830 -16.199976 0.279022
v 5.612502 -16.199976 0.531555
v 5.723004 -16.199976 0.768524
v 6.272042 -16.199974 1.317566
v 6.509012 -16.199974 1.428070
v 7.022042 -16.199974 1.518524
v 7.282515 -16.199974 1.495758
v 7.535072 -16.199974 1.428070
v 7.772042 -16.199974 1.317566
v 7.986223 -16.199974 1.167603
v 8.171109 -16.199974 0.982727
v 8.321080 -16.199974 0.768524
v 8.522042 -16.199974 0.018524
v 8.499253 -16.199974 -0.241943
v 0.022041 -16.199980 -8.481476
v -0.490989 -16.199980 -8.390991
v -0.942140 -16.199980 -8.130524
v -1.127025 -16.199980 -7.945648
v -1.276997 -16.199980 -7.731476
v -1.387497 -16.199980 -7.494507
v -1.455170 -16.199980 -6.720978
v 0.282514 -16.199980 -5.504242
v 0.535072 -16.199978 -5.571930
v 0.772041 -16.199978 -5.682434
v 0.986223 -16.199978 -5.832397
v 1.431580 -16.199978 -6.468445
v 1.431580 -16.199978 -7.494507
v 0.986223 -16.199978 -8.130524
v 0.772041 -16.199978 -8.280487
v 0.535072 -16.199980 -8.390991
v 0.282514 -16.199980 -8.458679
v -7.238431 -16.199984 -1.458679
v -7.727958 -16.199984 -1.280487
v -8.127026 -16.199984 -0.945648
v -8.276997 -16.199984 -0.731476
v -8.387498 -16.199984 -0.494507
v -8.477958 -16.199984 0.018524
v -8.455170 -16.199984 0.279022
v -8.276997 -16.199984 0.768524
v -8.127026 -16.199984 0.982727
v -7.942140 -16.199984 1.167603
v -6.227959 -16.199982 1.317566
v -6.013777 -16.199982 1.167603
v -5.828892 -16.199982 0.982727
v -5.500747 -16.199982 0.279022
v -5.477959 -16.199982 0.018524
v -5.500747 -16.199982 -0.241943
v -5.568420 -16.199982 -0.494507
v -5.678920 -16.199982 -0.731476
v -6.013777 -16.199982 -1.130524
v -6.464928 -16.199982 -1.390991
v -0.238431 -16.199978 5.541321
v -0.490989 -16.199978 5.609009
v -0.727958 -16.199978 5.719513
v -1.477958 -16.199980 7.018524
v -1.387497 -16.199980 7.531555
v 0.986223 -16.199978 8.167603
v 1.499253 -16.199978 6.758057
v 1.431580 -16.199978 6.505493
v 1.321080 -16.199978 6.268524
v 1.171108 -16.199978 6.054352
v 0.986223 -16.199978 5.869476
v 0.772041 -16.199978 5.719513
v 0.535072 -16.199978 5.609009
v 0.282514 -16.199978 5.541321
v 0.803458 -16.199978 4.450165
v 1.561132 -16.199978 4.247162
v 2.272042 -16.199978 3.915649
v 2.914586 -16.199976 3.465729
v 3.919156 -16.199976 2.268524
v 4.250658 -16.199976 1.557617
v 4.522042 -16.199976 0.018524
v 3.469242 -16.199976 -2.873993
v 0.803458 -16.199978 -4.413086
v -3.425158 -16.199982 -2.873993
v -4.477958 -16.199982 0.018524
v -4.409593 -16.199982 0.799957
v -3.425158 -16.199980 2.911072
v -0.759375 -16.199978 4.450165
v 0.022043 -19.699980 -9.981476
v -4.977957 -19.699982 -8.641724
v -6.405833 -19.699984 -7.641907
v -8.638210 -19.699984 -4.981476
v -9.826035 -19.699984 -1.717957
v -9.977956 -19.699984 0.018524
v -9.826035 -19.699984 1.755005
v -8.638210 -19.699984 5.018524
v -4.977957 -19.699982 8.678802
v 1.758525 -19.699976 9.866608
v 3.442245 -19.699976 9.415466
v 8.682298 -19.699974 5.018524
v 9.418970 -19.699972 3.438751
v 9.870122 -19.699972 1.755005
v 9.418970 -19.699974 -3.401672
v 7.682488 -19.699974 -6.409332
v 5.022044 -19.699976 -8.641724
v 7.282516 -19.699974 1.495758
v 8.171111 -19.699974 0.982727
v 8.499255 -19.699974 0.279022
v 8.522044 -19.699974 0.018524
v 8.321082 -19.699974 -0.731476
v 8.171111 -19.699974 -0.945648
v 7.986225 -19.699974 -1.130524
v 7.022044 -19.699974 -1.481476
v 6.761572 -19.699974 -1.458679
v 6.272044 -19.699976 -1.280487
v 6.057862 -19.699976 -1.130524
v 5.872977 -19.699976 -0.945648
v 5.522044 -19.699976 0.018524
v 5.612504 -19.699976 0.531555
v 5.723006 -19.699976 0.768524
v 5.872977 -19.699976 0.982727
v 6.057862 -19.699976 1.167603
v 6.272044 -19.699974 1.317566
v 6.509014 -19.699974 1.428070
v 6.761572 -19.699974 1.495758
v 0.986225 -19.699978 -5.832397
v 1.431582 -19.699978 -6.468445
v 1.431582 -19.699978 -7.494507
v 1.321082 -19.699978 -7.731476
v 1.171110 -19.699978 -7.945648
v 0.772043 -19.699978 -8.280487
v 0.535074 -19.699980 -8.390991
v 0.282516 -19.699980 -8.458679
v 0.022043 -19.699980 -8.481476
v -0.238429 -19.699980 -8.458679
v -0.490987 -19.699980 -8.390991
v -0.727956 -19.699980 -8.280487
v -1.387495 -19.699980 -7.494507
v -1.455168 -19.699980 -7.241943
v -1.477956 -19.699980 -6.981476
v -1.127023 -19.699980 -6.017273
v -0.727956 -19.699980 -5.682434
v -0.238429 -19.699980 -5.504242
v -6.977956 -19.699982 1.518524
v -6.717484 -19.699982 1.495758
v -6.464926 -19.699982 1.428070
v -6.227957 -19.699982 1.317566
v -5.828890 -19.699982 0.982727
v -5.678918 -19.699982 0.768524
v -5.500745 -19.699982 0.279022
v -5.477957 -19.699982 0.018524
v -6.013775 -19.699982 -1.130524
v -6.227957 -19.699982 -1.280487
v -6.717484 -19.699982 -1.458679
v -7.727956 -19.699984 -1.280487
v -8.455168 -19.699984 -0.241943
v -8.477956 -19.699984 0.018524
v -8.276995 -19.699984 0.768524
v -7.727956 -19.699984 1.317566
v -7.490987 -19.699984 1.428070
v -7.238429 -19.699982 1.495758
v 0.022043 -19.699978 8.518524
v 0.282516 -19.699978 8.495758
v 0.535074 -19.699978 8.428070
v 0.772043 -19.699978 8.317566
v 0.986225 -19.699978 8.167603
v 1.171110 -19.699978 7.982727
v 1.321082 -19.699978 7.768524
v 1.321082 -19.699978 6.268524
v 0.022043 -19.699978 5.518524
v -0.727956 -19.699978 5.719513
v -1.387495 -19.699980 6.505493
v -1.477956 -19.699980 7.018524
v -1.387495 -19.699980 7.531555
v 1.431582 -19.699978 0.531555
v 1.522044 -19.699978 0.018524
v 1.431582 -19.699978 -0.494507
v 1.321082 -19.699978 -0.731476
v 0.986225 -19.699978 -1.130524
v 0.535074 -19.699978 -1.390991
v 0.282516 -19.699978 -1.458679
v 0.022043 -19.699978 -1.481476
v -0.942138 -19.699980 -1.130524
v -1.276995 -19.699980 -0.731476
v -1.387495 -19.699980 -0.494507
v -1.477956 -19.699980 0.018524
v -1.387495 -19.699980 0.531555
v -0.942138 -19.699980 1.167603
v -0.490987 -19.699978 1.428070
v -0.238429 -19.699978 1.495758
v 0.022041 -16.199980 -4.481476
v 0.803457 -14.319977 4.450165
v 2.272041 -14.319976 3.915649
v 2.914585 -14.319976 3.465729
v 3.469241 -14.319976 2.911072
v 4.250657 -14.319975 -1.520569
v 3.919155 -14.319976 -2.231476
v 3.469241 -14.319976 -2.873993
v 2.914585 -14.319976 -3.428650
v 2.272041 -14.319977 -3.878571
v 1.561131 -14.319977 -4.210083
v 0.022041 -16.199978 4.518524
v 3.469242 -16.199976 2.911072
v 4.453677 -16.199976 0.799957
v 4.453677 -16.199976 -0.762878
v 4.250658 -16.199976 -1.520569
v 3.919156 -16.199976 -2.231476
v 2.914586 -16.199978 -3.428650
v 2.272042 -16.199978 -3.878571
v 1.561132 -16.199978 -4.210083
v 0.022040 -14.319977 4.518524
v 1.561131 -14.319977 4.247162
v 3.919155 -14.319975 2.268524
v 4.250657 -14.319975 1.557617
v 4.453676 -14.319975 0.799957
v 4.522041 -14.319975 0.018524
v 4.453676 -14.319975 -0.762878
v 0.803457 -14.319978 -4.413086
v 0.022040 -14.319978 -4.481476
v -1.517050 -14.319979 -4.210083
v -2.227959 -14.319979 -3.878571
v -3.425159 -14.319980 -2.873993
v -3.875074 -14.319980 -2.231476
v -4.206576 -14.319980 -1.520569
v -4.409594 -14.319980 -0.762878
v -4.477959 -14.319980 0.018524
v -2.227959 -14.319979 3.915649
v -1.517050 -14.319978 4.247162
v -0.238432 -14.319978 -1.458679
v -0.727959 -14.319978 -1.280487
v -1.276998 -14.319979 -0.731476
v -1.455171 -14.319979 -0.241943
v -1.477959 -14.319979 0.018524
v -1.276998 -14.319978 0.768524
v -1.127026 -14.319978 0.982727
v -0.942141 -14.319978 1.167603
v 0.535071 -14.319977 1.428070
v 1.171107 -14.319977 0.982727
v 1.321079 -14.319977 0.768524
v 1.431579 -14.319977 0.531555
v 1.499252 -14.319977 0.279022
v 1.499252 -14.319977 -0.241943
v 1.431579 -14.319977 -0.494507
v 1.321079 -14.319977 -0.731476
v 0.986222 -14.319977 -1.130524
v 0.535071 -14.319978 -1.390991
v -0.490990 -14.319978 -1.390991
v -0.942141 -14.319978 -1.130524
v -1.127026 -14.319979 -0.945648
v -1.387498 -14.319979 -0.494507
v -1.455171 -14.319979 0.279022
v -1.387498 -14.319979 0.531555
v -0.727959 -14.319978 1.317566
v -0.490990 -14.319978 1.428070
v -0.238432 -14.319978 1.495758
v 0.022040 -14.319978 1.518524
v -0.238429 -19.699980 -1.458679
v -0.490987 -19.699980 -1.390991
v -0.727956 -19.699980 -1.280487
v -1.127023 -19.699980 -0.945648
v -1.455168 -19.699980 -0.241943
v -1.455168 -19.699980 0.279022
v -1.276995 -19.699980 0.768524
v -1.127023 -19.699980 0.982727
v -0.727956 -19.699980 1.317566
v 0.022043 -19.699978 1.518524
v -0.942140 -16.199978 5.869476
v -1.127025 -16.199978 6.054352
v -1.276997 -16.199980 6.268524
v -1.387497 -16.199980 6.505493
v -1.455170 -16.199980 6.758057
v -1.455170 -16.199980 7.279022
v -1.276997 -16.199978 7.768524
v -1.127025 -16.199978 7.982727
v -0.942140 -16.199978 8.167603
v -0.727958 -16.199978 8.317566
v -0.490989 -16.199978 8.428070
v -0.238431 -16.199978 8.495758
v -0.238429 -19.699978 5.541321
v -0.490987 -19.699978 5.609009
v -0.942138 -19.699978 5.869476
v -1.127023 -19.699978 6.054352
v -1.276995 -19.699980 6.268524
v -1.455168 -19.699980 6.758057
v -1.455168 -19.699980 7.279022
v -1.276995 -19.699978 7.768524
v -1.127023 -19.699978 7.982727
v -0.942138 -19.699978 8.167603
v -0.727956 -19.699978 8.317566
v -0.490987 -19.699978 8.428070
v -0.238429 -19.699978 8.495758
v -7.490989 -16.199984 -1.390991
v -7.942140 -16.199984 -1.130524
v -8.455170 -16.199984 -0.241943
v -8.387498 -16.199984 0.531555
v -7.727958 -16.199984 1.317566
v -7.490989 -16.199984 1.428070
v -7.238431 -16.199982 1.495758
v -6.977958 -16.199982 1.518524
v -6.977956 -19.699984 -1.481476
v -7.238429 -19.699984 -1.458679
v -7.490987 -19.699984 -1.390991
v -7.942138 -19.699984 -1.130524
v -8.127024 -19.699984 -0.945648
v -8.276995 -19.699984 -0.731476
v -8.387496 -19.699984 -0.494507
v -8.455168 -19.699984 0.279022
v -8.387496 -19.699984 0.531555
v -8.127024 -19.699984 0.982727
v -7.942138 -19.699984 1.167603
v -0.238431 -16.199980 -8.458679
v -0.727958 -16.199980 -8.280487
v -1.455170 -16.199980 -7.241943
v -1.477958 -16.199980 -6.981476
v -1.387497 -16.199980 -6.468445
v -1.276997 -16.199980 -6.231476
v -1.127025 -16.199980 -6.017273
v -0.942140 -16.199980 -5.832397
v -0.727958 -16.199980 -5.682434
v -0.490989 -16.199980 -5.571930
v -0.238431 -16.199980 -5.504242
v -0.942138 -19.699980 -8.130524
v -1.127023 -19.699980 -7.945648
v -1.276995 -19.699980 -7.731476
v -1.455168 -19.699980 -6.720978
v -1.387495 -19.699980 -6.468445
v -1.276995 -19.699980 -6.231476
v -0.942138 -19.699980 -5.832397
v -0.490987 -19.699980 -5.571930
v 0.022043 -19.699980 -5.481476
v 6.509012 -16.199976 -1.390991
v 6.272042 -16.199976 -1.280487
v 6.057860 -16.199976 -1.130524
v 5.872975 -16.199976 -0.945648
v 5.723004 -16.199976 -0.731476
v 5.544830 -16.199976 -0.241943
v 5.872975 -16.199976 0.982727
v 6.057860 -16.199976 1.167603
v 6.761570 -16.199974 1.495758
v 6.509014 -19.699976 -1.390991
v 5.723006 -19.699976 -0.731476
v 5.612504 -19.699976 -0.494507
v 5.544832 -19.699976 -0.241943
v 5.544832 -19.699976 0.279022
v 7.022044 -19.699974 1.518524
vn -0.1736 -0.0000 -0.9848
vn -0.0000 -0.0000 -1.0000
vn -0.3421 -0.0000 -0.9397
vn -0.5000 -0.0000 -0.8660
vn -0.6428 -0.0000 -0.7661
vn -0.7661 -0.0000 -0.6428
vn -0.8660 -0.0000 -0.5000
vn -0.9397 -0.0000 -0.3420
vn -0.9848 -0.0000 -0.1737
vn -1.0000 -0.0000 -0.0000
vn -0.9848 -0.0000 0.1736
vn -0.9397 -0.0000 0.3420
vn -0.8660 -0.0000 0.5000
vn -0.7660 -0.0000 0.6428
vn -0.6428 -0.0000 0.7661
vn -0.5000 -0.0000 0.8660
vn -0.3421 -0.0000 0.9397
vn -0.1737 -0.0000 0.9848
vn -0.0000 -0.0000 1.0000
vn -0.7660 -0.0000 -0.6428
vn -0.1736 -0.0000 0.9848
vn -0.3420 -0.0000 0.9397
vn -0.6428 -0.0000 0.7660
vn -0.9848 -0.0000 0.1737
vn -0.9848 -0.0000 -0.1736
vn -0.6428 -0.0000 -0.7660
vn -0.3420 -0.0000 -0.9397
vn -0.1737 -0.0000 -0.9848
vn 0.1737 -0.0000 -0.9848
vn 0.3420 -0.0000 -0.9397
vn 0.5000 -0.0000 -0.8660
vn 0.6428 -0.0000 -0.7660
vn 0.7660 -0.0000 -0.6428
vn 0.8660 -0.0000 -0.5000
vn 0.9397 -0.0000 -0.3420
vn 0.9848 -0.0000 -0.1736
vn 1.0000 -0.0000 -0.0000
vn 0.9848 -0.0000 0.1736
vn 0.9397 -0.0000 0.3420
vn 0.8660 -0.0000 0.5000
vn 0.7660 -0.0000 0.6428
vn 0.6428 -0.0000 0.7660
vn 0.5000 -0.0000 0.8660
vn 0.3420 -0.0000 0.9397
vn 0.1736 -0.0000 0.9848
vn -0.0000 1.0000 -0.0000
vn -0.0000 -1.0000 -0.0000
vn 0.9848 -0.0000 0.1737
vn 0.1737 -0.0000 0.9848
vn 0.3421 -0.0000 0.9397
vn 0.6428 -0.0000 0.7661
vn 0.9848 -0.0000 -0.1737
vn 0.7661 -0.0000 -0.6428
vn 0.6428 -0.0000 -0.7661
vn 0.3421 -0.0000 -0.9397
vn 0.1736 -0.0000 -0.9848
vt 3.316126 3.500000
vt 3.141593 0.000000
vt 3.141593 3.500000
vt 3.316126 0.000000
vt 3.490659 3.500000
vt 3.490659 0.000000
vt 3.665191 3.500000
vt 3.665191 0.000000
vt 3.839724 3.500000
vt 3.839724 0.000000
vt 4.014257 0.000000
vt 4.014257 3.500000
vt 4.188790 0.000000
vt 4.188790 3.500000
vt 4.363323 0.000000
vt 4.363323 3.500000
vt 4.537856 3.500000
vt 4.537856 0.000000
vt 4.712389 0.000000
vt 4.712389 3.500000
vt 4.886922 3.500000
vt 4.886922 0.000000
vt 5.061455 3.500000
vt 5.061455 0.000000
vt 5.235988 0.000000
vt 5.235988 3.500000
vt 5.410521 3.500000
vt 5.410521 0.000000
vt 5.585053 3.500000
vt 5.585053 0.000000
vt 5.759586 3.500000
vt 5.759586 0.000000
vt 5.934119 3.500000
vt 5.934119 0.000000
vt 6.108653 0.000000
vt 6.108653 3.500000
vt 6.283185 3.500000
vt 6.283185 0.000000
vt 3.316126 5.380000
vt 3.141593 5.380000
vt 3.490659 5.380000
vt 3.665191 5.380000
vt 3.839724 5.380000
vt 4.014257 5.380000
vt 4.188790 5.380000
vt 4.363323 5.380000
vt 4.537856 5.380000
vt 4.712389 5.380000
vt 4.886922 5.380000
vt 5.061455 5.380000
vt 5.235988 5.380000
vt 5.410521 5.380000
vt 5.585053 5.380000
vt 5.759586 5.380000
vt 5.934119 5.380000
vt 6.108653 5.380000
vt 6.283185 5.380000
vt 0.174533 1.880000
vt 0.000000 0.000000
vt 0.174533 0.000000
vt 0.000000 1.880000
vt 0.349066 1.880000
vt 0.349066 0.000000
vt 0.523599 1.880000
vt 0.523599 0.000000
vt 0.698132 1.880000
vt 0.698132 0.000000
vt 0.872665 0.000000
vt 0.872665 1.880000
vt 1.047198 1.880000
vt 1.047198 0.000000
vt 1.221730 1.880000
vt 1.221730 0.000000
vt 1.396263 1.880000
vt 1.396263 0.000000
vt 1.570796 1.880000
vt 1.570796 0.000000
vt 1.745329 1.880000
vt 1.745329 0.000000
vt 1.919862 1.880000
vt 1.919862 0.000000
vt 2.094395 1.880000
vt 2.094395 0.000000
vt 2.268928 0.000000
vt 2.268928 1.880000
vt 2.443461 1.880000
vt 2.443461 0.000000
vt 2.617994 1.880000
vt 2.617994 0.000000
vt 2.792527 1.880000
vt 2.792527 0.000000
vt 2.967060 1.880000
vt 2.967060 0.000000
vt 3.141593 1.880000
vt 0.174533 3.500000
vt 0.000000 3.500000
vt 0.349066 3.500000
vt 0.523599 3.500000
vt 0.698132 3.500000
vt 0.872665 3.500000
vt 1.047198 3.500000
vt 1.221730 3.500000
vt 1.396263 3.500000
vt 1.570796 3.500000
vt 1.745329 3.500000
vt 1.919862 3.500000
vt 2.094395 3.500000
vt 2.268928 3.500000
vt 2.443461 3.500000
vt 2.617994 3.500000
vt 2.792527 3.500000
vt 2.967060 3.500000
vt -1.149067 -7.964181
vt -3.420202 -9.396926
vt -1.736482 -9.848078
vt -0.964181 -8.149067
vt -7.964181 -1.149067
vt -9.848078 -1.736482
vt -9.396926 -3.420202
vt -8.149067 -0.964181
vt -0.750000 -8.299038
vt -1.299038 -7.750000
vt -7.750000 -1.299038
vt -8.299038 -0.750000
vt -0.513030 -8.409539
vt -0.000000 -10.000000
vt -1.409539 -7.513030
vt -7.513030 -1.409539
vt -8.409539 -0.513030
vt -10.000000 0.000000
vt -0.260472 -8.477212
vt -1.477212 -7.260472
vt -5.000000 -8.660254
vt -7.260472 -1.477212
vt -8.660254 -5.000000
vt -8.477212 -0.260472
vt -0.000000 -8.500000
vt -1.500000 -7.000000
vt -7.000000 -1.500000
vt -8.500000 0.000000
vt 0.260472 -8.477212
vt -1.477212 -6.739528
vt -6.427876 -7.660444
vt -6.739528 -1.477212
vt -7.660444 -6.427876
vt -8.477212 0.260472
vt 0.513030 -8.409539
vt 1.736482 -9.848078
vt -8.409539 0.513030
vt -9.848078 1.736482
vt 0.750000 -8.299038
vt -8.299038 0.750000
vt 0.964181 -8.149067
vt -8.149067 0.964181
vt 1.149067 -7.964181
vt -7.964181 1.149067
vt -2.892544 -3.447200
vt -3.447200 -2.892544
vt -2.250000 -3.897114
vt -1.409539 -6.486970
vt -1.299038 -6.250000
vt -3.897114 -2.250000
vt -6.486970 -1.409539
vt -6.250000 -1.299038
vt 3.420202 -9.396926
vt 1.299038 -7.750000
vt 1.409539 -7.513030
vt -9.396926 3.420202
vt -7.750000 1.299038
vt -7.513030 1.409539
vt 1.477212 -7.260472
vt -7.260472 1.477212
vt -1.539091 -4.228617
vt -1.149067 -6.035819
vt -0.964181 -5.850934
vt -4.228617 -1.539091
vt -6.035819 -1.149067
vt -5.850934 -0.964181
vt -0.781417 -4.431635
vt -0.513030 -5.590461
vt -0.260472 -5.522789
vt -0.750000 -5.700962
vt -4.431635 -0.781417
vt -5.700962 -0.750000
vt -5.590461 -0.513030
vt -5.522789 -0.260472
vt -0.000000 -4.500000
vt 0.000000 -5.500000
vt 0.260472 -5.522789
vt -4.500000 0.000000
vt -5.522789 0.260472
vt -5.500000 0.000000
vt 5.000000 -8.660254
vt 1.477212 -6.739528
vt 1.500000 -7.000000
vt -8.660254 5.000000
vt -7.000000 1.500000
vt -6.739528 1.477212
vt 0.781417 -4.431635
vt 0.750000 -5.700962
vt 0.964181 -5.850934
vt 0.513030 -5.590461
vt -4.431635 0.781417
vt -5.590461 0.513030
vt -5.700962 0.750000
vt -5.850934 0.964181
vt 1.539091 -4.228617
vt 1.149067 -6.035819
vt 1.299038 -6.250000
vt -4.228617 1.539091
vt -6.035819 1.149067
vt -6.250000 1.299038
vt 2.250000 -3.897114
vt 1.409539 -6.486970
vt -3.897114 2.250000
vt -6.486970 1.409539
vt 6.427876 -7.660444
vt -7.660444 6.427876
vt 2.892544 -3.447200
vt -3.447200 2.892544
vt -2.892544 3.447200
vt 7.660444 -6.427876
vt 3.447200 -2.892544
vt -6.427876 7.660444
vt 5.850934 -0.964181
vt 4.431635 -0.781417
vt 4.228617 -1.539091
vt 6.035819 -1.149067
vt -0.964181 5.850934
vt -1.539091 4.228617
vt -0.781417 4.431635
vt -1.149067 6.035819
vt 5.700962 -0.750000
vt 6.250000 -1.299038
vt 3.897114 -2.250000
vt -1.299038 6.250000
vt -2.250000 3.897114
vt -0.750000 5.700962
vt 6.486970 -1.409539
vt 5.590461 -0.513030
vt -1.409539 6.486970
vt -0.513030 5.590461
vt 6.739528 -1.477212
vt 8.660254 -5.000000
vt 5.522789 -0.260472
vt 4.500000 -0.000000
vt -0.260472 5.522789
vt 0.000000 4.500000
vt -1.477212 6.739528
vt -5.000000 8.660254
vt 7.000000 -1.500000
vt 5.500000 -0.000000
vt 0.000000 5.500000
vt -1.500000 7.000000
vt 7.260472 -1.477212
vt 5.522789 0.260472
vt 4.431635 0.781417
vt 0.260472 5.522789
vt 0.781417 4.431635
vt -1.477212 7.260472
vt 9.396926 -3.420202
vt -3.420202 9.396926
vt 7.513030 -1.409539
vt 5.590461 0.513030
vt 0.513030 5.590461
vt -1.409539 7.513030
vt 7.750000 -1.299038
vt 5.700962 0.750000
vt 0.750000 5.700962
vt -1.299038 7.750000
vt 7.964181 -1.149067
vt 5.850934 0.964181
vt 4.228617 1.539091
vt 0.964181 5.850934
vt 1.539091 4.228617
vt -1.149067 7.964181
vt 6.035819 1.149067
vt 1.149067 6.035819
vt 6.250000 1.299038
vt 3.897114 2.250000
vt 1.299038 6.250000
vt 2.250000 3.897114
vt 6.486970 1.409539
vt 1.409539 6.486970
vt 9.848078 -1.736482
vt 8.149067 -0.964181
vt 8.299038 -0.750000
vt 8.409539 -0.513030
vt -1.736482 9.848078
vt -0.750000 8.299038
vt -0.513030 8.409539
vt -0.964181 8.149067
vt 6.739528 1.477212
vt 3.447200 2.892544
vt 1.477212 6.739528
vt 2.892544 3.447200
vt 10.000000 -0.000000
vt 8.477212 -0.260472
vt 8.500000 -0.000000
vt 8.477212 0.260472
vt 8.409539 0.513030
vt 0.000000 10.000000
vt 0.260472 8.477212
vt 0.513030 8.409539
vt 0.000000 8.500000
vt -0.260472 8.477212
vt 9.848078 1.736482
vt 8.299038 0.750000
vt 8.149067 0.964181
vt 7.964181 1.149067
vt 1.736482 9.848078
vt 0.964181 8.149067
vt 1.149067 7.964181
vt 0.750000 8.299038
vt 9.396926 3.420202
vt 7.750000 1.299038
vt 7.513030 1.409539
vt 7.260472 1.477212
vt 3.420202 9.396926
vt 1.409539 7.513030
vt 1.477212 7.260472
vt 1.299038 7.750000
vt 5.000000 8.660254
vt 1.500000 7.000000
vt 8.660254 5.000000
vt 7.000000 1.500000
vt 7.660444 6.427876
vt 6.427876 7.660444
vt -1.149067 -0.964181
vt -0.964181 -1.149067
vt -0.750000 -1.299038
vt -1.299038 -0.750000
vt -1.409539 -0.513030
vt -0.513030 -1.409539
vt -0.260472 -1.477212
vt -1.477212 -0.260472
vt -0.000000 -1.500000
vt -1.500000 0.000000
vt 0.260472 -1.477212
vt -1.477212 0.260472
vt 0.513030 -1.409539
vt -1.409539 0.513030
vt 0.750000 -1.299038
vt -1.299038 0.750000
vt 0.964181 -1.149067
vt -1.149067 0.964181
vt 1.149067 -0.964181
vt -0.964181 1.149067
vt 1.299038 -0.750000
vt -0.750000 1.299038
vt 1.409539 -0.513030
vt -0.513030 1.409539
vt 1.477212 -0.260472
vt 0.000000 1.500000
vt -0.260472 1.477212
vt 1.500000 0.000000
vt 1.477212 0.260472
vt 0.260472 1.477212
vt 1.409539 0.513030
vt 0.750000 1.299038
vt 0.513030 1.409539
vt 1.299038 0.750000
vt 1.149067 0.964181
vt 0.964181 1.149067
vt 3.316126 1.880000
vt 3.490659 1.880000
vt 3.665191 1.880000
vt 3.839724 1.880000
vt 4.014257 1.880000
vt 4.188790 1.880000
vt 4.363323 1.880000
vt 4.537856 1.880000
vt 4.712389 1.880000
vt 4.886922 1.880000
vt 5.061455 1.880000
vt 5.235988 1.880000
vt 5.410521 1.880000
vt 5.585053 1.880000
vt 5.759586 1.880000
vt 5.934119 1.880000
vt 6.108653 1.880000
vt 6.283185 1.880000
vt 0.174533 5.380000
vt 0.000000 5.380000
vt 0.349066 5.380000
vt 0.523599 5.380000
vt 0.698132 5.380000
vt 0.872665 5.380000
vt 1.047198 5.380000
vt 1.221730 5.380000
vt 1.396263 5.380000
vt 1.570796 5.380000
vt 1.745329 5.380000
vt 1.919862 5.380000
vt 2.094395 5.380000
vt 2.268928 5.380000
vt 2.443461 5.380000
vt 2.617994 5.380000
vt 2.792527 5.380000
vt 2.967060 5.380000
s 1
usemtl mat_5.001
f 4594/5322/2223 4923/5323/2224 4593/5324/2224
f 4594/5322/2223 4684/5325/2223 4923/5323/2224
f 4595/5326/2225 4430/5327/2225 4684/5325/2223
f 4595/5326/2225 4684/5325/2223 4594/5322/2223
f 4596/5328/2226 4431/5329/2226 4430/5327/2225
f 4596/5328/2226 4430/5327/2225 4595/5326/2225
f 4597/5330/2227 4432/5331/2227 4431/5329/2226
f 4597/5330/2227 4685/5332/2228 4432/5331/2227
f 4597/5330/2227 4431/5329/2226 4596/5328/2226
f 4598/5333/2228 4433/5334/2229 4685/5332/2228
f 4598/5333/2228 4685/5332/2228 4597/5330/2227
f 4599/5335/2229 4434/5336/2230 4433/5334/2229
f 4599/5335/2229 4433/5334/2229 4598/5333/2228
f 4421/5337/2230 4434/5336/2230 4599/5335/2229
f 4422/5338/2231 4686/5339/2231 4434/5336/2230
f 4422/5338/2231 4687/5340/2232 4686/5339/2231
f 4422/5338/2231 4434/5336/2230 4421/5337/2230
f 4600/5341/2232 4687/5340/2232 4422/5338/2231
f 4601/5342/2233 4435/5343/2233 4687/5340/2232
f 4601/5342/2233 4687/5340/2232 4600/5341/2232
f 4423/5344/2234 4436/5345/2234 4435/5343/2233
f 4423/5344/2234 4688/5346/2235 4436/5345/2234
f 4423/5344/2234 4435/5343/2233 4601/5342/2233
f 4424/5347/2235 4688/5346/2235 4423/5344/2234
f 4425/5348/2236 4689/5349/2236 4688/5346/2235
f 4425/5348/2236 4688/5346/2235 4424/5347/2235
f 4426/5350/2237 4690/5351/2237 4689/5349/2236
f 4426/5350/2237 4689/5349/2236 4425/5348/2236
f 4427/5352/2238 4690/5351/2237 4426/5350/2237
f 4427/5352/2238 4437/5353/2238 4690/5351/2237
f 4428/5354/2239 4437/5353/2238 4427/5352/2238
f 4428/5354/2239 4438/5355/2239 4437/5353/2238
f 4428/5354/2239 4439/5356/2240 4438/5355/2239
f 4429/5357/2240 4439/5356/2240 4428/5354/2239
f 4420/5358/2241 4439/5356/2240 4429/5357/2240
f 4420/5358/2241 4691/5359/2241 4439/5356/2240
f 4609/5322/2223 4908/5323/2224 4440/5324/2224
f 4609/5322/2223 4448/5325/2223 4908/5323/2224
f 4610/5326/2225 4449/5327/2225 4448/5325/2223
f 4610/5326/2225 4448/5325/2223 4609/5322/2223
f 4611/5328/2226 4450/5329/2226 4449/5327/2225
f 4611/5328/2226 4449/5327/2225 4610/5326/2225
f 4612/5330/2227 4704/5331/2227 4450/5329/2226
f 4612/5330/2227 4451/5332/2242 4704/5331/2227
f 4612/5330/2227 4450/5329/2226 4611/5328/2226
f 4441/5333/2228 4452/5334/2229 4451/5332/2242
f 4441/5333/2228 4451/5332/2242 4612/5330/2227
f 4442/5335/2229 4705/5336/2230 4452/5334/2229
f 4442/5335/2229 4452/5334/2229 4441/5333/2228
f 4613/5337/2230 4705/5336/2230 4442/5335/2229
f 4443/5338/2231 4453/5339/2231 4705/5336/2230
f 4443/5338/2231 4454/5340/2232 4453/5339/2231
f 4443/5338/2231 4705/5336/2230 4613/5337/2230
f 4444/5341/2232 4454/5340/2232 4443/5338/2231
f 4445/5342/2233 4455/5343/2233 4454/5340/2232
f 4445/5342/2233 4454/5340/2232 4444/5341/2232
f 4614/5344/2234 4706/5345/2234 4455/5343/2233
f 4614/5344/2234 4707/5346/2235 4706/5345/2234
f 4614/5344/2234 4455/5343/2233 4445/5342/2233
f 4446/5347/2235 4707/5346/2235 4614/5344/2234
f 4447/5348/2236 4708/5349/2236 4707/5346/2235
f 4447/5348/2236 4707/5346/2235 4446/5347/2235
f 4615/5350/2237 4456/5351/2237 4708/5349/2236
f 4615/5350/2237 4708/5349/2236 4447/5348/2236
f 4616/5352/2238 4456/5351/2237 4615/5350/2237
f 4616/5352/2238 4709/5353/2238 4456/5351/2237
f 4617/5354/2239 4709/5353/2238 4616/5352/2238
f 4617/5354/2239 4710/5355/2239 4709/5353/2238
f 4617/5354/2239 4711/5356/2240 4710/5355/2239
f 4618/5357/2240 4711/5356/2240 4617/5354/2239
f 4602/5358/2241 4711/5356/2240 4618/5357/2240
f 4602/5358/2241 4712/5359/2241 4711/5356/2240
f 4458/5322/2223 4722/5323/2224 4877/5324/2224
f 4458/5322/2223 4723/5325/2223 4722/5323/2224
f 4459/5326/2225 4724/5327/2225 4723/5325/2223
f 4459/5326/2225 4723/5325/2223 4458/5322/2223
f 4629/5328/2226 4725/5329/2226 4724/5327/2225
f 4629/5328/2226 4724/5327/2225 4459/5326/2225
f 4630/5330/2227 4465/5331/2227 4725/5329/2226
f 4630/5330/2227 4726/5332/2242 4465/5331/2227
f 4630/5330/2227 4725/5329/2226 4629/5328/2226
f 4631/5333/2228 4727/5334/2229 4726/5332/2242
f 4631/5333/2228 4726/5332/2242 4630/5330/2227
f 4460/5335/2229 4466/5336/2230 4727/5334/2229
f 4460/5335/2229 4727/5334/2229 4631/5333/2228
f 4461/5337/2230 4466/5336/2230 4460/5335/2229
f 4632/5338/2231 4728/5339/2231 4466/5336/2230
f 4632/5338/2231 4729/5340/2232 4728/5339/2231
f 4632/5338/2231 4466/5336/2230 4461/5337/2230
f 4633/5341/2232 4729/5340/2232 4632/5338/2231
f 4634/5342/2233 4467/5343/2233 4729/5340/2232
f 4634/5342/2233 4729/5340/2232 4633/5341/2232
f 4635/5344/2234 4468/5345/2234 4467/5343/2233
f 4635/5344/2234 4469/5346/2235 4468/5345/2234
f 4635/5344/2234 4467/5343/2233 4634/5342/2233
f 4636/5347/2235 4469/5346/2235 4635/5344/2234
f 4462/5348/2236 4470/5349/2236 4469/5346/2235
f 4462/5348/2236 4469/5346/2235 4636/5347/2235
f 4637/5350/2237 4730/5351/2237 4470/5349/2236
f 4637/5350/2237 4470/5349/2236 4462/5348/2236
f 4463/5352/2238 4730/5351/2237 4637/5350/2237
f 4463/5352/2238 4731/5353/2238 4730/5351/2237
f 4638/5354/2239 4731/5353/2238 4463/5352/2238
f 4638/5354/2239 4471/5355/2239 4731/5353/2238
f 4638/5354/2239 4732/5356/2240 4471/5355/2239
f 4464/5357/2240 4732/5356/2240 4638/5354/2239
f 4457/5358/2241 4732/5356/2240 4464/5357/2240
f 4457/5358/2241 4878/5359/2241 4732/5356/2240
f 4474/5322/2223 4740/5323/2224 4473/5324/2224
f 4474/5322/2223 4741/5325/2223 4740/5323/2224
f 4475/5326/2225 4742/5327/2225 4741/5325/2223
f 4475/5326/2225 4741/5325/2223 4474/5322/2223
f 4476/5328/2226 4743/5329/2226 4742/5327/2225
f 4476/5328/2226 4742/5327/2225 4475/5326/2225
f 4644/5330/2227 4744/5331/2227 4743/5329/2226
f 4644/5330/2227 4745/5332/2242 4744/5331/2227
f 4644/5330/2227 4743/5329/2226 4476/5328/2226
f 4477/5333/2228 4746/5334/2229 4745/5332/2242
f 4477/5333/2228 4745/5332/2242 4644/5330/2227
f 4478/5335/2229 4482/5336/2230 4746/5334/2229
f 4478/5335/2229 4746/5334/2229 4477/5333/2228
f 4479/5337/2230 4482/5336/2230 4478/5335/2229
f 4480/5338/2231 4483/5339/2231 4482/5336/2230
f 4480/5338/2231 4484/5340/2232 4483/5339/2231
f 4480/5338/2231 4482/5336/2230 4479/5337/2230
f 4481/5341/2232 4484/5340/2232 4480/5338/2231
f 4645/5342/2233 4485/5343/2233 4484/5340/2232
f 4645/5342/2233 4484/5340/2232 4481/5341/2232
f 4646/5344/2234 4486/5345/2234 4485/5343/2233
f 4646/5344/2234 4747/5346/2235 4486/5345/2234
f 4646/5344/2234 4485/5343/2233 4645/5342/2233
f 4647/5347/2235 4747/5346/2235 4646/5344/2234
f 4648/5348/2236 4487/5349/2236 4747/5346/2235
f 4648/5348/2236 4747/5346/2235 4647/5347/2235
f 4649/5350/2237 4488/5351/2237 4487/5349/2236
f 4649/5350/2237 4487/5349/2236 4648/5348/2236
f 4650/5352/2238 4488/5351/2237 4649/5350/2237
f 4650/5352/2238 4489/5353/2238 4488/5351/2237
f 4651/5354/2239 4489/5353/2238 4650/5352/2238
f 4651/5354/2239 4490/5355/2239 4489/5353/2238
f 4651/5354/2239 4491/5356/2240 4490/5355/2239
f 4652/5357/2240 4491/5356/2240 4651/5354/2239
f 4472/5358/2241 4491/5356/2240 4652/5357/2240
f 4472/5358/2241 4748/5359/2241 4491/5356/2240
f 4493/5360/2223 4844/5323/2224 4834/5361/2224
f 4493/5360/2223 4500/5325/2223 4844/5323/2224
f 4815/5362/2225 4501/5327/2225 4500/5325/2223
f 4815/5362/2225 4500/5325/2223 4493/5360/2223
f 4494/5363/2226 4502/5329/2226 4501/5327/2225
f 4494/5363/2226 4503/5331/2227 4502/5329/2226
f 4494/5363/2226 4501/5327/2225 4815/5362/2225
f 4495/5364/2227 4503/5331/2227 4494/5363/2226
f 4816/5365/2242 4504/5332/2228 4503/5331/2227
f 4816/5365/2242 4503/5331/2227 4495/5364/2227
f 4817/5366/2229 4505/5334/2229 4504/5332/2228
f 4817/5366/2229 4504/5332/2228 4816/5365/2242
f 4818/5367/2230 4753/5336/2230 4505/5334/2229
f 4818/5367/2230 4506/5339/2231 4753/5336/2230
f 4818/5367/2230 4505/5334/2229 4817/5366/2229
f 4819/5368/2231 4506/5339/2231 4818/5367/2230
f 4496/5369/2232 4754/5340/2232 4506/5339/2231
f 4496/5369/2232 4506/5339/2231 4819/5368/2231
f 4820/5370/2233 4507/5343/2233 4754/5340/2232
f 4820/5370/2233 4754/5340/2232 4496/5369/2232
f 4821/5371/2234 4755/5345/2234 4507/5343/2233
f 4821/5371/2234 4507/5343/2233 4820/5370/2233
f 4822/5372/2235 4756/5346/2235 4755/5345/2234
f 4822/5372/2235 4755/5345/2234 4821/5371/2234
f 4497/5373/2236 4508/5349/2236 4756/5346/2235
f 4497/5373/2236 4756/5346/2235 4822/5372/2235
f 4823/5374/2237 4757/5351/2237 4508/5349/2236
f 4823/5374/2237 4508/5349/2236 4497/5373/2236
f 4498/5375/2238 4757/5351/2237 4823/5374/2237
f 4498/5375/2238 4509/5353/2238 4757/5351/2237
f 4824/5376/2239 4509/5353/2238 4498/5375/2238
f 4824/5376/2239 4758/5355/2239 4509/5353/2238
f 4499/5377/2240 4758/5355/2239 4824/5376/2239
f 4499/5377/2240 4759/5356/2240 4758/5355/2239
f 4492/5378/2241 4759/5356/2240 4499/5377/2240
f 4492/5378/2241 4760/5359/2241 4759/5356/2240
f 4666/5379/2243 4789/5380/2241 4517/5381/2243
f 4666/5379/2243 4780/5382/2241 4789/5380/2241
f 4529/5383/2244 4517/5381/2243 4806/5384/2244
f 4529/5383/2244 4666/5379/2243 4517/5381/2243
f 4528/5385/2238 4806/5384/2244 4805/5386/2238
f 4528/5385/2238 4529/5383/2244 4806/5384/2244
f 4527/5387/2245 4516/5388/2245 4515/5389/2236
f 4527/5387/2245 4805/5386/2238 4516/5388/2245
f 4527/5387/2245 4528/5385/2238 4805/5386/2238
f 4665/5390/2236 4527/5387/2245 4515/5389/2236
f 4526/5391/2235 4515/5389/2236 4514/5392/2235
f 4526/5391/2235 4665/5390/2236 4515/5389/2236
f 4525/5393/2234 4514/5392/2235 4513/5394/2234
f 4525/5393/2234 4526/5391/2235 4514/5392/2235
f 4664/5395/2233 4513/5394/2234 4512/5396/2246
f 4664/5395/2233 4525/5393/2234 4513/5394/2234
f 4663/5397/2232 4512/5396/2246 4804/5398/2232
f 4663/5397/2232 4664/5395/2233 4512/5396/2246
f 4524/5399/2247 4804/5398/2232 4803/5400/2247
f 4524/5399/2247 4663/5397/2232 4804/5398/2232
f 4523/5401/2230 4803/5400/2247 4802/5402/2230
f 4523/5401/2230 4524/5399/2247 4803/5400/2247
f 4522/5403/2229 4801/5404/2229 4800/5405/2242
f 4522/5403/2229 4802/5402/2230 4801/5404/2229
f 4522/5403/2229 4523/5401/2230 4802/5402/2230
f 4662/5406/2242 4522/5403/2229 4800/5405/2242
f 4521/5407/2248 4662/5406/2242 4800/5405/2242
f 4521/5407/2248 4800/5405/2242 4511/5408/2248
f 4520/5409/2226 4511/5408/2248 4799/5410/2226
f 4520/5409/2226 4521/5407/2248 4511/5408/2248
f 4519/5411/2249 4799/5410/2226 4798/5412/2249
f 4519/5411/2249 4520/5409/2226 4799/5410/2226
f 4518/5413/2250 4798/5412/2249 4510/5414/2250
f 4518/5413/2250 4519/5411/2249 4798/5412/2249
f 4769/5415/2224 4510/5414/2250 4797/5323/2224
f 4769/5415/2224 4518/5413/2250 4510/5414/2250
f 4549/5416/2243 4550/5380/2241 4540/5381/2243
f 4549/5416/2243 4563/5417/2241 4550/5380/2241
f 4548/5418/2244 4540/5381/2243 4539/5384/2244
f 4548/5418/2244 4549/5416/2243 4540/5381/2243
f 4675/5419/2238 4539/5384/2244 4584/5386/2238
f 4675/5419/2238 4548/5418/2244 4539/5384/2244
f 4547/5420/2245 4584/5386/2238 4583/5388/2245
f 4547/5420/2245 4675/5419/2238 4584/5386/2238
f 4546/5421/2236 4583/5388/2245 4538/5389/2236
f 4546/5421/2236 4547/5420/2245 4583/5388/2245
f 4674/5422/2235 4537/5392/2235 4582/5394/2234
f 4674/5422/2235 4538/5389/2236 4537/5392/2235
f 4674/5422/2235 4546/5421/2236 4538/5389/2236
f 4545/5423/2234 4674/5422/2235 4582/5394/2234
f 4673/5424/2233 4582/5394/2234 4581/5396/2233
f 4673/5424/2233 4545/5423/2234 4582/5394/2234
f 4672/5425/2232 4581/5396/2233 4536/5398/2232
f 4672/5425/2232 4673/5424/2233 4581/5396/2233
f 4671/5426/2247 4535/5400/2247 4534/5402/2230
f 4671/5426/2247 4536/5398/2232 4535/5400/2247
f 4671/5426/2247 4672/5425/2232 4536/5398/2232
f 4544/5427/2230 4671/5426/2247 4534/5402/2230
f 4670/5428/2229 4534/5402/2230 4533/5404/2229
f 4670/5428/2229 4544/5427/2230 4534/5402/2230
f 4543/5429/2242 4533/5404/2229 4532/5405/2242
f 4543/5429/2242 4670/5428/2229 4533/5404/2229
f 4669/5430/2248 4532/5405/2242 4531/5408/2248
f 4669/5430/2248 4543/5429/2242 4532/5405/2242
f 4668/5431/2226 4531/5408/2248 4580/5410/2226
f 4668/5431/2226 4669/5430/2248 4531/5408/2248
f 4542/5432/2249 4580/5410/2226 4579/5412/2249
f 4542/5432/2249 4668/5431/2226 4580/5410/2226
f 4541/5433/2250 4579/5412/2249 4530/5414/2250
f 4541/5433/2250 4542/5432/2249 4579/5412/2249
f 4667/5324/2224 4530/5414/2250 4578/5323/2224
f 4667/5324/2224 4541/5433/2250 4530/5414/2250
f 4572/5322/2251 4667/5324/2224 4578/5323/2224
f 4572/5322/2251 4578/5323/2224 4562/5325/2251
f 4571/5326/2252 4562/5325/2251 4561/5327/2252
f 4571/5326/2252 4572/5322/2251 4562/5325/2251
f 4683/5328/2253 4561/5327/2252 4560/5329/2253
f 4683/5328/2253 4571/5326/2252 4561/5327/2252
f 4570/5330/2254 4560/5329/2253 4559/5331/2254
f 4570/5330/2254 4683/5328/2253 4560/5329/2253
f 4682/5333/2255 4577/5332/2255 4576/5334/2256
f 4682/5333/2255 4559/5331/2254 4577/5332/2255
f 4682/5333/2255 4570/5330/2254 4559/5331/2254
f 4569/5335/2256 4682/5333/2255 4576/5334/2256
f 4681/5337/2257 4558/5336/2257 4575/5339/2258
f 4681/5337/2257 4576/5334/2256 4558/5336/2257
f 4681/5337/2257 4569/5335/2256 4576/5334/2256
f 4568/5338/2258 4681/5337/2257 4575/5339/2258
f 4567/5341/2259 4575/5339/2258 4557/5340/2259
f 4567/5341/2259 4568/5338/2258 4575/5339/2258
f 4680/5342/2260 4557/5340/2259 4556/5343/2260
f 4680/5342/2260 4567/5341/2259 4557/5340/2259
f 4679/5344/2261 4556/5343/2260 4574/5345/2261
f 4679/5344/2261 4680/5342/2260 4556/5343/2260
f 4678/5347/2262 4555/5346/2262 4573/5349/2263
f 4678/5347/2262 4574/5345/2261 4555/5346/2262
f 4678/5347/2262 4679/5344/2261 4574/5345/2261
f 4566/5348/2263 4678/5347/2262 4573/5349/2263
f 4565/5350/2264 4566/5348/2263 4573/5349/2263
f 4565/5350/2264 4573/5349/2263 4554/5351/2264
f 4564/5352/2265 4554/5351/2264 4553/5353/2265
f 4564/5352/2265 4565/5350/2264 4554/5351/2264
f 4677/5354/2266 4553/5353/2265 4552/5355/2266
f 4677/5354/2266 4564/5352/2265 4553/5353/2265
f 4676/5357/2267 4552/5355/2266 4551/5356/2267
f 4676/5357/2267 4677/5354/2266 4552/5355/2266
f 4563/5358/2241 4551/5356/2267 4550/5359/2241
f 4563/5358/2241 4676/5357/2267 4551/5356/2267
f 4597/5434/2268 4574/5435/2268 4556/5436/2268
f 4598/5437/2268 4597/5434/2268 4556/5436/2268
f 4477/5438/2268 4551/5439/2268 4552/5440/2268
f 4644/5441/2268 4551/5439/2268 4477/5438/2268
f 4599/5442/2268 4598/5437/2268 4556/5436/2268
f 4596/5443/2268 4574/5435/2268 4597/5434/2268
f 4478/5444/2268 4477/5438/2268 4552/5440/2268
f 4476/5445/2268 4551/5439/2268 4644/5441/2268
f 4421/5446/2268 4556/5436/2268 4557/5447/2268
f 4421/5446/2268 4599/5442/2268 4556/5436/2268
f 4595/5448/2268 4574/5435/2268 4596/5443/2268
f 4479/5449/2268 4478/5444/2268 4552/5440/2268
f 4475/5450/2268 4550/5451/2268 4551/5439/2268
f 4475/5450/2268 4551/5439/2268 4476/5445/2268
f 4422/5452/2268 4421/5446/2268 4557/5447/2268
f 4594/5453/2268 4555/5454/2268 4574/5435/2268
f 4594/5453/2268 4574/5435/2268 4595/5448/2268
f 4480/5455/2268 4552/5440/2268 4553/5456/2268
f 4480/5455/2268 4479/5449/2268 4552/5440/2268
f 4474/5457/2268 4550/5451/2268 4475/5450/2268
f 4600/5458/2268 4422/5452/2268 4557/5447/2268
f 4593/5459/2268 4555/5454/2268 4594/5453/2268
f 4481/5460/2268 4480/5455/2268 4553/5456/2268
f 4473/5461/2268 4550/5451/2268 4474/5457/2268
f 4601/5462/2268 4600/5458/2268 4557/5447/2268
f 4917/5463/2268 4573/5464/2268 4555/5454/2268
f 4917/5463/2268 4555/5454/2268 4593/5459/2268
f 4645/5465/2268 4553/5456/2268 4554/5466/2268
f 4645/5465/2268 4481/5460/2268 4553/5456/2268
f 4856/5467/2268 4550/5451/2268 4473/5461/2268
f 4423/5468/2268 4557/5447/2268 4575/5469/2268
f 4423/5468/2268 4601/5462/2268 4557/5447/2268
f 4855/5470/2268 4540/5471/2268 4550/5451/2268
f 4855/5470/2268 4550/5451/2268 4856/5467/2268
f 4424/5472/2268 4423/5468/2268 4575/5469/2268
f 4854/5473/2268 4540/5471/2268 4855/5470/2268
f 4425/5474/2268 4424/5472/2268 4575/5469/2268
f 4853/5475/2268 4540/5471/2268 4854/5473/2268
f 4426/5476/2268 4425/5474/2268 4575/5469/2268
f 4852/5477/2268 4540/5471/2268 4853/5475/2268
f 4781/5478/2268 4573/5464/2268 4917/5463/2268
f 4656/5479/2268 4554/5466/2268 4573/5464/2268
f 4656/5479/2268 4573/5464/2268 4781/5478/2268
f 4656/5479/2268 4645/5465/2268 4554/5466/2268
f 4657/5480/2268 4781/5478/2268 4917/5463/2268
f 4657/5480/2268 4592/5481/2268 4591/5482/2268
f 4657/5480/2268 4917/5463/2268 4592/5481/2268
f 4655/5483/2268 4645/5465/2268 4656/5479/2268
f 4655/5483/2268 4646/5484/2268 4645/5465/2268
f 4655/5483/2268 4647/5485/2268 4646/5484/2268
f 4558/5486/2268 4426/5476/2268 4575/5469/2268
f 4558/5486/2268 4427/5487/2268 4426/5476/2268
f 4558/5486/2268 4428/5488/2268 4427/5487/2268
f 4539/5489/2268 4540/5471/2268 4852/5477/2268
f 4539/5489/2268 4851/5490/2268 4643/5491/2268
f 4539/5489/2268 4852/5477/2268 4851/5490/2268
f 4429/5492/2268 4428/5488/2268 4558/5486/2268
f 4850/5493/2268 4539/5489/2268 4643/5491/2268
f 4658/5494/2268 4657/5480/2268 4591/5482/2268
f 4658/5494/2268 4916/5495/2268 4915/5496/2268
f 4658/5494/2268 4591/5482/2268 4916/5495/2268
f 4654/5497/2268 4647/5485/2268 4655/5483/2268
f 4654/5497/2268 4648/5498/2268 4647/5485/2268
f 4654/5497/2268 4649/5499/2268 4648/5498/2268
f 4782/5500/2268 4589/5501/2268 4588/5502/2268
f 4782/5500/2268 4590/5503/2268 4589/5501/2268
f 4782/5500/2268 4915/5496/2268 4590/5503/2268
f 4782/5500/2268 4658/5494/2268 4915/5496/2268
f 4653/5504/2268 4650/5505/2268 4649/5499/2268
f 4653/5504/2268 4651/5506/2268 4650/5505/2268
f 4653/5504/2268 4652/5507/2268 4651/5506/2268
f 4653/5504/2268 4649/5499/2268 4654/5497/2268
f 4659/5508/2268 4587/5509/2268 4914/5510/2268
f 4659/5508/2268 4588/5502/2268 4587/5509/2268
f 4659/5508/2268 4782/5500/2268 4588/5502/2268
f 4780/5511/2268 4639/5512/2268 4472/5513/2268
f 4780/5511/2268 4652/5507/2268 4653/5504/2268
f 4780/5511/2268 4472/5513/2268 4652/5507/2268
f 4576/5514/2268 4585/5515/2268 4420/5516/2268
f 4576/5514/2268 4429/5492/2268 4558/5486/2268
f 4576/5514/2268 4420/5516/2268 4429/5492/2268
f 4584/5517/2268 4642/5518/2268 4849/5519/2268
f 4584/5517/2268 4850/5493/2268 4642/5518/2268
f 4584/5517/2268 4539/5489/2268 4850/5493/2268
f 4783/5520/2268 4913/5521/2268 4912/5522/2268
f 4783/5520/2268 4586/5523/2268 4913/5521/2268
f 4783/5520/2268 4914/5510/2268 4586/5523/2268
f 4783/5520/2268 4659/5508/2268 4914/5510/2268
f 4666/5524/2268 4640/5525/2268 4639/5512/2268
f 4666/5524/2268 4641/5526/2268 4640/5525/2268
f 4666/5524/2268 4845/5527/2268 4641/5526/2268
f 4666/5524/2268 4639/5512/2268 4780/5511/2268
f 4784/5528/2268 4911/5529/2268 4910/5530/2268
f 4784/5528/2268 4912/5522/2268 4911/5529/2268
f 4784/5528/2268 4783/5520/2268 4912/5522/2268
f 4529/5531/2268 4845/5527/2268 4666/5524/2268
f 4529/5531/2268 4846/5532/2268 4845/5527/2268
f 4529/5531/2268 4847/5533/2268 4846/5532/2268
f 4785/5534/2268 4784/5528/2268 4910/5530/2268
f 4785/5534/2268 4909/5535/2268 4585/5515/2268
f 4785/5534/2268 4910/5530/2268 4909/5535/2268
f 4528/5536/2268 4847/5533/2268 4529/5531/2268
f 4528/5536/2268 4848/5537/2268 4847/5533/2268
f 4528/5536/2268 4849/5519/2268 4848/5537/2268
f 4577/5538/2268 4585/5515/2268 4576/5514/2268
f 4583/5539/2268 4584/5517/2268 4849/5519/2268
f 4660/5540/2268 4785/5534/2268 4585/5515/2268
f 4660/5540/2268 4585/5515/2268 4577/5538/2268
f 4527/5541/2268 4849/5519/2268 4528/5536/2268
f 4527/5541/2268 4583/5539/2268 4849/5519/2268
f 4665/5542/2268 4583/5539/2268 4527/5541/2268
f 4559/5543/2268 4660/5540/2268 4577/5538/2268
f 4559/5543/2268 4786/5544/2268 4660/5540/2268
f 4538/5545/2268 4583/5539/2268 4665/5542/2268
f 4612/5546/2268 4661/5547/2268 4788/5548/2268
f 4441/5549/2268 4612/5546/2268 4788/5548/2268
f 4631/5550/2268 4525/5551/2268 4664/5552/2268
f 4630/5553/2268 4525/5551/2268 4631/5550/2268
f 4611/5554/2268 4661/5547/2268 4612/5546/2268
f 4442/5555/2268 4441/5549/2268 4788/5548/2268
f 4442/5555/2268 4788/5548/2268 4787/5556/2268
f 4629/5557/2268 4526/5558/2268 4525/5551/2268
f 4629/5557/2268 4525/5551/2268 4630/5553/2268
f 4460/5559/2268 4631/5550/2268 4664/5552/2268
f 4613/5560/2268 4442/5555/2268 4787/5556/2268
f 4610/5561/2268 4661/5547/2268 4611/5554/2268
f 4459/5562/2268 4526/5558/2268 4629/5557/2268
f 4461/5563/2268 4460/5559/2268 4664/5552/2268
f 4443/5564/2268 4559/5543/2268 4560/5565/2268
f 4443/5564/2268 4786/5544/2268 4559/5543/2268
f 4443/5564/2268 4613/5560/2268 4787/5556/2268
f 4443/5564/2268 4787/5556/2268 4786/5544/2268
f 4609/5566/2268 4661/5547/2268 4610/5561/2268
f 4609/5566/2268 4769/5567/2268 4661/5547/2268
f 4632/5568/2268 4664/5552/2268 4663/5569/2268
f 4632/5568/2268 4461/5563/2268 4664/5552/2268
f 4458/5570/2268 4665/5542/2268 4526/5558/2268
f 4458/5570/2268 4537/5571/2268 4538/5545/2268
f 4458/5570/2268 4538/5545/2268 4665/5542/2268
f 4458/5570/2268 4526/5558/2268 4459/5562/2268
f 4444/5572/2268 4443/5564/2268 4560/5565/2268
f 4440/5573/2268 4769/5567/2268 4609/5566/2268
f 4633/5574/2268 4632/5568/2268 4663/5569/2268
f 4877/5575/2268 4537/5571/2268 4458/5570/2268
f 4445/5576/2268 4444/5572/2268 4560/5565/2268
f 4899/5577/2268 4769/5567/2268 4440/5573/2268
f 4899/5577/2268 4518/5578/2268 4769/5567/2268
f 4634/5579/2268 4663/5569/2268 4524/5580/2268
f 4634/5579/2268 4633/5574/2268 4663/5569/2268
f 4876/5581/2268 4537/5571/2268 4877/5575/2268
f 4561/5582/2268 4445/5576/2268 4560/5565/2268
f 4582/5583/2268 4537/5571/2268 4876/5581/2268
f 4614/5584/2268 4445/5576/2268 4561/5582/2268
f 4898/5585/2268 4518/5578/2268 4899/5577/2268
f 4635/5586/2268 4634/5579/2268 4524/5580/2268
f 4875/5587/2268 4582/5583/2268 4876/5581/2268
f 4446/5588/2268 4614/5584/2268 4561/5582/2268
f 4897/5589/2268 4518/5578/2268 4898/5585/2268
f 4636/5590/2268 4635/5586/2268 4524/5580/2268
f 4874/5591/2268 4582/5583/2268 4875/5587/2268
f 4447/5592/2268 4446/5588/2268 4561/5582/2268
f 4896/5593/2268 4518/5578/2268 4897/5589/2268
f 4896/5593/2268 4519/5594/2268 4518/5578/2268
f 4462/5595/2268 4524/5580/2268 4523/5596/2268
f 4462/5595/2268 4636/5590/2268 4524/5580/2268
f 4628/5597/2268 4582/5583/2268 4874/5591/2268
f 4895/5598/2268 4519/5594/2268 4896/5593/2268
f 4637/5599/2268 4462/5595/2268 4523/5596/2268
f 4894/5600/2268 4519/5594/2268 4895/5598/2268
f 4894/5600/2268 4520/5601/2268 4519/5594/2268
f 4463/5602/2268 4523/5596/2268 4522/5603/2268
f 4463/5602/2268 4637/5599/2268 4523/5596/2268
f 4893/5604/2268 4520/5601/2268 4894/5600/2268
f 4638/5605/2268 4463/5602/2268 4522/5603/2268
f 4562/5606/2268 4615/5607/2268 4447/5592/2268
f 4562/5606/2268 4616/5608/2268 4615/5607/2268
f 4562/5606/2268 4617/5609/2268 4616/5608/2268
f 4562/5606/2268 4447/5592/2268 4561/5582/2268
f 4581/5610/2268 4626/5611/2268 4873/5612/2268
f 4581/5610/2268 4627/5613/2268 4626/5611/2268
f 4581/5610/2268 4628/5597/2268 4627/5613/2268
f 4581/5610/2268 4582/5583/2268 4628/5597/2268
f 4608/5614/2268 4521/5615/2268 4520/5601/2268
f 4608/5614/2268 4520/5601/2268 4893/5604/2268
f 4464/5616/2268 4522/5603/2268 4662/5617/2268
f 4464/5616/2268 4638/5605/2268 4522/5603/2268
f 4578/5618/2268 4618/5619/2268 4617/5609/2268
f 4578/5618/2268 4602/5620/2268 4618/5619/2268
f 4578/5618/2268 4889/5621/2268 4602/5620/2268
f 4578/5618/2268 4603/5622/2268 4889/5621/2268
f 4578/5618/2268 4617/5609/2268 4562/5606/2268
f 4536/5623/2268 4872/5624/2268 4623/5625/2268
f 4536/5623/2268 4624/5626/2268 4872/5624/2268
f 4536/5623/2268 4625/5627/2268 4624/5626/2268
f 4536/5623/2268 4873/5612/2268 4625/5627/2268
f 4536/5623/2268 4581/5610/2268 4873/5612/2268
f 4530/5628/2268 4890/5629/2268 4603/5622/2268
f 4530/5628/2268 4604/5630/2268 4890/5629/2268
f 4530/5628/2268 4605/5631/2268 4604/5630/2268
f 4530/5628/2268 4603/5622/2268 4578/5618/2268
f 4535/5632/2268 4536/5623/2268 4623/5625/2268
f 4535/5632/2268 4621/5633/2268 4871/5634/2268
f 4535/5632/2268 4622/5635/2268 4621/5633/2268
f 4535/5632/2268 4623/5625/2268 4622/5635/2268
f 4579/5636/2268 4605/5631/2268 4530/5628/2268
f 4579/5636/2268 4606/5637/2268 4605/5631/2268
f 4579/5636/2268 4607/5638/2268 4606/5637/2268
f 4579/5636/2268 4891/5639/2268 4607/5638/2268
f 4534/5640/2268 4870/5641/2268 4619/5642/2268
f 4534/5640/2268 4620/5643/2268 4870/5641/2268
f 4534/5640/2268 4871/5634/2268 4620/5643/2268
f 4534/5640/2268 4535/5632/2268 4871/5634/2268
f 4533/5644/2268 4619/5642/2268 4457/5645/2268
f 4533/5644/2268 4534/5640/2268 4619/5642/2268
f 4533/5644/2268 4457/5645/2268 4464/5616/2268
f 4580/5646/2268 4891/5639/2268 4579/5636/2268
f 4580/5646/2268 4892/5647/2268 4891/5639/2268
f 4580/5646/2268 4608/5614/2268 4892/5647/2268
f 4531/5648/2268 4521/5615/2268 4608/5614/2268
f 4531/5648/2268 4608/5614/2268 4580/5646/2268
f 4532/5649/2268 4662/5617/2268 4521/5615/2268
f 4532/5649/2268 4533/5644/2268 4464/5616/2268
f 4532/5649/2268 4464/5616/2268 4662/5617/2268
f 4532/5649/2268 4521/5615/2268 4531/5648/2268
f 4432/5434/2269 4680/5436/2269 4679/5435/2269
f 4432/5434/2269 4685/5437/2269 4680/5436/2269
f 4745/5438/2269 4677/5440/2269 4676/5439/2269
f 4744/5441/2269 4745/5438/2269 4676/5439/2269
f 4433/5442/2269 4680/5436/2269 4685/5437/2269
f 4431/5443/2269 4432/5434/2269 4679/5435/2269
f 4746/5444/2269 4677/5440/2269 4745/5438/2269
f 4743/5445/2269 4744/5441/2269 4676/5439/2269
f 4434/5446/2269 4567/5447/2269 4680/5436/2269
f 4434/5446/2269 4680/5436/2269 4433/5442/2269
f 4430/5448/2269 4431/5443/2269 4679/5435/2269
f 4482/5449/2269 4677/5440/2269 4746/5444/2269
f 4742/5450/2269 4676/5439/2269 4563/5451/2269
f 4742/5450/2269 4743/5445/2269 4676/5439/2269
f 4686/5452/2269 4567/5447/2269 4434/5446/2269
f 4684/5453/2269 4679/5435/2269 4678/5454/2269
f 4684/5453/2269 4430/5448/2269 4679/5435/2269
f 4483/5455/2269 4564/5456/2269 4677/5440/2269
f 4483/5455/2269 4677/5440/2269 4482/5449/2269
f 4741/5457/2269 4742/5450/2269 4563/5451/2269
f 4687/5458/2269 4567/5447/2269 4686/5452/2269
f 4923/5459/2269 4684/5453/2269 4678/5454/2269
f 4484/5460/2269 4564/5456/2269 4483/5455/2269
f 4740/5461/2269 4741/5457/2269 4563/5451/2269
f 4435/5462/2269 4567/5447/2269 4687/5458/2269
f 4703/5463/2269 4678/5454/2269 4566/5464/2269
f 4703/5463/2269 4923/5459/2269 4678/5454/2269
f 4485/5465/2269 4565/5466/2269 4564/5456/2269
f 4485/5465/2269 4564/5456/2269 4484/5460/2269
f 4869/5467/2269 4740/5461/2269 4563/5451/2269
f 4436/5468/2269 4568/5469/2269 4567/5447/2269
f 4436/5468/2269 4567/5447/2269 4435/5462/2269
f 4702/5481/2269 4703/5463/2269 4566/5464/2269
f 4486/5484/2269 4565/5466/2269 4485/5465/2269
f 4868/5470/2269 4563/5451/2269 4549/5471/2269
f 4868/5470/2269 4869/5467/2269 4563/5451/2269
f 4688/5472/2269 4568/5469/2269 4436/5468/2269
f 4701/5482/2269 4566/5464/2269 4565/5466/2269
f 4701/5482/2269 4702/5481/2269 4566/5464/2269
f 4747/5485/2269 4701/5482/2269 4565/5466/2269
f 4747/5485/2269 4565/5466/2269 4486/5484/2269
f 4867/5473/2269 4868/5470/2269 4549/5471/2269
f 4689/5474/2269 4568/5469/2269 4688/5472/2269
f 4487/5498/2269 4701/5482/2269 4747/5485/2269
f 4487/5498/2269 4700/5495/2269 4701/5482/2269
f 4866/5475/2269 4867/5473/2269 4549/5471/2269
f 4690/5476/2269 4568/5469/2269 4689/5474/2269
f 4488/5499/2269 4699/5496/2269 4700/5495/2269
f 4488/5499/2269 4700/5495/2269 4487/5498/2269
f 4865/5477/2269 4866/5475/2269 4549/5471/2269
f 4681/5486/2269 4690/5476/2269 4437/5487/2269
f 4681/5486/2269 4437/5487/2269 4438/5488/2269
f 4681/5486/2269 4568/5469/2269 4690/5476/2269
f 4548/5489/2269 4752/5491/2269 4864/5490/2269
f 4548/5489/2269 4864/5490/2269 4865/5477/2269
f 4548/5489/2269 4865/5477/2269 4549/5471/2269
f 4439/5492/2269 4681/5486/2269 4438/5488/2269
f 4863/5493/2269 4752/5491/2269 4548/5489/2269
f 4569/5514/2269 4681/5486/2269 4439/5492/2269
f 4569/5514/2269 4439/5492/2269 4691/5516/2269
f 4569/5514/2269 4691/5516/2269 4692/5515/2269
f 4675/5517/2269 4863/5493/2269 4548/5489/2269
f 4675/5517/2269 4862/5519/2269 4751/5518/2269
f 4675/5517/2269 4751/5518/2269 4863/5493/2269
f 4503/5650/2269 4504/5651/2269 4699/5496/2269
f 4503/5650/2269 4699/5496/2269 4488/5499/2269
f 4505/5652/2269 4699/5496/2269 4504/5651/2269
f 4505/5652/2269 4697/5501/2269 4698/5503/2269
f 4505/5652/2269 4698/5503/2269 4699/5496/2269
f 4502/5653/2269 4503/5650/2269 4488/5499/2269
f 4502/5653/2269 4488/5499/2269 4489/5505/2269
f 4501/5654/2269 4489/5505/2269 4490/5506/2269
f 4501/5654/2269 4502/5653/2269 4489/5505/2269
f 4753/5655/2269 4697/5501/2269 4505/5652/2269
f 4506/5656/2269 4922/5502/2269 4697/5501/2269
f 4506/5656/2269 4697/5501/2269 4753/5655/2269
f 4500/5657/2269 4501/5654/2269 4490/5506/2269
f 4500/5657/2269 4490/5506/2269 4491/5507/2269
f 4754/5658/2269 4922/5502/2269 4506/5656/2269
f 4754/5658/2269 4696/5509/2269 4922/5502/2269
f 4844/5659/2269 4491/5507/2269 4748/5513/2269
f 4844/5659/2269 4500/5657/2269 4491/5507/2269
f 4682/5538/2269 4692/5515/2269 4918/5535/2269
f 4682/5538/2269 4918/5535/2269 4693/5530/2269
f 4682/5538/2269 4569/5514/2269 4692/5515/2269
f 4547/5539/2269 4861/5533/2269 4750/5537/2269
f 4547/5539/2269 4750/5537/2269 4862/5519/2269
f 4547/5539/2269 4862/5519/2269 4675/5517/2269
f 4507/5660/2269 4696/5509/2269 4754/5658/2269
f 4507/5660/2269 4921/5510/2269 4696/5509/2269
f 4768/5661/2269 4844/5659/2269 4748/5513/2269
f 4768/5661/2269 4748/5513/2269 4857/5512/2269
f 4755/5662/2269 4921/5510/2269 4507/5660/2269
f 4755/5662/2269 4920/5523/2269 4921/5510/2269
f 4767/5663/2269 4857/5512/2269 4858/5525/2269
f 4767/5663/2269 4768/5661/2269 4857/5512/2269
f 4756/5664/2269 4920/5523/2269 4755/5662/2269
f 4756/5664/2269 4695/5522/2269 4919/5521/2269
f 4756/5664/2269 4919/5521/2269 4920/5523/2269
f 4843/5665/2269 4767/5663/2269 4858/5525/2269
f 4843/5665/2269 4858/5525/2269 4749/5526/2269
f 4508/5666/2269 4695/5522/2269 4756/5664/2269
f 4766/5667/2269 4843/5665/2269 4749/5526/2269
f 4766/5667/2269 4749/5526/2269 4859/5527/2269
f 4757/5668/2269 4695/5522/2269 4508/5666/2269
f 4546/5545/2269 4861/5533/2269 4547/5539/2269
f 4704/5546/2269 4694/5529/2269 4695/5522/2269
f 4704/5546/2269 4695/5522/2269 4757/5668/2269
f 4451/5549/2269 4694/5529/2269 4704/5546/2269
f 4465/5553/2269 4842/5669/2269 4766/5667/2269
f 4465/5553/2269 4766/5667/2269 4859/5527/2269
f 4465/5553/2269 4859/5527/2269 4860/5532/2269
f 4465/5553/2269 4726/5550/2269 4842/5669/2269
f 4450/5554/2269 4704/5546/2269 4757/5668/2269
f 4450/5554/2269 4757/5668/2269 4509/5670/2269
f 4452/5555/2269 4682/5538/2269 4693/5530/2269
f 4452/5555/2269 4570/5543/2269 4682/5538/2269
f 4452/5555/2269 4694/5529/2269 4451/5549/2269
f 4452/5555/2269 4693/5530/2269 4694/5529/2269
f 4727/5559/2269 4841/5671/2269 4842/5669/2269
f 4727/5559/2269 4842/5669/2269 4726/5550/2269
f 4725/5557/2269 4861/5533/2269 4546/5545/2269
f 4725/5557/2269 4860/5532/2269 4861/5533/2269
f 4725/5557/2269 4465/5553/2269 4860/5532/2269
f 4449/5561/2269 4450/5554/2269 4509/5670/2269
f 4449/5561/2269 4509/5670/2269 4758/5672/2269
f 4705/5560/2269 4570/5543/2269 4452/5555/2269
f 4724/5562/2269 4725/5557/2269 4546/5545/2269
f 4466/5563/2269 4765/5673/2269 4841/5671/2269
f 4466/5563/2269 4841/5671/2269 4727/5559/2269
f 4453/5564/2269 4683/5565/2269 4570/5543/2269
f 4453/5564/2269 4570/5543/2269 4705/5560/2269
f 4448/5566/2269 4449/5561/2269 4758/5672/2269
f 4448/5566/2269 4758/5672/2269 4759/5674/2269
f 4728/5568/2269 4764/5675/2269 4840/5676/2269
f 4728/5568/2269 4840/5676/2269 4765/5673/2269
f 4728/5568/2269 4765/5673/2269 4466/5563/2269
f 4723/5570/2269 4546/5545/2269 4674/5571/2269
f 4723/5570/2269 4724/5562/2269 4546/5545/2269
f 4454/5572/2269 4683/5565/2269 4453/5564/2269
f 4908/5573/2269 4448/5566/2269 4759/5674/2269
f 4908/5573/2269 4759/5674/2269 4760/5677/2269
f 4729/5574/2269 4764/5675/2269 4728/5568/2269
f 4722/5575/2269 4723/5570/2269 4674/5571/2269
f 4455/5576/2269 4683/5565/2269 4454/5572/2269
f 4721/5577/2269 4908/5573/2269 4760/5677/2269
f 4721/5577/2269 4760/5677/2269 4835/5678/2269
f 4467/5579/2269 4839/5679/2269 4764/5675/2269
f 4467/5579/2269 4764/5675/2269 4729/5574/2269
f 4739/5581/2269 4722/5575/2269 4674/5571/2269
f 4571/5582/2269 4683/5565/2269 4455/5576/2269
f 4545/5583/2269 4739/5581/2269 4674/5571/2269
f 4706/5584/2269 4571/5582/2269 4455/5576/2269
f 4907/5585/2269 4721/5577/2269 4835/5678/2269
f 4907/5585/2269 4835/5678/2269 4836/5680/2269
f 4468/5586/2269 4762/5681/2269 4763/5682/2269
f 4468/5586/2269 4763/5682/2269 4839/5679/2269
f 4468/5586/2269 4839/5679/2269 4467/5579/2269
f 4738/5587/2269 4739/5581/2269 4545/5583/2269
f 4707/5588/2269 4571/5582/2269 4706/5584/2269
f 4720/5589/2269 4907/5585/2269 4836/5680/2269
f 4720/5589/2269 4836/5680/2269 4837/5683/2269
f 4469/5590/2269 4762/5681/2269 4468/5586/2269
f 4737/5591/2269 4738/5587/2269 4545/5583/2269
f 4708/5592/2269 4571/5582/2269 4707/5588/2269
f 4906/5593/2269 4837/5683/2269 4761/5684/2269
f 4906/5593/2269 4720/5589/2269 4837/5683/2269
f 4470/5595/2269 4761/5684/2269 4838/5685/2269
f 4470/5595/2269 4838/5685/2269 4762/5681/2269
f 4470/5595/2269 4762/5681/2269 4469/5590/2269
f 4888/5597/2269 4737/5591/2269 4545/5583/2269
f 4719/5598/2269 4906/5593/2269 4761/5684/2269
f 4730/5599/2269 4719/5598/2269 4761/5684/2269
f 4730/5599/2269 4761/5684/2269 4470/5595/2269
f 4731/5602/2269 4905/5600/2269 4719/5598/2269
f 4731/5602/2269 4719/5598/2269 4730/5599/2269
f 4572/5606/2269 4571/5582/2269 4708/5592/2269
f 4572/5606/2269 4708/5592/2269 4456/5607/2269
f 4572/5606/2269 4456/5607/2269 4709/5608/2269
f 4572/5606/2269 4709/5608/2269 4710/5609/2269
f 4673/5610/2269 4886/5612/2269 4736/5611/2269
f 4673/5610/2269 4736/5611/2269 4887/5613/2269
f 4673/5610/2269 4887/5613/2269 4888/5597/2269
f 4673/5610/2269 4888/5597/2269 4545/5583/2269
f 4672/5623/2269 4884/5625/2269 4734/5624/2269
f 4672/5623/2269 4734/5624/2269 4735/5626/2269
f 4672/5623/2269 4735/5626/2269 4885/5627/2269
f 4672/5623/2269 4885/5627/2269 4886/5612/2269
f 4672/5623/2269 4886/5612/2269 4673/5610/2269
f 4667/5618/2269 4572/5606/2269 4710/5609/2269
f 4667/5618/2269 4710/5609/2269 4711/5619/2269
f 4667/5618/2269 4711/5619/2269 4712/5620/2269
f 4667/5618/2269 4712/5620/2269 4713/5621/2269
f 4667/5618/2269 4713/5621/2269 4714/5622/2269
f 4541/5628/2269 4667/5618/2269 4714/5622/2269
f 4541/5628/2269 4714/5622/2269 4715/5629/2269
f 4541/5628/2269 4715/5629/2269 4900/5630/2269
f 4541/5628/2269 4900/5630/2269 4901/5631/2269
f 4671/5632/2269 4884/5625/2269 4672/5623/2269
f 4671/5632/2269 4881/5634/2269 4882/5633/2269
f 4671/5632/2269 4882/5633/2269 4883/5635/2269
f 4671/5632/2269 4883/5635/2269 4884/5625/2269
f 4544/5640/2269 4879/5642/2269 4880/5641/2269
f 4544/5640/2269 4880/5641/2269 4733/5643/2269
f 4544/5640/2269 4733/5643/2269 4881/5634/2269
f 4544/5640/2269 4881/5634/2269 4671/5632/2269
f 4542/5636/2269 4541/5628/2269 4901/5631/2269
f 4542/5636/2269 4901/5631/2269 4902/5637/2269
f 4542/5636/2269 4902/5637/2269 4716/5638/2269
f 4542/5636/2269 4716/5638/2269 4717/5639/2269
f 4668/5646/2269 4542/5636/2269 4717/5639/2269
f 4668/5646/2269 4717/5639/2269 4718/5647/2269
f 4668/5646/2269 4718/5647/2269 4903/5614/2269
f 4670/5644/2269 4879/5642/2269 4544/5640/2269
f 4670/5644/2269 4732/5616/2269 4878/5645/2269
f 4670/5644/2269 4878/5645/2269 4879/5642/2269
f 4669/5648/2269 4903/5614/2269 4904/5604/2269
f 4669/5648/2269 4904/5604/2269 4905/5600/2269
f 4669/5648/2269 4668/5646/2269 4903/5614/2269
f 4669/5648/2269 4905/5600/2269 4731/5602/2269
f 4543/5649/2269 4732/5616/2269 4670/5644/2269
f 4543/5649/2269 4731/5602/2269 4471/5605/2269
f 4543/5649/2269 4471/5605/2269 4732/5616/2269
f 4543/5649/2269 4669/5648/2269 4731/5602/2269
f 4661/5686/2251 4769/5415/2224 4797/5323/2224
f 4661/5686/2251 4797/5323/2224 4796/5325/2251
f 4788/5687/2252 4779/5327/2252 4778/5329/2253
f 4788/5687/2252 4796/5325/2251 4779/5327/2252
f 4788/5687/2252 4661/5686/2251 4796/5325/2251
f 4787/5688/2253 4788/5687/2252 4778/5329/2253
f 4786/5689/2254 4778/5329/2253 4777/5331/2254
f 4786/5689/2254 4787/5688/2253 4778/5329/2253
f 4660/5690/2255 4777/5331/2254 4776/5332/2255
f 4660/5690/2255 4786/5689/2254 4777/5331/2254
f 4785/5691/2256 4776/5332/2255 4775/5334/2256
f 4785/5691/2256 4660/5690/2255 4776/5332/2255
f 4784/5692/2257 4774/5336/2257 4795/5339/2258
f 4784/5692/2257 4775/5334/2256 4774/5336/2257
f 4784/5692/2257 4785/5691/2256 4775/5334/2256
f 4783/5693/2258 4784/5692/2257 4795/5339/2258
f 4659/5694/2259 4795/5339/2258 4794/5340/2259
f 4659/5694/2259 4783/5693/2258 4795/5339/2258
f 4782/5695/2270 4794/5340/2259 4793/5343/2260
f 4782/5695/2270 4659/5694/2259 4794/5340/2259
f 4658/5696/2261 4793/5343/2260 4792/5345/2261
f 4658/5696/2261 4782/5695/2270 4793/5343/2260
f 4657/5697/2262 4791/5346/2262 4773/5349/2263
f 4657/5697/2262 4792/5345/2261 4791/5346/2262
f 4657/5697/2262 4658/5696/2261 4792/5345/2261
f 4781/5698/2263 4657/5697/2262 4773/5349/2263
f 4656/5699/2264 4781/5698/2263 4773/5349/2263
f 4656/5699/2264 4773/5349/2263 4772/5351/2264
f 4655/5700/2265 4772/5351/2264 4771/5353/2265
f 4655/5700/2265 4656/5699/2264 4772/5351/2264
f 4654/5701/2266 4771/5353/2265 4790/5355/2266
f 4654/5701/2266 4655/5700/2265 4771/5353/2265
f 4653/5702/2267 4790/5355/2266 4770/5356/2267
f 4653/5702/2267 4654/5701/2266 4790/5355/2266
f 4780/5703/2241 4770/5356/2267 4789/5359/2241
f 4780/5703/2241 4653/5702/2267 4770/5356/2267
f 4495/5650/2268 4772/5479/2268 4773/5478/2268
f 4495/5650/2268 4773/5478/2268 4816/5651/2268
f 4817/5652/2268 4773/5478/2268 4791/5480/2268
f 4817/5652/2268 4816/5651/2268 4773/5478/2268
f 4494/5653/2268 4771/5483/2268 4772/5479/2268
f 4494/5653/2268 4772/5479/2268 4495/5650/2268
f 4818/5655/2268 4791/5480/2268 4792/5494/2268
f 4818/5655/2268 4817/5652/2268 4791/5480/2268
f 4815/5654/2268 4790/5497/2268 4771/5483/2268
f 4815/5654/2268 4771/5483/2268 4494/5653/2268
f 4819/5656/2268 4792/5494/2268 4793/5500/2268
f 4819/5656/2268 4818/5655/2268 4792/5494/2268
f 4493/5657/2268 4770/5504/2268 4790/5497/2268
f 4493/5657/2268 4790/5497/2268 4815/5654/2268
f 4496/5658/2268 4793/5500/2268 4794/5508/2268
f 4496/5658/2268 4819/5656/2268 4793/5500/2268
f 4834/5659/2268 4789/5511/2268 4770/5504/2268
f 4834/5659/2268 4770/5504/2268 4493/5657/2268
f 4820/5660/2268 4794/5508/2268 4795/5520/2268
f 4820/5660/2268 4496/5658/2268 4794/5508/2268
f 4833/5661/2268 4789/5511/2268 4834/5659/2268
f 4833/5661/2268 4517/5524/2268 4789/5511/2268
f 4821/5662/2268 4795/5520/2268 4774/5528/2268
f 4821/5662/2268 4820/5660/2268 4795/5520/2268
f 4832/5663/2268 4517/5524/2268 4833/5661/2268
f 4832/5663/2268 4806/5531/2268 4517/5524/2268
f 4822/5664/2268 4774/5528/2268 4775/5534/2268
f 4822/5664/2268 4821/5662/2268 4774/5528/2268
f 4831/5665/2268 4516/5541/2268 4805/5536/2268
f 4831/5665/2268 4805/5536/2268 4806/5531/2268
f 4831/5665/2268 4806/5531/2268 4832/5663/2268
f 4497/5666/2268 4775/5534/2268 4776/5540/2268
f 4497/5666/2268 4822/5664/2268 4775/5534/2268
f 4814/5667/2268 4516/5541/2268 4831/5665/2268
f 4777/5544/2268 4497/5666/2268 4776/5540/2268
f 4777/5544/2268 4823/5668/2268 4497/5666/2268
f 4515/5542/2268 4516/5541/2268 4814/5667/2268
f 4515/5542/2268 4814/5667/2268 4813/5669/2268
f 4778/5556/2268 4823/5668/2268 4777/5544/2268
f 4778/5556/2268 4498/5670/2268 4823/5668/2268
f 4514/5558/2268 4813/5669/2268 4812/5671/2268
f 4514/5558/2268 4515/5542/2268 4813/5669/2268
f 4779/5548/2268 4498/5670/2268 4778/5556/2268
f 4779/5548/2268 4824/5672/2268 4498/5670/2268
f 4513/5551/2268 4812/5671/2268 4830/5673/2268
f 4513/5551/2268 4514/5558/2268 4812/5671/2268
f 4796/5547/2268 4499/5674/2268 4824/5672/2268
f 4796/5547/2268 4824/5672/2268 4779/5548/2268
f 4512/5552/2268 4830/5673/2268 4829/5676/2268
f 4512/5552/2268 4513/5551/2268 4830/5673/2268
f 4797/5567/2268 4492/5677/2268 4499/5674/2268
f 4797/5567/2268 4499/5674/2268 4796/5547/2268
f 4804/5569/2268 4811/5675/2268 4810/5679/2268
f 4804/5569/2268 4829/5676/2268 4811/5675/2268
f 4804/5569/2268 4512/5552/2268 4829/5676/2268
f 4510/5578/2268 4807/5678/2268 4492/5677/2268
f 4510/5578/2268 4825/5680/2268 4807/5678/2268
f 4510/5578/2268 4492/5677/2268 4797/5567/2268
f 4803/5580/2268 4810/5679/2268 4828/5682/2268
f 4803/5580/2268 4804/5569/2268 4810/5679/2268
f 4802/5596/2268 4803/5580/2268 4828/5682/2268
f 4802/5596/2268 4828/5682/2268 4809/5681/2268
f 4798/5594/2268 4825/5680/2268 4510/5578/2268
f 4799/5601/2268 4825/5680/2268 4798/5594/2268
f 4799/5601/2268 4808/5683/2268 4825/5680/2268
f 4799/5601/2268 4826/5684/2268 4808/5683/2268
f 4801/5603/2268 4802/5596/2268 4809/5681/2268
f 4511/5615/2268 4826/5684/2268 4799/5601/2268
f 4800/5617/2268 4801/5603/2268 4809/5681/2268
f 4800/5617/2268 4826/5684/2268 4511/5615/2268
f 4800/5617/2268 4827/5685/2268 4826/5684/2268
f 4800/5617/2268 4809/5681/2268 4827/5685/2268
f 4807/5704/2271 4760/5380/2241 4492/5705/2241
f 4807/5704/2271 4835/5381/2271 4760/5380/2241
f 4825/5706/2272 4836/5384/2272 4835/5381/2271
f 4825/5706/2272 4835/5381/2271 4807/5704/2271
f 4808/5707/2265 4837/5386/2265 4836/5384/2272
f 4808/5707/2265 4836/5384/2272 4825/5706/2272
f 4826/5708/2273 4761/5388/2273 4837/5386/2265
f 4826/5708/2273 4838/5389/2263 4761/5388/2273
f 4826/5708/2273 4837/5386/2265 4808/5707/2265
f 4827/5709/2263 4838/5389/2263 4826/5708/2273
f 4809/5710/2262 4762/5392/2262 4838/5389/2263
f 4809/5710/2262 4763/5394/2261 4762/5392/2262
f 4809/5710/2262 4838/5389/2263 4827/5709/2263
f 4828/5711/2261 4763/5394/2261 4809/5710/2262
f 4810/5712/2260 4839/5396/2260 4763/5394/2261
f 4810/5712/2260 4763/5394/2261 4828/5711/2261
f 4811/5713/2259 4764/5398/2259 4839/5396/2260
f 4811/5713/2259 4840/5400/2274 4764/5398/2259
f 4811/5713/2259 4839/5396/2260 4810/5712/2260
f 4829/5714/2274 4840/5400/2274 4811/5713/2259
f 4830/5715/2257 4765/5402/2257 4840/5400/2274
f 4830/5715/2257 4840/5400/2274 4829/5714/2274
f 4812/5716/2256 4841/5404/2256 4765/5402/2257
f 4812/5716/2256 4765/5402/2257 4830/5715/2257
f 4813/5717/2275 4842/5405/2275 4841/5404/2256
f 4813/5717/2275 4841/5404/2256 4812/5716/2256
f 4814/5718/2276 4766/5408/2276 4842/5405/2275
f 4814/5718/2276 4842/5405/2275 4813/5717/2275
f 4831/5719/2253 4766/5408/2276 4814/5718/2276
f 4831/5719/2253 4843/5410/2253 4766/5408/2276
f 4832/5720/2277 4843/5410/2253 4831/5719/2253
f 4832/5720/2277 4767/5412/2277 4843/5410/2253
f 4833/5721/2278 4767/5412/2277 4832/5720/2277
f 4833/5721/2278 4768/5414/2278 4767/5412/2277
f 4834/5361/2224 4768/5414/2278 4833/5721/2278
f 4834/5361/2224 4844/5323/2224 4768/5414/2278
f 4639/5416/2271 4748/5380/2241 4472/5417/2241
f 4639/5416/2271 4857/5381/2271 4748/5380/2241
f 4640/5418/2272 4858/5384/2272 4857/5381/2271
f 4640/5418/2272 4857/5381/2271 4639/5416/2271
f 4641/5419/2265 4749/5386/2265 4858/5384/2272
f 4641/5419/2265 4858/5384/2272 4640/5418/2272
f 4845/5420/2273 4859/5388/2273 4749/5386/2265
f 4845/5420/2273 4749/5386/2265 4641/5419/2265
f 4846/5421/2263 4860/5389/2263 4859/5388/2273
f 4846/5421/2263 4859/5388/2273 4845/5420/2273
f 4847/5422/2262 4861/5392/2262 4860/5389/2263
f 4847/5422/2262 4860/5389/2263 4846/5421/2263
f 4848/5423/2261 4750/5394/2261 4861/5392/2262
f 4848/5423/2261 4861/5392/2262 4847/5422/2262
f 4849/5424/2260 4862/5396/2260 4750/5394/2261
f 4849/5424/2260 4750/5394/2261 4848/5423/2261
f 4642/5425/2259 4751/5398/2259 4862/5396/2260
f 4642/5425/2259 4862/5396/2260 4849/5424/2260
f 4850/5426/2274 4863/5400/2274 4751/5398/2259
f 4850/5426/2274 4752/5402/2257 4863/5400/2274
f 4850/5426/2274 4751/5398/2259 4642/5425/2259
f 4643/5427/2257 4752/5402/2257 4850/5426/2274
f 4851/5428/2256 4864/5404/2256 4752/5402/2257
f 4851/5428/2256 4752/5402/2257 4643/5427/2257
f 4852/5429/2275 4865/5405/2275 4864/5404/2256
f 4852/5429/2275 4866/5408/2276 4865/5405/2275
f 4852/5429/2275 4864/5404/2256 4851/5428/2256
f 4853/5430/2276 4866/5408/2276 4852/5429/2275
f 4854/5431/2253 4866/5408/2276 4853/5430/2276
f 4854/5431/2253 4867/5410/2253 4866/5408/2276
f 4855/5432/2277 4867/5410/2253 4854/5431/2253
f 4855/5432/2277 4868/5412/2277 4867/5410/2253
f 4856/5433/2278 4868/5412/2277 4855/5432/2277
f 4856/5433/2278 4869/5414/2278 4868/5412/2277
f 4473/5324/2224 4869/5414/2278 4856/5433/2278
f 4473/5324/2224 4740/5323/2224 4869/5414/2278
f 4619/5416/2271 4878/5380/2241 4457/5417/2241
f 4619/5416/2271 4879/5381/2271 4878/5380/2241
f 4870/5418/2272 4880/5384/2272 4879/5381/2271
f 4870/5418/2272 4879/5381/2271 4619/5416/2271
f 4620/5419/2265 4733/5386/2265 4880/5384/2272
f 4620/5419/2265 4880/5384/2272 4870/5418/2272
f 4871/5420/2273 4881/5388/2273 4733/5386/2265
f 4871/5420/2273 4733/5386/2265 4620/5419/2265
f 4621/5421/2263 4882/5389/2263 4881/5388/2273
f 4621/5421/2263 4881/5388/2273 4871/5420/2273
f 4622/5422/2262 4883/5392/2262 4882/5389/2263
f 4622/5422/2262 4882/5389/2263 4621/5421/2263
f 4623/5423/2261 4884/5394/2261 4883/5392/2262
f 4623/5423/2261 4883/5392/2262 4622/5422/2262
f 4872/5424/2260 4734/5396/2260 4884/5394/2261
f 4872/5424/2260 4884/5394/2261 4623/5423/2261
f 4624/5425/2259 4735/5398/2259 4734/5396/2260
f 4624/5425/2259 4734/5396/2260 4872/5424/2260
f 4625/5426/2274 4885/5400/2274 4735/5398/2259
f 4625/5426/2274 4886/5402/2257 4885/5400/2274
f 4625/5426/2274 4735/5398/2259 4624/5425/2259
f 4873/5427/2257 4886/5402/2257 4625/5426/2274
f 4626/5428/2256 4736/5404/2256 4886/5402/2257
f 4626/5428/2256 4886/5402/2257 4873/5427/2257
f 4627/5429/2275 4887/5405/2275 4736/5404/2256
f 4627/5429/2275 4888/5408/2276 4887/5405/2275
f 4627/5429/2275 4736/5404/2256 4626/5428/2256
f 4628/5430/2276 4888/5408/2276 4627/5429/2275
f 4874/5431/2253 4888/5408/2276 4628/5430/2276
f 4874/5431/2253 4737/5410/2253 4888/5408/2276
f 4875/5432/2277 4737/5410/2253 4874/5431/2253
f 4875/5432/2277 4738/5412/2277 4737/5410/2253
f 4876/5433/2278 4738/5412/2277 4875/5432/2277
f 4876/5433/2278 4739/5414/2278 4738/5412/2277
f 4877/5324/2224 4739/5414/2278 4876/5433/2278
f 4877/5324/2224 4722/5323/2224 4739/5414/2278
f 4889/5416/2271 4712/5380/2241 4602/5417/2241
f 4889/5416/2271 4713/5381/2271 4712/5380/2241
f 4603/5418/2272 4714/5384/2272 4713/5381/2271
f 4603/5418/2272 4713/5381/2271 4889/5416/2271
f 4890/5419/2265 4715/5386/2265 4714/5384/2272
f 4890/5419/2265 4714/5384/2272 4603/5418/2272
f 4604/5420/2273 4900/5388/2273 4715/5386/2265
f 4604/5420/2273 4715/5386/2265 4890/5419/2265
f 4605/5421/2263 4901/5389/2263 4900/5388/2273
f 4605/5421/2263 4900/5388/2273 4604/5420/2273
f 4606/5422/2262 4902/5392/2262 4901/5389/2263
f 4606/5422/2262 4901/5389/2263 4605/5421/2263
f 4607/5423/2261 4716/5394/2261 4902/5392/2262
f 4607/5423/2261 4902/5392/2262 4606/5422/2262
f 4891/5424/2260 4717/5396/2260 4716/5394/2261
f 4891/5424/2260 4716/5394/2261 4607/5423/2261
f 4892/5425/2259 4718/5398/2259 4717/5396/2260
f 4892/5425/2259 4717/5396/2260 4891/5424/2260
f 4608/5426/2274 4903/5400/2274 4718/5398/2259
f 4608/5426/2274 4904/5402/2257 4903/5400/2274
f 4608/5426/2274 4718/5398/2259 4892/5425/2259
f 4893/5427/2257 4904/5402/2257 4608/5426/2274
f 4894/5428/2256 4905/5404/2256 4904/5402/2257
f 4894/5428/2256 4904/5402/2257 4893/5427/2257
f 4895/5429/2275 4719/5405/2275 4905/5404/2256
f 4895/5429/2275 4906/5408/2276 4719/5405/2275
f 4895/5429/2275 4905/5404/2256 4894/5428/2256
f 4896/5430/2276 4906/5408/2276 4895/5429/2275
f 4897/5431/2253 4906/5408/2276 4896/5430/2276
f 4897/5431/2253 4720/5410/2253 4906/5408/2276
f 4898/5432/2277 4720/5410/2253 4897/5431/2253
f 4898/5432/2277 4907/5412/2277 4720/5410/2253
f 4899/5433/2278 4907/5412/2277 4898/5432/2277
f 4899/5433/2278 4721/5414/2278 4907/5412/2277
f 4440/5324/2224 4721/5414/2278 4899/5433/2278
f 4440/5324/2224 4908/5323/2224 4721/5414/2278
f 4585/5416/2271 4691/5380/2241 4420/5417/2241
f 4585/5416/2271 4692/5381/2271 4691/5380/2241
f 4909/5418/2272 4918/5384/2272 4692/5381/2271
f 4909/5418/2272 4692/5381/2271 4585/5416/2271
f 4910/5419/2265 4693/5386/2265 4918/5384/2272
f 4910/5419/2265 4918/5384/2272 4909/5418/2272
f 4911/5420/2273 4694/5388/2273 4693/5386/2265
f 4911/5420/2273 4693/5386/2265 4910/5419/2265
f 4912/5421/2263 4695/5389/2263 4694/5388/2273
f 4912/5421/2263 4694/5388/2273 4911/5420/2273
f 4913/5422/2262 4919/5392/2262 4695/5389/2263
f 4913/5422/2262 4695/5389/2263 4912/5421/2263
f 4586/5423/2261 4920/5394/2261 4919/5392/2262
f 4586/5423/2261 4919/5392/2262 4913/5422/2262
f 4914/5424/2260 4921/5396/2260 4920/5394/2261
f 4914/5424/2260 4920/5394/2261 4586/5423/2261
f 4587/5425/2259 4696/5398/2259 4921/5396/2260
f 4587/5425/2259 4921/5396/2260 4914/5424/2260
f 4588/5426/2274 4922/5400/2258 4696/5398/2259
f 4588/5426/2274 4697/5402/2257 4922/5400/2258
f 4588/5426/2274 4696/5398/2259 4587/5425/2259
f 4589/5427/2257 4697/5402/2257 4588/5426/2274
f 4590/5428/2256 4698/5404/2256 4697/5402/2257
f 4590/5428/2256 4697/5402/2257 4589/5427/2257
f 4915/5429/2275 4699/5405/2275 4698/5404/2256
f 4915/5429/2275 4700/5408/2276 4699/5405/2275
f 4915/5429/2275 4698/5404/2256 4590/5428/2256
f 4916/5430/2276 4700/5408/2276 4915/5429/2275
f 4591/5431/2253 4700/5408/2276 4916/5430/2276
f 4591/5431/2253 4701/5410/2253 4700/5408/2276
f 4592/5432/2277 4701/5410/2253 4591/5431/2253
f 4592/5432/2277 4702/5412/2277 4701/5410/2253
f 4917/5433/2278 4702/5412/2277 4592/5432/2277
f 4917/5433/2278 4703/5414/2278 4702/5412/2277
f 4593/5324/2224 4703/5414/2278 4917/5433/2278
f 4593/5324/2224 4923/5323/2224 4703/5414/2278
